filename,is_drone,date,location,noise_level,noise_type,gain,sr,duration,num
drone_000000.pt,True,2025-12-20,ben shemen,mid noise,atv,50,22050,300,1
drone_000001.pt,True,2025-12-20,ben shemen,mid noise,atv,50,22050,300,1
drone_000002.pt,True,2025-12-20,ben shemen,mid noise,atv,50,22050,300,1
drone_000003.pt,True,2025-12-20,ben shemen,mid noise,atv,50,22050,300,1
drone_000004.pt,True,2025-12-20,ben shemen,mid noise,atv,50,22050,300,1
drone_000005.pt,True,2025-12-20,ben shemen,mid noise,atv,50,22050,300,1
drone_000006.pt,True,2025-12-20,ben shemen,mid noise,atv,50,22050,300,1
drone_000007.pt,True,2025-12-20,ben shemen,mid noise,atv,50,22050,300,1
drone_000008.pt,True,2025-12-20,ben shemen,mid noise,atv,50,22050,300,1
drone_000009.pt,True,2025-12-20,ben shemen,mid noise,atv,50,22050,300,1
drone_000010.pt,True,2025-12-20,ben shemen,mid noise,atv,50,22050,300,1
drone_000011.pt,True,2025-12-20,ben shemen,mid noise,atv,50,22050,300,1
drone_000012.pt,True,2025-12-20,ben shemen,mid noise,atv,50,22050,300,1
drone_000013.pt,True,2025-12-20,ben shemen,mid noise,atv,50,22050,300,1
drone_000014.pt,True,2025-12-20,ben shemen,mid noise,atv,50,22050,300,1
drone_000015.pt,True,2025-12-20,ben shemen,mid noise,atv,50,22050,300,1
drone_000016.pt,True,2025-12-20,ben shemen,mid noise,atv,50,22050,300,1
drone_000017.pt,True,2025-12-20,ben shemen,mid noise,atv,50,22050,300,1
drone_000018.pt,True,2025-12-20,ben shemen,mid noise,atv,50,22050,300,1
drone_000019.pt,True,2025-12-20,ben shemen,mid noise,atv,50,22050,300,1
drone_000020.pt,True,2025-12-20,ben shemen,mid noise,atv,50,22050,300,1
drone_000021.pt,True,2025-12-20,ben shemen,mid noise,atv,50,22050,300,1
drone_000022.pt,True,2025-12-20,ben shemen,mid noise,atv,50,22050,300,1
drone_000023.pt,True,2025-12-20,ben shemen,mid noise,atv,50,22050,300,1
drone_000024.pt,True,2025-12-20,ben shemen,mid noise,atv,50,22050,300,1
drone_000025.pt,True,2025-12-20,ben shemen,mid noise,atv,50,22050,300,1
drone_000026.pt,True,2025-12-20,ben shemen,mid noise,atv,50,22050,300,1
drone_000027.pt,True,2025-12-20,ben shemen,mid noise,atv,50,22050,300,1
drone_000028.pt,True,2025-12-20,ben shemen,mid noise,atv,50,22050,300,1
drone_000029.pt,True,2025-12-20,ben shemen,mid noise,atv,50,22050,300,1
drone_000030.pt,True,2025-12-20,ben shemen,mid noise,atv,50,22050,300,1
drone_000031.pt,True,2025-12-20,ben shemen,mid noise,atv,50,22050,300,1
drone_000032.pt,True,2025-12-20,ben shemen,mid noise,atv,50,22050,300,1
drone_000033.pt,True,2025-12-20,ben shemen,mid noise,atv,50,22050,300,1
drone_000034.pt,True,2025-12-20,ben shemen,mid noise,atv,50,22050,300,1
drone_000035.pt,True,2025-12-20,ben shemen,mid noise,atv,50,22050,300,1
drone_000036.pt,True,2025-12-20,ben shemen,mid noise,atv,50,22050,300,1
drone_000037.pt,True,2025-12-20,ben shemen,mid noise,atv,50,22050,300,1
drone_000038.pt,True,2025-12-20,ben shemen,mid noise,atv,50,22050,300,1
drone_000039.pt,True,2025-12-20,ben shemen,mid noise,atv,50,22050,300,1
drone_000040.pt,True,2025-12-20,ben shemen,mid noise,atv,50,22050,300,1
drone_000041.pt,True,2025-12-20,ben shemen,mid noise,atv,50,22050,300,1
drone_000042.pt,True,2025-12-20,ben shemen,mid noise,atv,50,22050,300,1
drone_000043.pt,True,2025-12-20,ben shemen,mid noise,atv,50,22050,300,1
drone_000044.pt,True,2025-12-20,ben shemen,mid noise,atv,50,22050,300,1
drone_000045.pt,True,2025-12-20,ben shemen,mid noise,atv,50,22050,300,1
drone_000046.pt,True,2025-12-20,ben shemen,mid noise,atv,50,22050,300,1
drone_000047.pt,True,2025-12-20,ben shemen,mid noise,atv,50,22050,300,1
drone_000048.pt,True,2025-12-20,ben shemen,mid noise,atv,50,22050,300,1
drone_000049.pt,True,2025-12-20,ben shemen,mid noise,atv,50,22050,300,1
drone_000050.pt,True,2025-12-20,ben shemen,mid noise,atv,50,22050,300,1
drone_000051.pt,True,2025-12-20,ben shemen,mid noise,atv,50,22050,300,1
drone_000052.pt,True,2025-12-20,ben shemen,mid noise,atv,50,22050,300,1
drone_000053.pt,True,2025-12-20,ben shemen,mid noise,atv,50,22050,300,1
drone_000054.pt,True,2025-12-20,ben shemen,mid noise,atv,50,22050,300,1
drone_000055.pt,True,2025-12-20,ben shemen,mid noise,atv,50,22050,300,1
drone_000056.pt,True,2025-12-20,ben shemen,mid noise,atv,50,22050,300,1
drone_000057.pt,True,2025-12-20,ben shemen,mid noise,atv,50,22050,300,1
drone_000058.pt,True,2025-12-20,ben shemen,mid noise,atv,50,22050,300,1
drone_000059.pt,True,2025-12-20,ben shemen,mid noise,atv,50,22050,300,1
drone_000060.pt,True,2025-12-20,ben shemen,mid noise,atv,50,22050,300,1
drone_000061.pt,True,2025-12-20,ben shemen,mid noise,atv,50,22050,300,1
drone_000062.pt,True,2025-12-20,ben shemen,mid noise,atv,50,22050,300,1
drone_000063.pt,True,2025-12-20,ben shemen,mid noise,atv,50,22050,300,1
drone_000064.pt,True,2025-12-20,ben shemen,mid noise,atv,50,22050,300,1
drone_000065.pt,True,2025-12-20,ben shemen,mid noise,atv,50,22050,300,1
drone_000066.pt,True,2025-12-20,ben shemen,mid noise,atv,50,22050,300,1
drone_000067.pt,True,2025-12-20,ben shemen,mid noise,atv,50,22050,300,1
drone_000068.pt,True,2025-12-20,ben shemen,mid noise,atv,50,22050,300,1
drone_000069.pt,True,2025-12-20,ben shemen,mid noise,atv,50,22050,300,1
drone_000070.pt,True,2025-12-20,ben shemen,mid noise,atv,50,22050,300,1
drone_000071.pt,True,2025-12-20,ben shemen,mid noise,atv,50,22050,300,1
drone_000072.pt,True,2025-12-20,ben shemen,mid noise,atv,50,22050,300,1
drone_000073.pt,True,2026-01-05,Yarkon rosh zipor,high noise,bike,50,22050,90,1
drone_000074.pt,True,2026-01-05,Yarkon rosh zipor,high noise,bike,50,22050,90,1
drone_000075.pt,True,2026-01-05,Yarkon rosh zipor,high noise,bike,50,22050,90,1
drone_000076.pt,True,2026-01-05,Yarkon rosh zipor,high noise,bike,50,22050,90,1
drone_000077.pt,True,2026-01-05,Yarkon rosh zipor,high noise,bike,50,22050,90,1
drone_000078.pt,True,2026-01-05,Yarkon rosh zipor,high noise,bike,50,22050,90,1
drone_000079.pt,True,2026-01-05,Yarkon rosh zipor,high noise,bike,50,22050,90,1
drone_000080.pt,True,2026-01-05,Yarkon rosh zipor,high noise,bike,50,22050,90,1
drone_000081.pt,True,2026-01-05,Yarkon rosh zipor,high noise,bike,50,22050,90,1
drone_000082.pt,True,2026-01-05,Yarkon rosh zipor,high noise,bike,50,22050,90,1
drone_000083.pt,True,2026-01-05,Yarkon rosh zipor,high noise,bike,50,22050,90,1
drone_000084.pt,True,2026-01-05,Yarkon rosh zipor,high noise,bike,50,22050,90,1
drone_000085.pt,True,2026-01-05,Yarkon rosh zipor,high noise,bike,50,22050,90,1
drone_000086.pt,True,2026-01-05,Yarkon rosh zipor,high noise,bike,50,22050,90,1
drone_000087.pt,True,2026-01-05,Yarkon rosh zipor,high noise,bike,50,22050,90,1
drone_000088.pt,True,2026-01-05,Yarkon rosh zipor,high noise,bike,50,22050,90,1
drone_000089.pt,True,2026-01-05,Yarkon rosh zipor,high noise,bike,50,22050,90,1
drone_000090.pt,True,2026-01-05,Yarkon rosh zipor,high noise,bike,50,22050,90,1
drone_000091.pt,True,2026-01-05,Yarkon rosh zipor,high noise,bike,50,22050,90,1
ambience_000000.pt,False,2026-01-05,Yarkon rosh zipor,high noise,"helicopter, plane",50,22050,300,1
ambience_000001.pt,False,2026-01-05,Yarkon rosh zipor,high noise,"helicopter, plane",50,22050,300,1
ambience_000002.pt,False,2026-01-05,Yarkon rosh zipor,high noise,"helicopter, plane",50,22050,300,1
ambience_000003.pt,False,2026-01-05,Yarkon rosh zipor,high noise,"helicopter, plane",50,22050,300,1
ambience_000004.pt,False,2026-01-05,Yarkon rosh zipor,high noise,"helicopter, plane",50,22050,300,1
ambience_000005.pt,False,2026-01-05,Yarkon rosh zipor,high noise,"helicopter, plane",50,22050,300,1
ambience_000006.pt,False,2026-01-05,Yarkon rosh zipor,high noise,"helicopter, plane",50,22050,300,1
ambience_000007.pt,False,2026-01-05,Yarkon rosh zipor,high noise,"helicopter, plane",50,22050,300,1
ambience_000008.pt,False,2026-01-05,Yarkon rosh zipor,high noise,"helicopter, plane",50,22050,300,1
ambience_000009.pt,False,2026-01-05,Yarkon rosh zipor,high noise,"helicopter, plane",50,22050,300,1
ambience_000010.pt,False,2026-01-05,Yarkon rosh zipor,high noise,"helicopter, plane",50,22050,300,1
ambience_000011.pt,False,2026-01-05,Yarkon rosh zipor,high noise,"helicopter, plane",50,22050,300,1
ambience_000012.pt,False,2026-01-05,Yarkon rosh zipor,high noise,"helicopter, plane",50,22050,300,1
ambience_000013.pt,False,2026-01-05,Yarkon rosh zipor,high noise,"helicopter, plane",50,22050,300,1
ambience_000014.pt,False,2026-01-05,Yarkon rosh zipor,high noise,"helicopter, plane",50,22050,300,1
ambience_000015.pt,False,2026-01-05,Yarkon rosh zipor,high noise,"helicopter, plane",50,22050,300,1
ambience_000016.pt,False,2026-01-05,Yarkon rosh zipor,high noise,"helicopter, plane",50,22050,300,1
ambience_000017.pt,False,2026-01-05,Yarkon rosh zipor,high noise,"helicopter, plane",50,22050,300,1
ambience_000018.pt,False,2026-01-05,Yarkon rosh zipor,high noise,"helicopter, plane",50,22050,300,1
ambience_000019.pt,False,2026-01-05,Yarkon rosh zipor,high noise,"helicopter, plane",50,22050,300,1
ambience_000020.pt,False,2026-01-05,Yarkon rosh zipor,high noise,"helicopter, plane",50,22050,300,1
ambience_000021.pt,False,2026-01-05,Yarkon rosh zipor,high noise,"helicopter, plane",50,22050,300,1
ambience_000022.pt,False,2026-01-05,Yarkon rosh zipor,high noise,"helicopter, plane",50,22050,300,1
ambience_000023.pt,False,2026-01-05,Yarkon rosh zipor,high noise,"helicopter, plane",50,22050,300,1
ambience_000024.pt,False,2026-01-05,Yarkon rosh zipor,high noise,"helicopter, plane",50,22050,300,1
ambience_000025.pt,False,2026-01-05,Yarkon rosh zipor,high noise,"helicopter, plane",50,22050,300,1
ambience_000026.pt,False,2026-01-05,Yarkon rosh zipor,high noise,"helicopter, plane",50,22050,300,1
ambience_000027.pt,False,2026-01-05,Yarkon rosh zipor,high noise,"helicopter, plane",50,22050,300,1
ambience_000028.pt,False,2026-01-05,Yarkon rosh zipor,high noise,"helicopter, plane",50,22050,300,1
ambience_000029.pt,False,2026-01-05,Yarkon rosh zipor,high noise,"helicopter, plane",50,22050,300,1
ambience_000030.pt,False,2026-01-05,Yarkon rosh zipor,high noise,"helicopter, plane",50,22050,300,1
ambience_000031.pt,False,2026-01-05,Yarkon rosh zipor,high noise,"helicopter, plane",50,22050,300,1
ambience_000032.pt,False,2026-01-05,Yarkon rosh zipor,high noise,"helicopter, plane",50,22050,300,1
ambience_000033.pt,False,2026-01-05,Yarkon rosh zipor,high noise,"helicopter, plane",50,22050,300,1
ambience_000034.pt,False,2026-01-05,Yarkon rosh zipor,high noise,"helicopter, plane",50,22050,300,1
ambience_000035.pt,False,2026-01-05,Yarkon rosh zipor,high noise,"helicopter, plane",50,22050,300,1
ambience_000036.pt,False,2026-01-05,Yarkon rosh zipor,high noise,"helicopter, plane",50,22050,300,1
ambience_000037.pt,False,2026-01-05,Yarkon rosh zipor,high noise,"helicopter, plane",50,22050,300,1
ambience_000038.pt,False,2026-01-05,Yarkon rosh zipor,high noise,"helicopter, plane",50,22050,300,1
ambience_000039.pt,False,2026-01-05,Yarkon rosh zipor,high noise,"helicopter, plane",50,22050,300,1
ambience_000040.pt,False,2026-01-05,Yarkon rosh zipor,high noise,"helicopter, plane",50,22050,300,1
ambience_000041.pt,False,2026-01-05,Yarkon rosh zipor,high noise,"helicopter, plane",50,22050,300,1
ambience_000042.pt,False,2026-01-05,Yarkon rosh zipor,high noise,"helicopter, plane",50,22050,300,1
ambience_000043.pt,False,2026-01-05,Yarkon rosh zipor,high noise,"helicopter, plane",50,22050,300,1
ambience_000044.pt,False,2026-01-05,Yarkon rosh zipor,high noise,"helicopter, plane",50,22050,300,1
ambience_000045.pt,False,2026-01-05,Yarkon rosh zipor,high noise,"helicopter, plane",50,22050,300,1
ambience_000046.pt,False,2026-01-05,Yarkon rosh zipor,high noise,"helicopter, plane",50,22050,300,1
ambience_000047.pt,False,2026-01-05,Yarkon rosh zipor,high noise,"helicopter, plane",50,22050,300,1
ambience_000048.pt,False,2026-01-05,Yarkon rosh zipor,high noise,"helicopter, plane",50,22050,300,1
ambience_000049.pt,False,2026-01-05,Yarkon rosh zipor,high noise,"helicopter, plane",50,22050,300,1
ambience_000050.pt,False,2026-01-05,Yarkon rosh zipor,high noise,"helicopter, plane",50,22050,300,1
ambience_000051.pt,False,2026-01-05,Yarkon rosh zipor,high noise,"helicopter, plane",50,22050,300,1
ambience_000052.pt,False,2026-01-05,Yarkon rosh zipor,high noise,"helicopter, plane",50,22050,300,1
ambience_000053.pt,False,2026-01-05,Yarkon rosh zipor,high noise,"helicopter, plane",50,22050,300,1
ambience_000054.pt,False,2026-01-05,Yarkon rosh zipor,high noise,"helicopter, plane",50,22050,300,1
ambience_000055.pt,False,2026-01-05,Yarkon rosh zipor,high noise,"helicopter, plane",50,22050,300,1
ambience_000056.pt,False,2026-01-05,Yarkon rosh zipor,high noise,"helicopter, plane",50,22050,300,1
ambience_000057.pt,False,2026-01-05,Yarkon rosh zipor,high noise,"helicopter, plane",50,22050,300,1
ambience_000058.pt,False,2026-01-05,Yarkon rosh zipor,high noise,"helicopter, plane",50,22050,300,1
ambience_000059.pt,False,2026-01-05,Yarkon rosh zipor,high noise,"helicopter, plane",50,22050,300,1
ambience_000060.pt,False,2026-01-05,Yarkon rosh zipor,high noise,"helicopter, plane",50,22050,300,1
ambience_000061.pt,False,2026-01-05,Yarkon rosh zipor,high noise,"helicopter, plane",50,22050,300,1
ambience_000062.pt,False,2026-01-05,Yarkon rosh zipor,high noise,"helicopter, plane",50,22050,300,1
ambience_000063.pt,False,2026-01-05,Yarkon rosh zipor,high noise,"helicopter, plane",50,22050,300,1
ambience_000064.pt,False,2026-01-05,Yarkon rosh zipor,high noise,"helicopter, plane",50,22050,300,1
ambience_000065.pt,False,2026-01-05,Yarkon rosh zipor,high noise,"helicopter, plane",50,22050,300,1
ambience_000066.pt,False,2026-01-05,Yarkon rosh zipor,high noise,"helicopter, plane",50,22050,300,1
ambience_000067.pt,False,2026-01-05,Yarkon rosh zipor,high noise,"helicopter, plane",50,22050,300,1
ambience_000068.pt,False,2026-01-05,Yarkon rosh zipor,high noise,"helicopter, plane",50,22050,300,1
ambience_000069.pt,False,2026-01-05,Yarkon rosh zipor,high noise,"helicopter, plane",50,22050,300,1
ambience_000070.pt,False,2026-01-05,Yarkon rosh zipor,high noise,"helicopter, plane",50,22050,300,1
ambience_000071.pt,False,2026-01-05,Yarkon rosh zipor,high noise,"helicopter, plane",50,22050,300,1
ambience_000072.pt,False,2026-01-05,Yarkon rosh zipor,high noise,"helicopter, plane",50,22050,300,1
ambience_000073.pt,False,2026-01-05,Yarkon rosh zipor,high noise,"helicopter, plane",50,22050,300,1
ambience_000074.pt,False,2026-01-05,Yarkon rosh zipor,high noise,"helicopter, plane",50,22050,300,1
ambience_000075.pt,False,2026-01-05,Yarkon rosh zipor,high noise,"helicopter, plane",50,22050,300,1
ambience_000076.pt,False,2026-01-05,Yarkon rosh zipor,high noise,"helicopter, plane",50,22050,300,1
ambience_000077.pt,False,2026-01-05,Yarkon rosh zipor,high noise,"helicopter, plane",50,22050,300,1
ambience_000078.pt,False,2026-01-05,Yarkon rosh zipor,high noise,"helicopter, plane",50,22050,300,1
ambience_000079.pt,False,2025-12-15,room,high noise,fan,50,22050,300,1
ambience_000080.pt,False,2025-12-15,room,high noise,fan,50,22050,300,1
ambience_000081.pt,False,2025-12-15,room,high noise,fan,50,22050,300,1
ambience_000082.pt,False,2025-12-15,room,high noise,fan,50,22050,300,1
ambience_000083.pt,False,2025-12-15,room,high noise,fan,50,22050,300,1
ambience_000084.pt,False,2025-12-15,room,high noise,fan,50,22050,300,1
ambience_000085.pt,False,2025-12-15,room,high noise,fan,50,22050,300,1
ambience_000086.pt,False,2025-12-15,room,high noise,fan,50,22050,300,1
ambience_000087.pt,False,2025-12-15,room,high noise,fan,50,22050,300,1
ambience_000088.pt,False,2025-12-15,room,high noise,fan,50,22050,300,1
ambience_000089.pt,False,2025-12-15,room,high noise,fan,50,22050,300,1
ambience_000090.pt,False,2025-12-15,room,high noise,fan,50,22050,300,1
ambience_000091.pt,False,2025-12-15,room,high noise,fan,50,22050,300,1
ambience_000092.pt,False,2025-12-15,room,high noise,fan,50,22050,300,1
ambience_000093.pt,False,2025-12-15,room,high noise,fan,50,22050,300,1
ambience_000094.pt,False,2025-12-15,room,high noise,fan,50,22050,300,1
ambience_000095.pt,False,2025-12-15,room,high noise,fan,50,22050,300,1
ambience_000096.pt,False,2025-12-15,room,high noise,fan,50,22050,300,1
ambience_000097.pt,False,2025-12-15,room,high noise,fan,50,22050,300,1
ambience_000098.pt,False,2025-12-15,room,high noise,fan,50,22050,300,1
ambience_000099.pt,False,2025-12-15,room,high noise,fan,50,22050,300,1
ambience_000100.pt,False,2025-12-15,room,high noise,fan,50,22050,300,1
ambience_000101.pt,False,2025-12-15,room,high noise,fan,50,22050,300,1
ambience_000102.pt,False,2025-12-15,room,high noise,fan,50,22050,300,1
ambience_000103.pt,False,2025-12-15,room,high noise,fan,50,22050,300,1
ambience_000104.pt,False,2025-12-15,room,high noise,fan,50,22050,300,1
ambience_000105.pt,False,2025-12-15,room,high noise,fan,50,22050,300,1
ambience_000106.pt,False,2025-12-15,room,high noise,fan,50,22050,300,1
ambience_000107.pt,False,2025-12-15,room,high noise,fan,50,22050,300,1
ambience_000108.pt,False,2025-12-15,room,high noise,fan,50,22050,300,1
ambience_000109.pt,False,2025-12-15,room,high noise,fan,50,22050,300,1
ambience_000110.pt,False,2025-12-15,room,high noise,fan,50,22050,300,1
ambience_000111.pt,False,2025-12-15,room,high noise,fan,50,22050,300,1
ambience_000112.pt,False,2025-12-15,room,high noise,fan,50,22050,300,1
ambience_000113.pt,False,2025-12-15,room,high noise,fan,50,22050,300,1
ambience_000114.pt,False,2025-12-15,room,high noise,fan,50,22050,300,1
ambience_000115.pt,False,2025-12-15,room,high noise,fan,50,22050,300,1
ambience_000116.pt,False,2025-12-15,room,high noise,fan,50,22050,300,1
ambience_000117.pt,False,2025-12-15,room,high noise,fan,50,22050,300,1
ambience_000118.pt,False,2025-12-15,room,high noise,fan,50,22050,300,1
ambience_000119.pt,False,2025-12-15,room,high noise,fan,50,22050,300,1
ambience_000120.pt,False,2025-12-15,room,high noise,fan,50,22050,300,1
ambience_000121.pt,False,2025-12-15,room,high noise,fan,50,22050,300,1
ambience_000122.pt,False,2025-12-15,room,high noise,fan,50,22050,300,1
ambience_000123.pt,False,2025-12-15,room,high noise,fan,50,22050,300,1
ambience_000124.pt,False,2025-12-15,room,high noise,fan,50,22050,300,1
ambience_000125.pt,False,2025-12-15,room,high noise,fan,50,22050,300,1
ambience_000126.pt,False,2025-12-15,room,high noise,fan,50,22050,300,1
ambience_000127.pt,False,2025-12-15,room,high noise,fan,50,22050,300,1
ambience_000128.pt,False,2025-12-15,room,high noise,fan,50,22050,300,1
ambience_000129.pt,False,2025-12-15,room,high noise,fan,50,22050,300,1
ambience_000130.pt,False,2025-12-15,room,high noise,fan,50,22050,300,1
ambience_000131.pt,False,2025-12-15,room,high noise,fan,50,22050,300,1
ambience_000132.pt,False,2025-12-15,room,high noise,fan,50,22050,300,1
ambience_000133.pt,False,2025-12-15,room,high noise,fan,50,22050,300,1
ambience_000134.pt,False,2025-12-15,room,high noise,fan,50,22050,300,1
ambience_000135.pt,False,2025-12-15,room,high noise,fan,50,22050,300,1
ambience_000136.pt,False,2025-12-15,room,high noise,fan,50,22050,300,1
ambience_000137.pt,False,2025-12-15,room,high noise,fan,50,22050,300,1
ambience_000138.pt,False,2025-12-15,room,high noise,fan,50,22050,300,1
ambience_000139.pt,False,2025-12-15,room,high noise,fan,50,22050,300,1
ambience_000140.pt,False,2025-12-15,room,high noise,fan,50,22050,300,1
ambience_000141.pt,False,2025-12-15,room,high noise,fan,50,22050,300,1
ambience_000142.pt,False,2025-12-15,room,high noise,fan,50,22050,300,1
ambience_000143.pt,False,2025-12-15,room,high noise,fan,50,22050,300,1
ambience_000144.pt,False,2025-12-15,room,high noise,fan,50,22050,300,1
ambience_000145.pt,False,2025-12-15,room,high noise,fan,50,22050,300,1
ambience_000146.pt,False,2025-12-15,room,high noise,fan,50,22050,300,1
ambience_000147.pt,False,2025-12-15,room,high noise,fan,50,22050,300,1
ambience_000148.pt,False,2025-12-15,room,high noise,fan,50,22050,300,1
ambience_000149.pt,False,2025-12-15,room,high noise,fan,50,22050,300,1
ambience_000150.pt,False,2025-12-15,room,high noise,fan,50,22050,300,1
ambience_000151.pt,False,2025-12-15,room,high noise,fan,50,22050,300,1
ambience_000152.pt,False,2025-12-15,room,high noise,fan,50,22050,300,1
ambience_000153.pt,False,2025-12-15,room,high noise,fan,50,22050,300,1
ambience_000154.pt,False,2025-12-15,room,low noise,ambience,50,22050,300,2
ambience_000155.pt,False,2025-12-15,room,low noise,ambience,50,22050,300,2
ambience_000156.pt,False,2025-12-15,room,low noise,ambience,50,22050,300,2
ambience_000157.pt,False,2025-12-15,room,low noise,ambience,50,22050,300,2
ambience_000158.pt,False,2025-12-15,room,low noise,ambience,50,22050,300,2
ambience_000159.pt,False,2025-12-15,room,low noise,ambience,50,22050,300,2
ambience_000160.pt,False,2025-12-15,room,low noise,ambience,50,22050,300,2
ambience_000161.pt,False,2025-12-15,room,low noise,ambience,50,22050,300,2
ambience_000162.pt,False,2025-12-15,room,low noise,ambience,50,22050,300,2
ambience_000163.pt,False,2025-12-15,room,low noise,ambience,50,22050,300,2
ambience_000164.pt,False,2025-12-15,room,low noise,ambience,50,22050,300,2
ambience_000165.pt,False,2025-12-15,room,low noise,ambience,50,22050,300,2
ambience_000166.pt,False,2025-12-15,room,low noise,ambience,50,22050,300,2
ambience_000167.pt,False,2025-12-15,room,low noise,ambience,50,22050,300,2
ambience_000168.pt,False,2025-12-15,room,low noise,ambience,50,22050,300,2
ambience_000169.pt,False,2025-12-15,room,low noise,ambience,50,22050,300,2
ambience_000170.pt,False,2025-12-15,room,low noise,ambience,50,22050,300,2
ambience_000171.pt,False,2025-12-15,room,low noise,ambience,50,22050,300,2
ambience_000172.pt,False,2025-12-15,room,low noise,ambience,50,22050,300,2
ambience_000173.pt,False,2025-12-15,room,low noise,ambience,50,22050,300,2
ambience_000174.pt,False,2025-12-15,room,low noise,ambience,50,22050,300,2
ambience_000175.pt,False,2025-12-15,room,low noise,ambience,50,22050,300,2
ambience_000176.pt,False,2025-12-15,room,low noise,ambience,50,22050,300,2
ambience_000177.pt,False,2025-12-15,room,low noise,ambience,50,22050,300,2
ambience_000178.pt,False,2025-12-15,room,low noise,ambience,50,22050,300,2
ambience_000179.pt,False,2025-12-15,room,low noise,ambience,50,22050,300,2
ambience_000180.pt,False,2025-12-15,room,low noise,ambience,50,22050,300,2
ambience_000181.pt,False,2025-12-15,room,low noise,ambience,50,22050,300,2
ambience_000182.pt,False,2025-12-15,room,low noise,ambience,50,22050,300,2
ambience_000183.pt,False,2025-12-15,room,low noise,ambience,50,22050,300,2
ambience_000184.pt,False,2025-12-15,room,low noise,ambience,50,22050,300,2
ambience_000185.pt,False,2025-12-15,room,low noise,ambience,50,22050,300,2
ambience_000186.pt,False,2025-12-15,room,low noise,ambience,50,22050,300,2
ambience_000187.pt,False,2025-12-15,room,low noise,ambience,50,22050,300,2
ambience_000188.pt,False,2025-12-15,room,low noise,ambience,50,22050,300,2
ambience_000189.pt,False,2025-12-15,room,low noise,ambience,50,22050,300,2
ambience_000190.pt,False,2025-12-15,room,low noise,ambience,50,22050,300,2
ambience_000191.pt,False,2025-12-15,room,low noise,ambience,50,22050,300,2
ambience_000192.pt,False,2025-12-15,room,low noise,ambience,50,22050,300,2
ambience_000193.pt,False,2025-12-15,room,low noise,ambience,50,22050,300,2
ambience_000194.pt,False,2025-12-15,room,low noise,ambience,50,22050,300,2
ambience_000195.pt,False,2025-12-15,room,low noise,ambience,50,22050,300,2
ambience_000196.pt,False,2025-12-15,room,low noise,ambience,50,22050,300,2
ambience_000197.pt,False,2025-12-15,room,low noise,ambience,50,22050,300,2
ambience_000198.pt,False,2025-12-15,room,low noise,ambience,50,22050,300,2
ambience_000199.pt,False,2025-12-15,room,low noise,ambience,50,22050,300,2
ambience_000200.pt,False,2025-12-15,room,low noise,ambience,50,22050,300,2
ambience_000201.pt,False,2025-12-15,room,low noise,ambience,50,22050,300,2
ambience_000202.pt,False,2025-12-15,room,low noise,ambience,50,22050,300,2
ambience_000203.pt,False,2025-12-15,room,low noise,ambience,50,22050,300,2
ambience_000204.pt,False,2025-12-15,room,low noise,ambience,50,22050,300,2
ambience_000205.pt,False,2025-12-15,room,low noise,ambience,50,22050,300,2
ambience_000206.pt,False,2025-12-15,room,low noise,ambience,50,22050,300,2
ambience_000207.pt,False,2025-12-15,room,low noise,ambience,50,22050,300,2
ambience_000208.pt,False,2025-12-15,room,low noise,ambience,50,22050,300,2
ambience_000209.pt,False,2025-12-15,room,low noise,ambience,50,22050,300,2
ambience_000210.pt,False,2025-12-15,room,low noise,ambience,50,22050,300,2
ambience_000211.pt,False,2025-12-15,room,low noise,ambience,50,22050,300,2
ambience_000212.pt,False,2025-12-15,room,low noise,ambience,50,22050,300,2
ambience_000213.pt,False,2025-12-15,room,low noise,ambience,50,22050,300,2
ambience_000214.pt,False,2025-12-15,room,low noise,ambience,50,22050,300,2
ambience_000215.pt,False,2025-12-15,room,low noise,ambience,50,22050,300,2
ambience_000216.pt,False,2025-12-15,room,low noise,ambience,50,22050,300,2
ambience_000217.pt,False,2025-12-15,room,low noise,ambience,50,22050,300,2
ambience_000218.pt,False,2025-12-15,room,low noise,ambience,50,22050,300,2
ambience_000219.pt,False,2025-12-15,room,low noise,ambience,50,22050,300,2
ambience_000220.pt,False,2025-12-15,room,low noise,ambience,50,22050,300,2
ambience_000221.pt,False,2025-12-15,room,low noise,ambience,50,22050,300,2
ambience_000222.pt,False,2025-12-15,room,low noise,ambience,50,22050,300,2
ambience_000223.pt,False,2025-12-15,room,low noise,ambience,50,22050,300,2
ambience_000224.pt,False,2025-12-15,room,low noise,ambience,50,22050,300,2
ambience_000225.pt,False,2025-12-15,room,low noise,ambience,50,22050,300,2
ambience_000226.pt,False,2025-12-15,room,low noise,ambience,50,22050,300,2
ambience_000227.pt,False,2025-12-15,room,low noise,ambience,50,22050,300,2
ambience_000228.pt,False,2025-12-15,room,low noise,ambience,50,22050,300,2
ambience_000229.pt,False,2026-01-05,Yarkon rosh zipor,high noise,bike,50,22050,300,1
ambience_000230.pt,False,2026-01-05,Yarkon rosh zipor,high noise,bike,50,22050,300,1
ambience_000231.pt,False,2026-01-05,Yarkon rosh zipor,high noise,bike,50,22050,300,1
ambience_000232.pt,False,2026-01-05,Yarkon rosh zipor,high noise,bike,50,22050,300,1
ambience_000233.pt,False,2026-01-05,Yarkon rosh zipor,high noise,bike,50,22050,300,1
ambience_000234.pt,False,2026-01-05,Yarkon rosh zipor,high noise,bike,50,22050,300,1
ambience_000235.pt,False,2026-01-05,Yarkon rosh zipor,high noise,bike,50,22050,300,1
ambience_000236.pt,False,2026-01-05,Yarkon rosh zipor,high noise,bike,50,22050,300,1
ambience_000237.pt,False,2026-01-05,Yarkon rosh zipor,high noise,bike,50,22050,300,1
ambience_000238.pt,False,2026-01-05,Yarkon rosh zipor,high noise,bike,50,22050,300,1
ambience_000239.pt,False,2026-01-05,Yarkon rosh zipor,high noise,bike,50,22050,300,1
ambience_000240.pt,False,2026-01-05,Yarkon rosh zipor,high noise,bike,50,22050,300,1
ambience_000241.pt,False,2026-01-05,Yarkon rosh zipor,high noise,bike,50,22050,300,1
ambience_000242.pt,False,2026-01-05,Yarkon rosh zipor,high noise,bike,50,22050,300,1
ambience_000243.pt,False,2026-01-05,Yarkon rosh zipor,high noise,bike,50,22050,300,1
ambience_000244.pt,False,2026-01-05,Yarkon rosh zipor,high noise,bike,50,22050,300,1
ambience_000245.pt,False,2026-01-05,Yarkon rosh zipor,high noise,bike,50,22050,300,1
ambience_000246.pt,False,2026-01-05,Yarkon rosh zipor,high noise,bike,50,22050,300,1
ambience_000247.pt,False,2026-01-05,Yarkon rosh zipor,high noise,bike,50,22050,300,1
ambience_000248.pt,False,2026-01-05,Yarkon rosh zipor,high noise,bike,50,22050,300,1
ambience_000249.pt,False,2026-01-05,Yarkon rosh zipor,high noise,bike,50,22050,300,1
ambience_000250.pt,False,2026-01-05,Yarkon rosh zipor,high noise,bike,50,22050,300,1
ambience_000251.pt,False,2026-01-05,Yarkon rosh zipor,high noise,bike,50,22050,300,1
ambience_000252.pt,False,2026-01-05,Yarkon rosh zipor,high noise,bike,50,22050,300,1
ambience_000253.pt,False,2026-01-05,Yarkon rosh zipor,high noise,bike,50,22050,300,1
ambience_000254.pt,False,2026-01-05,Yarkon rosh zipor,high noise,bike,50,22050,300,1
ambience_000255.pt,False,2026-01-05,Yarkon rosh zipor,high noise,bike,50,22050,300,1
ambience_000256.pt,False,2026-01-05,Yarkon rosh zipor,high noise,bike,50,22050,300,1
ambience_000257.pt,False,2026-01-05,Yarkon rosh zipor,high noise,bike,50,22050,300,1
ambience_000258.pt,False,2026-01-05,Yarkon rosh zipor,high noise,bike,50,22050,300,1
ambience_000259.pt,False,2026-01-05,Yarkon rosh zipor,high noise,bike,50,22050,300,1
ambience_000260.pt,False,2026-01-05,Yarkon rosh zipor,high noise,bike,50,22050,300,1
ambience_000261.pt,False,2026-01-05,Yarkon rosh zipor,high noise,bike,50,22050,300,1
ambience_000262.pt,False,2026-01-05,Yarkon rosh zipor,high noise,bike,50,22050,300,1
ambience_000263.pt,False,2026-01-05,Yarkon rosh zipor,high noise,bike,50,22050,300,1
ambience_000264.pt,False,2026-01-05,Yarkon rosh zipor,high noise,bike,50,22050,300,1
ambience_000265.pt,False,2026-01-05,Yarkon rosh zipor,high noise,bike,50,22050,300,1
ambience_000266.pt,False,2026-01-05,Yarkon rosh zipor,high noise,bike,50,22050,300,1
ambience_000267.pt,False,2026-01-05,Yarkon rosh zipor,high noise,bike,50,22050,300,1
ambience_000268.pt,False,2026-01-05,Yarkon rosh zipor,high noise,bike,50,22050,300,1
ambience_000269.pt,False,2026-01-05,Yarkon rosh zipor,high noise,bike,50,22050,300,1
ambience_000270.pt,False,2026-01-05,Yarkon rosh zipor,high noise,bike,50,22050,300,1
ambience_000271.pt,False,2026-01-05,Yarkon rosh zipor,high noise,bike,50,22050,300,1
ambience_000272.pt,False,2026-01-05,Yarkon rosh zipor,high noise,bike,50,22050,300,1
ambience_000273.pt,False,2026-01-05,Yarkon rosh zipor,high noise,bike,50,22050,300,1
ambience_000274.pt,False,2026-01-05,Yarkon rosh zipor,high noise,bike,50,22050,300,1
ambience_000275.pt,False,2026-01-05,Yarkon rosh zipor,high noise,bike,50,22050,300,1
ambience_000276.pt,False,2026-01-05,Yarkon rosh zipor,high noise,bike,50,22050,300,1
ambience_000277.pt,False,2026-01-05,Yarkon rosh zipor,high noise,bike,50,22050,300,1
ambience_000278.pt,False,2026-01-05,Yarkon rosh zipor,high noise,bike,50,22050,300,1
ambience_000279.pt,False,2026-01-05,Yarkon rosh zipor,high noise,bike,50,22050,300,1
ambience_000280.pt,False,2026-01-05,Yarkon rosh zipor,high noise,bike,50,22050,300,1
ambience_000281.pt,False,2026-01-05,Yarkon rosh zipor,high noise,bike,50,22050,300,1
ambience_000282.pt,False,2026-01-05,Yarkon rosh zipor,high noise,bike,50,22050,300,1
ambience_000283.pt,False,2026-01-05,Yarkon rosh zipor,high noise,bike,50,22050,300,1
ambience_000284.pt,False,2026-01-05,Yarkon rosh zipor,high noise,bike,50,22050,300,1
ambience_000285.pt,False,2026-01-05,Yarkon rosh zipor,high noise,bike,50,22050,300,1
ambience_000286.pt,False,2026-01-05,Yarkon rosh zipor,high noise,bike,50,22050,300,1
ambience_000287.pt,False,2026-01-05,Yarkon rosh zipor,high noise,bike,50,22050,300,1
ambience_000288.pt,False,2026-01-05,Yarkon rosh zipor,high noise,bike,50,22050,300,1
ambience_000289.pt,False,2026-01-05,Yarkon rosh zipor,high noise,bike,50,22050,300,1
ambience_000290.pt,False,2026-01-05,Yarkon rosh zipor,high noise,bike,50,22050,300,1
ambience_000291.pt,False,2026-01-05,Yarkon rosh zipor,high noise,bike,50,22050,300,1
ambience_000292.pt,False,2026-01-05,Yarkon rosh zipor,high noise,bike,50,22050,300,1
ambience_000293.pt,False,2026-01-05,Yarkon rosh zipor,high noise,bike,50,22050,300,1
ambience_000294.pt,False,2026-01-05,Yarkon rosh zipor,high noise,bike,50,22050,300,1
ambience_000295.pt,False,2026-01-05,Yarkon rosh zipor,high noise,bike,50,22050,300,1
ambience_000296.pt,False,2026-01-05,Yarkon rosh zipor,high noise,bike,50,22050,300,1
ambience_000297.pt,False,2026-01-05,Yarkon rosh zipor,high noise,bike,50,22050,300,1
ambience_000298.pt,False,2026-01-05,Yarkon rosh zipor,high noise,bike,50,22050,300,1
ambience_000299.pt,False,2026-01-05,Yarkon rosh zipor,high noise,bike,50,22050,300,1
ambience_000300.pt,False,2026-01-05,Yarkon rosh zipor,high noise,bike,50,22050,300,1
ambience_000301.pt,False,2026-01-05,Yarkon rosh zipor,high noise,bike,50,22050,300,1
ambience_000302.pt,False,2026-01-05,Yarkon rosh zipor,high noise,bike,50,22050,300,1
ambience_000303.pt,False,2026-01-05,Yarkon rosh zipor,high noise,bike,50,22050,300,1
drone_000092.pt,True,2026-01-03,Yarkon,low noise,ambience,75,22050,300,1
drone_000093.pt,True,2026-01-03,Yarkon,low noise,ambience,75,22050,300,1
drone_000094.pt,True,2026-01-03,Yarkon,low noise,ambience,75,22050,300,1
drone_000095.pt,True,2026-01-03,Yarkon,low noise,ambience,75,22050,300,1
drone_000096.pt,True,2026-01-03,Yarkon,low noise,ambience,75,22050,300,1
drone_000097.pt,True,2026-01-03,Yarkon,low noise,ambience,75,22050,300,1
drone_000098.pt,True,2026-01-03,Yarkon,low noise,ambience,75,22050,300,1
drone_000099.pt,True,2026-01-03,Yarkon,low noise,ambience,75,22050,300,1
drone_000100.pt,True,2026-01-03,Yarkon,low noise,ambience,75,22050,300,1
drone_000101.pt,True,2026-01-03,Yarkon,low noise,ambience,75,22050,300,1
drone_000102.pt,True,2026-01-03,Yarkon,low noise,ambience,75,22050,300,1
drone_000103.pt,True,2026-01-03,Yarkon,low noise,ambience,75,22050,300,1
drone_000104.pt,True,2026-01-03,Yarkon,low noise,ambience,75,22050,300,1
drone_000105.pt,True,2026-01-03,Yarkon,low noise,ambience,75,22050,300,1
drone_000106.pt,True,2026-01-03,Yarkon,low noise,ambience,75,22050,300,1
drone_000107.pt,True,2026-01-03,Yarkon,low noise,ambience,75,22050,300,1
drone_000108.pt,True,2026-01-03,Yarkon,low noise,ambience,75,22050,300,1
drone_000109.pt,True,2026-01-03,Yarkon,low noise,ambience,75,22050,300,1
drone_000110.pt,True,2026-01-03,Yarkon,low noise,ambience,75,22050,300,1
drone_000111.pt,True,2026-01-03,Yarkon,low noise,ambience,75,22050,300,1
drone_000112.pt,True,2026-01-03,Yarkon,low noise,ambience,75,22050,300,1
drone_000113.pt,True,2026-01-03,Yarkon,low noise,ambience,75,22050,300,1
drone_000114.pt,True,2026-01-03,Yarkon,low noise,ambience,75,22050,300,1
drone_000115.pt,True,2026-01-03,Yarkon,low noise,ambience,75,22050,300,1
drone_000116.pt,True,2026-01-03,Yarkon,low noise,ambience,75,22050,300,1
drone_000117.pt,True,2026-01-03,Yarkon,low noise,ambience,75,22050,300,1
drone_000118.pt,True,2026-01-03,Yarkon,low noise,ambience,75,22050,300,1
drone_000119.pt,True,2026-01-03,Yarkon,low noise,ambience,75,22050,300,1
drone_000120.pt,True,2026-01-03,Yarkon,low noise,ambience,75,22050,300,1
drone_000121.pt,True,2026-01-03,Yarkon,low noise,ambience,75,22050,300,1
drone_000122.pt,True,2026-01-03,Yarkon,low noise,ambience,75,22050,300,1
drone_000123.pt,True,2026-01-03,Yarkon,low noise,ambience,75,22050,300,1
drone_000124.pt,True,2026-01-03,Yarkon,low noise,ambience,75,22050,300,1
drone_000125.pt,True,2026-01-03,Yarkon,low noise,ambience,75,22050,300,1
drone_000126.pt,True,2026-01-03,Yarkon,low noise,ambience,75,22050,300,1
drone_000127.pt,True,2026-01-03,Yarkon,low noise,ambience,75,22050,300,1
drone_000128.pt,True,2026-01-03,Yarkon,low noise,ambience,75,22050,300,1
drone_000129.pt,True,2026-01-03,Yarkon,low noise,ambience,75,22050,300,1
drone_000130.pt,True,2026-01-03,Yarkon,low noise,ambience,75,22050,300,1
drone_000131.pt,True,2026-01-03,Yarkon,low noise,ambience,75,22050,300,1
drone_000132.pt,True,2026-01-03,Yarkon,low noise,ambience,75,22050,300,1
drone_000133.pt,True,2026-01-03,Yarkon,low noise,ambience,75,22050,300,1
drone_000134.pt,True,2026-01-03,Yarkon,low noise,ambience,75,22050,300,1
drone_000135.pt,True,2026-01-03,Yarkon,low noise,ambience,75,22050,300,1
drone_000136.pt,True,2026-01-03,Yarkon,low noise,ambience,75,22050,300,1
drone_000137.pt,True,2026-01-03,Yarkon,low noise,ambience,75,22050,300,1
drone_000138.pt,True,2026-01-03,Yarkon,low noise,ambience,75,22050,300,1
drone_000139.pt,True,2026-01-03,Yarkon,low noise,ambience,75,22050,300,1
drone_000140.pt,True,2026-01-03,Yarkon,low noise,ambience,75,22050,300,1
drone_000141.pt,True,2026-01-03,Yarkon,low noise,ambience,75,22050,300,1
drone_000142.pt,True,2026-01-03,Yarkon,low noise,ambience,75,22050,300,1
drone_000143.pt,True,2026-01-03,Yarkon,low noise,ambience,75,22050,300,1
drone_000144.pt,True,2026-01-03,Yarkon,low noise,ambience,75,22050,300,1
drone_000145.pt,True,2026-01-03,Yarkon,low noise,ambience,75,22050,300,1
drone_000146.pt,True,2026-01-03,Yarkon,low noise,ambience,75,22050,300,1
drone_000147.pt,True,2026-01-03,Yarkon,low noise,ambience,75,22050,300,1
drone_000148.pt,True,2026-01-03,Yarkon,low noise,ambience,75,22050,300,1
drone_000149.pt,True,2026-01-03,Yarkon,low noise,ambience,75,22050,300,1
drone_000150.pt,True,2026-01-03,Yarkon,low noise,ambience,75,22050,300,1
drone_000151.pt,True,2026-01-03,Yarkon,low noise,ambience,75,22050,300,1
drone_000152.pt,True,2026-01-03,Yarkon,low noise,ambience,75,22050,300,1
drone_000153.pt,True,2026-01-03,Yarkon,low noise,ambience,75,22050,300,1
drone_000154.pt,True,2026-01-03,Yarkon,low noise,ambience,75,22050,300,1
drone_000155.pt,True,2026-01-03,Yarkon,low noise,ambience,75,22050,300,1
drone_000156.pt,True,2026-01-03,Yarkon,low noise,ambience,75,22050,300,1
drone_000157.pt,True,2026-01-03,Yarkon,low noise,ambience,75,22050,300,1
drone_000158.pt,True,2026-01-03,Yarkon,low noise,ambience,75,22050,300,1
drone_000159.pt,True,2026-01-03,Yarkon,low noise,ambience,75,22050,300,1
drone_000160.pt,True,2026-01-03,Yarkon,low noise,ambience,75,22050,300,1
drone_000161.pt,True,2026-01-03,Yarkon,low noise,ambience,75,22050,300,1
drone_000162.pt,True,2026-01-03,Yarkon,low noise,ambience,75,22050,300,1
drone_000163.pt,True,2026-01-03,Yarkon,low noise,ambience,75,22050,300,1
drone_000164.pt,True,2026-01-03,Yarkon,low noise,ambience,75,22050,300,1
drone_000165.pt,True,2026-01-03,Yarkon,low noise,ambience,75,22050,300,1
drone_000166.pt,True,2026-01-03,Yarkon,low noise,ambience,75,22050,300,1
drone_000167.pt,True,2026-01-03,Yarkon,low noise,ambience,75,22050,300,1
drone_000168.pt,True,2026-01-03,Yarkon,low noise,ambience,75,22050,300,1
drone_000169.pt,True,2026-01-03,Yarkon,low noise,ambience,75,22050,300,1
drone_000170.pt,True,2026-01-03,Yarkon,low noise,ambience,75,22050,300,1
drone_000171.pt,True,2026-01-05,Yarkon rosh zipor,high noise,bike,50,22050,300,1
drone_000172.pt,True,2026-01-05,Yarkon rosh zipor,high noise,bike,50,22050,300,1
drone_000173.pt,True,2026-01-05,Yarkon rosh zipor,high noise,bike,50,22050,300,1
drone_000174.pt,True,2026-01-05,Yarkon rosh zipor,high noise,bike,50,22050,300,1
drone_000175.pt,True,2026-01-05,Yarkon rosh zipor,high noise,bike,50,22050,300,1
drone_000176.pt,True,2026-01-05,Yarkon rosh zipor,high noise,bike,50,22050,300,1
drone_000177.pt,True,2026-01-05,Yarkon rosh zipor,high noise,bike,50,22050,300,1
drone_000178.pt,True,2026-01-05,Yarkon rosh zipor,high noise,bike,50,22050,300,1
drone_000179.pt,True,2026-01-05,Yarkon rosh zipor,high noise,bike,50,22050,300,1
drone_000180.pt,True,2026-01-05,Yarkon rosh zipor,high noise,bike,50,22050,300,1
drone_000181.pt,True,2026-01-05,Yarkon rosh zipor,high noise,bike,50,22050,300,1
drone_000182.pt,True,2026-01-05,Yarkon rosh zipor,high noise,bike,50,22050,300,1
drone_000183.pt,True,2026-01-05,Yarkon rosh zipor,high noise,bike,50,22050,300,1
drone_000184.pt,True,2026-01-05,Yarkon rosh zipor,high noise,bike,50,22050,300,1
drone_000185.pt,True,2026-01-05,Yarkon rosh zipor,high noise,bike,50,22050,300,1
drone_000186.pt,True,2026-01-05,Yarkon rosh zipor,high noise,bike,50,22050,300,1
drone_000187.pt,True,2026-01-05,Yarkon rosh zipor,high noise,bike,50,22050,300,1
drone_000188.pt,True,2026-01-05,Yarkon rosh zipor,high noise,bike,50,22050,300,1
drone_000189.pt,True,2026-01-05,Yarkon rosh zipor,high noise,bike,50,22050,300,1
drone_000190.pt,True,2026-01-05,Yarkon rosh zipor,high noise,bike,50,22050,300,1
drone_000191.pt,True,2026-01-05,Yarkon rosh zipor,high noise,bike,50,22050,300,1
drone_000192.pt,True,2026-01-05,Yarkon rosh zipor,high noise,bike,50,22050,300,1
drone_000193.pt,True,2026-01-05,Yarkon rosh zipor,high noise,bike,50,22050,300,1
drone_000194.pt,True,2026-01-05,Yarkon rosh zipor,high noise,bike,50,22050,300,1
drone_000195.pt,True,2026-01-05,Yarkon rosh zipor,high noise,bike,50,22050,300,1
drone_000196.pt,True,2026-01-05,Yarkon rosh zipor,high noise,bike,50,22050,300,1
drone_000197.pt,True,2026-01-05,Yarkon rosh zipor,high noise,bike,50,22050,300,1
drone_000198.pt,True,2026-01-05,Yarkon rosh zipor,high noise,bike,50,22050,300,1
drone_000199.pt,True,2026-01-05,Yarkon rosh zipor,high noise,bike,50,22050,300,1
drone_000200.pt,True,2026-01-05,Yarkon rosh zipor,high noise,bike,50,22050,300,1
drone_000201.pt,True,2026-01-05,Yarkon rosh zipor,high noise,bike,50,22050,300,1
drone_000202.pt,True,2026-01-05,Yarkon rosh zipor,high noise,bike,50,22050,300,1
drone_000203.pt,True,2026-01-05,Yarkon rosh zipor,high noise,bike,50,22050,300,1
drone_000204.pt,True,2026-01-05,Yarkon rosh zipor,high noise,bike,50,22050,300,1
drone_000205.pt,True,2026-01-05,Yarkon rosh zipor,high noise,bike,50,22050,300,1
drone_000206.pt,True,2026-01-05,Yarkon rosh zipor,high noise,bike,50,22050,300,1
drone_000207.pt,True,2026-01-05,Yarkon rosh zipor,high noise,bike,50,22050,300,1
drone_000208.pt,True,2026-01-05,Yarkon rosh zipor,high noise,bike,50,22050,300,1
drone_000209.pt,True,2026-01-05,Yarkon rosh zipor,high noise,bike,50,22050,300,1
drone_000210.pt,True,2026-01-05,Yarkon rosh zipor,high noise,bike,50,22050,300,1
drone_000211.pt,True,2026-01-05,Yarkon rosh zipor,high noise,bike,50,22050,300,1
drone_000212.pt,True,2026-01-05,Yarkon rosh zipor,high noise,bike,50,22050,300,1
drone_000213.pt,True,2026-01-05,Yarkon rosh zipor,high noise,bike,50,22050,300,1
drone_000214.pt,True,2026-01-05,Yarkon rosh zipor,high noise,bike,50,22050,300,1
drone_000215.pt,True,2026-01-05,Yarkon rosh zipor,high noise,bike,50,22050,300,1
drone_000216.pt,True,2026-01-05,Yarkon rosh zipor,high noise,bike,50,22050,300,1
drone_000217.pt,True,2026-01-05,Yarkon rosh zipor,high noise,bike,50,22050,300,1
drone_000218.pt,True,2026-01-05,Yarkon rosh zipor,high noise,bike,50,22050,300,1
drone_000219.pt,True,2026-01-05,Yarkon rosh zipor,high noise,bike,50,22050,300,1
drone_000220.pt,True,2026-01-05,Yarkon rosh zipor,high noise,bike,50,22050,300,1
drone_000221.pt,True,2026-01-05,Yarkon rosh zipor,high noise,bike,50,22050,300,1
drone_000222.pt,True,2026-01-05,Yarkon rosh zipor,high noise,bike,50,22050,300,1
drone_000223.pt,True,2026-01-05,Yarkon rosh zipor,high noise,bike,50,22050,300,1
drone_000224.pt,True,2026-01-05,Yarkon rosh zipor,high noise,bike,50,22050,300,1
drone_000225.pt,True,2026-01-05,Yarkon rosh zipor,high noise,bike,50,22050,300,1
drone_000226.pt,True,2026-01-05,Yarkon rosh zipor,high noise,bike,50,22050,300,1
drone_000227.pt,True,2026-01-05,Yarkon rosh zipor,high noise,bike,50,22050,300,1
drone_000228.pt,True,2026-01-05,Yarkon rosh zipor,high noise,bike,50,22050,300,1
drone_000229.pt,True,2026-01-05,Yarkon rosh zipor,high noise,bike,50,22050,300,1
drone_000230.pt,True,2026-01-05,Yarkon rosh zipor,high noise,bike,50,22050,300,1
drone_000231.pt,True,2026-01-05,Yarkon rosh zipor,high noise,bike,50,22050,300,1
drone_000232.pt,True,2026-01-05,Yarkon rosh zipor,high noise,bike,50,22050,300,1
drone_000233.pt,True,2026-01-05,Yarkon rosh zipor,high noise,bike,50,22050,300,1
drone_000234.pt,True,2026-01-05,Yarkon rosh zipor,high noise,bike,50,22050,300,1
drone_000235.pt,True,2026-01-05,Yarkon rosh zipor,high noise,bike,50,22050,300,1
drone_000236.pt,True,2026-01-05,Yarkon rosh zipor,high noise,bike,50,22050,300,1
drone_000237.pt,True,2026-01-05,Yarkon rosh zipor,high noise,bike,50,22050,300,1
drone_000238.pt,True,2026-01-05,Yarkon rosh zipor,high noise,bike,50,22050,300,1
drone_000239.pt,True,2026-01-05,Yarkon rosh zipor,high noise,bike,50,22050,300,1
drone_000240.pt,True,2026-01-05,Yarkon rosh zipor,high noise,bike,50,22050,300,1
drone_000241.pt,True,2026-01-05,Yarkon rosh zipor,high noise,bike,50,22050,300,1
drone_000242.pt,True,2026-01-05,Yarkon rosh zipor,high noise,bike,50,22050,300,1
drone_000243.pt,True,2026-01-05,Yarkon rosh zipor,high noise,bike,50,22050,300,1
drone_000244.pt,True,2026-01-05,Yarkon rosh zipor,high noise,bike,50,22050,300,1
drone_000245.pt,True,2026-01-05,Yarkon rosh zipor,high noise,bike,50,22050,300,1
drone_000246.pt,True,2026-01-05,Yarkon rosh zipor,high noise,bike,50,22050,300,1
drone_000247.pt,True,2026-01-05,Yarkon rosh zipor,high noise,bike,50,22050,300,1
drone_000248.pt,True,2026-01-05,Yarkon rosh zipor,high noise,bike,50,22050,300,1
drone_000249.pt,True,2026-01-05,Yarkon rosh zipor,high noise,bike,50,22050,300,1
drone_000250.pt,True,2026-01-05,Yarkon rosh zipor,high noise,bike,50,22050,300,1
drone_000251.pt,True,2026-01-05,Yarkon rosh zipor,high noise,bike,50,22050,300,1
ambience_000304.pt,False,2026-01-03,Yarkon,high noise,road,75,22050,300,1
ambience_000305.pt,False,2026-01-03,Yarkon,high noise,road,75,22050,300,1
ambience_000306.pt,False,2026-01-03,Yarkon,high noise,road,75,22050,300,1
ambience_000307.pt,False,2026-01-03,Yarkon,high noise,road,75,22050,300,1
ambience_000308.pt,False,2026-01-03,Yarkon,high noise,road,75,22050,300,1
ambience_000309.pt,False,2026-01-03,Yarkon,high noise,road,75,22050,300,1
ambience_000310.pt,False,2026-01-03,Yarkon,high noise,road,75,22050,300,1
ambience_000311.pt,False,2026-01-03,Yarkon,high noise,road,75,22050,300,1
ambience_000312.pt,False,2026-01-03,Yarkon,high noise,road,75,22050,300,1
ambience_000313.pt,False,2026-01-03,Yarkon,high noise,road,75,22050,300,1
ambience_000314.pt,False,2026-01-03,Yarkon,high noise,road,75,22050,300,1
ambience_000315.pt,False,2026-01-03,Yarkon,high noise,road,75,22050,300,1
ambience_000316.pt,False,2026-01-03,Yarkon,high noise,road,75,22050,300,1
ambience_000317.pt,False,2026-01-03,Yarkon,high noise,road,75,22050,300,1
ambience_000318.pt,False,2026-01-03,Yarkon,high noise,road,75,22050,300,1
ambience_000319.pt,False,2026-01-03,Yarkon,high noise,road,75,22050,300,1
ambience_000320.pt,False,2026-01-03,Yarkon,high noise,road,75,22050,300,1
ambience_000321.pt,False,2026-01-03,Yarkon,high noise,road,75,22050,300,1
ambience_000322.pt,False,2026-01-03,Yarkon,high noise,road,75,22050,300,1
ambience_000323.pt,False,2026-01-03,Yarkon,high noise,road,75,22050,300,1
ambience_000324.pt,False,2026-01-03,Yarkon,high noise,road,75,22050,300,1
ambience_000325.pt,False,2026-01-03,Yarkon,high noise,road,75,22050,300,1
ambience_000326.pt,False,2026-01-03,Yarkon,high noise,road,75,22050,300,1
ambience_000327.pt,False,2026-01-03,Yarkon,high noise,road,75,22050,300,1
ambience_000328.pt,False,2026-01-03,Yarkon,high noise,road,75,22050,300,1
ambience_000329.pt,False,2026-01-03,Yarkon,high noise,road,75,22050,300,1
ambience_000330.pt,False,2026-01-03,Yarkon,high noise,road,75,22050,300,1
ambience_000331.pt,False,2026-01-03,Yarkon,high noise,road,75,22050,300,1
ambience_000332.pt,False,2026-01-03,Yarkon,high noise,road,75,22050,300,1
ambience_000333.pt,False,2026-01-03,Yarkon,high noise,road,75,22050,300,1
ambience_000334.pt,False,2026-01-03,Yarkon,high noise,road,75,22050,300,1
ambience_000335.pt,False,2026-01-03,Yarkon,high noise,road,75,22050,300,1
ambience_000336.pt,False,2026-01-03,Yarkon,high noise,road,75,22050,300,1
ambience_000337.pt,False,2026-01-03,Yarkon,high noise,road,75,22050,300,1
ambience_000338.pt,False,2026-01-03,Yarkon,high noise,road,75,22050,300,1
ambience_000339.pt,False,2026-01-03,Yarkon,high noise,road,75,22050,300,1
ambience_000340.pt,False,2026-01-03,Yarkon,high noise,road,75,22050,300,1
ambience_000341.pt,False,2026-01-03,Yarkon,high noise,road,75,22050,300,1
ambience_000342.pt,False,2026-01-03,Yarkon,high noise,road,75,22050,300,1
ambience_000343.pt,False,2026-01-03,Yarkon,high noise,road,75,22050,300,1
ambience_000344.pt,False,2026-01-03,Yarkon,high noise,road,75,22050,300,1
ambience_000345.pt,False,2026-01-03,Yarkon,high noise,road,75,22050,300,1
ambience_000346.pt,False,2026-01-03,Yarkon,high noise,road,75,22050,300,1
ambience_000347.pt,False,2026-01-03,Yarkon,high noise,road,75,22050,300,1
ambience_000348.pt,False,2026-01-03,Yarkon,high noise,road,75,22050,300,1
ambience_000349.pt,False,2026-01-03,Yarkon,high noise,road,75,22050,300,1
ambience_000350.pt,False,2026-01-03,Yarkon,high noise,road,75,22050,300,1
ambience_000351.pt,False,2026-01-03,Yarkon,high noise,road,75,22050,300,1
ambience_000352.pt,False,2026-01-03,Yarkon,high noise,road,75,22050,300,1
ambience_000353.pt,False,2026-01-03,Yarkon,high noise,road,75,22050,300,1
ambience_000354.pt,False,2026-01-03,Yarkon,high noise,road,75,22050,300,1
ambience_000355.pt,False,2026-01-03,Yarkon,high noise,road,75,22050,300,1
ambience_000356.pt,False,2026-01-03,Yarkon,high noise,road,75,22050,300,1
ambience_000357.pt,False,2026-01-03,Yarkon,high noise,road,75,22050,300,1
ambience_000358.pt,False,2026-01-03,Yarkon,high noise,road,75,22050,300,1
ambience_000359.pt,False,2026-01-03,Yarkon,high noise,road,75,22050,300,1
ambience_000360.pt,False,2026-01-03,Yarkon,high noise,road,75,22050,300,1
ambience_000361.pt,False,2026-01-03,Yarkon,high noise,road,75,22050,300,1
ambience_000362.pt,False,2026-01-03,Yarkon,high noise,road,75,22050,300,1
ambience_000363.pt,False,2026-01-03,Yarkon,high noise,road,75,22050,300,1
ambience_000364.pt,False,2026-01-03,Yarkon,high noise,road,75,22050,300,1
ambience_000365.pt,False,2026-01-03,Yarkon,high noise,road,75,22050,300,1
ambience_000366.pt,False,2026-01-03,Yarkon,high noise,road,75,22050,300,1
ambience_000367.pt,False,2026-01-03,Yarkon,high noise,road,75,22050,300,1
ambience_000368.pt,False,2026-01-03,Yarkon,high noise,road,75,22050,300,1
ambience_000369.pt,False,2026-01-03,Yarkon,high noise,road,75,22050,300,1
ambience_000370.pt,False,2026-01-03,Yarkon,high noise,road,75,22050,300,1
ambience_000371.pt,False,2026-01-03,Yarkon,high noise,road,75,22050,300,1
ambience_000372.pt,False,2026-01-03,Yarkon,high noise,road,75,22050,300,1
ambience_000373.pt,False,2026-01-03,Yarkon,high noise,road,75,22050,300,1
ambience_000374.pt,False,2026-01-03,Yarkon,high noise,road,75,22050,300,1
ambience_000375.pt,False,2026-01-03,Yarkon,high noise,road,75,22050,300,1
ambience_000376.pt,False,2026-01-03,Yarkon,high noise,road,75,22050,300,1
ambience_000377.pt,False,2026-01-03,Yarkon,high noise,road,75,22050,300,1
ambience_000378.pt,False,2026-01-03,Yarkon,high noise,road,75,22050,300,1
ambience_000379.pt,False,2026-01-03,Yarkon,high noise,road,75,22050,300,1
ambience_000380.pt,False,2026-01-03,Yarkon,high noise,road,75,22050,300,1
ambience_000381.pt,False,2026-01-03,Yarkon,high noise,road,75,22050,300,1
ambience_000382.pt,False,2026-01-03,Yarkon,high noise,road,75,22050,300,1
ambience_000383.pt,False,2026-01-03,Yarkon,high noise,road,75,22050,300,1
ambience_000384.pt,False,2026-01-03,Yarkon,high noise,road,75,22050,300,1
ambience_000385.pt,False,2026-01-03,Yarkon,high noise,road,75,22050,300,1
ambience_000386.pt,False,2026-01-03,Yarkon,high noise,road,75,22050,300,1
ambience_000387.pt,False,2026-01-03,Yarkon,high noise,road,75,22050,300,1
ambience_000388.pt,False,2026-01-03,Yarkon,high noise,road,75,22050,300,1
ambience_000389.pt,False,2026-01-03,Yarkon,high noise,road,75,22050,300,1
ambience_000390.pt,False,2026-01-03,Yarkon,high noise,road,75,22050,300,1
ambience_000391.pt,False,2026-01-03,Yarkon,high noise,road,75,22050,300,1
ambience_000392.pt,False,2026-01-03,Yarkon,high noise,road,75,22050,300,1
ambience_000393.pt,False,2026-01-03,Yarkon,high noise,road,75,22050,300,1
ambience_000394.pt,False,2026-01-03,Yarkon,high noise,road,75,22050,300,1
ambience_000395.pt,False,2026-01-03,Yarkon,high noise,road,75,22050,300,1
ambience_000396.pt,False,2026-01-03,Yarkon,high noise,road,75,22050,300,1
ambience_000397.pt,False,2026-01-03,Yarkon,high noise,road,75,22050,300,1
ambience_000398.pt,False,2026-01-03,Yarkon,high noise,road,75,22050,300,1
ambience_000399.pt,False,2026-01-03,Yarkon,high noise,road,75,22050,300,1
ambience_000400.pt,False,2026-01-03,Yarkon,high noise,road,75,22050,300,1
ambience_000401.pt,False,2026-01-03,Yarkon,high noise,road,75,22050,300,1
ambience_000402.pt,False,2026-01-03,Yarkon,high noise,road,75,22050,300,1
ambience_000403.pt,False,2026-01-03,Yarkon,high noise,road,75,22050,300,1
ambience_000404.pt,False,2026-01-03,Yarkon,high noise,road,75,22050,300,1
ambience_000405.pt,False,2026-01-03,Yarkon,high noise,road,75,22050,300,1
ambience_000406.pt,False,2026-01-03,Yarkon,high noise,road,75,22050,300,1
ambience_000407.pt,False,2026-01-03,Yarkon,high noise,road,75,22050,300,1
ambience_000408.pt,False,2026-01-03,Yarkon,high noise,road,75,22050,300,1
ambience_000409.pt,False,2026-01-03,Yarkon,high noise,road,75,22050,300,1
ambience_000410.pt,False,2026-01-03,Yarkon,high noise,road,75,22050,300,1
ambience_000411.pt,False,2026-01-03,Yarkon,high noise,road,75,22050,300,1
ambience_000412.pt,False,2026-01-03,Yarkon,high noise,road,75,22050,300,1
ambience_000413.pt,False,2026-01-03,Yarkon,high noise,road,75,22050,300,1
ambience_000414.pt,False,2026-01-03,Yarkon,high noise,road,75,22050,300,1
ambience_000415.pt,False,2026-01-03,Yarkon,high noise,road,75,22050,300,1
ambience_000416.pt,False,2026-01-03,Yarkon,high noise,road,75,22050,300,1
ambience_000417.pt,False,2026-01-03,Yarkon,high noise,road,75,22050,300,1
ambience_000418.pt,False,2026-01-03,Yarkon,high noise,road,75,22050,300,1
ambience_000419.pt,False,2026-01-03,Yarkon,high noise,road,75,22050,300,1
ambience_000420.pt,False,2026-01-03,Yarkon,high noise,road,75,22050,300,1
ambience_000421.pt,False,2026-01-03,Yarkon,high noise,road,75,22050,300,1
ambience_000422.pt,False,2026-01-03,Yarkon,high noise,road,75,22050,300,1
ambience_000423.pt,False,2026-01-03,Yarkon,high noise,road,75,22050,300,1
ambience_000424.pt,False,2026-01-03,Yarkon,high noise,road,75,22050,300,1
ambience_000425.pt,False,2026-01-03,Yarkon,high noise,road,75,22050,300,1
ambience_000426.pt,False,2026-01-03,Yarkon,high noise,road,75,22050,300,1
ambience_000427.pt,False,2026-01-03,Yarkon,high noise,road,75,22050,300,1
ambience_000428.pt,False,2026-01-03,Yarkon,high noise,road,75,22050,300,1
ambience_000429.pt,False,2026-01-03,Yarkon,high noise,road,75,22050,300,1
ambience_000430.pt,False,2026-01-03,Yarkon,high noise,road,75,22050,300,1
ambience_000431.pt,False,2026-01-03,Yarkon,high noise,road,75,22050,300,1
ambience_000432.pt,False,2026-01-03,Yarkon,high noise,road,75,22050,300,1
ambience_000433.pt,False,2026-01-03,Yarkon,high noise,road,75,22050,300,1
ambience_000434.pt,False,2026-01-03,Yarkon,high noise,road,75,22050,300,1
ambience_000435.pt,False,2026-01-03,Yarkon,high noise,road,75,22050,300,1
ambience_000436.pt,False,2026-01-03,Yarkon,high noise,road,75,22050,300,1
ambience_000437.pt,False,2026-01-03,Yarkon,high noise,road,75,22050,300,1
ambience_000438.pt,False,2026-01-03,Yarkon,high noise,road,75,22050,300,1
ambience_000439.pt,False,2026-01-03,Yarkon,high noise,road,75,22050,300,1
ambience_000440.pt,False,2026-01-03,Yarkon,high noise,road,75,22050,300,1
ambience_000441.pt,False,2026-01-03,Yarkon,high noise,road,75,22050,300,1
ambience_000442.pt,False,2026-01-03,Yarkon,high noise,road,75,22050,300,1
ambience_000443.pt,False,2026-01-03,Yarkon,high noise,road,75,22050,300,1
ambience_000444.pt,False,2026-01-03,Yarkon,high noise,road,75,22050,300,1
ambience_000445.pt,False,2026-01-03,Yarkon,high noise,road,75,22050,300,1
ambience_000446.pt,False,2026-01-03,Yarkon,high noise,road,75,22050,300,1
ambience_000447.pt,False,2026-01-03,Yarkon,high noise,road,75,22050,300,1
ambience_000448.pt,False,2026-01-03,Yarkon,high noise,road,75,22050,300,1
ambience_000449.pt,False,2026-01-03,Yarkon,high noise,road,75,22050,300,1
ambience_000450.pt,False,2026-01-03,Yarkon,high noise,road,75,22050,300,1
ambience_000451.pt,False,2026-01-03,Yarkon,high noise,road,75,22050,300,1
ambience_000452.pt,False,2026-01-03,Yarkon,high noise,road,75,22050,300,1
ambience_000453.pt,False,2026-01-03,Yarkon,high noise,road,75,22050,300,1
drone_000252.pt,True,2026-01-03,Yarkon,hign noise,road,50,22050,300,2
drone_000253.pt,True,2026-01-03,Yarkon,hign noise,road,50,22050,300,2
drone_000254.pt,True,2026-01-03,Yarkon,hign noise,road,50,22050,300,2
drone_000255.pt,True,2026-01-03,Yarkon,hign noise,road,50,22050,300,2
drone_000256.pt,True,2026-01-03,Yarkon,hign noise,road,50,22050,300,2
drone_000257.pt,True,2026-01-03,Yarkon,hign noise,road,50,22050,300,2
drone_000258.pt,True,2026-01-03,Yarkon,hign noise,road,50,22050,300,2
drone_000259.pt,True,2026-01-03,Yarkon,hign noise,road,50,22050,300,2
drone_000260.pt,True,2026-01-03,Yarkon,hign noise,road,50,22050,300,2
drone_000261.pt,True,2026-01-03,Yarkon,hign noise,road,50,22050,300,2
drone_000262.pt,True,2026-01-03,Yarkon,hign noise,road,50,22050,300,2
drone_000263.pt,True,2026-01-03,Yarkon,hign noise,road,50,22050,300,2
drone_000264.pt,True,2026-01-03,Yarkon,hign noise,road,50,22050,300,2
drone_000265.pt,True,2026-01-03,Yarkon,hign noise,road,50,22050,300,2
drone_000266.pt,True,2026-01-03,Yarkon,hign noise,road,50,22050,300,2
drone_000267.pt,True,2026-01-03,Yarkon,hign noise,road,50,22050,300,2
drone_000268.pt,True,2026-01-03,Yarkon,hign noise,road,50,22050,300,2
drone_000269.pt,True,2026-01-03,Yarkon,hign noise,road,50,22050,300,2
drone_000270.pt,True,2026-01-03,Yarkon,hign noise,road,50,22050,300,2
drone_000271.pt,True,2026-01-03,Yarkon,hign noise,road,50,22050,300,2
drone_000272.pt,True,2026-01-03,Yarkon,hign noise,road,50,22050,300,2
drone_000273.pt,True,2026-01-03,Yarkon,hign noise,road,50,22050,300,2
drone_000274.pt,True,2026-01-03,Yarkon,hign noise,road,50,22050,300,2
drone_000275.pt,True,2026-01-03,Yarkon,hign noise,road,50,22050,300,2
drone_000276.pt,True,2026-01-03,Yarkon,hign noise,road,50,22050,300,2
drone_000277.pt,True,2026-01-03,Yarkon,hign noise,road,50,22050,300,2
drone_000278.pt,True,2026-01-03,Yarkon,hign noise,road,50,22050,300,2
drone_000279.pt,True,2026-01-03,Yarkon,hign noise,road,50,22050,300,2
drone_000280.pt,True,2026-01-03,Yarkon,hign noise,road,50,22050,300,2
drone_000281.pt,True,2026-01-03,Yarkon,hign noise,road,50,22050,300,2
drone_000282.pt,True,2026-01-03,Yarkon,hign noise,road,50,22050,300,2
drone_000283.pt,True,2026-01-03,Yarkon,hign noise,road,50,22050,300,2
drone_000284.pt,True,2026-01-03,Yarkon,hign noise,road,50,22050,300,2
drone_000285.pt,True,2026-01-03,Yarkon,hign noise,road,50,22050,300,2
drone_000286.pt,True,2026-01-03,Yarkon,hign noise,road,50,22050,300,2
drone_000287.pt,True,2026-01-03,Yarkon,hign noise,road,50,22050,300,2
drone_000288.pt,True,2026-01-03,Yarkon,hign noise,road,50,22050,300,2
drone_000289.pt,True,2026-01-03,Yarkon,hign noise,road,50,22050,300,2
drone_000290.pt,True,2026-01-03,Yarkon,hign noise,road,50,22050,300,2
drone_000291.pt,True,2026-01-03,Yarkon,hign noise,road,50,22050,300,2
drone_000292.pt,True,2026-01-03,Yarkon,hign noise,road,50,22050,300,2
drone_000293.pt,True,2026-01-03,Yarkon,hign noise,road,50,22050,300,2
drone_000294.pt,True,2026-01-03,Yarkon,hign noise,road,50,22050,300,2
drone_000295.pt,True,2026-01-03,Yarkon,hign noise,road,50,22050,300,2
drone_000296.pt,True,2026-01-03,Yarkon,hign noise,road,50,22050,300,2
drone_000297.pt,True,2026-01-03,Yarkon,hign noise,road,50,22050,300,2
drone_000298.pt,True,2026-01-03,Yarkon,hign noise,road,50,22050,300,2
drone_000299.pt,True,2026-01-03,Yarkon,hign noise,road,50,22050,300,2
drone_000300.pt,True,2026-01-03,Yarkon,hign noise,road,50,22050,300,2
drone_000301.pt,True,2026-01-03,Yarkon,hign noise,road,50,22050,300,2
drone_000302.pt,True,2026-01-03,Yarkon,hign noise,road,50,22050,300,2
drone_000303.pt,True,2026-01-03,Yarkon,hign noise,road,50,22050,300,2
drone_000304.pt,True,2026-01-03,Yarkon,hign noise,road,50,22050,300,2
drone_000305.pt,True,2026-01-03,Yarkon,hign noise,road,50,22050,300,2
drone_000306.pt,True,2026-01-03,Yarkon,hign noise,road,50,22050,300,2
drone_000307.pt,True,2026-01-03,Yarkon,hign noise,road,50,22050,300,2
drone_000308.pt,True,2026-01-03,Yarkon,hign noise,road,50,22050,300,2
drone_000309.pt,True,2026-01-03,Yarkon,hign noise,road,50,22050,300,2
drone_000310.pt,True,2026-01-03,Yarkon,hign noise,road,50,22050,300,2
drone_000311.pt,True,2026-01-03,Yarkon,hign noise,road,50,22050,300,2
drone_000312.pt,True,2026-01-03,Yarkon,hign noise,road,50,22050,300,2
drone_000313.pt,True,2026-01-03,Yarkon,hign noise,road,50,22050,300,2
drone_000314.pt,True,2026-01-03,Yarkon,hign noise,road,50,22050,300,2
drone_000315.pt,True,2026-01-03,Yarkon,hign noise,road,50,22050,300,2
drone_000316.pt,True,2026-01-03,Yarkon,hign noise,road,50,22050,300,2
drone_000317.pt,True,2026-01-03,Yarkon,hign noise,road,50,22050,300,2
drone_000318.pt,True,2026-01-03,Yarkon,hign noise,road,50,22050,300,2
drone_000319.pt,True,2026-01-03,Yarkon,hign noise,road,50,22050,300,2
drone_000320.pt,True,2026-01-03,Yarkon,hign noise,road,50,22050,300,2
drone_000321.pt,True,2026-01-03,Yarkon,hign noise,road,50,22050,300,2
drone_000322.pt,True,2026-01-03,Yarkon,hign noise,road,50,22050,300,2
drone_000323.pt,True,2026-01-03,Yarkon,hign noise,road,50,22050,300,2
drone_000324.pt,True,2026-01-03,Yarkon,hign noise,road,50,22050,300,2
drone_000325.pt,True,2026-01-03,Yarkon,hign noise,road,50,22050,300,2
drone_000326.pt,True,2026-01-03,Yarkon,hign noise,road,50,22050,300,2
drone_000327.pt,True,2026-01-03,Yarkon,hign noise,road,50,22050,300,2
drone_000328.pt,True,2026-01-03,Yarkon,hign noise,road,50,22050,300,2
drone_000329.pt,True,2026-01-03,Yarkon,hign noise,road,50,22050,300,2
drone_000330.pt,True,2026-01-03,Yarkon,hign noise,road,50,22050,300,2
drone_000331.pt,True,2026-01-03,Yarkon,hign noise,road,50,22050,300,2
drone_000332.pt,True,2026-01-03,Yarkon,hign noise,road,50,22050,300,2
drone_000333.pt,True,2026-01-03,Yarkon,hign noise,road,50,22050,300,2
drone_000334.pt,True,2026-01-03,Yarkon,hign noise,road,50,22050,300,2
drone_000335.pt,True,2026-01-03,Yarkon,hign noise,road,50,22050,300,2
drone_000336.pt,True,2026-01-03,Yarkon,hign noise,road,50,22050,300,2
ambience_000454.pt,False,2025-12-15,room,low noise,ambience,50,22050,300,1
ambience_000455.pt,False,2025-12-15,room,low noise,ambience,50,22050,300,1
ambience_000456.pt,False,2025-12-15,room,low noise,ambience,50,22050,300,1
ambience_000457.pt,False,2025-12-15,room,low noise,ambience,50,22050,300,1
ambience_000458.pt,False,2025-12-15,room,low noise,ambience,50,22050,300,1
ambience_000459.pt,False,2025-12-15,room,low noise,ambience,50,22050,300,1
ambience_000460.pt,False,2025-12-15,room,low noise,ambience,50,22050,300,1
ambience_000461.pt,False,2025-12-15,room,low noise,ambience,50,22050,300,1
ambience_000462.pt,False,2025-12-15,room,low noise,ambience,50,22050,300,1
ambience_000463.pt,False,2025-12-15,room,low noise,ambience,50,22050,300,1
ambience_000464.pt,False,2025-12-15,room,low noise,ambience,50,22050,300,1
ambience_000465.pt,False,2025-12-15,room,low noise,ambience,50,22050,300,1
ambience_000466.pt,False,2025-12-15,room,low noise,ambience,50,22050,300,1
ambience_000467.pt,False,2025-12-15,room,low noise,ambience,50,22050,300,1
ambience_000468.pt,False,2025-12-15,room,low noise,ambience,50,22050,300,1
ambience_000469.pt,False,2025-12-15,room,low noise,ambience,50,22050,300,1
ambience_000470.pt,False,2025-12-15,room,low noise,ambience,50,22050,300,1
ambience_000471.pt,False,2025-12-15,room,low noise,ambience,50,22050,300,1
ambience_000472.pt,False,2025-12-15,room,low noise,ambience,50,22050,300,1
ambience_000473.pt,False,2025-12-15,room,low noise,ambience,50,22050,300,1
ambience_000474.pt,False,2025-12-15,room,low noise,ambience,50,22050,300,1
ambience_000475.pt,False,2025-12-15,room,low noise,ambience,50,22050,300,1
ambience_000476.pt,False,2025-12-15,room,low noise,ambience,50,22050,300,1
ambience_000477.pt,False,2025-12-15,room,low noise,ambience,50,22050,300,1
ambience_000478.pt,False,2025-12-15,room,low noise,ambience,50,22050,300,1
ambience_000479.pt,False,2025-12-15,room,low noise,ambience,50,22050,300,1
ambience_000480.pt,False,2025-12-15,room,low noise,ambience,50,22050,300,1
ambience_000481.pt,False,2025-12-15,room,low noise,ambience,50,22050,300,1
ambience_000482.pt,False,2025-12-15,room,low noise,ambience,50,22050,300,1
ambience_000483.pt,False,2025-12-15,room,low noise,ambience,50,22050,300,1
ambience_000484.pt,False,2025-12-15,room,low noise,ambience,50,22050,300,1
ambience_000485.pt,False,2025-12-15,room,low noise,ambience,50,22050,300,1
ambience_000486.pt,False,2025-12-15,room,low noise,ambience,50,22050,300,1
ambience_000487.pt,False,2025-12-15,room,low noise,ambience,50,22050,300,1
ambience_000488.pt,False,2025-12-15,room,low noise,ambience,50,22050,300,1
ambience_000489.pt,False,2025-12-15,room,low noise,ambience,50,22050,300,1
ambience_000490.pt,False,2025-12-15,room,low noise,ambience,50,22050,300,1
ambience_000491.pt,False,2025-12-15,room,low noise,ambience,50,22050,300,1
ambience_000492.pt,False,2025-12-15,room,low noise,ambience,50,22050,300,1
ambience_000493.pt,False,2025-12-15,room,low noise,ambience,50,22050,300,1
ambience_000494.pt,False,2025-12-15,room,low noise,ambience,50,22050,300,1
ambience_000495.pt,False,2025-12-15,room,low noise,ambience,50,22050,300,1
ambience_000496.pt,False,2025-12-15,room,low noise,ambience,50,22050,300,1
ambience_000497.pt,False,2025-12-15,room,low noise,ambience,50,22050,300,1
ambience_000498.pt,False,2025-12-15,room,low noise,ambience,50,22050,300,1
ambience_000499.pt,False,2025-12-15,room,low noise,ambience,50,22050,300,1
ambience_000500.pt,False,2025-12-15,room,low noise,ambience,50,22050,300,1
ambience_000501.pt,False,2025-12-15,room,low noise,ambience,50,22050,300,1
ambience_000502.pt,False,2025-12-15,room,low noise,ambience,50,22050,300,1
ambience_000503.pt,False,2025-12-15,room,low noise,ambience,50,22050,300,1
ambience_000504.pt,False,2025-12-15,room,low noise,ambience,50,22050,300,1
ambience_000505.pt,False,2025-12-15,room,low noise,ambience,50,22050,300,1
ambience_000506.pt,False,2025-12-15,room,low noise,ambience,50,22050,300,1
ambience_000507.pt,False,2025-12-15,room,low noise,ambience,50,22050,300,1
ambience_000508.pt,False,2025-12-15,room,low noise,ambience,50,22050,300,1
ambience_000509.pt,False,2025-12-15,room,low noise,ambience,50,22050,300,1
ambience_000510.pt,False,2025-12-15,room,low noise,ambience,50,22050,300,1
ambience_000511.pt,False,2025-12-15,room,low noise,ambience,50,22050,300,1
ambience_000512.pt,False,2025-12-15,room,low noise,ambience,50,22050,300,1
ambience_000513.pt,False,2025-12-15,room,low noise,ambience,50,22050,300,1
ambience_000514.pt,False,2025-12-15,room,low noise,ambience,50,22050,300,1
ambience_000515.pt,False,2025-12-15,room,low noise,ambience,50,22050,300,1
ambience_000516.pt,False,2025-12-15,room,low noise,ambience,50,22050,300,1
ambience_000517.pt,False,2025-12-15,room,low noise,ambience,50,22050,300,1
ambience_000518.pt,False,2025-12-15,room,low noise,ambience,50,22050,300,1
ambience_000519.pt,False,2025-12-15,room,low noise,ambience,50,22050,300,1
ambience_000520.pt,False,2025-12-15,room,low noise,ambience,50,22050,300,1
ambience_000521.pt,False,2025-12-15,room,low noise,ambience,50,22050,300,1
ambience_000522.pt,False,2025-12-15,room,low noise,ambience,50,22050,300,1
ambience_000523.pt,False,2025-12-15,room,low noise,ambience,50,22050,300,1
ambience_000524.pt,False,2025-12-15,room,low noise,ambience,50,22050,300,1
ambience_000525.pt,False,2025-12-15,room,low noise,ambience,50,22050,300,1
ambience_000526.pt,False,2025-12-15,room,low noise,ambience,50,22050,300,1
ambience_000527.pt,False,2025-12-15,room,low noise,ambience,50,22050,300,1
ambience_000528.pt,False,2025-12-15,room,low noise,ambience,50,22050,300,1
drone_000337.pt,True,2026-01-05,Yarkon rosh zipor,low noise,ambience,50,22050,300,1
drone_000338.pt,True,2026-01-05,Yarkon rosh zipor,low noise,ambience,50,22050,300,1
drone_000339.pt,True,2026-01-05,Yarkon rosh zipor,low noise,ambience,50,22050,300,1
drone_000340.pt,True,2026-01-05,Yarkon rosh zipor,low noise,ambience,50,22050,300,1
drone_000341.pt,True,2026-01-05,Yarkon rosh zipor,low noise,ambience,50,22050,300,1
drone_000342.pt,True,2026-01-05,Yarkon rosh zipor,low noise,ambience,50,22050,300,1
drone_000343.pt,True,2026-01-05,Yarkon rosh zipor,low noise,ambience,50,22050,300,1
drone_000344.pt,True,2026-01-05,Yarkon rosh zipor,low noise,ambience,50,22050,300,1
drone_000345.pt,True,2026-01-05,Yarkon rosh zipor,low noise,ambience,50,22050,300,1
drone_000346.pt,True,2026-01-05,Yarkon rosh zipor,low noise,ambience,50,22050,300,1
drone_000347.pt,True,2026-01-05,Yarkon rosh zipor,low noise,ambience,50,22050,300,1
drone_000348.pt,True,2026-01-05,Yarkon rosh zipor,low noise,ambience,50,22050,300,1
drone_000349.pt,True,2026-01-05,Yarkon rosh zipor,low noise,ambience,50,22050,300,1
drone_000350.pt,True,2026-01-05,Yarkon rosh zipor,low noise,ambience,50,22050,300,1
drone_000351.pt,True,2026-01-05,Yarkon rosh zipor,low noise,ambience,50,22050,300,1
drone_000352.pt,True,2026-01-05,Yarkon rosh zipor,low noise,ambience,50,22050,300,1
drone_000353.pt,True,2026-01-05,Yarkon rosh zipor,low noise,ambience,50,22050,300,1
drone_000354.pt,True,2026-01-05,Yarkon rosh zipor,low noise,ambience,50,22050,300,1
drone_000355.pt,True,2026-01-05,Yarkon rosh zipor,low noise,ambience,50,22050,300,1
drone_000356.pt,True,2026-01-05,Yarkon rosh zipor,low noise,ambience,50,22050,300,1
drone_000357.pt,True,2026-01-05,Yarkon rosh zipor,low noise,ambience,50,22050,300,1
drone_000358.pt,True,2026-01-05,Yarkon rosh zipor,low noise,ambience,50,22050,300,1
drone_000359.pt,True,2026-01-05,Yarkon rosh zipor,low noise,ambience,50,22050,300,1
drone_000360.pt,True,2026-01-05,Yarkon rosh zipor,low noise,ambience,50,22050,300,1
drone_000361.pt,True,2026-01-05,Yarkon rosh zipor,low noise,ambience,50,22050,300,1
drone_000362.pt,True,2026-01-05,Yarkon rosh zipor,low noise,ambience,50,22050,300,1
drone_000363.pt,True,2026-01-05,Yarkon rosh zipor,low noise,ambience,50,22050,300,1
drone_000364.pt,True,2026-01-05,Yarkon rosh zipor,low noise,ambience,50,22050,300,1
drone_000365.pt,True,2026-01-05,Yarkon rosh zipor,low noise,ambience,50,22050,300,1
drone_000366.pt,True,2026-01-05,Yarkon rosh zipor,low noise,ambience,50,22050,300,1
drone_000367.pt,True,2026-01-05,Yarkon rosh zipor,low noise,ambience,50,22050,300,1
drone_000368.pt,True,2026-01-05,Yarkon rosh zipor,low noise,ambience,50,22050,300,1
drone_000369.pt,True,2026-01-05,Yarkon rosh zipor,low noise,ambience,50,22050,300,1
drone_000370.pt,True,2026-01-05,Yarkon rosh zipor,low noise,ambience,50,22050,300,1
drone_000371.pt,True,2026-01-05,Yarkon rosh zipor,low noise,ambience,50,22050,300,1
drone_000372.pt,True,2026-01-05,Yarkon rosh zipor,low noise,ambience,50,22050,300,1
drone_000373.pt,True,2026-01-05,Yarkon rosh zipor,low noise,ambience,50,22050,300,1
drone_000374.pt,True,2026-01-05,Yarkon rosh zipor,low noise,ambience,50,22050,300,1
drone_000375.pt,True,2026-01-05,Yarkon rosh zipor,low noise,ambience,50,22050,300,1
drone_000376.pt,True,2026-01-05,Yarkon rosh zipor,low noise,ambience,50,22050,300,1
drone_000377.pt,True,2026-01-05,Yarkon rosh zipor,low noise,ambience,50,22050,300,1
drone_000378.pt,True,2026-01-05,Yarkon rosh zipor,low noise,ambience,50,22050,300,1
drone_000379.pt,True,2026-01-05,Yarkon rosh zipor,low noise,ambience,50,22050,300,1
drone_000380.pt,True,2026-01-05,Yarkon rosh zipor,low noise,ambience,50,22050,300,1
drone_000381.pt,True,2026-01-05,Yarkon rosh zipor,low noise,ambience,50,22050,300,1
drone_000382.pt,True,2026-01-05,Yarkon rosh zipor,low noise,ambience,50,22050,300,1
drone_000383.pt,True,2026-01-05,Yarkon rosh zipor,low noise,ambience,50,22050,300,1
drone_000384.pt,True,2026-01-05,Yarkon rosh zipor,low noise,ambience,50,22050,300,1
drone_000385.pt,True,2026-01-05,Yarkon rosh zipor,low noise,ambience,50,22050,300,1
drone_000386.pt,True,2026-01-05,Yarkon rosh zipor,low noise,ambience,50,22050,300,1
drone_000387.pt,True,2026-01-05,Yarkon rosh zipor,low noise,ambience,50,22050,300,1
drone_000388.pt,True,2026-01-05,Yarkon rosh zipor,low noise,ambience,50,22050,300,1
drone_000389.pt,True,2026-01-05,Yarkon rosh zipor,low noise,ambience,50,22050,300,1
drone_000390.pt,True,2026-01-05,Yarkon rosh zipor,low noise,ambience,50,22050,300,1
drone_000391.pt,True,2026-01-05,Yarkon rosh zipor,low noise,ambience,50,22050,300,1
drone_000392.pt,True,2026-01-05,Yarkon rosh zipor,low noise,ambience,50,22050,300,1
drone_000393.pt,True,2026-01-05,Yarkon rosh zipor,low noise,ambience,50,22050,300,1
drone_000394.pt,True,2026-01-05,Yarkon rosh zipor,low noise,ambience,50,22050,300,1
drone_000395.pt,True,2026-01-05,Yarkon rosh zipor,low noise,ambience,50,22050,300,1
drone_000396.pt,True,2026-01-05,Yarkon rosh zipor,low noise,ambience,50,22050,300,1
drone_000397.pt,True,2026-01-05,Yarkon rosh zipor,low noise,ambience,50,22050,300,1
drone_000398.pt,True,2026-01-05,Yarkon rosh zipor,low noise,ambience,50,22050,300,1
drone_000399.pt,True,2026-01-05,Yarkon rosh zipor,low noise,ambience,50,22050,300,1
drone_000400.pt,True,2026-01-05,Yarkon rosh zipor,low noise,ambience,50,22050,300,1
drone_000401.pt,True,2026-01-05,Yarkon rosh zipor,low noise,ambience,50,22050,300,1
drone_000402.pt,True,2026-01-05,Yarkon rosh zipor,low noise,ambience,50,22050,300,1
drone_000403.pt,True,2026-01-05,Yarkon rosh zipor,low noise,ambience,50,22050,300,1
drone_000404.pt,True,2026-01-05,Yarkon rosh zipor,low noise,ambience,50,22050,300,1
drone_000405.pt,True,2026-01-05,Yarkon rosh zipor,low noise,ambience,50,22050,300,1
drone_000406.pt,True,2026-01-05,Yarkon rosh zipor,low noise,ambience,50,22050,300,1
drone_000407.pt,True,2026-01-05,Yarkon rosh zipor,low noise,ambience,50,22050,300,1
drone_000408.pt,True,2026-01-05,Yarkon rosh zipor,low noise,ambience,50,22050,300,1
drone_000409.pt,True,2026-01-05,Yarkon rosh zipor,low noise,ambience,50,22050,300,1
drone_000410.pt,True,2026-01-05,Yarkon rosh zipor,low noise,ambience,50,22050,300,1
drone_000411.pt,True,2026-01-05,Yarkon rosh zipor,low noise,ambience,50,22050,300,1
drone_000412.pt,True,2026-01-05,Yarkon rosh zipor,low noise,ambience,50,22050,300,1
drone_000413.pt,True,2026-01-05,Yarkon rosh zipor,high noise,"helicopter, plane",50,22050,210,1
drone_000414.pt,True,2026-01-05,Yarkon rosh zipor,high noise,"helicopter, plane",50,22050,210,1
drone_000415.pt,True,2026-01-05,Yarkon rosh zipor,high noise,"helicopter, plane",50,22050,210,1
drone_000416.pt,True,2026-01-05,Yarkon rosh zipor,high noise,"helicopter, plane",50,22050,210,1
drone_000417.pt,True,2026-01-05,Yarkon rosh zipor,high noise,"helicopter, plane",50,22050,210,1
drone_000418.pt,True,2026-01-05,Yarkon rosh zipor,high noise,"helicopter, plane",50,22050,210,1
drone_000419.pt,True,2026-01-05,Yarkon rosh zipor,high noise,"helicopter, plane",50,22050,210,1
drone_000420.pt,True,2026-01-05,Yarkon rosh zipor,high noise,"helicopter, plane",50,22050,210,1
drone_000421.pt,True,2026-01-05,Yarkon rosh zipor,high noise,"helicopter, plane",50,22050,210,1
drone_000422.pt,True,2026-01-05,Yarkon rosh zipor,high noise,"helicopter, plane",50,22050,210,1
drone_000423.pt,True,2026-01-05,Yarkon rosh zipor,high noise,"helicopter, plane",50,22050,210,1
drone_000424.pt,True,2026-01-05,Yarkon rosh zipor,high noise,"helicopter, plane",50,22050,210,1
drone_000425.pt,True,2026-01-05,Yarkon rosh zipor,high noise,"helicopter, plane",50,22050,210,1
drone_000426.pt,True,2026-01-05,Yarkon rosh zipor,high noise,"helicopter, plane",50,22050,210,1
drone_000427.pt,True,2026-01-05,Yarkon rosh zipor,high noise,"helicopter, plane",50,22050,210,1
drone_000428.pt,True,2026-01-05,Yarkon rosh zipor,high noise,"helicopter, plane",50,22050,210,1
drone_000429.pt,True,2026-01-05,Yarkon rosh zipor,high noise,"helicopter, plane",50,22050,210,1
drone_000430.pt,True,2026-01-05,Yarkon rosh zipor,high noise,"helicopter, plane",50,22050,210,1
drone_000431.pt,True,2026-01-05,Yarkon rosh zipor,high noise,"helicopter, plane",50,22050,210,1
drone_000432.pt,True,2026-01-05,Yarkon rosh zipor,high noise,"helicopter, plane",50,22050,210,1
drone_000433.pt,True,2026-01-05,Yarkon rosh zipor,high noise,"helicopter, plane",50,22050,210,1
drone_000434.pt,True,2026-01-05,Yarkon rosh zipor,high noise,"helicopter, plane",50,22050,210,1
drone_000435.pt,True,2026-01-05,Yarkon rosh zipor,high noise,"helicopter, plane",50,22050,210,1
drone_000436.pt,True,2026-01-05,Yarkon rosh zipor,high noise,"helicopter, plane",50,22050,210,1
drone_000437.pt,True,2026-01-05,Yarkon rosh zipor,high noise,"helicopter, plane",50,22050,210,1
drone_000438.pt,True,2026-01-05,Yarkon rosh zipor,high noise,"helicopter, plane",50,22050,210,1
drone_000439.pt,True,2026-01-05,Yarkon rosh zipor,high noise,"helicopter, plane",50,22050,210,1
drone_000440.pt,True,2026-01-05,Yarkon rosh zipor,high noise,"helicopter, plane",50,22050,210,1
drone_000441.pt,True,2026-01-05,Yarkon rosh zipor,high noise,"helicopter, plane",50,22050,210,1
drone_000442.pt,True,2026-01-05,Yarkon rosh zipor,high noise,"helicopter, plane",50,22050,210,1
drone_000443.pt,True,2026-01-05,Yarkon rosh zipor,high noise,"helicopter, plane",50,22050,210,1
drone_000444.pt,True,2026-01-05,Yarkon rosh zipor,high noise,"helicopter, plane",50,22050,210,1
drone_000445.pt,True,2026-01-05,Yarkon rosh zipor,high noise,"helicopter, plane",50,22050,210,1
drone_000446.pt,True,2026-01-05,Yarkon rosh zipor,high noise,"helicopter, plane",50,22050,210,1
drone_000447.pt,True,2026-01-05,Yarkon rosh zipor,high noise,"helicopter, plane",50,22050,210,1
drone_000448.pt,True,2026-01-05,Yarkon rosh zipor,high noise,"helicopter, plane",50,22050,210,1
drone_000449.pt,True,2026-01-05,Yarkon rosh zipor,high noise,"helicopter, plane",50,22050,210,1
drone_000450.pt,True,2026-01-05,Yarkon rosh zipor,high noise,"helicopter, plane",50,22050,210,1
drone_000451.pt,True,2026-01-05,Yarkon rosh zipor,high noise,"helicopter, plane",50,22050,210,1
drone_000452.pt,True,2026-01-05,Yarkon rosh zipor,high noise,"helicopter, plane",50,22050,210,1
drone_000453.pt,True,2026-01-05,Yarkon rosh zipor,high noise,"helicopter, plane",50,22050,210,1
drone_000454.pt,True,2026-01-05,Yarkon rosh zipor,high noise,"helicopter, plane",50,22050,210,1
drone_000455.pt,True,2026-01-05,Yarkon rosh zipor,high noise,"helicopter, plane",50,22050,210,1
drone_000456.pt,True,2026-01-05,Yarkon rosh zipor,high noise,"helicopter, plane",50,22050,210,1
drone_000457.pt,True,2026-01-05,Yarkon rosh zipor,high noise,"helicopter, plane",50,22050,210,1
drone_000458.pt,True,2026-01-05,Yarkon rosh zipor,high noise,"helicopter, plane",50,22050,210,1
drone_000459.pt,True,2026-01-05,Yarkon rosh zipor,high noise,"helicopter, plane",50,22050,210,1
drone_000460.pt,True,2026-01-05,Yarkon rosh zipor,high noise,"helicopter, plane",50,22050,210,1
drone_000461.pt,True,2026-01-05,Yarkon rosh zipor,high noise,"helicopter, plane",50,22050,210,1
drone_000462.pt,True,2026-01-05,Yarkon rosh zipor,high noise,"helicopter, plane",50,22050,210,1
drone_000463.pt,True,2026-01-05,Yarkon rosh zipor,high noise,"helicopter, plane",50,22050,210,1
ambience_000529.pt,False,2025-12-15,room,low noise,"rain, wind, urban, airplane",50,22050,1200,1
ambience_000530.pt,False,2025-12-15,room,low noise,"rain, wind, urban, airplane",50,22050,1200,1
ambience_000531.pt,False,2025-12-15,room,low noise,"rain, wind, urban, airplane",50,22050,1200,1
ambience_000532.pt,False,2025-12-15,room,low noise,"rain, wind, urban, airplane",50,22050,1200,1
ambience_000533.pt,False,2025-12-15,room,low noise,"rain, wind, urban, airplane",50,22050,1200,1
ambience_000534.pt,False,2025-12-15,room,low noise,"rain, wind, urban, airplane",50,22050,1200,1
ambience_000535.pt,False,2025-12-15,room,low noise,"rain, wind, urban, airplane",50,22050,1200,1
ambience_000536.pt,False,2025-12-15,room,low noise,"rain, wind, urban, airplane",50,22050,1200,1
ambience_000537.pt,False,2025-12-15,room,low noise,"rain, wind, urban, airplane",50,22050,1200,1
ambience_000538.pt,False,2025-12-15,room,low noise,"rain, wind, urban, airplane",50,22050,1200,1
ambience_000539.pt,False,2025-12-15,room,low noise,"rain, wind, urban, airplane",50,22050,1200,1
ambience_000540.pt,False,2025-12-15,room,low noise,"rain, wind, urban, airplane",50,22050,1200,1
ambience_000541.pt,False,2025-12-15,room,low noise,"rain, wind, urban, airplane",50,22050,1200,1
ambience_000542.pt,False,2025-12-15,room,low noise,"rain, wind, urban, airplane",50,22050,1200,1
ambience_000543.pt,False,2025-12-15,room,low noise,"rain, wind, urban, airplane",50,22050,1200,1
ambience_000544.pt,False,2025-12-15,room,low noise,"rain, wind, urban, airplane",50,22050,1200,1
ambience_000545.pt,False,2025-12-15,room,low noise,"rain, wind, urban, airplane",50,22050,1200,1
ambience_000546.pt,False,2025-12-15,room,low noise,"rain, wind, urban, airplane",50,22050,1200,1
ambience_000547.pt,False,2025-12-15,room,low noise,"rain, wind, urban, airplane",50,22050,1200,1
ambience_000548.pt,False,2025-12-15,room,low noise,"rain, wind, urban, airplane",50,22050,1200,1
ambience_000549.pt,False,2025-12-15,room,low noise,"rain, wind, urban, airplane",50,22050,1200,1
ambience_000550.pt,False,2025-12-15,room,low noise,"rain, wind, urban, airplane",50,22050,1200,1
ambience_000551.pt,False,2025-12-15,room,low noise,"rain, wind, urban, airplane",50,22050,1200,1
ambience_000552.pt,False,2025-12-15,room,low noise,"rain, wind, urban, airplane",50,22050,1200,1
ambience_000553.pt,False,2025-12-15,room,low noise,"rain, wind, urban, airplane",50,22050,1200,1
ambience_000554.pt,False,2025-12-15,room,low noise,"rain, wind, urban, airplane",50,22050,1200,1
ambience_000555.pt,False,2025-12-15,room,low noise,"rain, wind, urban, airplane",50,22050,1200,1
ambience_000556.pt,False,2025-12-15,room,low noise,"rain, wind, urban, airplane",50,22050,1200,1
ambience_000557.pt,False,2025-12-15,room,low noise,"rain, wind, urban, airplane",50,22050,1200,1
ambience_000558.pt,False,2025-12-15,room,low noise,"rain, wind, urban, airplane",50,22050,1200,1
ambience_000559.pt,False,2025-12-15,room,low noise,"rain, wind, urban, airplane",50,22050,1200,1
ambience_000560.pt,False,2025-12-15,room,low noise,"rain, wind, urban, airplane",50,22050,1200,1
ambience_000561.pt,False,2025-12-15,room,low noise,"rain, wind, urban, airplane",50,22050,1200,1
ambience_000562.pt,False,2025-12-15,room,low noise,"rain, wind, urban, airplane",50,22050,1200,1
ambience_000563.pt,False,2025-12-15,room,low noise,"rain, wind, urban, airplane",50,22050,1200,1
ambience_000564.pt,False,2025-12-15,room,low noise,"rain, wind, urban, airplane",50,22050,1200,1
ambience_000565.pt,False,2025-12-15,room,low noise,"rain, wind, urban, airplane",50,22050,1200,1
ambience_000566.pt,False,2025-12-15,room,low noise,"rain, wind, urban, airplane",50,22050,1200,1
ambience_000567.pt,False,2025-12-15,room,low noise,"rain, wind, urban, airplane",50,22050,1200,1
ambience_000568.pt,False,2025-12-15,room,low noise,"rain, wind, urban, airplane",50,22050,1200,1
ambience_000569.pt,False,2025-12-15,room,low noise,"rain, wind, urban, airplane",50,22050,1200,1
ambience_000570.pt,False,2025-12-15,room,low noise,"rain, wind, urban, airplane",50,22050,1200,1
ambience_000571.pt,False,2025-12-15,room,low noise,"rain, wind, urban, airplane",50,22050,1200,1
ambience_000572.pt,False,2025-12-15,room,low noise,"rain, wind, urban, airplane",50,22050,1200,1
ambience_000573.pt,False,2025-12-15,room,low noise,"rain, wind, urban, airplane",50,22050,1200,1
ambience_000574.pt,False,2025-12-15,room,low noise,"rain, wind, urban, airplane",50,22050,1200,1
ambience_000575.pt,False,2025-12-15,room,low noise,"rain, wind, urban, airplane",50,22050,1200,1
ambience_000576.pt,False,2025-12-15,room,low noise,"rain, wind, urban, airplane",50,22050,1200,1
ambience_000577.pt,False,2025-12-15,room,low noise,"rain, wind, urban, airplane",50,22050,1200,1
ambience_000578.pt,False,2025-12-15,room,low noise,"rain, wind, urban, airplane",50,22050,1200,1
ambience_000579.pt,False,2025-12-15,room,low noise,"rain, wind, urban, airplane",50,22050,1200,1
ambience_000580.pt,False,2025-12-15,room,low noise,"rain, wind, urban, airplane",50,22050,1200,1
ambience_000581.pt,False,2025-12-15,room,low noise,"rain, wind, urban, airplane",50,22050,1200,1
ambience_000582.pt,False,2025-12-15,room,low noise,"rain, wind, urban, airplane",50,22050,1200,1
ambience_000583.pt,False,2025-12-15,room,low noise,"rain, wind, urban, airplane",50,22050,1200,1
ambience_000584.pt,False,2025-12-15,room,low noise,"rain, wind, urban, airplane",50,22050,1200,1
ambience_000585.pt,False,2025-12-15,room,low noise,"rain, wind, urban, airplane",50,22050,1200,1
ambience_000586.pt,False,2025-12-15,room,low noise,"rain, wind, urban, airplane",50,22050,1200,1
ambience_000587.pt,False,2025-12-15,room,low noise,"rain, wind, urban, airplane",50,22050,1200,1
ambience_000588.pt,False,2025-12-15,room,low noise,"rain, wind, urban, airplane",50,22050,1200,1
ambience_000589.pt,False,2025-12-15,room,low noise,"rain, wind, urban, airplane",50,22050,1200,1
ambience_000590.pt,False,2025-12-15,room,low noise,"rain, wind, urban, airplane",50,22050,1200,1
ambience_000591.pt,False,2025-12-15,room,low noise,"rain, wind, urban, airplane",50,22050,1200,1
ambience_000592.pt,False,2025-12-15,room,low noise,"rain, wind, urban, airplane",50,22050,1200,1
ambience_000593.pt,False,2025-12-15,room,low noise,"rain, wind, urban, airplane",50,22050,1200,1
ambience_000594.pt,False,2025-12-15,room,low noise,"rain, wind, urban, airplane",50,22050,1200,1
ambience_000595.pt,False,2025-12-15,room,low noise,"rain, wind, urban, airplane",50,22050,1200,1
ambience_000596.pt,False,2025-12-15,room,low noise,"rain, wind, urban, airplane",50,22050,1200,1
ambience_000597.pt,False,2025-12-15,room,low noise,"rain, wind, urban, airplane",50,22050,1200,1
ambience_000598.pt,False,2025-12-15,room,low noise,"rain, wind, urban, airplane",50,22050,1200,1
ambience_000599.pt,False,2025-12-15,room,low noise,"rain, wind, urban, airplane",50,22050,1200,1
ambience_000600.pt,False,2025-12-15,room,low noise,"rain, wind, urban, airplane",50,22050,1200,1
ambience_000601.pt,False,2025-12-15,room,low noise,"rain, wind, urban, airplane",50,22050,1200,1
ambience_000602.pt,False,2025-12-15,room,low noise,"rain, wind, urban, airplane",50,22050,1200,1
ambience_000603.pt,False,2025-12-15,room,low noise,"rain, wind, urban, airplane",50,22050,1200,1
ambience_000604.pt,False,2025-12-15,room,low noise,"rain, wind, urban, airplane",50,22050,1200,1
ambience_000605.pt,False,2025-12-15,room,low noise,"rain, wind, urban, airplane",50,22050,1200,1
ambience_000606.pt,False,2025-12-15,room,low noise,"rain, wind, urban, airplane",50,22050,1200,1
ambience_000607.pt,False,2025-12-15,room,low noise,"rain, wind, urban, airplane",50,22050,1200,1
ambience_000608.pt,False,2025-12-15,room,low noise,"rain, wind, urban, airplane",50,22050,1200,1
ambience_000609.pt,False,2025-12-15,room,low noise,"rain, wind, urban, airplane",50,22050,1200,1
ambience_000610.pt,False,2025-12-15,room,low noise,"rain, wind, urban, airplane",50,22050,1200,1
ambience_000611.pt,False,2025-12-15,room,low noise,"rain, wind, urban, airplane",50,22050,1200,1
ambience_000612.pt,False,2025-12-15,room,low noise,"rain, wind, urban, airplane",50,22050,1200,1
ambience_000613.pt,False,2025-12-15,room,low noise,"rain, wind, urban, airplane",50,22050,1200,1
ambience_000614.pt,False,2025-12-15,room,low noise,"rain, wind, urban, airplane",50,22050,1200,1
ambience_000615.pt,False,2025-12-15,room,low noise,"rain, wind, urban, airplane",50,22050,1200,1
ambience_000616.pt,False,2025-12-15,room,low noise,"rain, wind, urban, airplane",50,22050,1200,1
ambience_000617.pt,False,2025-12-15,room,low noise,"rain, wind, urban, airplane",50,22050,1200,1
ambience_000618.pt,False,2025-12-15,room,low noise,"rain, wind, urban, airplane",50,22050,1200,1
ambience_000619.pt,False,2025-12-15,room,low noise,"rain, wind, urban, airplane",50,22050,1200,1
ambience_000620.pt,False,2025-12-15,room,low noise,"rain, wind, urban, airplane",50,22050,1200,1
ambience_000621.pt,False,2025-12-15,room,low noise,"rain, wind, urban, airplane",50,22050,1200,1
ambience_000622.pt,False,2025-12-15,room,low noise,"rain, wind, urban, airplane",50,22050,1200,1
ambience_000623.pt,False,2025-12-15,room,low noise,"rain, wind, urban, airplane",50,22050,1200,1
ambience_000624.pt,False,2025-12-15,room,low noise,"rain, wind, urban, airplane",50,22050,1200,1
ambience_000625.pt,False,2025-12-15,room,low noise,"rain, wind, urban, airplane",50,22050,1200,1
ambience_000626.pt,False,2025-12-15,room,low noise,"rain, wind, urban, airplane",50,22050,1200,1
ambience_000627.pt,False,2025-12-15,room,low noise,"rain, wind, urban, airplane",50,22050,1200,1
ambience_000628.pt,False,2025-12-15,room,low noise,"rain, wind, urban, airplane",50,22050,1200,1
ambience_000629.pt,False,2025-12-15,room,low noise,"rain, wind, urban, airplane",50,22050,1200,1
ambience_000630.pt,False,2025-12-15,room,low noise,"rain, wind, urban, airplane",50,22050,1200,1
ambience_000631.pt,False,2025-12-15,room,low noise,"rain, wind, urban, airplane",50,22050,1200,1
ambience_000632.pt,False,2025-12-15,room,low noise,"rain, wind, urban, airplane",50,22050,1200,1
ambience_000633.pt,False,2025-12-15,room,low noise,"rain, wind, urban, airplane",50,22050,1200,1
ambience_000634.pt,False,2025-12-15,room,low noise,"rain, wind, urban, airplane",50,22050,1200,1
ambience_000635.pt,False,2025-12-15,room,low noise,"rain, wind, urban, airplane",50,22050,1200,1
ambience_000636.pt,False,2025-12-15,room,low noise,"rain, wind, urban, airplane",50,22050,1200,1
ambience_000637.pt,False,2025-12-15,room,low noise,"rain, wind, urban, airplane",50,22050,1200,1
ambience_000638.pt,False,2025-12-15,room,low noise,"rain, wind, urban, airplane",50,22050,1200,1
ambience_000639.pt,False,2025-12-15,room,low noise,"rain, wind, urban, airplane",50,22050,1200,1
ambience_000640.pt,False,2025-12-15,room,low noise,"rain, wind, urban, airplane",50,22050,1200,1
ambience_000641.pt,False,2025-12-15,room,low noise,"rain, wind, urban, airplane",50,22050,1200,1
ambience_000642.pt,False,2025-12-15,room,low noise,"rain, wind, urban, airplane",50,22050,1200,1
ambience_000643.pt,False,2025-12-15,room,low noise,"rain, wind, urban, airplane",50,22050,1200,1
ambience_000644.pt,False,2025-12-15,room,low noise,"rain, wind, urban, airplane",50,22050,1200,1
ambience_000645.pt,False,2025-12-15,room,low noise,"rain, wind, urban, airplane",50,22050,1200,1
ambience_000646.pt,False,2025-12-15,room,low noise,"rain, wind, urban, airplane",50,22050,1200,1
ambience_000647.pt,False,2025-12-15,room,low noise,"rain, wind, urban, airplane",50,22050,1200,1
ambience_000648.pt,False,2025-12-15,room,low noise,"rain, wind, urban, airplane",50,22050,1200,1
ambience_000649.pt,False,2025-12-15,room,low noise,"rain, wind, urban, airplane",50,22050,1200,1
ambience_000650.pt,False,2025-12-15,room,low noise,"rain, wind, urban, airplane",50,22050,1200,1
ambience_000651.pt,False,2025-12-15,room,low noise,"rain, wind, urban, airplane",50,22050,1200,1
ambience_000652.pt,False,2025-12-15,room,low noise,"rain, wind, urban, airplane",50,22050,1200,1
ambience_000653.pt,False,2025-12-15,room,low noise,"rain, wind, urban, airplane",50,22050,1200,1
ambience_000654.pt,False,2025-12-15,room,low noise,"rain, wind, urban, airplane",50,22050,1200,1
ambience_000655.pt,False,2025-12-15,room,low noise,"rain, wind, urban, airplane",50,22050,1200,1
ambience_000656.pt,False,2025-12-15,room,low noise,"rain, wind, urban, airplane",50,22050,1200,1
ambience_000657.pt,False,2025-12-15,room,low noise,"rain, wind, urban, airplane",50,22050,1200,1
ambience_000658.pt,False,2025-12-15,room,low noise,"rain, wind, urban, airplane",50,22050,1200,1
ambience_000659.pt,False,2025-12-15,room,low noise,"rain, wind, urban, airplane",50,22050,1200,1
ambience_000660.pt,False,2025-12-15,room,low noise,"rain, wind, urban, airplane",50,22050,1200,1
ambience_000661.pt,False,2025-12-15,room,low noise,"rain, wind, urban, airplane",50,22050,1200,1
ambience_000662.pt,False,2025-12-15,room,low noise,"rain, wind, urban, airplane",50,22050,1200,1
ambience_000663.pt,False,2025-12-15,room,low noise,"rain, wind, urban, airplane",50,22050,1200,1
ambience_000664.pt,False,2025-12-15,room,low noise,"rain, wind, urban, airplane",50,22050,1200,1
ambience_000665.pt,False,2025-12-15,room,low noise,"rain, wind, urban, airplane",50,22050,1200,1
ambience_000666.pt,False,2025-12-15,room,low noise,"rain, wind, urban, airplane",50,22050,1200,1
ambience_000667.pt,False,2025-12-15,room,low noise,"rain, wind, urban, airplane",50,22050,1200,1
ambience_000668.pt,False,2025-12-15,room,low noise,"rain, wind, urban, airplane",50,22050,1200,1
ambience_000669.pt,False,2025-12-15,room,low noise,"rain, wind, urban, airplane",50,22050,1200,1
ambience_000670.pt,False,2025-12-15,room,low noise,"rain, wind, urban, airplane",50,22050,1200,1
ambience_000671.pt,False,2025-12-15,room,low noise,"rain, wind, urban, airplane",50,22050,1200,1
ambience_000672.pt,False,2025-12-15,room,low noise,"rain, wind, urban, airplane",50,22050,1200,1
ambience_000673.pt,False,2025-12-15,room,low noise,"rain, wind, urban, airplane",50,22050,1200,1
ambience_000674.pt,False,2025-12-15,room,low noise,"rain, wind, urban, airplane",50,22050,1200,1
ambience_000675.pt,False,2025-12-15,room,low noise,"rain, wind, urban, airplane",50,22050,1200,1
ambience_000676.pt,False,2025-12-15,room,low noise,"rain, wind, urban, airplane",50,22050,1200,1
ambience_000677.pt,False,2025-12-15,room,low noise,"rain, wind, urban, airplane",50,22050,1200,1
ambience_000678.pt,False,2025-12-15,room,low noise,"rain, wind, urban, airplane",50,22050,1200,1
ambience_000679.pt,False,2025-12-15,room,low noise,"rain, wind, urban, airplane",50,22050,1200,1
ambience_000680.pt,False,2025-12-15,room,low noise,"rain, wind, urban, airplane",50,22050,1200,1
ambience_000681.pt,False,2025-12-15,room,low noise,"rain, wind, urban, airplane",50,22050,1200,1
ambience_000682.pt,False,2025-12-15,room,low noise,"rain, wind, urban, airplane",50,22050,1200,1
ambience_000683.pt,False,2025-12-15,room,low noise,"rain, wind, urban, airplane",50,22050,1200,1
ambience_000684.pt,False,2025-12-15,room,low noise,"rain, wind, urban, airplane",50,22050,1200,1
ambience_000685.pt,False,2025-12-15,room,low noise,"rain, wind, urban, airplane",50,22050,1200,1
ambience_000686.pt,False,2025-12-15,room,low noise,"rain, wind, urban, airplane",50,22050,1200,1
ambience_000687.pt,False,2025-12-15,room,low noise,"rain, wind, urban, airplane",50,22050,1200,1
ambience_000688.pt,False,2025-12-15,room,low noise,"rain, wind, urban, airplane",50,22050,1200,1
ambience_000689.pt,False,2025-12-15,room,low noise,"rain, wind, urban, airplane",50,22050,1200,1
ambience_000690.pt,False,2025-12-15,room,low noise,"rain, wind, urban, airplane",50,22050,1200,1
ambience_000691.pt,False,2025-12-15,room,low noise,"rain, wind, urban, airplane",50,22050,1200,1
ambience_000692.pt,False,2025-12-15,room,low noise,"rain, wind, urban, airplane",50,22050,1200,1
ambience_000693.pt,False,2025-12-15,room,low noise,"rain, wind, urban, airplane",50,22050,1200,1
ambience_000694.pt,False,2025-12-15,room,low noise,"rain, wind, urban, airplane",50,22050,1200,1
ambience_000695.pt,False,2025-12-15,room,low noise,"rain, wind, urban, airplane",50,22050,1200,1
ambience_000696.pt,False,2025-12-15,room,low noise,"rain, wind, urban, airplane",50,22050,1200,1
ambience_000697.pt,False,2025-12-15,room,low noise,"rain, wind, urban, airplane",50,22050,1200,1
ambience_000698.pt,False,2025-12-15,room,low noise,"rain, wind, urban, airplane",50,22050,1200,1
ambience_000699.pt,False,2025-12-15,room,low noise,"rain, wind, urban, airplane",50,22050,1200,1
ambience_000700.pt,False,2025-12-15,room,low noise,"rain, wind, urban, airplane",50,22050,1200,1
ambience_000701.pt,False,2025-12-15,room,low noise,"rain, wind, urban, airplane",50,22050,1200,1
ambience_000702.pt,False,2025-12-15,room,low noise,"rain, wind, urban, airplane",50,22050,1200,1
ambience_000703.pt,False,2025-12-15,room,low noise,"rain, wind, urban, airplane",50,22050,1200,1
ambience_000704.pt,False,2025-12-15,room,low noise,"rain, wind, urban, airplane",50,22050,1200,1
ambience_000705.pt,False,2025-12-15,room,low noise,"rain, wind, urban, airplane",50,22050,1200,1
ambience_000706.pt,False,2025-12-15,room,low noise,"rain, wind, urban, airplane",50,22050,1200,1
ambience_000707.pt,False,2025-12-15,room,low noise,"rain, wind, urban, airplane",50,22050,1200,1
ambience_000708.pt,False,2025-12-15,room,low noise,"rain, wind, urban, airplane",50,22050,1200,1
ambience_000709.pt,False,2025-12-15,room,low noise,"rain, wind, urban, airplane",50,22050,1200,1
ambience_000710.pt,False,2025-12-15,room,low noise,"rain, wind, urban, airplane",50,22050,1200,1
ambience_000711.pt,False,2025-12-15,room,low noise,"rain, wind, urban, airplane",50,22050,1200,1
ambience_000712.pt,False,2025-12-15,room,low noise,"rain, wind, urban, airplane",50,22050,1200,1
ambience_000713.pt,False,2025-12-15,room,low noise,"rain, wind, urban, airplane",50,22050,1200,1
ambience_000714.pt,False,2025-12-15,room,low noise,"rain, wind, urban, airplane",50,22050,1200,1
ambience_000715.pt,False,2025-12-15,room,low noise,"rain, wind, urban, airplane",50,22050,1200,1
ambience_000716.pt,False,2025-12-15,room,low noise,"rain, wind, urban, airplane",50,22050,1200,1
ambience_000717.pt,False,2025-12-15,room,low noise,"rain, wind, urban, airplane",50,22050,1200,1
ambience_000718.pt,False,2025-12-15,room,low noise,"rain, wind, urban, airplane",50,22050,1200,1
ambience_000719.pt,False,2025-12-15,room,low noise,"rain, wind, urban, airplane",50,22050,1200,1
ambience_000720.pt,False,2025-12-15,room,low noise,"rain, wind, urban, airplane",50,22050,1200,1
ambience_000721.pt,False,2025-12-15,room,low noise,"rain, wind, urban, airplane",50,22050,1200,1
ambience_000722.pt,False,2025-12-15,room,low noise,"rain, wind, urban, airplane",50,22050,1200,1
ambience_000723.pt,False,2025-12-15,room,low noise,"rain, wind, urban, airplane",50,22050,1200,1
ambience_000724.pt,False,2025-12-15,room,low noise,"rain, wind, urban, airplane",50,22050,1200,1
ambience_000725.pt,False,2025-12-15,room,low noise,"rain, wind, urban, airplane",50,22050,1200,1
ambience_000726.pt,False,2025-12-15,room,low noise,"rain, wind, urban, airplane",50,22050,1200,1
ambience_000727.pt,False,2025-12-15,room,low noise,"rain, wind, urban, airplane",50,22050,1200,1
ambience_000728.pt,False,2025-12-15,room,low noise,"rain, wind, urban, airplane",50,22050,1200,1
ambience_000729.pt,False,2025-12-15,room,low noise,"rain, wind, urban, airplane",50,22050,1200,1
ambience_000730.pt,False,2025-12-15,room,low noise,"rain, wind, urban, airplane",50,22050,1200,1
ambience_000731.pt,False,2025-12-15,room,low noise,"rain, wind, urban, airplane",50,22050,1200,1
ambience_000732.pt,False,2025-12-15,room,low noise,"rain, wind, urban, airplane",50,22050,1200,1
ambience_000733.pt,False,2025-12-15,room,low noise,"rain, wind, urban, airplane",50,22050,1200,1
ambience_000734.pt,False,2025-12-15,room,low noise,"rain, wind, urban, airplane",50,22050,1200,1
ambience_000735.pt,False,2025-12-15,room,low noise,"rain, wind, urban, airplane",50,22050,1200,1
ambience_000736.pt,False,2025-12-15,room,low noise,"rain, wind, urban, airplane",50,22050,1200,1
ambience_000737.pt,False,2025-12-15,room,low noise,"rain, wind, urban, airplane",50,22050,1200,1
ambience_000738.pt,False,2025-12-15,room,low noise,"rain, wind, urban, airplane",50,22050,1200,1
ambience_000739.pt,False,2025-12-15,room,low noise,"rain, wind, urban, airplane",50,22050,1200,1
ambience_000740.pt,False,2025-12-15,room,low noise,"rain, wind, urban, airplane",50,22050,1200,1
ambience_000741.pt,False,2025-12-15,room,low noise,"rain, wind, urban, airplane",50,22050,1200,1
ambience_000742.pt,False,2025-12-15,room,low noise,"rain, wind, urban, airplane",50,22050,1200,1
ambience_000743.pt,False,2025-12-15,room,low noise,"rain, wind, urban, airplane",50,22050,1200,1
ambience_000744.pt,False,2025-12-15,room,low noise,"rain, wind, urban, airplane",50,22050,1200,1
ambience_000745.pt,False,2025-12-15,room,low noise,"rain, wind, urban, airplane",50,22050,1200,1
ambience_000746.pt,False,2025-12-15,room,low noise,"rain, wind, urban, airplane",50,22050,1200,1
ambience_000747.pt,False,2025-12-15,room,low noise,"rain, wind, urban, airplane",50,22050,1200,1
ambience_000748.pt,False,2025-12-15,room,low noise,"rain, wind, urban, airplane",50,22050,1200,1
ambience_000749.pt,False,2025-12-15,room,low noise,"rain, wind, urban, airplane",50,22050,1200,1
ambience_000750.pt,False,2025-12-15,room,low noise,"rain, wind, urban, airplane",50,22050,1200,1
ambience_000751.pt,False,2025-12-15,room,low noise,"rain, wind, urban, airplane",50,22050,1200,1
ambience_000752.pt,False,2025-12-15,room,low noise,"rain, wind, urban, airplane",50,22050,1200,1
ambience_000753.pt,False,2025-12-15,room,low noise,"rain, wind, urban, airplane",50,22050,1200,1
ambience_000754.pt,False,2025-12-15,room,low noise,"rain, wind, urban, airplane",50,22050,1200,1
ambience_000755.pt,False,2025-12-15,room,low noise,"rain, wind, urban, airplane",50,22050,1200,1
ambience_000756.pt,False,2025-12-15,room,low noise,"rain, wind, urban, airplane",50,22050,1200,1
ambience_000757.pt,False,2025-12-15,room,low noise,"rain, wind, urban, airplane",50,22050,1200,1
ambience_000758.pt,False,2025-12-15,room,low noise,"rain, wind, urban, airplane",50,22050,1200,1
ambience_000759.pt,False,2025-12-15,room,low noise,"rain, wind, urban, airplane",50,22050,1200,1
ambience_000760.pt,False,2025-12-15,room,low noise,"rain, wind, urban, airplane",50,22050,1200,1
ambience_000761.pt,False,2025-12-15,room,low noise,"rain, wind, urban, airplane",50,22050,1200,1
ambience_000762.pt,False,2025-12-15,room,low noise,"rain, wind, urban, airplane",50,22050,1200,1
ambience_000763.pt,False,2025-12-15,room,low noise,"rain, wind, urban, airplane",50,22050,1200,1
ambience_000764.pt,False,2025-12-15,room,low noise,"rain, wind, urban, airplane",50,22050,1200,1
ambience_000765.pt,False,2025-12-15,room,low noise,"rain, wind, urban, airplane",50,22050,1200,1
ambience_000766.pt,False,2025-12-15,room,low noise,"rain, wind, urban, airplane",50,22050,1200,1
ambience_000767.pt,False,2025-12-15,room,low noise,"rain, wind, urban, airplane",50,22050,1200,1
ambience_000768.pt,False,2025-12-15,room,low noise,"rain, wind, urban, airplane",50,22050,1200,1
ambience_000769.pt,False,2025-12-15,room,low noise,"rain, wind, urban, airplane",50,22050,1200,1
ambience_000770.pt,False,2025-12-15,room,low noise,"rain, wind, urban, airplane",50,22050,1200,1
ambience_000771.pt,False,2025-12-15,room,low noise,"rain, wind, urban, airplane",50,22050,1200,1
ambience_000772.pt,False,2025-12-15,room,low noise,"rain, wind, urban, airplane",50,22050,1200,1
ambience_000773.pt,False,2025-12-15,room,low noise,"rain, wind, urban, airplane",50,22050,1200,1
ambience_000774.pt,False,2025-12-15,room,low noise,"rain, wind, urban, airplane",50,22050,1200,1
ambience_000775.pt,False,2025-12-15,room,low noise,"rain, wind, urban, airplane",50,22050,1200,1
ambience_000776.pt,False,2025-12-15,room,low noise,"rain, wind, urban, airplane",50,22050,1200,1
ambience_000777.pt,False,2025-12-15,room,low noise,"rain, wind, urban, airplane",50,22050,1200,1
ambience_000778.pt,False,2025-12-15,room,low noise,"rain, wind, urban, airplane",50,22050,1200,1
ambience_000779.pt,False,2025-12-15,room,low noise,"rain, wind, urban, airplane",50,22050,1200,1
ambience_000780.pt,False,2025-12-15,room,low noise,"rain, wind, urban, airplane",50,22050,1200,1
ambience_000781.pt,False,2025-12-15,room,low noise,"rain, wind, urban, airplane",50,22050,1200,1
ambience_000782.pt,False,2025-12-15,room,low noise,"rain, wind, urban, airplane",50,22050,1200,1
ambience_000783.pt,False,2025-12-15,room,low noise,"rain, wind, urban, airplane",50,22050,1200,1
ambience_000784.pt,False,2025-12-15,room,low noise,"rain, wind, urban, airplane",50,22050,1200,1
ambience_000785.pt,False,2025-12-15,room,low noise,"rain, wind, urban, airplane",50,22050,1200,1
ambience_000786.pt,False,2025-12-15,room,low noise,"rain, wind, urban, airplane",50,22050,1200,1
ambience_000787.pt,False,2025-12-15,room,low noise,"rain, wind, urban, airplane",50,22050,1200,1
ambience_000788.pt,False,2025-12-15,room,low noise,"rain, wind, urban, airplane",50,22050,1200,1
ambience_000789.pt,False,2025-12-15,room,low noise,"rain, wind, urban, airplane",50,22050,1200,1
ambience_000790.pt,False,2025-12-15,room,low noise,"rain, wind, urban, airplane",50,22050,1200,1
ambience_000791.pt,False,2025-12-15,room,low noise,"rain, wind, urban, airplane",50,22050,1200,1
ambience_000792.pt,False,2025-12-15,room,low noise,"rain, wind, urban, airplane",50,22050,1200,1
ambience_000793.pt,False,2025-12-15,room,low noise,"rain, wind, urban, airplane",50,22050,1200,1
ambience_000794.pt,False,2025-12-15,room,low noise,"rain, wind, urban, airplane",50,22050,1200,1
ambience_000795.pt,False,2025-12-15,room,low noise,"rain, wind, urban, airplane",50,22050,1200,1
ambience_000796.pt,False,2025-12-15,room,low noise,"rain, wind, urban, airplane",50,22050,1200,1
ambience_000797.pt,False,2025-12-15,room,low noise,"rain, wind, urban, airplane",50,22050,1200,1
ambience_000798.pt,False,2025-12-15,room,low noise,"rain, wind, urban, airplane",50,22050,1200,1
ambience_000799.pt,False,2025-12-15,room,low noise,"rain, wind, urban, airplane",50,22050,1200,1
ambience_000800.pt,False,2025-12-15,room,low noise,"rain, wind, urban, airplane",50,22050,1200,1
ambience_000801.pt,False,2025-12-15,room,low noise,"rain, wind, urban, airplane",50,22050,1200,1
ambience_000802.pt,False,2025-12-15,room,low noise,"rain, wind, urban, airplane",50,22050,1200,1
ambience_000803.pt,False,2025-12-15,room,low noise,"rain, wind, urban, airplane",50,22050,1200,1
ambience_000804.pt,False,2025-12-15,room,low noise,"rain, wind, urban, airplane",50,22050,1200,1
ambience_000805.pt,False,2025-12-15,room,low noise,"rain, wind, urban, airplane",50,22050,1200,1
ambience_000806.pt,False,2025-12-15,room,low noise,"rain, wind, urban, airplane",50,22050,1200,1
ambience_000807.pt,False,2025-12-15,room,low noise,"rain, wind, urban, airplane",50,22050,1200,1
ambience_000808.pt,False,2025-12-15,room,low noise,"rain, wind, urban, airplane",50,22050,1200,1
ambience_000809.pt,False,2025-12-15,room,low noise,"rain, wind, urban, airplane",50,22050,1200,1
ambience_000810.pt,False,2025-12-15,room,low noise,"rain, wind, urban, airplane",50,22050,1200,1
ambience_000811.pt,False,2025-12-15,room,low noise,"rain, wind, urban, airplane",50,22050,1200,1
ambience_000812.pt,False,2025-12-15,room,low noise,"rain, wind, urban, airplane",50,22050,1200,1
ambience_000813.pt,False,2025-12-15,room,low noise,"rain, wind, urban, airplane",50,22050,1200,1
ambience_000814.pt,False,2025-12-15,room,low noise,"rain, wind, urban, airplane",50,22050,1200,1
ambience_000815.pt,False,2025-12-15,room,low noise,"rain, wind, urban, airplane",50,22050,1200,1
ambience_000816.pt,False,2025-12-15,room,low noise,"rain, wind, urban, airplane",50,22050,1200,1
ambience_000817.pt,False,2025-12-15,room,low noise,"rain, wind, urban, airplane",50,22050,1200,1
ambience_000818.pt,False,2025-12-15,room,low noise,"rain, wind, urban, airplane",50,22050,1200,1
ambience_000819.pt,False,2025-12-15,room,low noise,"rain, wind, urban, airplane",50,22050,1200,1
ambience_000820.pt,False,2025-12-15,room,low noise,"rain, wind, urban, airplane",50,22050,1200,1
ambience_000821.pt,False,2025-12-15,room,low noise,"rain, wind, urban, airplane",50,22050,1200,1
ambience_000822.pt,False,2025-12-15,room,low noise,"rain, wind, urban, airplane",50,22050,1200,1
ambience_000823.pt,False,2025-12-15,room,low noise,"rain, wind, urban, airplane",50,22050,1200,1
ambience_000824.pt,False,2025-12-15,room,low noise,"rain, wind, urban, airplane",50,22050,1200,1
ambience_000825.pt,False,2025-12-15,room,low noise,"rain, wind, urban, airplane",50,22050,1200,1
ambience_000826.pt,False,2025-12-15,room,low noise,"rain, wind, urban, airplane",50,22050,1200,1
ambience_000827.pt,False,2025-12-15,room,low noise,"rain, wind, urban, airplane",50,22050,1200,1
ambience_000828.pt,False,2025-12-15,room,low noise,"rain, wind, urban, airplane",50,22050,1200,1
drone_000464.pt,True,2025-12-20,ben shemen,mid noise,atv,50,22050,300,2
drone_000465.pt,True,2025-12-20,ben shemen,mid noise,atv,50,22050,300,2
drone_000466.pt,True,2025-12-20,ben shemen,mid noise,atv,50,22050,300,2
drone_000467.pt,True,2025-12-20,ben shemen,mid noise,atv,50,22050,300,2
drone_000468.pt,True,2025-12-20,ben shemen,mid noise,atv,50,22050,300,2
drone_000469.pt,True,2025-12-20,ben shemen,mid noise,atv,50,22050,300,2
drone_000470.pt,True,2025-12-20,ben shemen,mid noise,atv,50,22050,300,2
drone_000471.pt,True,2025-12-20,ben shemen,mid noise,atv,50,22050,300,2
drone_000472.pt,True,2025-12-20,ben shemen,mid noise,atv,50,22050,300,2
drone_000473.pt,True,2025-12-20,ben shemen,mid noise,atv,50,22050,300,2
drone_000474.pt,True,2025-12-20,ben shemen,mid noise,atv,50,22050,300,2
drone_000475.pt,True,2025-12-20,ben shemen,mid noise,atv,50,22050,300,2
drone_000476.pt,True,2025-12-20,ben shemen,mid noise,atv,50,22050,300,2
drone_000477.pt,True,2025-12-20,ben shemen,mid noise,atv,50,22050,300,2
drone_000478.pt,True,2025-12-20,ben shemen,mid noise,atv,50,22050,300,2
drone_000479.pt,True,2025-12-20,ben shemen,mid noise,atv,50,22050,300,2
drone_000480.pt,True,2025-12-20,ben shemen,mid noise,atv,50,22050,300,2
drone_000481.pt,True,2025-12-20,ben shemen,mid noise,atv,50,22050,300,2
drone_000482.pt,True,2025-12-20,ben shemen,mid noise,atv,50,22050,300,2
drone_000483.pt,True,2025-12-20,ben shemen,mid noise,atv,50,22050,300,2
drone_000484.pt,True,2025-12-20,ben shemen,mid noise,atv,50,22050,300,2
drone_000485.pt,True,2025-12-20,ben shemen,mid noise,atv,50,22050,300,2
drone_000486.pt,True,2025-12-20,ben shemen,mid noise,atv,50,22050,300,2
drone_000487.pt,True,2025-12-20,ben shemen,mid noise,atv,50,22050,300,2
drone_000488.pt,True,2025-12-20,ben shemen,mid noise,atv,50,22050,300,2
drone_000489.pt,True,2025-12-20,ben shemen,mid noise,atv,50,22050,300,2
drone_000490.pt,True,2025-12-20,ben shemen,mid noise,atv,50,22050,300,2
drone_000491.pt,True,2025-12-20,ben shemen,mid noise,atv,50,22050,300,2
drone_000492.pt,True,2025-12-20,ben shemen,mid noise,atv,50,22050,300,2
drone_000493.pt,True,2025-12-20,ben shemen,mid noise,atv,50,22050,300,2
drone_000494.pt,True,2025-12-20,ben shemen,mid noise,atv,50,22050,300,2
drone_000495.pt,True,2025-12-20,ben shemen,mid noise,atv,50,22050,300,2
drone_000496.pt,True,2025-12-20,ben shemen,mid noise,atv,50,22050,300,2
drone_000497.pt,True,2025-12-20,ben shemen,mid noise,atv,50,22050,300,2
drone_000498.pt,True,2025-12-20,ben shemen,mid noise,atv,50,22050,300,2
drone_000499.pt,True,2025-12-20,ben shemen,mid noise,atv,50,22050,300,2
drone_000500.pt,True,2025-12-20,ben shemen,mid noise,atv,50,22050,300,2
drone_000501.pt,True,2025-12-20,ben shemen,mid noise,atv,50,22050,300,2
drone_000502.pt,True,2025-12-20,ben shemen,mid noise,atv,50,22050,300,2
drone_000503.pt,True,2025-12-20,ben shemen,mid noise,atv,50,22050,300,2
drone_000504.pt,True,2025-12-20,ben shemen,mid noise,atv,50,22050,300,2
drone_000505.pt,True,2025-12-20,ben shemen,mid noise,atv,50,22050,300,2
drone_000506.pt,True,2025-12-20,ben shemen,mid noise,atv,50,22050,300,2
drone_000507.pt,True,2025-12-20,ben shemen,mid noise,atv,50,22050,300,2
drone_000508.pt,True,2025-12-20,ben shemen,mid noise,atv,50,22050,300,2
drone_000509.pt,True,2025-12-20,ben shemen,mid noise,atv,50,22050,300,2
drone_000510.pt,True,2025-12-20,ben shemen,mid noise,atv,50,22050,300,2
drone_000511.pt,True,2025-12-20,ben shemen,mid noise,atv,50,22050,300,2
drone_000512.pt,True,2025-12-20,ben shemen,mid noise,atv,50,22050,300,2
drone_000513.pt,True,2025-12-20,ben shemen,mid noise,atv,50,22050,300,2
drone_000514.pt,True,2025-12-20,ben shemen,mid noise,atv,50,22050,300,2
drone_000515.pt,True,2025-12-20,ben shemen,mid noise,atv,50,22050,300,2
drone_000516.pt,True,2025-12-20,ben shemen,mid noise,atv,50,22050,300,2
drone_000517.pt,True,2025-12-20,ben shemen,mid noise,atv,50,22050,300,2
drone_000518.pt,True,2025-12-20,ben shemen,mid noise,atv,50,22050,300,2
drone_000519.pt,True,2025-12-20,ben shemen,mid noise,atv,50,22050,300,2
drone_000520.pt,True,2025-12-20,ben shemen,mid noise,atv,50,22050,300,2
drone_000521.pt,True,2025-12-20,ben shemen,mid noise,atv,50,22050,300,2
drone_000522.pt,True,2025-12-20,ben shemen,mid noise,atv,50,22050,300,2
drone_000523.pt,True,2025-12-20,ben shemen,mid noise,atv,50,22050,300,2
drone_000524.pt,True,2025-12-20,ben shemen,mid noise,atv,50,22050,300,2
drone_000525.pt,True,2025-12-20,ben shemen,mid noise,atv,50,22050,300,2
drone_000526.pt,True,2025-12-20,ben shemen,mid noise,atv,50,22050,300,2
drone_000527.pt,True,2025-12-20,ben shemen,mid noise,atv,50,22050,300,2
drone_000528.pt,True,2025-12-20,ben shemen,mid noise,atv,50,22050,300,2
drone_000529.pt,True,2025-12-20,ben shemen,mid noise,atv,50,22050,300,2
drone_000530.pt,True,2025-12-20,ben shemen,mid noise,atv,50,22050,300,2
drone_000531.pt,True,2025-12-20,ben shemen,mid noise,atv,50,22050,300,2
drone_000532.pt,True,2025-12-20,ben shemen,mid noise,atv,50,22050,300,2
drone_000533.pt,True,2025-12-20,ben shemen,mid noise,atv,50,22050,300,2
drone_000534.pt,True,2025-12-20,ben shemen,mid noise,atv,50,22050,300,2
drone_000535.pt,True,2025-12-20,ben shemen,mid noise,atv,50,22050,300,2
drone_000536.pt,True,2025-12-20,ben shemen,mid noise,atv,50,22050,300,2
drone_000537.pt,True,2025-12-20,ben shemen,mid noise,atv,50,22050,300,2
drone_000538.pt,True,2025-12-20,ben shemen,mid noise,atv,50,22050,300,2
drone_000539.pt,True,2025-12-20,ben shemen,mid noise,atv,50,22050,300,2
drone_000540.pt,True,2025-12-20,ben shemen,mid noise,atv,50,22050,300,2
drone_000541.pt,True,2025-12-20,ben shemen,mid noise,atv,50,22050,300,2
drone_000542.pt,True,2025-12-20,ben shemen,mid noise,atv,50,22050,300,2
drone_000543.pt,True,2025-12-20,ben shemen,mid noise,atv,50,22050,300,2
drone_000544.pt,True,2025-12-20,ben shemen,mid noise,atv,50,22050,300,2
drone_000545.pt,True,2025-12-20,ben shemen,mid noise,atv,50,22050,300,2
drone_000546.pt,True,2025-12-20,ben shemen,mid noise,atv,50,22050,300,2
drone_000547.pt,True,2025-12-20,ben shemen,mid noise,atv,50,22050,300,2
drone_000548.pt,True,2025-12-20,ben shemen,mid noise,atv,50,22050,300,2
drone_000549.pt,True,2025-12-20,ben shemen,mid noise,atv,50,22050,300,2
drone_000550.pt,True,2025-12-20,ben shemen,mid noise,atv,50,22050,300,2
ambience_000829.pt,False,2025-12-15,room,mid noise,fan,50,22050,300,1
ambience_000830.pt,False,2025-12-15,room,mid noise,fan,50,22050,300,1
ambience_000831.pt,False,2025-12-15,room,mid noise,fan,50,22050,300,1
ambience_000832.pt,False,2025-12-15,room,mid noise,fan,50,22050,300,1
ambience_000833.pt,False,2025-12-15,room,mid noise,fan,50,22050,300,1
ambience_000834.pt,False,2025-12-15,room,mid noise,fan,50,22050,300,1
ambience_000835.pt,False,2025-12-15,room,mid noise,fan,50,22050,300,1
ambience_000836.pt,False,2025-12-15,room,mid noise,fan,50,22050,300,1
ambience_000837.pt,False,2025-12-15,room,mid noise,fan,50,22050,300,1
ambience_000838.pt,False,2025-12-15,room,mid noise,fan,50,22050,300,1
ambience_000839.pt,False,2025-12-15,room,mid noise,fan,50,22050,300,1
ambience_000840.pt,False,2025-12-15,room,mid noise,fan,50,22050,300,1
ambience_000841.pt,False,2025-12-15,room,mid noise,fan,50,22050,300,1
ambience_000842.pt,False,2025-12-15,room,mid noise,fan,50,22050,300,1
ambience_000843.pt,False,2025-12-15,room,mid noise,fan,50,22050,300,1
ambience_000844.pt,False,2025-12-15,room,mid noise,fan,50,22050,300,1
ambience_000845.pt,False,2025-12-15,room,mid noise,fan,50,22050,300,1
ambience_000846.pt,False,2025-12-15,room,mid noise,fan,50,22050,300,1
ambience_000847.pt,False,2025-12-15,room,mid noise,fan,50,22050,300,1
ambience_000848.pt,False,2025-12-15,room,mid noise,fan,50,22050,300,1
ambience_000849.pt,False,2025-12-15,room,mid noise,fan,50,22050,300,1
ambience_000850.pt,False,2025-12-15,room,mid noise,fan,50,22050,300,1
ambience_000851.pt,False,2025-12-15,room,mid noise,fan,50,22050,300,1
ambience_000852.pt,False,2025-12-15,room,mid noise,fan,50,22050,300,1
ambience_000853.pt,False,2025-12-15,room,mid noise,fan,50,22050,300,1
ambience_000854.pt,False,2025-12-15,room,mid noise,fan,50,22050,300,1
ambience_000855.pt,False,2025-12-15,room,mid noise,fan,50,22050,300,1
ambience_000856.pt,False,2025-12-15,room,mid noise,fan,50,22050,300,1
ambience_000857.pt,False,2025-12-15,room,mid noise,fan,50,22050,300,1
ambience_000858.pt,False,2025-12-15,room,mid noise,fan,50,22050,300,1
ambience_000859.pt,False,2025-12-15,room,mid noise,fan,50,22050,300,1
ambience_000860.pt,False,2025-12-15,room,mid noise,fan,50,22050,300,1
ambience_000861.pt,False,2025-12-15,room,mid noise,fan,50,22050,300,1
ambience_000862.pt,False,2025-12-15,room,mid noise,fan,50,22050,300,1
ambience_000863.pt,False,2025-12-15,room,mid noise,fan,50,22050,300,1
ambience_000864.pt,False,2025-12-15,room,mid noise,fan,50,22050,300,1
ambience_000865.pt,False,2025-12-15,room,mid noise,fan,50,22050,300,1
ambience_000866.pt,False,2025-12-15,room,mid noise,fan,50,22050,300,1
ambience_000867.pt,False,2025-12-15,room,mid noise,fan,50,22050,300,1
ambience_000868.pt,False,2025-12-15,room,mid noise,fan,50,22050,300,1
ambience_000869.pt,False,2025-12-15,room,mid noise,fan,50,22050,300,1
ambience_000870.pt,False,2025-12-15,room,mid noise,fan,50,22050,300,1
ambience_000871.pt,False,2025-12-15,room,mid noise,fan,50,22050,300,1
ambience_000872.pt,False,2025-12-15,room,mid noise,fan,50,22050,300,1
ambience_000873.pt,False,2025-12-15,room,mid noise,fan,50,22050,300,1
ambience_000874.pt,False,2025-12-15,room,mid noise,fan,50,22050,300,1
ambience_000875.pt,False,2025-12-15,room,mid noise,fan,50,22050,300,1
ambience_000876.pt,False,2025-12-15,room,mid noise,fan,50,22050,300,1
ambience_000877.pt,False,2025-12-15,room,mid noise,fan,50,22050,300,1
ambience_000878.pt,False,2025-12-15,room,mid noise,fan,50,22050,300,1
ambience_000879.pt,False,2025-12-15,room,mid noise,fan,50,22050,300,1
ambience_000880.pt,False,2025-12-15,room,mid noise,fan,50,22050,300,1
ambience_000881.pt,False,2025-12-15,room,mid noise,fan,50,22050,300,1
ambience_000882.pt,False,2025-12-15,room,mid noise,fan,50,22050,300,1
ambience_000883.pt,False,2025-12-15,room,mid noise,fan,50,22050,300,1
ambience_000884.pt,False,2025-12-15,room,mid noise,fan,50,22050,300,1
ambience_000885.pt,False,2025-12-15,room,mid noise,fan,50,22050,300,1
ambience_000886.pt,False,2025-12-15,room,mid noise,fan,50,22050,300,1
ambience_000887.pt,False,2025-12-15,room,mid noise,fan,50,22050,300,1
ambience_000888.pt,False,2025-12-15,room,mid noise,fan,50,22050,300,1
ambience_000889.pt,False,2025-12-15,room,mid noise,fan,50,22050,300,1
ambience_000890.pt,False,2025-12-15,room,mid noise,fan,50,22050,300,1
ambience_000891.pt,False,2025-12-15,room,mid noise,fan,50,22050,300,1
ambience_000892.pt,False,2025-12-15,room,mid noise,fan,50,22050,300,1
ambience_000893.pt,False,2025-12-15,room,mid noise,fan,50,22050,300,1
ambience_000894.pt,False,2025-12-15,room,mid noise,fan,50,22050,300,1
ambience_000895.pt,False,2025-12-15,room,mid noise,fan,50,22050,300,1
ambience_000896.pt,False,2025-12-15,room,mid noise,fan,50,22050,300,1
ambience_000897.pt,False,2025-12-15,room,mid noise,fan,50,22050,300,1
ambience_000898.pt,False,2025-12-15,room,mid noise,fan,50,22050,300,1
ambience_000899.pt,False,2025-12-15,room,mid noise,fan,50,22050,300,1
ambience_000900.pt,False,2025-12-15,room,mid noise,fan,50,22050,300,1
ambience_000901.pt,False,2025-12-15,room,mid noise,fan,50,22050,300,1
ambience_000902.pt,False,2025-12-15,room,mid noise,fan,50,22050,300,1
ambience_000903.pt,False,2025-12-15,room,mid noise,fan,50,22050,300,1
ambience_000904.pt,False,2026-01-19,balcony,low noise,"ambience, talking",75,22050,300,1
ambience_000905.pt,False,2026-01-19,balcony,low noise,"ambience, talking",75,22050,300,1
ambience_000906.pt,False,2026-01-19,balcony,low noise,"ambience, talking",75,22050,300,1
ambience_000907.pt,False,2026-01-19,balcony,low noise,"ambience, talking",75,22050,300,1
ambience_000908.pt,False,2026-01-19,balcony,low noise,"ambience, talking",75,22050,300,1
ambience_000909.pt,False,2026-01-19,balcony,low noise,"ambience, talking",75,22050,300,1
ambience_000910.pt,False,2026-01-19,balcony,low noise,"ambience, talking",75,22050,300,1
ambience_000911.pt,False,2026-01-19,balcony,low noise,"ambience, talking",75,22050,300,1
ambience_000912.pt,False,2026-01-19,balcony,low noise,"ambience, talking",75,22050,300,1
ambience_000913.pt,False,2026-01-19,balcony,low noise,"ambience, talking",75,22050,300,1
ambience_000914.pt,False,2026-01-19,balcony,low noise,"ambience, talking",75,22050,300,1
ambience_000915.pt,False,2026-01-19,balcony,low noise,"ambience, talking",75,22050,300,1
ambience_000916.pt,False,2026-01-19,balcony,low noise,"ambience, talking",75,22050,300,1
ambience_000917.pt,False,2026-01-19,balcony,low noise,"ambience, talking",75,22050,300,1
ambience_000918.pt,False,2026-01-19,balcony,low noise,"ambience, talking",75,22050,300,1
ambience_000919.pt,False,2026-01-19,balcony,low noise,"ambience, talking",75,22050,300,1
ambience_000920.pt,False,2026-01-19,balcony,low noise,"ambience, talking",75,22050,300,1
ambience_000921.pt,False,2026-01-19,balcony,low noise,"ambience, talking",75,22050,300,1
ambience_000922.pt,False,2026-01-19,balcony,low noise,"ambience, talking",75,22050,300,1
ambience_000923.pt,False,2026-01-19,balcony,low noise,"ambience, talking",75,22050,300,1
ambience_000924.pt,False,2026-01-19,balcony,low noise,"ambience, talking",75,22050,300,1
ambience_000925.pt,False,2026-01-19,balcony,low noise,"ambience, talking",75,22050,300,1
ambience_000926.pt,False,2026-01-19,balcony,low noise,"ambience, talking",75,22050,300,1
ambience_000927.pt,False,2026-01-19,balcony,low noise,"ambience, talking",75,22050,300,1
ambience_000928.pt,False,2026-01-19,balcony,low noise,"ambience, talking",75,22050,300,1
ambience_000929.pt,False,2026-01-19,balcony,low noise,"ambience, talking",75,22050,300,1
ambience_000930.pt,False,2026-01-19,balcony,low noise,"ambience, talking",75,22050,300,1
ambience_000931.pt,False,2026-01-19,balcony,low noise,"ambience, talking",75,22050,300,1
ambience_000932.pt,False,2026-01-19,balcony,low noise,"ambience, talking",75,22050,300,1
ambience_000933.pt,False,2026-01-19,balcony,low noise,"ambience, talking",75,22050,300,1
ambience_000934.pt,False,2026-01-19,balcony,low noise,"ambience, talking",75,22050,300,1
ambience_000935.pt,False,2026-01-19,balcony,low noise,"ambience, talking",75,22050,300,1
ambience_000936.pt,False,2026-01-19,balcony,low noise,"ambience, talking",75,22050,300,1
ambience_000937.pt,False,2026-01-19,balcony,low noise,"ambience, talking",75,22050,300,1
ambience_000938.pt,False,2026-01-19,balcony,low noise,"ambience, talking",75,22050,300,1
ambience_000939.pt,False,2026-01-19,balcony,low noise,"ambience, talking",75,22050,300,1
ambience_000940.pt,False,2026-01-19,balcony,low noise,"ambience, talking",75,22050,300,1
ambience_000941.pt,False,2026-01-19,balcony,low noise,"ambience, talking",75,22050,300,1
ambience_000942.pt,False,2026-01-19,balcony,low noise,"ambience, talking",75,22050,300,1
ambience_000943.pt,False,2026-01-19,balcony,low noise,"ambience, talking",75,22050,300,1
ambience_000944.pt,False,2026-01-19,balcony,low noise,"ambience, talking",75,22050,300,1
ambience_000945.pt,False,2026-01-19,balcony,low noise,"ambience, talking",75,22050,300,1
ambience_000946.pt,False,2026-01-19,balcony,low noise,"ambience, talking",75,22050,300,1
ambience_000947.pt,False,2026-01-19,balcony,low noise,"ambience, talking",75,22050,300,1
ambience_000948.pt,False,2026-01-19,balcony,low noise,"ambience, talking",75,22050,300,1
ambience_000949.pt,False,2026-01-19,balcony,low noise,"ambience, talking",75,22050,300,1
ambience_000950.pt,False,2026-01-19,balcony,low noise,"ambience, talking",75,22050,300,1
ambience_000951.pt,False,2026-01-19,balcony,low noise,"ambience, talking",75,22050,300,1
ambience_000952.pt,False,2026-01-19,balcony,low noise,"ambience, talking",75,22050,300,1
ambience_000953.pt,False,2026-01-19,balcony,low noise,"ambience, talking",75,22050,300,1
ambience_000954.pt,False,2026-01-19,balcony,low noise,"ambience, talking",75,22050,300,1
ambience_000955.pt,False,2026-01-19,balcony,low noise,"ambience, talking",75,22050,300,1
ambience_000956.pt,False,2026-01-19,balcony,low noise,"ambience, talking",75,22050,300,1
ambience_000957.pt,False,2026-01-19,balcony,low noise,"ambience, talking",75,22050,300,1
ambience_000958.pt,False,2026-01-19,balcony,low noise,"ambience, talking",75,22050,300,1
ambience_000959.pt,False,2026-01-19,balcony,low noise,"ambience, talking",75,22050,300,1
ambience_000960.pt,False,2026-01-19,balcony,low noise,"ambience, talking",75,22050,300,1
ambience_000961.pt,False,2026-01-19,balcony,low noise,"ambience, talking",75,22050,300,1
ambience_000962.pt,False,2026-01-19,balcony,low noise,"ambience, talking",75,22050,300,1
ambience_000963.pt,False,2026-01-19,balcony,low noise,"ambience, talking",75,22050,300,1
ambience_000964.pt,False,2026-01-19,balcony,low noise,"ambience, talking",75,22050,300,1
ambience_000965.pt,False,2026-01-19,balcony,low noise,"ambience, talking",75,22050,300,1
ambience_000966.pt,False,2026-01-19,balcony,low noise,"ambience, talking",75,22050,300,1
ambience_000967.pt,False,2026-01-19,balcony,low noise,"ambience, talking",75,22050,300,1
ambience_000968.pt,False,2026-01-19,balcony,low noise,"ambience, talking",75,22050,300,1
ambience_000969.pt,False,2026-01-19,balcony,low noise,"ambience, talking",75,22050,300,1
ambience_000970.pt,False,2026-01-19,balcony,low noise,"ambience, talking",75,22050,300,1
ambience_000971.pt,False,2026-01-19,balcony,low noise,"ambience, talking",75,22050,300,1
ambience_000972.pt,False,2026-01-19,balcony,low noise,"ambience, talking",75,22050,300,1
ambience_000973.pt,False,2026-01-19,balcony,low noise,"ambience, talking",75,22050,300,1
ambience_000974.pt,False,2026-01-19,balcony,low noise,"ambience, talking",75,22050,300,1
ambience_000975.pt,False,2026-01-19,balcony,low noise,"ambience, talking",75,22050,300,1
ambience_000976.pt,False,2026-01-19,balcony,low noise,"ambience, talking",75,22050,300,1
ambience_000977.pt,False,2026-01-19,balcony,low noise,"ambience, talking",75,22050,300,1
ambience_000978.pt,False,2026-01-19,balcony,low noise,"ambience, talking",75,22050,300,1
drone_000551.pt,True,2026-01-03,Yarkon,high noise,road,75,22050,300,1
drone_000552.pt,True,2026-01-03,Yarkon,high noise,road,75,22050,300,1
drone_000553.pt,True,2026-01-03,Yarkon,high noise,road,75,22050,300,1
drone_000554.pt,True,2026-01-03,Yarkon,high noise,road,75,22050,300,1
drone_000555.pt,True,2026-01-03,Yarkon,high noise,road,75,22050,300,1
drone_000556.pt,True,2026-01-03,Yarkon,high noise,road,75,22050,300,1
drone_000557.pt,True,2026-01-03,Yarkon,high noise,road,75,22050,300,1
drone_000558.pt,True,2026-01-03,Yarkon,high noise,road,75,22050,300,1
drone_000559.pt,True,2026-01-03,Yarkon,high noise,road,75,22050,300,1
drone_000560.pt,True,2026-01-03,Yarkon,high noise,road,75,22050,300,1
drone_000561.pt,True,2026-01-03,Yarkon,high noise,road,75,22050,300,1
drone_000562.pt,True,2026-01-03,Yarkon,high noise,road,75,22050,300,1
drone_000563.pt,True,2026-01-03,Yarkon,high noise,road,75,22050,300,1
drone_000564.pt,True,2026-01-03,Yarkon,high noise,road,75,22050,300,1
drone_000565.pt,True,2026-01-03,Yarkon,high noise,road,75,22050,300,1
drone_000566.pt,True,2026-01-03,Yarkon,high noise,road,75,22050,300,1
drone_000567.pt,True,2026-01-03,Yarkon,high noise,road,75,22050,300,1
drone_000568.pt,True,2026-01-03,Yarkon,high noise,road,75,22050,300,1
drone_000569.pt,True,2026-01-03,Yarkon,high noise,road,75,22050,300,1
drone_000570.pt,True,2026-01-03,Yarkon,high noise,road,75,22050,300,1
drone_000571.pt,True,2026-01-03,Yarkon,high noise,road,75,22050,300,1
drone_000572.pt,True,2026-01-03,Yarkon,high noise,road,75,22050,300,1
drone_000573.pt,True,2026-01-03,Yarkon,high noise,road,75,22050,300,1
drone_000574.pt,True,2026-01-03,Yarkon,high noise,road,75,22050,300,1
drone_000575.pt,True,2026-01-03,Yarkon,high noise,road,75,22050,300,1
drone_000576.pt,True,2026-01-03,Yarkon,high noise,road,75,22050,300,1
drone_000577.pt,True,2026-01-03,Yarkon,high noise,road,75,22050,300,1
drone_000578.pt,True,2026-01-03,Yarkon,high noise,road,75,22050,300,1
drone_000579.pt,True,2026-01-03,Yarkon,high noise,road,75,22050,300,1
drone_000580.pt,True,2026-01-03,Yarkon,high noise,road,75,22050,300,1
drone_000581.pt,True,2026-01-03,Yarkon,high noise,road,75,22050,300,1
drone_000582.pt,True,2026-01-03,Yarkon,high noise,road,75,22050,300,1
drone_000583.pt,True,2026-01-03,Yarkon,high noise,road,75,22050,300,1
drone_000584.pt,True,2026-01-03,Yarkon,high noise,road,75,22050,300,1
drone_000585.pt,True,2026-01-03,Yarkon,high noise,road,75,22050,300,1
drone_000586.pt,True,2026-01-03,Yarkon,high noise,road,75,22050,300,1
drone_000587.pt,True,2026-01-03,Yarkon,high noise,road,75,22050,300,1
drone_000588.pt,True,2026-01-03,Yarkon,high noise,road,75,22050,300,1
drone_000589.pt,True,2026-01-03,Yarkon,high noise,road,75,22050,300,1
drone_000590.pt,True,2026-01-03,Yarkon,high noise,road,75,22050,300,1
drone_000591.pt,True,2026-01-03,Yarkon,high noise,road,75,22050,300,1
drone_000592.pt,True,2026-01-03,Yarkon,high noise,road,75,22050,300,1
drone_000593.pt,True,2026-01-03,Yarkon,high noise,road,75,22050,300,1
drone_000594.pt,True,2026-01-03,Yarkon,high noise,road,75,22050,300,1
drone_000595.pt,True,2026-01-03,Yarkon,high noise,road,75,22050,300,1
drone_000596.pt,True,2026-01-03,Yarkon,high noise,road,75,22050,300,1
drone_000597.pt,True,2026-01-03,Yarkon,high noise,road,75,22050,300,1
drone_000598.pt,True,2026-01-03,Yarkon,high noise,road,75,22050,300,1
drone_000599.pt,True,2026-01-03,Yarkon,high noise,road,75,22050,300,1
drone_000600.pt,True,2026-01-03,Yarkon,high noise,road,75,22050,300,1
drone_000601.pt,True,2026-01-03,Yarkon,high noise,road,75,22050,300,1
drone_000602.pt,True,2026-01-03,Yarkon,high noise,road,75,22050,300,1
drone_000603.pt,True,2026-01-03,Yarkon,high noise,road,75,22050,300,1
drone_000604.pt,True,2026-01-03,Yarkon,high noise,road,75,22050,300,1
drone_000605.pt,True,2026-01-03,Yarkon,high noise,road,75,22050,300,1
drone_000606.pt,True,2026-01-03,Yarkon,high noise,road,75,22050,300,1
drone_000607.pt,True,2026-01-03,Yarkon,high noise,road,75,22050,300,1
drone_000608.pt,True,2026-01-03,Yarkon,high noise,road,75,22050,300,1
drone_000609.pt,True,2026-01-03,Yarkon,high noise,road,75,22050,300,1
drone_000610.pt,True,2026-01-03,Yarkon,high noise,road,75,22050,300,1
drone_000611.pt,True,2026-01-03,Yarkon,high noise,road,75,22050,300,1
drone_000612.pt,True,2026-01-03,Yarkon,high noise,road,75,22050,300,1
drone_000613.pt,True,2026-01-03,Yarkon,high noise,road,75,22050,300,1
drone_000614.pt,True,2026-01-03,Yarkon,high noise,road,75,22050,300,1
drone_000615.pt,True,2026-01-03,Yarkon,high noise,road,75,22050,300,1
drone_000616.pt,True,2026-01-03,Yarkon,high noise,road,75,22050,300,1
drone_000617.pt,True,2026-01-03,Yarkon,high noise,road,75,22050,300,1
drone_000618.pt,True,2026-01-03,Yarkon,high noise,road,75,22050,300,1
drone_000619.pt,True,2026-01-03,Yarkon,high noise,road,75,22050,300,1
drone_000620.pt,True,2026-01-03,Yarkon,high noise,road,75,22050,300,1
drone_000621.pt,True,2026-01-03,Yarkon,high noise,road,75,22050,300,1
drone_000622.pt,True,2026-01-03,Yarkon,high noise,road,75,22050,300,1
drone_000623.pt,True,2026-01-03,Yarkon,high noise,road,75,22050,300,1
drone_000624.pt,True,2026-01-03,Yarkon,high noise,road,75,22050,300,1
drone_000625.pt,True,2026-01-03,Yarkon,high noise,road,75,22050,300,1
drone_000626.pt,True,2026-01-03,Yarkon,high noise,road,75,22050,300,1
drone_000627.pt,True,2026-01-03,Yarkon,low noise,ambience,50,22050,300,1
drone_000628.pt,True,2026-01-03,Yarkon,low noise,ambience,50,22050,300,1
drone_000629.pt,True,2026-01-03,Yarkon,low noise,ambience,50,22050,300,1
drone_000630.pt,True,2026-01-03,Yarkon,low noise,ambience,50,22050,300,1
drone_000631.pt,True,2026-01-03,Yarkon,low noise,ambience,50,22050,300,1
drone_000632.pt,True,2026-01-03,Yarkon,low noise,ambience,50,22050,300,1
drone_000633.pt,True,2026-01-03,Yarkon,low noise,ambience,50,22050,300,1
drone_000634.pt,True,2026-01-03,Yarkon,low noise,ambience,50,22050,300,1
drone_000635.pt,True,2026-01-03,Yarkon,low noise,ambience,50,22050,300,1
drone_000636.pt,True,2026-01-03,Yarkon,low noise,ambience,50,22050,300,1
drone_000637.pt,True,2026-01-03,Yarkon,low noise,ambience,50,22050,300,1
drone_000638.pt,True,2026-01-03,Yarkon,low noise,ambience,50,22050,300,1
drone_000639.pt,True,2026-01-03,Yarkon,low noise,ambience,50,22050,300,1
drone_000640.pt,True,2026-01-03,Yarkon,low noise,ambience,50,22050,300,1
drone_000641.pt,True,2026-01-03,Yarkon,low noise,ambience,50,22050,300,1
drone_000642.pt,True,2026-01-03,Yarkon,low noise,ambience,50,22050,300,1
drone_000643.pt,True,2026-01-03,Yarkon,low noise,ambience,50,22050,300,1
drone_000644.pt,True,2026-01-03,Yarkon,low noise,ambience,50,22050,300,1
drone_000645.pt,True,2026-01-03,Yarkon,low noise,ambience,50,22050,300,1
drone_000646.pt,True,2026-01-03,Yarkon,low noise,ambience,50,22050,300,1
drone_000647.pt,True,2026-01-03,Yarkon,low noise,ambience,50,22050,300,1
drone_000648.pt,True,2026-01-03,Yarkon,low noise,ambience,50,22050,300,1
drone_000649.pt,True,2026-01-03,Yarkon,low noise,ambience,50,22050,300,1
drone_000650.pt,True,2026-01-03,Yarkon,low noise,ambience,50,22050,300,1
drone_000651.pt,True,2026-01-03,Yarkon,low noise,ambience,50,22050,300,1
drone_000652.pt,True,2026-01-03,Yarkon,low noise,ambience,50,22050,300,1
drone_000653.pt,True,2026-01-03,Yarkon,low noise,ambience,50,22050,300,1
drone_000654.pt,True,2026-01-03,Yarkon,low noise,ambience,50,22050,300,1
drone_000655.pt,True,2026-01-03,Yarkon,low noise,ambience,50,22050,300,1
drone_000656.pt,True,2026-01-03,Yarkon,low noise,ambience,50,22050,300,1
drone_000657.pt,True,2026-01-03,Yarkon,low noise,ambience,50,22050,300,1
drone_000658.pt,True,2026-01-03,Yarkon,low noise,ambience,50,22050,300,1
drone_000659.pt,True,2026-01-03,Yarkon,low noise,ambience,50,22050,300,1
drone_000660.pt,True,2026-01-03,Yarkon,low noise,ambience,50,22050,300,1
drone_000661.pt,True,2026-01-03,Yarkon,low noise,ambience,50,22050,300,1
drone_000662.pt,True,2026-01-03,Yarkon,low noise,ambience,50,22050,300,1
drone_000663.pt,True,2026-01-03,Yarkon,low noise,ambience,50,22050,300,1
drone_000664.pt,True,2026-01-03,Yarkon,low noise,ambience,50,22050,300,1
drone_000665.pt,True,2026-01-03,Yarkon,low noise,ambience,50,22050,300,1
drone_000666.pt,True,2026-01-03,Yarkon,low noise,ambience,50,22050,300,1
drone_000667.pt,True,2026-01-03,Yarkon,low noise,ambience,50,22050,300,1
drone_000668.pt,True,2026-01-03,Yarkon,low noise,ambience,50,22050,300,1
drone_000669.pt,True,2026-01-03,Yarkon,low noise,ambience,50,22050,300,1
drone_000670.pt,True,2026-01-03,Yarkon,low noise,ambience,50,22050,300,1
drone_000671.pt,True,2026-01-03,Yarkon,low noise,ambience,50,22050,300,1
drone_000672.pt,True,2026-01-03,Yarkon,low noise,ambience,50,22050,300,1
drone_000673.pt,True,2026-01-03,Yarkon,low noise,ambience,50,22050,300,1
drone_000674.pt,True,2026-01-03,Yarkon,low noise,ambience,50,22050,300,1
drone_000675.pt,True,2026-01-03,Yarkon,low noise,ambience,50,22050,300,1
drone_000676.pt,True,2026-01-03,Yarkon,low noise,ambience,50,22050,300,1
drone_000677.pt,True,2026-01-03,Yarkon,low noise,ambience,50,22050,300,1
drone_000678.pt,True,2026-01-03,Yarkon,low noise,ambience,50,22050,300,1
drone_000679.pt,True,2026-01-03,Yarkon,low noise,ambience,50,22050,300,1
drone_000680.pt,True,2026-01-03,Yarkon,low noise,ambience,50,22050,300,1
drone_000681.pt,True,2026-01-03,Yarkon,low noise,ambience,50,22050,300,1
drone_000682.pt,True,2026-01-03,Yarkon,low noise,ambience,50,22050,300,1
drone_000683.pt,True,2026-01-03,Yarkon,low noise,ambience,50,22050,300,1
drone_000684.pt,True,2026-01-03,Yarkon,low noise,ambience,50,22050,300,1
drone_000685.pt,True,2026-01-03,Yarkon,low noise,ambience,50,22050,300,1
drone_000686.pt,True,2026-01-03,Yarkon,low noise,ambience,50,22050,300,1
drone_000687.pt,True,2026-01-03,Yarkon,low noise,ambience,50,22050,300,1
drone_000688.pt,True,2026-01-03,Yarkon,low noise,ambience,50,22050,300,1
drone_000689.pt,True,2026-01-03,Yarkon,low noise,ambience,50,22050,300,1
drone_000690.pt,True,2026-01-03,Yarkon,low noise,ambience,50,22050,300,1
drone_000691.pt,True,2026-01-03,Yarkon,low noise,ambience,50,22050,300,1
drone_000692.pt,True,2026-01-03,Yarkon,low noise,ambience,50,22050,300,1
drone_000693.pt,True,2026-01-03,Yarkon,low noise,ambience,50,22050,300,1
drone_000694.pt,True,2026-01-03,Yarkon,low noise,ambience,50,22050,300,1
drone_000695.pt,True,2026-01-03,Yarkon,low noise,ambience,50,22050,300,1
drone_000696.pt,True,2026-01-03,Yarkon,low noise,ambience,50,22050,300,1
drone_000697.pt,True,2026-01-03,Yarkon,low noise,ambience,50,22050,300,1
drone_000698.pt,True,2026-01-03,Yarkon,low noise,ambience,50,22050,300,1
drone_000699.pt,True,2026-01-03,Yarkon,low noise,ambience,50,22050,300,1
drone_000700.pt,True,2026-01-03,Yarkon,low noise,ambience,50,22050,300,1
drone_000701.pt,True,2026-01-03,Yarkon,low noise,ambience,50,22050,300,1
drone_000702.pt,True,2026-01-03,Yarkon,low noise,ambience,50,22050,300,1
drone_000703.pt,True,2026-01-03,Yarkon,low noise,ambience,50,22050,300,1
drone_000704.pt,True,2026-01-03,Yarkon,low noise,ambience,50,22050,300,1
drone_000705.pt,True,2026-01-03,Yarkon,low noise,ambience,50,22050,300,1
drone_000706.pt,True,2026-01-03,Yarkon,low noise,ambience,50,22050,300,1
drone_000707.pt,True,2026-01-03,Yarkon,low noise,ambience,50,22050,300,1
drone_000708.pt,True,2026-01-03,Yarkon,low noise,ambience,50,22050,300,1
ambience_000979.pt,False,2025-12-15,room,high noise,fan,50,22050,300,2
ambience_000980.pt,False,2025-12-15,room,high noise,fan,50,22050,300,2
ambience_000981.pt,False,2025-12-15,room,high noise,fan,50,22050,300,2
ambience_000982.pt,False,2025-12-15,room,high noise,fan,50,22050,300,2
ambience_000983.pt,False,2025-12-15,room,high noise,fan,50,22050,300,2
ambience_000984.pt,False,2025-12-15,room,high noise,fan,50,22050,300,2
ambience_000985.pt,False,2025-12-15,room,high noise,fan,50,22050,300,2
ambience_000986.pt,False,2025-12-15,room,high noise,fan,50,22050,300,2
ambience_000987.pt,False,2025-12-15,room,high noise,fan,50,22050,300,2
ambience_000988.pt,False,2025-12-15,room,high noise,fan,50,22050,300,2
ambience_000989.pt,False,2025-12-15,room,high noise,fan,50,22050,300,2
ambience_000990.pt,False,2025-12-15,room,high noise,fan,50,22050,300,2
ambience_000991.pt,False,2025-12-15,room,high noise,fan,50,22050,300,2
ambience_000992.pt,False,2025-12-15,room,high noise,fan,50,22050,300,2
ambience_000993.pt,False,2025-12-15,room,high noise,fan,50,22050,300,2
ambience_000994.pt,False,2025-12-15,room,high noise,fan,50,22050,300,2
ambience_000995.pt,False,2025-12-15,room,high noise,fan,50,22050,300,2
ambience_000996.pt,False,2025-12-15,room,high noise,fan,50,22050,300,2
ambience_000997.pt,False,2025-12-15,room,high noise,fan,50,22050,300,2
ambience_000998.pt,False,2025-12-15,room,high noise,fan,50,22050,300,2
ambience_000999.pt,False,2025-12-15,room,high noise,fan,50,22050,300,2
ambience_001000.pt,False,2025-12-15,room,high noise,fan,50,22050,300,2
ambience_001001.pt,False,2025-12-15,room,high noise,fan,50,22050,300,2
ambience_001002.pt,False,2025-12-15,room,high noise,fan,50,22050,300,2
ambience_001003.pt,False,2025-12-15,room,high noise,fan,50,22050,300,2
ambience_001004.pt,False,2025-12-15,room,high noise,fan,50,22050,300,2
ambience_001005.pt,False,2025-12-15,room,high noise,fan,50,22050,300,2
ambience_001006.pt,False,2025-12-15,room,high noise,fan,50,22050,300,2
ambience_001007.pt,False,2025-12-15,room,high noise,fan,50,22050,300,2
ambience_001008.pt,False,2025-12-15,room,high noise,fan,50,22050,300,2
ambience_001009.pt,False,2025-12-15,room,high noise,fan,50,22050,300,2
ambience_001010.pt,False,2025-12-15,room,high noise,fan,50,22050,300,2
ambience_001011.pt,False,2025-12-15,room,high noise,fan,50,22050,300,2
ambience_001012.pt,False,2025-12-15,room,high noise,fan,50,22050,300,2
ambience_001013.pt,False,2025-12-15,room,high noise,fan,50,22050,300,2
ambience_001014.pt,False,2025-12-15,room,high noise,fan,50,22050,300,2
ambience_001015.pt,False,2025-12-15,room,high noise,fan,50,22050,300,2
ambience_001016.pt,False,2025-12-15,room,high noise,fan,50,22050,300,2
ambience_001017.pt,False,2025-12-15,room,high noise,fan,50,22050,300,2
ambience_001018.pt,False,2025-12-15,room,high noise,fan,50,22050,300,2
ambience_001019.pt,False,2025-12-15,room,high noise,fan,50,22050,300,2
ambience_001020.pt,False,2025-12-15,room,high noise,fan,50,22050,300,2
ambience_001021.pt,False,2025-12-15,room,high noise,fan,50,22050,300,2
ambience_001022.pt,False,2025-12-15,room,high noise,fan,50,22050,300,2
ambience_001023.pt,False,2025-12-15,room,high noise,fan,50,22050,300,2
ambience_001024.pt,False,2025-12-15,room,high noise,fan,50,22050,300,2
ambience_001025.pt,False,2025-12-15,room,high noise,fan,50,22050,300,2
ambience_001026.pt,False,2025-12-15,room,high noise,fan,50,22050,300,2
ambience_001027.pt,False,2025-12-15,room,high noise,fan,50,22050,300,2
ambience_001028.pt,False,2025-12-15,room,high noise,fan,50,22050,300,2
ambience_001029.pt,False,2025-12-15,room,high noise,fan,50,22050,300,2
ambience_001030.pt,False,2025-12-15,room,high noise,fan,50,22050,300,2
ambience_001031.pt,False,2025-12-15,room,high noise,fan,50,22050,300,2
ambience_001032.pt,False,2025-12-15,room,high noise,fan,50,22050,300,2
ambience_001033.pt,False,2025-12-15,room,high noise,fan,50,22050,300,2
ambience_001034.pt,False,2025-12-15,room,high noise,fan,50,22050,300,2
ambience_001035.pt,False,2025-12-15,room,high noise,fan,50,22050,300,2
ambience_001036.pt,False,2025-12-15,room,high noise,fan,50,22050,300,2
ambience_001037.pt,False,2025-12-15,room,high noise,fan,50,22050,300,2
ambience_001038.pt,False,2025-12-15,room,high noise,fan,50,22050,300,2
ambience_001039.pt,False,2025-12-15,room,high noise,fan,50,22050,300,2
ambience_001040.pt,False,2025-12-15,room,high noise,fan,50,22050,300,2
ambience_001041.pt,False,2025-12-15,room,high noise,fan,50,22050,300,2
ambience_001042.pt,False,2025-12-15,room,high noise,fan,50,22050,300,2
ambience_001043.pt,False,2025-12-15,room,high noise,fan,50,22050,300,2
ambience_001044.pt,False,2025-12-15,room,high noise,fan,50,22050,300,2
ambience_001045.pt,False,2025-12-15,room,high noise,fan,50,22050,300,2
ambience_001046.pt,False,2025-12-15,room,high noise,fan,50,22050,300,2
ambience_001047.pt,False,2025-12-15,room,high noise,fan,50,22050,300,2
ambience_001048.pt,False,2025-12-15,room,high noise,fan,50,22050,300,2
ambience_001049.pt,False,2025-12-15,room,high noise,fan,50,22050,300,2
ambience_001050.pt,False,2025-12-15,room,high noise,fan,50,22050,300,2
ambience_001051.pt,False,2025-12-15,room,high noise,fan,50,22050,300,2
ambience_001052.pt,False,2025-12-15,room,high noise,fan,50,22050,300,2
ambience_001053.pt,False,2025-12-15,room,high noise,fan,50,22050,300,2
ambience_001054.pt,False,2026-01-19,living-room,low noise,ambience,75,22050,300,1
ambience_001055.pt,False,2026-01-19,living-room,low noise,ambience,75,22050,300,1
ambience_001056.pt,False,2026-01-19,living-room,low noise,ambience,75,22050,300,1
ambience_001057.pt,False,2026-01-19,living-room,low noise,ambience,75,22050,300,1
ambience_001058.pt,False,2026-01-19,living-room,low noise,ambience,75,22050,300,1
ambience_001059.pt,False,2026-01-19,living-room,low noise,ambience,75,22050,300,1
ambience_001060.pt,False,2026-01-19,living-room,low noise,ambience,75,22050,300,1
ambience_001061.pt,False,2026-01-19,living-room,low noise,ambience,75,22050,300,1
ambience_001062.pt,False,2026-01-19,living-room,low noise,ambience,75,22050,300,1
ambience_001063.pt,False,2026-01-19,living-room,low noise,ambience,75,22050,300,1
ambience_001064.pt,False,2026-01-19,living-room,low noise,ambience,75,22050,300,1
ambience_001065.pt,False,2026-01-19,living-room,low noise,ambience,75,22050,300,1
ambience_001066.pt,False,2026-01-19,living-room,low noise,ambience,75,22050,300,1
ambience_001067.pt,False,2026-01-19,living-room,low noise,ambience,75,22050,300,1
ambience_001068.pt,False,2026-01-19,living-room,low noise,ambience,75,22050,300,1
ambience_001069.pt,False,2026-01-19,living-room,low noise,ambience,75,22050,300,1
ambience_001070.pt,False,2026-01-19,living-room,low noise,ambience,75,22050,300,1
ambience_001071.pt,False,2026-01-19,living-room,low noise,ambience,75,22050,300,1
ambience_001072.pt,False,2026-01-19,living-room,low noise,ambience,75,22050,300,1
ambience_001073.pt,False,2026-01-19,living-room,low noise,ambience,75,22050,300,1
ambience_001074.pt,False,2026-01-19,living-room,low noise,ambience,75,22050,300,1
ambience_001075.pt,False,2026-01-19,living-room,low noise,ambience,75,22050,300,1
ambience_001076.pt,False,2026-01-19,living-room,low noise,ambience,75,22050,300,1
ambience_001077.pt,False,2026-01-19,living-room,low noise,ambience,75,22050,300,1
ambience_001078.pt,False,2026-01-19,living-room,low noise,ambience,75,22050,300,1
ambience_001079.pt,False,2026-01-19,living-room,low noise,ambience,75,22050,300,1
ambience_001080.pt,False,2026-01-19,living-room,low noise,ambience,75,22050,300,1
ambience_001081.pt,False,2026-01-19,living-room,low noise,ambience,75,22050,300,1
ambience_001082.pt,False,2026-01-19,living-room,low noise,ambience,75,22050,300,1
ambience_001083.pt,False,2026-01-19,living-room,low noise,ambience,75,22050,300,1
ambience_001084.pt,False,2026-01-19,living-room,low noise,ambience,75,22050,300,1
ambience_001085.pt,False,2026-01-19,living-room,low noise,ambience,75,22050,300,1
ambience_001086.pt,False,2026-01-19,living-room,low noise,ambience,75,22050,300,1
ambience_001087.pt,False,2026-01-19,living-room,low noise,ambience,75,22050,300,1
ambience_001088.pt,False,2026-01-19,living-room,low noise,ambience,75,22050,300,1
ambience_001089.pt,False,2026-01-19,living-room,low noise,ambience,75,22050,300,1
ambience_001090.pt,False,2026-01-19,living-room,low noise,ambience,75,22050,300,1
ambience_001091.pt,False,2026-01-19,living-room,low noise,ambience,75,22050,300,1
ambience_001092.pt,False,2026-01-19,living-room,low noise,ambience,75,22050,300,1
ambience_001093.pt,False,2026-01-19,living-room,low noise,ambience,75,22050,300,1
ambience_001094.pt,False,2026-01-19,living-room,low noise,ambience,75,22050,300,1
ambience_001095.pt,False,2026-01-19,living-room,low noise,ambience,75,22050,300,1
ambience_001096.pt,False,2026-01-19,living-room,low noise,ambience,75,22050,300,1
ambience_001097.pt,False,2026-01-19,living-room,low noise,ambience,75,22050,300,1
ambience_001098.pt,False,2026-01-19,living-room,low noise,ambience,75,22050,300,1
ambience_001099.pt,False,2026-01-19,living-room,low noise,ambience,75,22050,300,1
ambience_001100.pt,False,2026-01-19,living-room,low noise,ambience,75,22050,300,1
ambience_001101.pt,False,2026-01-19,living-room,low noise,ambience,75,22050,300,1
ambience_001102.pt,False,2026-01-19,living-room,low noise,ambience,75,22050,300,1
ambience_001103.pt,False,2026-01-19,living-room,low noise,ambience,75,22050,300,1
ambience_001104.pt,False,2026-01-19,living-room,low noise,ambience,75,22050,300,1
ambience_001105.pt,False,2026-01-19,living-room,low noise,ambience,75,22050,300,1
ambience_001106.pt,False,2026-01-19,living-room,low noise,ambience,75,22050,300,1
ambience_001107.pt,False,2026-01-19,living-room,low noise,ambience,75,22050,300,1
ambience_001108.pt,False,2026-01-19,living-room,low noise,ambience,75,22050,300,1
ambience_001109.pt,False,2026-01-19,living-room,low noise,ambience,75,22050,300,1
ambience_001110.pt,False,2026-01-19,living-room,low noise,ambience,75,22050,300,1
ambience_001111.pt,False,2026-01-19,living-room,low noise,ambience,75,22050,300,1
ambience_001112.pt,False,2026-01-19,living-room,low noise,ambience,75,22050,300,1
ambience_001113.pt,False,2026-01-19,living-room,low noise,ambience,75,22050,300,1
ambience_001114.pt,False,2026-01-19,living-room,low noise,ambience,75,22050,300,1
ambience_001115.pt,False,2026-01-19,living-room,low noise,ambience,75,22050,300,1
ambience_001116.pt,False,2026-01-19,living-room,low noise,ambience,75,22050,300,1
ambience_001117.pt,False,2026-01-19,living-room,low noise,ambience,75,22050,300,1
ambience_001118.pt,False,2026-01-19,living-room,low noise,ambience,75,22050,300,1
ambience_001119.pt,False,2026-01-19,living-room,low noise,ambience,75,22050,300,1
ambience_001120.pt,False,2026-01-19,living-room,low noise,ambience,75,22050,300,1
ambience_001121.pt,False,2026-01-19,living-room,low noise,ambience,75,22050,300,1
ambience_001122.pt,False,2026-01-19,living-room,low noise,ambience,75,22050,300,1
ambience_001123.pt,False,2026-01-19,living-room,low noise,ambience,75,22050,300,1
ambience_001124.pt,False,2026-01-19,living-room,low noise,ambience,75,22050,300,1
ambience_001125.pt,False,2026-01-19,living-room,low noise,ambience,75,22050,300,1
ambience_001126.pt,False,2026-01-19,living-room,low noise,ambience,75,22050,300,1
ambience_001127.pt,False,2026-01-19,living-room,low noise,ambience,75,22050,300,1
ambience_001128.pt,False,2026-01-19,living-room,low noise,ambience,75,22050,300,1
drone_000709.pt,True,2026-01-19,living-room,low noise,ambience,75,22050,300,1
drone_000710.pt,True,2026-01-19,living-room,low noise,ambience,75,22050,300,1
drone_000711.pt,True,2026-01-19,living-room,low noise,ambience,75,22050,300,1
drone_000712.pt,True,2026-01-19,living-room,low noise,ambience,75,22050,300,1
drone_000713.pt,True,2026-01-19,living-room,low noise,ambience,75,22050,300,1
drone_000714.pt,True,2026-01-19,living-room,low noise,ambience,75,22050,300,1
drone_000715.pt,True,2026-01-19,living-room,low noise,ambience,75,22050,300,1
drone_000716.pt,True,2026-01-19,living-room,low noise,ambience,75,22050,300,1
drone_000717.pt,True,2026-01-19,living-room,low noise,ambience,75,22050,300,1
drone_000718.pt,True,2026-01-19,living-room,low noise,ambience,75,22050,300,1
drone_000719.pt,True,2026-01-19,living-room,low noise,ambience,75,22050,300,1
drone_000720.pt,True,2026-01-19,living-room,low noise,ambience,75,22050,300,1
drone_000721.pt,True,2026-01-19,living-room,low noise,ambience,75,22050,300,1
drone_000722.pt,True,2026-01-19,living-room,low noise,ambience,75,22050,300,1
drone_000723.pt,True,2026-01-19,living-room,low noise,ambience,75,22050,300,1
drone_000724.pt,True,2026-01-19,living-room,low noise,ambience,75,22050,300,1
drone_000725.pt,True,2026-01-19,living-room,low noise,ambience,75,22050,300,1
drone_000726.pt,True,2026-01-19,living-room,low noise,ambience,75,22050,300,1
drone_000727.pt,True,2026-01-19,living-room,low noise,ambience,75,22050,300,1
drone_000728.pt,True,2026-01-19,living-room,low noise,ambience,75,22050,300,1
drone_000729.pt,True,2026-01-19,living-room,low noise,ambience,75,22050,300,1
drone_000730.pt,True,2026-01-19,living-room,low noise,ambience,75,22050,300,1
drone_000731.pt,True,2026-01-19,living-room,low noise,ambience,75,22050,300,1
drone_000732.pt,True,2026-01-19,living-room,low noise,ambience,75,22050,300,1
drone_000733.pt,True,2026-01-19,living-room,low noise,ambience,75,22050,300,1
drone_000734.pt,True,2026-01-19,living-room,low noise,ambience,75,22050,300,1
drone_000735.pt,True,2026-01-19,living-room,low noise,ambience,75,22050,300,1
drone_000736.pt,True,2026-01-19,living-room,low noise,ambience,75,22050,300,1
drone_000737.pt,True,2026-01-19,living-room,low noise,ambience,75,22050,300,1
drone_000738.pt,True,2026-01-19,living-room,low noise,ambience,75,22050,300,1
drone_000739.pt,True,2026-01-19,living-room,low noise,ambience,75,22050,300,1
drone_000740.pt,True,2026-01-19,living-room,low noise,ambience,75,22050,300,1
drone_000741.pt,True,2026-01-19,living-room,low noise,ambience,75,22050,300,1
drone_000742.pt,True,2026-01-19,living-room,low noise,ambience,75,22050,300,1
drone_000743.pt,True,2026-01-19,living-room,low noise,ambience,75,22050,300,1
drone_000744.pt,True,2026-01-19,living-room,low noise,ambience,75,22050,300,1
drone_000745.pt,True,2026-01-19,living-room,low noise,ambience,75,22050,300,1
drone_000746.pt,True,2026-01-19,living-room,low noise,ambience,75,22050,300,1
drone_000747.pt,True,2026-01-19,living-room,low noise,ambience,75,22050,300,1
drone_000748.pt,True,2026-01-19,living-room,low noise,ambience,75,22050,300,1
drone_000749.pt,True,2026-01-19,living-room,low noise,ambience,75,22050,300,1
drone_000750.pt,True,2026-01-19,living-room,low noise,ambience,75,22050,300,1
drone_000751.pt,True,2026-01-19,living-room,low noise,ambience,75,22050,300,1
drone_000752.pt,True,2026-01-19,living-room,low noise,ambience,75,22050,300,1
drone_000753.pt,True,2026-01-19,living-room,low noise,ambience,75,22050,300,1
drone_000754.pt,True,2026-01-19,living-room,low noise,ambience,75,22050,300,1
drone_000755.pt,True,2026-01-19,living-room,low noise,ambience,75,22050,300,1
drone_000756.pt,True,2026-01-19,living-room,low noise,ambience,75,22050,300,1
drone_000757.pt,True,2026-01-19,living-room,low noise,ambience,75,22050,300,1
drone_000758.pt,True,2026-01-19,living-room,low noise,ambience,75,22050,300,1
drone_000759.pt,True,2026-01-19,living-room,low noise,ambience,75,22050,300,1
drone_000760.pt,True,2026-01-19,living-room,low noise,ambience,75,22050,300,1
drone_000761.pt,True,2026-01-19,living-room,low noise,ambience,75,22050,300,1
drone_000762.pt,True,2026-01-19,living-room,low noise,ambience,75,22050,300,1
drone_000763.pt,True,2026-01-19,living-room,low noise,ambience,75,22050,300,1
drone_000764.pt,True,2026-01-19,living-room,low noise,ambience,75,22050,300,1
drone_000765.pt,True,2026-01-19,living-room,low noise,ambience,75,22050,300,1
drone_000766.pt,True,2026-01-19,living-room,low noise,ambience,75,22050,300,1
drone_000767.pt,True,2026-01-19,living-room,low noise,ambience,75,22050,300,1
drone_000768.pt,True,2026-01-19,living-room,low noise,ambience,75,22050,300,1
drone_000769.pt,True,2026-01-19,living-room,low noise,ambience,75,22050,300,1
drone_000770.pt,True,2026-01-19,living-room,low noise,ambience,75,22050,300,1
drone_000771.pt,True,2026-01-19,living-room,low noise,ambience,75,22050,300,1
drone_000772.pt,True,2026-01-19,living-room,low noise,ambience,75,22050,300,1
drone_000773.pt,True,2026-01-19,living-room,low noise,ambience,75,22050,300,1
drone_000774.pt,True,2026-01-19,living-room,low noise,ambience,75,22050,300,1
drone_000775.pt,True,2026-01-19,living-room,low noise,ambience,75,22050,300,1
drone_000776.pt,True,2026-01-19,living-room,low noise,ambience,75,22050,300,1
drone_000777.pt,True,2026-01-19,living-room,low noise,ambience,75,22050,300,1
drone_000778.pt,True,2026-01-19,living-room,low noise,ambience,75,22050,300,1
drone_000779.pt,True,2026-01-19,living-room,low noise,ambience,75,22050,300,1
drone_000780.pt,True,2026-01-19,living-room,low noise,ambience,75,22050,300,1
drone_000781.pt,True,2026-01-19,living-room,low noise,ambience,75,22050,300,1
drone_000782.pt,True,2026-01-19,living-room,low noise,ambience,75,22050,300,1
drone_000783.pt,True,2026-01-19,living-room,low noise,ambience,75,22050,300,1
ambience_001129.pt,False,2025-12-15,room,low noise,"rain, wind, urban, airplane",50,22050,1200,2
ambience_001130.pt,False,2025-12-15,room,low noise,"rain, wind, urban, airplane",50,22050,1200,2
ambience_001131.pt,False,2025-12-15,room,low noise,"rain, wind, urban, airplane",50,22050,1200,2
ambience_001132.pt,False,2025-12-15,room,low noise,"rain, wind, urban, airplane",50,22050,1200,2
ambience_001133.pt,False,2025-12-15,room,low noise,"rain, wind, urban, airplane",50,22050,1200,2
ambience_001134.pt,False,2025-12-15,room,low noise,"rain, wind, urban, airplane",50,22050,1200,2
ambience_001135.pt,False,2025-12-15,room,low noise,"rain, wind, urban, airplane",50,22050,1200,2
ambience_001136.pt,False,2025-12-15,room,low noise,"rain, wind, urban, airplane",50,22050,1200,2
ambience_001137.pt,False,2025-12-15,room,low noise,"rain, wind, urban, airplane",50,22050,1200,2
ambience_001138.pt,False,2025-12-15,room,low noise,"rain, wind, urban, airplane",50,22050,1200,2
ambience_001139.pt,False,2025-12-15,room,low noise,"rain, wind, urban, airplane",50,22050,1200,2
ambience_001140.pt,False,2025-12-15,room,low noise,"rain, wind, urban, airplane",50,22050,1200,2
ambience_001141.pt,False,2025-12-15,room,low noise,"rain, wind, urban, airplane",50,22050,1200,2
ambience_001142.pt,False,2025-12-15,room,low noise,"rain, wind, urban, airplane",50,22050,1200,2
ambience_001143.pt,False,2025-12-15,room,low noise,"rain, wind, urban, airplane",50,22050,1200,2
ambience_001144.pt,False,2025-12-15,room,low noise,"rain, wind, urban, airplane",50,22050,1200,2
ambience_001145.pt,False,2025-12-15,room,low noise,"rain, wind, urban, airplane",50,22050,1200,2
ambience_001146.pt,False,2025-12-15,room,low noise,"rain, wind, urban, airplane",50,22050,1200,2
ambience_001147.pt,False,2025-12-15,room,low noise,"rain, wind, urban, airplane",50,22050,1200,2
ambience_001148.pt,False,2025-12-15,room,low noise,"rain, wind, urban, airplane",50,22050,1200,2
ambience_001149.pt,False,2025-12-15,room,low noise,"rain, wind, urban, airplane",50,22050,1200,2
ambience_001150.pt,False,2025-12-15,room,low noise,"rain, wind, urban, airplane",50,22050,1200,2
ambience_001151.pt,False,2025-12-15,room,low noise,"rain, wind, urban, airplane",50,22050,1200,2
ambience_001152.pt,False,2025-12-15,room,low noise,"rain, wind, urban, airplane",50,22050,1200,2
ambience_001153.pt,False,2025-12-15,room,low noise,"rain, wind, urban, airplane",50,22050,1200,2
ambience_001154.pt,False,2025-12-15,room,low noise,"rain, wind, urban, airplane",50,22050,1200,2
ambience_001155.pt,False,2025-12-15,room,low noise,"rain, wind, urban, airplane",50,22050,1200,2
ambience_001156.pt,False,2025-12-15,room,low noise,"rain, wind, urban, airplane",50,22050,1200,2
ambience_001157.pt,False,2025-12-15,room,low noise,"rain, wind, urban, airplane",50,22050,1200,2
ambience_001158.pt,False,2025-12-15,room,low noise,"rain, wind, urban, airplane",50,22050,1200,2
ambience_001159.pt,False,2025-12-15,room,low noise,"rain, wind, urban, airplane",50,22050,1200,2
ambience_001160.pt,False,2025-12-15,room,low noise,"rain, wind, urban, airplane",50,22050,1200,2
ambience_001161.pt,False,2025-12-15,room,low noise,"rain, wind, urban, airplane",50,22050,1200,2
ambience_001162.pt,False,2025-12-15,room,low noise,"rain, wind, urban, airplane",50,22050,1200,2
ambience_001163.pt,False,2025-12-15,room,low noise,"rain, wind, urban, airplane",50,22050,1200,2
ambience_001164.pt,False,2025-12-15,room,low noise,"rain, wind, urban, airplane",50,22050,1200,2
ambience_001165.pt,False,2025-12-15,room,low noise,"rain, wind, urban, airplane",50,22050,1200,2
ambience_001166.pt,False,2025-12-15,room,low noise,"rain, wind, urban, airplane",50,22050,1200,2
ambience_001167.pt,False,2025-12-15,room,low noise,"rain, wind, urban, airplane",50,22050,1200,2
ambience_001168.pt,False,2025-12-15,room,low noise,"rain, wind, urban, airplane",50,22050,1200,2
ambience_001169.pt,False,2025-12-15,room,low noise,"rain, wind, urban, airplane",50,22050,1200,2
ambience_001170.pt,False,2025-12-15,room,low noise,"rain, wind, urban, airplane",50,22050,1200,2
ambience_001171.pt,False,2025-12-15,room,low noise,"rain, wind, urban, airplane",50,22050,1200,2
ambience_001172.pt,False,2025-12-15,room,low noise,"rain, wind, urban, airplane",50,22050,1200,2
ambience_001173.pt,False,2025-12-15,room,low noise,"rain, wind, urban, airplane",50,22050,1200,2
ambience_001174.pt,False,2025-12-15,room,low noise,"rain, wind, urban, airplane",50,22050,1200,2
ambience_001175.pt,False,2025-12-15,room,low noise,"rain, wind, urban, airplane",50,22050,1200,2
ambience_001176.pt,False,2025-12-15,room,low noise,"rain, wind, urban, airplane",50,22050,1200,2
ambience_001177.pt,False,2025-12-15,room,low noise,"rain, wind, urban, airplane",50,22050,1200,2
ambience_001178.pt,False,2025-12-15,room,low noise,"rain, wind, urban, airplane",50,22050,1200,2
ambience_001179.pt,False,2025-12-15,room,low noise,"rain, wind, urban, airplane",50,22050,1200,2
ambience_001180.pt,False,2025-12-15,room,low noise,"rain, wind, urban, airplane",50,22050,1200,2
ambience_001181.pt,False,2025-12-15,room,low noise,"rain, wind, urban, airplane",50,22050,1200,2
ambience_001182.pt,False,2025-12-15,room,low noise,"rain, wind, urban, airplane",50,22050,1200,2
ambience_001183.pt,False,2025-12-15,room,low noise,"rain, wind, urban, airplane",50,22050,1200,2
ambience_001184.pt,False,2025-12-15,room,low noise,"rain, wind, urban, airplane",50,22050,1200,2
ambience_001185.pt,False,2025-12-15,room,low noise,"rain, wind, urban, airplane",50,22050,1200,2
ambience_001186.pt,False,2025-12-15,room,low noise,"rain, wind, urban, airplane",50,22050,1200,2
ambience_001187.pt,False,2025-12-15,room,low noise,"rain, wind, urban, airplane",50,22050,1200,2
ambience_001188.pt,False,2025-12-15,room,low noise,"rain, wind, urban, airplane",50,22050,1200,2
ambience_001189.pt,False,2025-12-15,room,low noise,"rain, wind, urban, airplane",50,22050,1200,2
ambience_001190.pt,False,2025-12-15,room,low noise,"rain, wind, urban, airplane",50,22050,1200,2
ambience_001191.pt,False,2025-12-15,room,low noise,"rain, wind, urban, airplane",50,22050,1200,2
ambience_001192.pt,False,2025-12-15,room,low noise,"rain, wind, urban, airplane",50,22050,1200,2
ambience_001193.pt,False,2025-12-15,room,low noise,"rain, wind, urban, airplane",50,22050,1200,2
ambience_001194.pt,False,2025-12-15,room,low noise,"rain, wind, urban, airplane",50,22050,1200,2
ambience_001195.pt,False,2025-12-15,room,low noise,"rain, wind, urban, airplane",50,22050,1200,2
ambience_001196.pt,False,2025-12-15,room,low noise,"rain, wind, urban, airplane",50,22050,1200,2
ambience_001197.pt,False,2025-12-15,room,low noise,"rain, wind, urban, airplane",50,22050,1200,2
ambience_001198.pt,False,2025-12-15,room,low noise,"rain, wind, urban, airplane",50,22050,1200,2
ambience_001199.pt,False,2025-12-15,room,low noise,"rain, wind, urban, airplane",50,22050,1200,2
ambience_001200.pt,False,2025-12-15,room,low noise,"rain, wind, urban, airplane",50,22050,1200,2
ambience_001201.pt,False,2025-12-15,room,low noise,"rain, wind, urban, airplane",50,22050,1200,2
ambience_001202.pt,False,2025-12-15,room,low noise,"rain, wind, urban, airplane",50,22050,1200,2
ambience_001203.pt,False,2025-12-15,room,low noise,"rain, wind, urban, airplane",50,22050,1200,2
ambience_001204.pt,False,2025-12-15,room,low noise,"rain, wind, urban, airplane",50,22050,1200,2
ambience_001205.pt,False,2025-12-15,room,low noise,"rain, wind, urban, airplane",50,22050,1200,2
ambience_001206.pt,False,2025-12-15,room,low noise,"rain, wind, urban, airplane",50,22050,1200,2
ambience_001207.pt,False,2025-12-15,room,low noise,"rain, wind, urban, airplane",50,22050,1200,2
ambience_001208.pt,False,2025-12-15,room,low noise,"rain, wind, urban, airplane",50,22050,1200,2
ambience_001209.pt,False,2025-12-15,room,low noise,"rain, wind, urban, airplane",50,22050,1200,2
ambience_001210.pt,False,2025-12-15,room,low noise,"rain, wind, urban, airplane",50,22050,1200,2
ambience_001211.pt,False,2025-12-15,room,low noise,"rain, wind, urban, airplane",50,22050,1200,2
ambience_001212.pt,False,2025-12-15,room,low noise,"rain, wind, urban, airplane",50,22050,1200,2
ambience_001213.pt,False,2025-12-15,room,low noise,"rain, wind, urban, airplane",50,22050,1200,2
ambience_001214.pt,False,2025-12-15,room,low noise,"rain, wind, urban, airplane",50,22050,1200,2
ambience_001215.pt,False,2025-12-15,room,low noise,"rain, wind, urban, airplane",50,22050,1200,2
ambience_001216.pt,False,2025-12-15,room,low noise,"rain, wind, urban, airplane",50,22050,1200,2
ambience_001217.pt,False,2025-12-15,room,low noise,"rain, wind, urban, airplane",50,22050,1200,2
ambience_001218.pt,False,2025-12-15,room,low noise,"rain, wind, urban, airplane",50,22050,1200,2
ambience_001219.pt,False,2025-12-15,room,low noise,"rain, wind, urban, airplane",50,22050,1200,2
ambience_001220.pt,False,2025-12-15,room,low noise,"rain, wind, urban, airplane",50,22050,1200,2
ambience_001221.pt,False,2025-12-15,room,low noise,"rain, wind, urban, airplane",50,22050,1200,2
ambience_001222.pt,False,2025-12-15,room,low noise,"rain, wind, urban, airplane",50,22050,1200,2
ambience_001223.pt,False,2025-12-15,room,low noise,"rain, wind, urban, airplane",50,22050,1200,2
ambience_001224.pt,False,2025-12-15,room,low noise,"rain, wind, urban, airplane",50,22050,1200,2
ambience_001225.pt,False,2025-12-15,room,low noise,"rain, wind, urban, airplane",50,22050,1200,2
ambience_001226.pt,False,2025-12-15,room,low noise,"rain, wind, urban, airplane",50,22050,1200,2
ambience_001227.pt,False,2025-12-15,room,low noise,"rain, wind, urban, airplane",50,22050,1200,2
ambience_001228.pt,False,2025-12-15,room,low noise,"rain, wind, urban, airplane",50,22050,1200,2
ambience_001229.pt,False,2025-12-15,room,low noise,"rain, wind, urban, airplane",50,22050,1200,2
ambience_001230.pt,False,2025-12-15,room,low noise,"rain, wind, urban, airplane",50,22050,1200,2
ambience_001231.pt,False,2025-12-15,room,low noise,"rain, wind, urban, airplane",50,22050,1200,2
ambience_001232.pt,False,2025-12-15,room,low noise,"rain, wind, urban, airplane",50,22050,1200,2
ambience_001233.pt,False,2025-12-15,room,low noise,"rain, wind, urban, airplane",50,22050,1200,2
ambience_001234.pt,False,2025-12-15,room,low noise,"rain, wind, urban, airplane",50,22050,1200,2
ambience_001235.pt,False,2025-12-15,room,low noise,"rain, wind, urban, airplane",50,22050,1200,2
ambience_001236.pt,False,2025-12-15,room,low noise,"rain, wind, urban, airplane",50,22050,1200,2
ambience_001237.pt,False,2025-12-15,room,low noise,"rain, wind, urban, airplane",50,22050,1200,2
ambience_001238.pt,False,2025-12-15,room,low noise,"rain, wind, urban, airplane",50,22050,1200,2
ambience_001239.pt,False,2025-12-15,room,low noise,"rain, wind, urban, airplane",50,22050,1200,2
ambience_001240.pt,False,2025-12-15,room,low noise,"rain, wind, urban, airplane",50,22050,1200,2
ambience_001241.pt,False,2025-12-15,room,low noise,"rain, wind, urban, airplane",50,22050,1200,2
ambience_001242.pt,False,2025-12-15,room,low noise,"rain, wind, urban, airplane",50,22050,1200,2
ambience_001243.pt,False,2025-12-15,room,low noise,"rain, wind, urban, airplane",50,22050,1200,2
ambience_001244.pt,False,2025-12-15,room,low noise,"rain, wind, urban, airplane",50,22050,1200,2
ambience_001245.pt,False,2025-12-15,room,low noise,"rain, wind, urban, airplane",50,22050,1200,2
ambience_001246.pt,False,2025-12-15,room,low noise,"rain, wind, urban, airplane",50,22050,1200,2
ambience_001247.pt,False,2025-12-15,room,low noise,"rain, wind, urban, airplane",50,22050,1200,2
ambience_001248.pt,False,2025-12-15,room,low noise,"rain, wind, urban, airplane",50,22050,1200,2
ambience_001249.pt,False,2025-12-15,room,low noise,"rain, wind, urban, airplane",50,22050,1200,2
ambience_001250.pt,False,2025-12-15,room,low noise,"rain, wind, urban, airplane",50,22050,1200,2
ambience_001251.pt,False,2025-12-15,room,low noise,"rain, wind, urban, airplane",50,22050,1200,2
ambience_001252.pt,False,2025-12-15,room,low noise,"rain, wind, urban, airplane",50,22050,1200,2
ambience_001253.pt,False,2025-12-15,room,low noise,"rain, wind, urban, airplane",50,22050,1200,2
ambience_001254.pt,False,2025-12-15,room,low noise,"rain, wind, urban, airplane",50,22050,1200,2
ambience_001255.pt,False,2025-12-15,room,low noise,"rain, wind, urban, airplane",50,22050,1200,2
ambience_001256.pt,False,2025-12-15,room,low noise,"rain, wind, urban, airplane",50,22050,1200,2
ambience_001257.pt,False,2025-12-15,room,low noise,"rain, wind, urban, airplane",50,22050,1200,2
ambience_001258.pt,False,2025-12-15,room,low noise,"rain, wind, urban, airplane",50,22050,1200,2
ambience_001259.pt,False,2025-12-15,room,low noise,"rain, wind, urban, airplane",50,22050,1200,2
ambience_001260.pt,False,2025-12-15,room,low noise,"rain, wind, urban, airplane",50,22050,1200,2
ambience_001261.pt,False,2025-12-15,room,low noise,"rain, wind, urban, airplane",50,22050,1200,2
ambience_001262.pt,False,2025-12-15,room,low noise,"rain, wind, urban, airplane",50,22050,1200,2
ambience_001263.pt,False,2025-12-15,room,low noise,"rain, wind, urban, airplane",50,22050,1200,2
ambience_001264.pt,False,2025-12-15,room,low noise,"rain, wind, urban, airplane",50,22050,1200,2
ambience_001265.pt,False,2025-12-15,room,low noise,"rain, wind, urban, airplane",50,22050,1200,2
ambience_001266.pt,False,2025-12-15,room,low noise,"rain, wind, urban, airplane",50,22050,1200,2
ambience_001267.pt,False,2025-12-15,room,low noise,"rain, wind, urban, airplane",50,22050,1200,2
ambience_001268.pt,False,2025-12-15,room,low noise,"rain, wind, urban, airplane",50,22050,1200,2
ambience_001269.pt,False,2025-12-15,room,low noise,"rain, wind, urban, airplane",50,22050,1200,2
ambience_001270.pt,False,2025-12-15,room,low noise,"rain, wind, urban, airplane",50,22050,1200,2
ambience_001271.pt,False,2025-12-15,room,low noise,"rain, wind, urban, airplane",50,22050,1200,2
ambience_001272.pt,False,2025-12-15,room,low noise,"rain, wind, urban, airplane",50,22050,1200,2
ambience_001273.pt,False,2025-12-15,room,low noise,"rain, wind, urban, airplane",50,22050,1200,2
ambience_001274.pt,False,2025-12-15,room,low noise,"rain, wind, urban, airplane",50,22050,1200,2
ambience_001275.pt,False,2025-12-15,room,low noise,"rain, wind, urban, airplane",50,22050,1200,2
ambience_001276.pt,False,2025-12-15,room,low noise,"rain, wind, urban, airplane",50,22050,1200,2
ambience_001277.pt,False,2025-12-15,room,low noise,"rain, wind, urban, airplane",50,22050,1200,2
ambience_001278.pt,False,2025-12-15,room,low noise,"rain, wind, urban, airplane",50,22050,1200,2
ambience_001279.pt,False,2025-12-15,room,low noise,"rain, wind, urban, airplane",50,22050,1200,2
ambience_001280.pt,False,2025-12-15,room,low noise,"rain, wind, urban, airplane",50,22050,1200,2
ambience_001281.pt,False,2025-12-15,room,low noise,"rain, wind, urban, airplane",50,22050,1200,2
ambience_001282.pt,False,2025-12-15,room,low noise,"rain, wind, urban, airplane",50,22050,1200,2
ambience_001283.pt,False,2025-12-15,room,low noise,"rain, wind, urban, airplane",50,22050,1200,2
ambience_001284.pt,False,2025-12-15,room,low noise,"rain, wind, urban, airplane",50,22050,1200,2
ambience_001285.pt,False,2025-12-15,room,low noise,"rain, wind, urban, airplane",50,22050,1200,2
ambience_001286.pt,False,2025-12-15,room,low noise,"rain, wind, urban, airplane",50,22050,1200,2
ambience_001287.pt,False,2025-12-15,room,low noise,"rain, wind, urban, airplane",50,22050,1200,2
ambience_001288.pt,False,2025-12-15,room,low noise,"rain, wind, urban, airplane",50,22050,1200,2
ambience_001289.pt,False,2025-12-15,room,low noise,"rain, wind, urban, airplane",50,22050,1200,2
ambience_001290.pt,False,2025-12-15,room,low noise,"rain, wind, urban, airplane",50,22050,1200,2
ambience_001291.pt,False,2025-12-15,room,low noise,"rain, wind, urban, airplane",50,22050,1200,2
ambience_001292.pt,False,2025-12-15,room,low noise,"rain, wind, urban, airplane",50,22050,1200,2
ambience_001293.pt,False,2025-12-15,room,low noise,"rain, wind, urban, airplane",50,22050,1200,2
ambience_001294.pt,False,2025-12-15,room,low noise,"rain, wind, urban, airplane",50,22050,1200,2
ambience_001295.pt,False,2025-12-15,room,low noise,"rain, wind, urban, airplane",50,22050,1200,2
ambience_001296.pt,False,2025-12-15,room,low noise,"rain, wind, urban, airplane",50,22050,1200,2
ambience_001297.pt,False,2025-12-15,room,low noise,"rain, wind, urban, airplane",50,22050,1200,2
ambience_001298.pt,False,2025-12-15,room,low noise,"rain, wind, urban, airplane",50,22050,1200,2
ambience_001299.pt,False,2025-12-15,room,low noise,"rain, wind, urban, airplane",50,22050,1200,2
ambience_001300.pt,False,2025-12-15,room,low noise,"rain, wind, urban, airplane",50,22050,1200,2
ambience_001301.pt,False,2025-12-15,room,low noise,"rain, wind, urban, airplane",50,22050,1200,2
ambience_001302.pt,False,2025-12-15,room,low noise,"rain, wind, urban, airplane",50,22050,1200,2
ambience_001303.pt,False,2025-12-15,room,low noise,"rain, wind, urban, airplane",50,22050,1200,2
ambience_001304.pt,False,2025-12-15,room,low noise,"rain, wind, urban, airplane",50,22050,1200,2
ambience_001305.pt,False,2025-12-15,room,low noise,"rain, wind, urban, airplane",50,22050,1200,2
ambience_001306.pt,False,2025-12-15,room,low noise,"rain, wind, urban, airplane",50,22050,1200,2
ambience_001307.pt,False,2025-12-15,room,low noise,"rain, wind, urban, airplane",50,22050,1200,2
ambience_001308.pt,False,2025-12-15,room,low noise,"rain, wind, urban, airplane",50,22050,1200,2
ambience_001309.pt,False,2025-12-15,room,low noise,"rain, wind, urban, airplane",50,22050,1200,2
ambience_001310.pt,False,2025-12-15,room,low noise,"rain, wind, urban, airplane",50,22050,1200,2
ambience_001311.pt,False,2025-12-15,room,low noise,"rain, wind, urban, airplane",50,22050,1200,2
ambience_001312.pt,False,2025-12-15,room,low noise,"rain, wind, urban, airplane",50,22050,1200,2
ambience_001313.pt,False,2025-12-15,room,low noise,"rain, wind, urban, airplane",50,22050,1200,2
ambience_001314.pt,False,2025-12-15,room,low noise,"rain, wind, urban, airplane",50,22050,1200,2
ambience_001315.pt,False,2025-12-15,room,low noise,"rain, wind, urban, airplane",50,22050,1200,2
ambience_001316.pt,False,2025-12-15,room,low noise,"rain, wind, urban, airplane",50,22050,1200,2
ambience_001317.pt,False,2025-12-15,room,low noise,"rain, wind, urban, airplane",50,22050,1200,2
ambience_001318.pt,False,2025-12-15,room,low noise,"rain, wind, urban, airplane",50,22050,1200,2
ambience_001319.pt,False,2025-12-15,room,low noise,"rain, wind, urban, airplane",50,22050,1200,2
ambience_001320.pt,False,2025-12-15,room,low noise,"rain, wind, urban, airplane",50,22050,1200,2
ambience_001321.pt,False,2025-12-15,room,low noise,"rain, wind, urban, airplane",50,22050,1200,2
ambience_001322.pt,False,2025-12-15,room,low noise,"rain, wind, urban, airplane",50,22050,1200,2
ambience_001323.pt,False,2025-12-15,room,low noise,"rain, wind, urban, airplane",50,22050,1200,2
ambience_001324.pt,False,2025-12-15,room,low noise,"rain, wind, urban, airplane",50,22050,1200,2
ambience_001325.pt,False,2025-12-15,room,low noise,"rain, wind, urban, airplane",50,22050,1200,2
ambience_001326.pt,False,2025-12-15,room,low noise,"rain, wind, urban, airplane",50,22050,1200,2
ambience_001327.pt,False,2025-12-15,room,low noise,"rain, wind, urban, airplane",50,22050,1200,2
ambience_001328.pt,False,2025-12-15,room,low noise,"rain, wind, urban, airplane",50,22050,1200,2
ambience_001329.pt,False,2025-12-15,room,low noise,"rain, wind, urban, airplane",50,22050,1200,2
ambience_001330.pt,False,2025-12-15,room,low noise,"rain, wind, urban, airplane",50,22050,1200,2
ambience_001331.pt,False,2025-12-15,room,low noise,"rain, wind, urban, airplane",50,22050,1200,2
ambience_001332.pt,False,2025-12-15,room,low noise,"rain, wind, urban, airplane",50,22050,1200,2
ambience_001333.pt,False,2025-12-15,room,low noise,"rain, wind, urban, airplane",50,22050,1200,2
ambience_001334.pt,False,2025-12-15,room,low noise,"rain, wind, urban, airplane",50,22050,1200,2
ambience_001335.pt,False,2025-12-15,room,low noise,"rain, wind, urban, airplane",50,22050,1200,2
ambience_001336.pt,False,2025-12-15,room,low noise,"rain, wind, urban, airplane",50,22050,1200,2
ambience_001337.pt,False,2025-12-15,room,low noise,"rain, wind, urban, airplane",50,22050,1200,2
ambience_001338.pt,False,2025-12-15,room,low noise,"rain, wind, urban, airplane",50,22050,1200,2
ambience_001339.pt,False,2025-12-15,room,low noise,"rain, wind, urban, airplane",50,22050,1200,2
ambience_001340.pt,False,2025-12-15,room,low noise,"rain, wind, urban, airplane",50,22050,1200,2
ambience_001341.pt,False,2025-12-15,room,low noise,"rain, wind, urban, airplane",50,22050,1200,2
ambience_001342.pt,False,2025-12-15,room,low noise,"rain, wind, urban, airplane",50,22050,1200,2
ambience_001343.pt,False,2025-12-15,room,low noise,"rain, wind, urban, airplane",50,22050,1200,2
ambience_001344.pt,False,2025-12-15,room,low noise,"rain, wind, urban, airplane",50,22050,1200,2
ambience_001345.pt,False,2025-12-15,room,low noise,"rain, wind, urban, airplane",50,22050,1200,2
ambience_001346.pt,False,2025-12-15,room,low noise,"rain, wind, urban, airplane",50,22050,1200,2
ambience_001347.pt,False,2025-12-15,room,low noise,"rain, wind, urban, airplane",50,22050,1200,2
ambience_001348.pt,False,2025-12-15,room,low noise,"rain, wind, urban, airplane",50,22050,1200,2
ambience_001349.pt,False,2025-12-15,room,low noise,"rain, wind, urban, airplane",50,22050,1200,2
ambience_001350.pt,False,2025-12-15,room,low noise,"rain, wind, urban, airplane",50,22050,1200,2
ambience_001351.pt,False,2025-12-15,room,low noise,"rain, wind, urban, airplane",50,22050,1200,2
ambience_001352.pt,False,2025-12-15,room,low noise,"rain, wind, urban, airplane",50,22050,1200,2
ambience_001353.pt,False,2025-12-15,room,low noise,"rain, wind, urban, airplane",50,22050,1200,2
ambience_001354.pt,False,2025-12-15,room,low noise,"rain, wind, urban, airplane",50,22050,1200,2
ambience_001355.pt,False,2025-12-15,room,low noise,"rain, wind, urban, airplane",50,22050,1200,2
ambience_001356.pt,False,2025-12-15,room,low noise,"rain, wind, urban, airplane",50,22050,1200,2
ambience_001357.pt,False,2025-12-15,room,low noise,"rain, wind, urban, airplane",50,22050,1200,2
ambience_001358.pt,False,2025-12-15,room,low noise,"rain, wind, urban, airplane",50,22050,1200,2
ambience_001359.pt,False,2025-12-15,room,low noise,"rain, wind, urban, airplane",50,22050,1200,2
ambience_001360.pt,False,2025-12-15,room,low noise,"rain, wind, urban, airplane",50,22050,1200,2
ambience_001361.pt,False,2025-12-15,room,low noise,"rain, wind, urban, airplane",50,22050,1200,2
ambience_001362.pt,False,2025-12-15,room,low noise,"rain, wind, urban, airplane",50,22050,1200,2
ambience_001363.pt,False,2025-12-15,room,low noise,"rain, wind, urban, airplane",50,22050,1200,2
ambience_001364.pt,False,2025-12-15,room,low noise,"rain, wind, urban, airplane",50,22050,1200,2
ambience_001365.pt,False,2025-12-15,room,low noise,"rain, wind, urban, airplane",50,22050,1200,2
ambience_001366.pt,False,2025-12-15,room,low noise,"rain, wind, urban, airplane",50,22050,1200,2
ambience_001367.pt,False,2025-12-15,room,low noise,"rain, wind, urban, airplane",50,22050,1200,2
ambience_001368.pt,False,2025-12-15,room,low noise,"rain, wind, urban, airplane",50,22050,1200,2
ambience_001369.pt,False,2025-12-15,room,low noise,"rain, wind, urban, airplane",50,22050,1200,2
ambience_001370.pt,False,2025-12-15,room,low noise,"rain, wind, urban, airplane",50,22050,1200,2
ambience_001371.pt,False,2025-12-15,room,low noise,"rain, wind, urban, airplane",50,22050,1200,2
ambience_001372.pt,False,2025-12-15,room,low noise,"rain, wind, urban, airplane",50,22050,1200,2
ambience_001373.pt,False,2025-12-15,room,low noise,"rain, wind, urban, airplane",50,22050,1200,2
ambience_001374.pt,False,2025-12-15,room,low noise,"rain, wind, urban, airplane",50,22050,1200,2
ambience_001375.pt,False,2025-12-15,room,low noise,"rain, wind, urban, airplane",50,22050,1200,2
ambience_001376.pt,False,2025-12-15,room,low noise,"rain, wind, urban, airplane",50,22050,1200,2
ambience_001377.pt,False,2025-12-15,room,low noise,"rain, wind, urban, airplane",50,22050,1200,2
ambience_001378.pt,False,2025-12-15,room,low noise,"rain, wind, urban, airplane",50,22050,1200,2
ambience_001379.pt,False,2025-12-15,room,low noise,"rain, wind, urban, airplane",50,22050,1200,2
ambience_001380.pt,False,2025-12-15,room,low noise,"rain, wind, urban, airplane",50,22050,1200,2
ambience_001381.pt,False,2025-12-15,room,low noise,"rain, wind, urban, airplane",50,22050,1200,2
ambience_001382.pt,False,2025-12-15,room,low noise,"rain, wind, urban, airplane",50,22050,1200,2
ambience_001383.pt,False,2025-12-15,room,low noise,"rain, wind, urban, airplane",50,22050,1200,2
ambience_001384.pt,False,2025-12-15,room,low noise,"rain, wind, urban, airplane",50,22050,1200,2
ambience_001385.pt,False,2025-12-15,room,low noise,"rain, wind, urban, airplane",50,22050,1200,2
ambience_001386.pt,False,2025-12-15,room,low noise,"rain, wind, urban, airplane",50,22050,1200,2
ambience_001387.pt,False,2025-12-15,room,low noise,"rain, wind, urban, airplane",50,22050,1200,2
ambience_001388.pt,False,2025-12-15,room,low noise,"rain, wind, urban, airplane",50,22050,1200,2
ambience_001389.pt,False,2025-12-15,room,low noise,"rain, wind, urban, airplane",50,22050,1200,2
ambience_001390.pt,False,2025-12-15,room,low noise,"rain, wind, urban, airplane",50,22050,1200,2
ambience_001391.pt,False,2025-12-15,room,low noise,"rain, wind, urban, airplane",50,22050,1200,2
ambience_001392.pt,False,2025-12-15,room,low noise,"rain, wind, urban, airplane",50,22050,1200,2
ambience_001393.pt,False,2025-12-15,room,low noise,"rain, wind, urban, airplane",50,22050,1200,2
ambience_001394.pt,False,2025-12-15,room,low noise,"rain, wind, urban, airplane",50,22050,1200,2
ambience_001395.pt,False,2025-12-15,room,low noise,"rain, wind, urban, airplane",50,22050,1200,2
ambience_001396.pt,False,2025-12-15,room,low noise,"rain, wind, urban, airplane",50,22050,1200,2
ambience_001397.pt,False,2025-12-15,room,low noise,"rain, wind, urban, airplane",50,22050,1200,2
ambience_001398.pt,False,2025-12-15,room,low noise,"rain, wind, urban, airplane",50,22050,1200,2
ambience_001399.pt,False,2025-12-15,room,low noise,"rain, wind, urban, airplane",50,22050,1200,2
ambience_001400.pt,False,2025-12-15,room,low noise,"rain, wind, urban, airplane",50,22050,1200,2
ambience_001401.pt,False,2025-12-15,room,low noise,"rain, wind, urban, airplane",50,22050,1200,2
ambience_001402.pt,False,2025-12-15,room,low noise,"rain, wind, urban, airplane",50,22050,1200,2
ambience_001403.pt,False,2025-12-15,room,low noise,"rain, wind, urban, airplane",50,22050,1200,2
ambience_001404.pt,False,2025-12-15,room,low noise,"rain, wind, urban, airplane",50,22050,1200,2
ambience_001405.pt,False,2025-12-15,room,low noise,"rain, wind, urban, airplane",50,22050,1200,2
ambience_001406.pt,False,2025-12-15,room,low noise,"rain, wind, urban, airplane",50,22050,1200,2
ambience_001407.pt,False,2025-12-15,room,low noise,"rain, wind, urban, airplane",50,22050,1200,2
ambience_001408.pt,False,2025-12-15,room,low noise,"rain, wind, urban, airplane",50,22050,1200,2
ambience_001409.pt,False,2025-12-15,room,low noise,"rain, wind, urban, airplane",50,22050,1200,2
ambience_001410.pt,False,2025-12-15,room,low noise,"rain, wind, urban, airplane",50,22050,1200,2
ambience_001411.pt,False,2025-12-15,room,low noise,"rain, wind, urban, airplane",50,22050,1200,2
ambience_001412.pt,False,2025-12-15,room,low noise,"rain, wind, urban, airplane",50,22050,1200,2
ambience_001413.pt,False,2025-12-15,room,low noise,"rain, wind, urban, airplane",50,22050,1200,2
ambience_001414.pt,False,2025-12-15,room,low noise,"rain, wind, urban, airplane",50,22050,1200,2
ambience_001415.pt,False,2025-12-15,room,low noise,"rain, wind, urban, airplane",50,22050,1200,2
ambience_001416.pt,False,2025-12-15,room,low noise,"rain, wind, urban, airplane",50,22050,1200,2
ambience_001417.pt,False,2025-12-15,room,low noise,"rain, wind, urban, airplane",50,22050,1200,2
ambience_001418.pt,False,2025-12-15,room,low noise,"rain, wind, urban, airplane",50,22050,1200,2
ambience_001419.pt,False,2025-12-15,room,low noise,"rain, wind, urban, airplane",50,22050,1200,2
ambience_001420.pt,False,2025-12-15,room,low noise,"rain, wind, urban, airplane",50,22050,1200,2
ambience_001421.pt,False,2025-12-15,room,low noise,"rain, wind, urban, airplane",50,22050,1200,2
ambience_001422.pt,False,2025-12-15,room,low noise,"rain, wind, urban, airplane",50,22050,1200,2
ambience_001423.pt,False,2025-12-15,room,low noise,"rain, wind, urban, airplane",50,22050,1200,2
ambience_001424.pt,False,2025-12-15,room,low noise,"rain, wind, urban, airplane",50,22050,1200,2
ambience_001425.pt,False,2025-12-15,room,low noise,"rain, wind, urban, airplane",50,22050,1200,2
ambience_001426.pt,False,2025-12-15,room,low noise,"rain, wind, urban, airplane",50,22050,1200,2
ambience_001427.pt,False,2025-12-15,room,low noise,"rain, wind, urban, airplane",50,22050,1200,2
ambience_001428.pt,False,2025-12-15,room,low noise,"rain, wind, urban, airplane",50,22050,1200,2
