filename,target,file_id,is_drone,date,location,noise_level,noise_type,gain,sr,duration,num,split,prob,pred_05,pred_tuned
drone_000000.pt,1,0,True,2025-12-20,ben shemen,mid noise,atv,50,22050,300,1,train,0.9866190552711487,1,1
drone_000001.pt,1,0,True,2025-12-20,ben shemen,mid noise,atv,50,22050,300,1,train,0.9788090586662292,1,1
drone_000002.pt,1,0,True,2025-12-20,ben shemen,mid noise,atv,50,22050,300,1,train,0.9411229491233826,1,1
drone_000003.pt,1,0,True,2025-12-20,ben shemen,mid noise,atv,50,22050,300,1,train,0.9322843551635742,1,1
drone_000004.pt,1,0,True,2025-12-20,ben shemen,mid noise,atv,50,22050,300,1,train,0.9293616414070129,1,1
drone_000005.pt,1,0,True,2025-12-20,ben shemen,mid noise,atv,50,22050,300,1,train,0.933194100856781,1,1
drone_000006.pt,1,0,True,2025-12-20,ben shemen,mid noise,atv,50,22050,300,1,train,0.8139420747756958,1,1
drone_000007.pt,1,0,True,2025-12-20,ben shemen,mid noise,atv,50,22050,300,1,train,0.819768488407135,1,1
drone_000008.pt,1,0,True,2025-12-20,ben shemen,mid noise,atv,50,22050,300,1,train,0.5731886029243469,1,1
drone_000009.pt,1,0,True,2025-12-20,ben shemen,mid noise,atv,50,22050,300,1,train,0.731184720993042,1,1
drone_000010.pt,1,0,True,2025-12-20,ben shemen,mid noise,atv,50,22050,300,1,train,0.7888267636299133,1,1
drone_000011.pt,1,0,True,2025-12-20,ben shemen,mid noise,atv,50,22050,300,1,train,0.6182212233543396,1,1
drone_000012.pt,1,0,True,2025-12-20,ben shemen,mid noise,atv,50,22050,300,1,train,0.6180567741394043,1,1
drone_000013.pt,1,0,True,2025-12-20,ben shemen,mid noise,atv,50,22050,300,1,train,0.7430037260055542,1,1
drone_000014.pt,1,0,True,2025-12-20,ben shemen,mid noise,atv,50,22050,300,1,train,0.8827199935913086,1,1
drone_000015.pt,1,0,True,2025-12-20,ben shemen,mid noise,atv,50,22050,300,1,train,0.9122570753097534,1,1
drone_000016.pt,1,0,True,2025-12-20,ben shemen,mid noise,atv,50,22050,300,1,train,0.9750120639801025,1,1
drone_000017.pt,1,0,True,2025-12-20,ben shemen,mid noise,atv,50,22050,300,1,train,0.9743266105651855,1,1
drone_000018.pt,1,0,True,2025-12-20,ben shemen,mid noise,atv,50,22050,300,1,train,0.9749050140380859,1,1
drone_000019.pt,1,0,True,2025-12-20,ben shemen,mid noise,atv,50,22050,300,1,train,0.6149468421936035,1,1
drone_000020.pt,1,0,True,2025-12-20,ben shemen,mid noise,atv,50,22050,300,1,train,0.7791556715965271,1,1
drone_000021.pt,1,0,True,2025-12-20,ben shemen,mid noise,atv,50,22050,300,1,train,0.9724159240722656,1,1
drone_000022.pt,1,0,True,2025-12-20,ben shemen,mid noise,atv,50,22050,300,1,train,0.9252598881721497,1,1
drone_000023.pt,1,0,True,2025-12-20,ben shemen,mid noise,atv,50,22050,300,1,train,0.9156560301780701,1,1
drone_000024.pt,1,0,True,2025-12-20,ben shemen,mid noise,atv,50,22050,300,1,train,0.9438493251800537,1,1
drone_000025.pt,1,0,True,2025-12-20,ben shemen,mid noise,atv,50,22050,300,1,train,0.9074965715408325,1,1
drone_000026.pt,1,0,True,2025-12-20,ben shemen,mid noise,atv,50,22050,300,1,train,0.910947859287262,1,1
drone_000027.pt,1,0,True,2025-12-20,ben shemen,mid noise,atv,50,22050,300,1,train,0.7722345590591431,1,1
drone_000028.pt,1,0,True,2025-12-20,ben shemen,mid noise,atv,50,22050,300,1,train,0.7661318182945251,1,1
drone_000029.pt,1,0,True,2025-12-20,ben shemen,mid noise,atv,50,22050,300,1,train,0.7499666810035706,1,1
drone_000030.pt,1,0,True,2025-12-20,ben shemen,mid noise,atv,50,22050,300,1,train,0.8445607423782349,1,1
drone_000031.pt,1,0,True,2025-12-20,ben shemen,mid noise,atv,50,22050,300,1,train,0.7809861302375793,1,1
drone_000032.pt,1,0,True,2025-12-20,ben shemen,mid noise,atv,50,22050,300,1,train,0.8362988233566284,1,1
drone_000033.pt,1,0,True,2025-12-20,ben shemen,mid noise,atv,50,22050,300,1,train,0.8883220553398132,1,1
drone_000034.pt,1,0,True,2025-12-20,ben shemen,mid noise,atv,50,22050,300,1,train,0.8094290494918823,1,1
drone_000035.pt,1,0,True,2025-12-20,ben shemen,mid noise,atv,50,22050,300,1,train,0.9071331024169922,1,1
drone_000036.pt,1,0,True,2025-12-20,ben shemen,mid noise,atv,50,22050,300,1,train,0.9053146839141846,1,1
drone_000037.pt,1,0,True,2025-12-20,ben shemen,mid noise,atv,50,22050,300,1,train,0.9451096653938293,1,1
drone_000038.pt,1,0,True,2025-12-20,ben shemen,mid noise,atv,50,22050,300,1,train,0.9550161957740784,1,1
drone_000039.pt,1,0,True,2025-12-20,ben shemen,mid noise,atv,50,22050,300,1,train,0.9754292964935303,1,1
drone_000040.pt,1,0,True,2025-12-20,ben shemen,mid noise,atv,50,22050,300,1,train,0.9777177572250366,1,1
drone_000041.pt,1,0,True,2025-12-20,ben shemen,mid noise,atv,50,22050,300,1,train,0.9108120203018188,1,1
drone_000042.pt,1,0,True,2025-12-20,ben shemen,mid noise,atv,50,22050,300,1,train,0.9340537786483765,1,1
drone_000043.pt,1,0,True,2025-12-20,ben shemen,mid noise,atv,50,22050,300,1,train,0.9427658319473267,1,1
drone_000044.pt,1,0,True,2025-12-20,ben shemen,mid noise,atv,50,22050,300,1,train,0.9456911683082581,1,1
drone_000045.pt,1,0,True,2025-12-20,ben shemen,mid noise,atv,50,22050,300,1,train,0.8353295922279358,1,1
drone_000046.pt,1,0,True,2025-12-20,ben shemen,mid noise,atv,50,22050,300,1,train,0.5848259925842285,1,1
drone_000047.pt,1,0,True,2025-12-20,ben shemen,mid noise,atv,50,22050,300,1,train,0.7027209997177124,1,1
drone_000048.pt,1,0,True,2025-12-20,ben shemen,mid noise,atv,50,22050,300,1,train,0.8454257845878601,1,1
drone_000049.pt,1,0,True,2025-12-20,ben shemen,mid noise,atv,50,22050,300,1,train,0.8197408318519592,1,1
drone_000050.pt,1,0,True,2025-12-20,ben shemen,mid noise,atv,50,22050,300,1,train,0.6419606804847717,1,1
drone_000051.pt,1,0,True,2025-12-20,ben shemen,mid noise,atv,50,22050,300,1,train,0.7760254144668579,1,1
drone_000052.pt,1,0,True,2025-12-20,ben shemen,mid noise,atv,50,22050,300,1,train,0.8026620149612427,1,1
drone_000053.pt,1,0,True,2025-12-20,ben shemen,mid noise,atv,50,22050,300,1,train,0.8311928510665894,1,1
drone_000054.pt,1,0,True,2025-12-20,ben shemen,mid noise,atv,50,22050,300,1,train,0.8752868175506592,1,1
drone_000055.pt,1,0,True,2025-12-20,ben shemen,mid noise,atv,50,22050,300,1,train,0.8949865698814392,1,1
drone_000056.pt,1,0,True,2025-12-20,ben shemen,mid noise,atv,50,22050,300,1,train,0.9146178364753723,1,1
drone_000057.pt,1,0,True,2025-12-20,ben shemen,mid noise,atv,50,22050,300,1,train,0.9074406027793884,1,1
drone_000058.pt,1,0,True,2025-12-20,ben shemen,mid noise,atv,50,22050,300,1,train,0.9242486357688904,1,1
drone_000059.pt,1,0,True,2025-12-20,ben shemen,mid noise,atv,50,22050,300,1,train,0.730412483215332,1,1
drone_000060.pt,1,0,True,2025-12-20,ben shemen,mid noise,atv,50,22050,300,1,train,0.438397616147995,0,1
drone_000061.pt,1,0,True,2025-12-20,ben shemen,mid noise,atv,50,22050,300,1,train,0.5581522583961487,1,1
drone_000062.pt,1,0,True,2025-12-20,ben shemen,mid noise,atv,50,22050,300,1,train,0.5859692096710205,1,1
drone_000063.pt,1,0,True,2025-12-20,ben shemen,mid noise,atv,50,22050,300,1,train,0.8185262084007263,1,1
drone_000064.pt,1,0,True,2025-12-20,ben shemen,mid noise,atv,50,22050,300,1,train,0.8608683943748474,1,1
drone_000065.pt,1,0,True,2025-12-20,ben shemen,mid noise,atv,50,22050,300,1,train,0.8450108766555786,1,1
drone_000066.pt,1,0,True,2025-12-20,ben shemen,mid noise,atv,50,22050,300,1,train,0.9846400022506714,1,1
drone_000067.pt,1,0,True,2025-12-20,ben shemen,mid noise,atv,50,22050,300,1,train,0.9904230833053589,1,1
drone_000068.pt,1,0,True,2025-12-20,ben shemen,mid noise,atv,50,22050,300,1,train,0.9763475060462952,1,1
drone_000069.pt,1,0,True,2025-12-20,ben shemen,mid noise,atv,50,22050,300,1,train,0.9565942287445068,1,1
drone_000070.pt,1,0,True,2025-12-20,ben shemen,mid noise,atv,50,22050,300,1,train,0.8863639831542969,1,1
drone_000071.pt,1,0,True,2025-12-20,ben shemen,mid noise,atv,50,22050,300,1,train,0.9906003475189209,1,1
drone_000072.pt,1,0,True,2025-12-20,ben shemen,mid noise,atv,50,22050,300,1,train,0.9941120743751526,1,1
drone_000073.pt,1,1,True,2026-01-05,Yarkon rosh zipor,high noise,bike,50,22050,90,1,train,0.925896167755127,1,1
drone_000074.pt,1,1,True,2026-01-05,Yarkon rosh zipor,high noise,bike,50,22050,90,1,train,0.9135783314704895,1,1
drone_000075.pt,1,1,True,2026-01-05,Yarkon rosh zipor,high noise,bike,50,22050,90,1,train,0.8850082159042358,1,1
drone_000076.pt,1,1,True,2026-01-05,Yarkon rosh zipor,high noise,bike,50,22050,90,1,train,0.9450737833976746,1,1
drone_000077.pt,1,1,True,2026-01-05,Yarkon rosh zipor,high noise,bike,50,22050,90,1,train,0.9003295302391052,1,1
drone_000078.pt,1,1,True,2026-01-05,Yarkon rosh zipor,high noise,bike,50,22050,90,1,train,0.7576508522033691,1,1
drone_000079.pt,1,1,True,2026-01-05,Yarkon rosh zipor,high noise,bike,50,22050,90,1,train,0.9726446866989136,1,1
drone_000080.pt,1,1,True,2026-01-05,Yarkon rosh zipor,high noise,bike,50,22050,90,1,train,0.8440241813659668,1,1
drone_000081.pt,1,1,True,2026-01-05,Yarkon rosh zipor,high noise,bike,50,22050,90,1,train,0.7457307577133179,1,1
drone_000082.pt,1,1,True,2026-01-05,Yarkon rosh zipor,high noise,bike,50,22050,90,1,train,0.7621622681617737,1,1
drone_000083.pt,1,1,True,2026-01-05,Yarkon rosh zipor,high noise,bike,50,22050,90,1,train,0.5078244209289551,1,1
drone_000084.pt,1,1,True,2026-01-05,Yarkon rosh zipor,high noise,bike,50,22050,90,1,train,0.534000039100647,1,1
drone_000085.pt,1,1,True,2026-01-05,Yarkon rosh zipor,high noise,bike,50,22050,90,1,train,0.6520041823387146,1,1
drone_000086.pt,1,1,True,2026-01-05,Yarkon rosh zipor,high noise,bike,50,22050,90,1,train,0.5578517317771912,1,1
drone_000087.pt,1,1,True,2026-01-05,Yarkon rosh zipor,high noise,bike,50,22050,90,1,train,0.6753653883934021,1,1
drone_000088.pt,1,1,True,2026-01-05,Yarkon rosh zipor,high noise,bike,50,22050,90,1,train,0.5829953551292419,1,1
drone_000089.pt,1,1,True,2026-01-05,Yarkon rosh zipor,high noise,bike,50,22050,90,1,train,0.6177362203598022,1,1
drone_000090.pt,1,1,True,2026-01-05,Yarkon rosh zipor,high noise,bike,50,22050,90,1,train,0.39219632744789124,0,1
drone_000091.pt,1,1,True,2026-01-05,Yarkon rosh zipor,high noise,bike,50,22050,90,1,train,0.36483511328697205,0,1
ambience_000000.pt,0,2,False,2026-01-05,Yarkon rosh zipor,high noise,"helicopter, plane",50,22050,300,1,train,0.2507069706916809,0,1
ambience_000001.pt,0,2,False,2026-01-05,Yarkon rosh zipor,high noise,"helicopter, plane",50,22050,300,1,train,0.28767117857933044,0,1
ambience_000002.pt,0,2,False,2026-01-05,Yarkon rosh zipor,high noise,"helicopter, plane",50,22050,300,1,train,0.2960532009601593,0,1
ambience_000003.pt,0,2,False,2026-01-05,Yarkon rosh zipor,high noise,"helicopter, plane",50,22050,300,1,train,0.33294156193733215,0,1
ambience_000004.pt,0,2,False,2026-01-05,Yarkon rosh zipor,high noise,"helicopter, plane",50,22050,300,1,train,0.22011636197566986,0,1
ambience_000005.pt,0,2,False,2026-01-05,Yarkon rosh zipor,high noise,"helicopter, plane",50,22050,300,1,train,0.26959148049354553,0,1
ambience_000006.pt,0,2,False,2026-01-05,Yarkon rosh zipor,high noise,"helicopter, plane",50,22050,300,1,train,0.31534987688064575,0,1
ambience_000007.pt,0,2,False,2026-01-05,Yarkon rosh zipor,high noise,"helicopter, plane",50,22050,300,1,train,0.6027222871780396,1,1
ambience_000008.pt,0,2,False,2026-01-05,Yarkon rosh zipor,high noise,"helicopter, plane",50,22050,300,1,train,0.41109827160835266,0,1
ambience_000009.pt,0,2,False,2026-01-05,Yarkon rosh zipor,high noise,"helicopter, plane",50,22050,300,1,train,0.4758599102497101,0,1
ambience_000010.pt,0,2,False,2026-01-05,Yarkon rosh zipor,high noise,"helicopter, plane",50,22050,300,1,train,0.4724063277244568,0,1
ambience_000011.pt,0,2,False,2026-01-05,Yarkon rosh zipor,high noise,"helicopter, plane",50,22050,300,1,train,0.47886061668395996,0,1
ambience_000012.pt,0,2,False,2026-01-05,Yarkon rosh zipor,high noise,"helicopter, plane",50,22050,300,1,train,0.4334903657436371,0,1
ambience_000013.pt,0,2,False,2026-01-05,Yarkon rosh zipor,high noise,"helicopter, plane",50,22050,300,1,train,0.4582066237926483,0,1
ambience_000014.pt,0,2,False,2026-01-05,Yarkon rosh zipor,high noise,"helicopter, plane",50,22050,300,1,train,0.512351930141449,1,1
ambience_000015.pt,0,2,False,2026-01-05,Yarkon rosh zipor,high noise,"helicopter, plane",50,22050,300,1,train,0.49780693650245667,0,1
ambience_000016.pt,0,2,False,2026-01-05,Yarkon rosh zipor,high noise,"helicopter, plane",50,22050,300,1,train,0.40262866020202637,0,1
ambience_000017.pt,0,2,False,2026-01-05,Yarkon rosh zipor,high noise,"helicopter, plane",50,22050,300,1,train,0.4151732623577118,0,1
ambience_000018.pt,0,2,False,2026-01-05,Yarkon rosh zipor,high noise,"helicopter, plane",50,22050,300,1,train,0.3502665162086487,0,1
ambience_000019.pt,0,2,False,2026-01-05,Yarkon rosh zipor,high noise,"helicopter, plane",50,22050,300,1,train,0.4954882562160492,0,1
ambience_000020.pt,0,2,False,2026-01-05,Yarkon rosh zipor,high noise,"helicopter, plane",50,22050,300,1,train,0.41376587748527527,0,1
ambience_000021.pt,0,2,False,2026-01-05,Yarkon rosh zipor,high noise,"helicopter, plane",50,22050,300,1,train,0.32769542932510376,0,1
ambience_000022.pt,0,2,False,2026-01-05,Yarkon rosh zipor,high noise,"helicopter, plane",50,22050,300,1,train,0.282409131526947,0,1
ambience_000023.pt,0,2,False,2026-01-05,Yarkon rosh zipor,high noise,"helicopter, plane",50,22050,300,1,train,0.27098071575164795,0,1
ambience_000024.pt,0,2,False,2026-01-05,Yarkon rosh zipor,high noise,"helicopter, plane",50,22050,300,1,train,0.21448570489883423,0,1
ambience_000025.pt,0,2,False,2026-01-05,Yarkon rosh zipor,high noise,"helicopter, plane",50,22050,300,1,train,0.30825552344322205,0,1
ambience_000026.pt,0,2,False,2026-01-05,Yarkon rosh zipor,high noise,"helicopter, plane",50,22050,300,1,train,0.4525459110736847,0,1
ambience_000027.pt,0,2,False,2026-01-05,Yarkon rosh zipor,high noise,"helicopter, plane",50,22050,300,1,train,0.5307256579399109,1,1
ambience_000028.pt,0,2,False,2026-01-05,Yarkon rosh zipor,high noise,"helicopter, plane",50,22050,300,1,train,0.47650012373924255,0,1
ambience_000029.pt,0,2,False,2026-01-05,Yarkon rosh zipor,high noise,"helicopter, plane",50,22050,300,1,train,0.2891942858695984,0,1
ambience_000030.pt,0,2,False,2026-01-05,Yarkon rosh zipor,high noise,"helicopter, plane",50,22050,300,1,train,0.3250545263290405,0,1
ambience_000031.pt,0,2,False,2026-01-05,Yarkon rosh zipor,high noise,"helicopter, plane",50,22050,300,1,train,0.6102069020271301,1,1
ambience_000032.pt,0,2,False,2026-01-05,Yarkon rosh zipor,high noise,"helicopter, plane",50,22050,300,1,train,0.5040481090545654,1,1
ambience_000033.pt,0,2,False,2026-01-05,Yarkon rosh zipor,high noise,"helicopter, plane",50,22050,300,1,train,0.5723288059234619,1,1
ambience_000034.pt,0,2,False,2026-01-05,Yarkon rosh zipor,high noise,"helicopter, plane",50,22050,300,1,train,0.3691149055957794,0,1
ambience_000035.pt,0,2,False,2026-01-05,Yarkon rosh zipor,high noise,"helicopter, plane",50,22050,300,1,train,0.399434357881546,0,1
ambience_000036.pt,0,2,False,2026-01-05,Yarkon rosh zipor,high noise,"helicopter, plane",50,22050,300,1,train,0.49003490805625916,0,1
ambience_000037.pt,0,2,False,2026-01-05,Yarkon rosh zipor,high noise,"helicopter, plane",50,22050,300,1,train,0.30694398283958435,0,1
ambience_000038.pt,0,2,False,2026-01-05,Yarkon rosh zipor,high noise,"helicopter, plane",50,22050,300,1,train,0.31718364357948303,0,1
ambience_000039.pt,0,2,False,2026-01-05,Yarkon rosh zipor,high noise,"helicopter, plane",50,22050,300,1,train,0.2116008698940277,0,1
ambience_000040.pt,0,2,False,2026-01-05,Yarkon rosh zipor,high noise,"helicopter, plane",50,22050,300,1,train,0.23195049166679382,0,1
ambience_000041.pt,0,2,False,2026-01-05,Yarkon rosh zipor,high noise,"helicopter, plane",50,22050,300,1,train,0.37712186574935913,0,1
ambience_000042.pt,0,2,False,2026-01-05,Yarkon rosh zipor,high noise,"helicopter, plane",50,22050,300,1,train,0.28477340936660767,0,1
ambience_000043.pt,0,2,False,2026-01-05,Yarkon rosh zipor,high noise,"helicopter, plane",50,22050,300,1,train,0.23536568880081177,0,1
ambience_000044.pt,0,2,False,2026-01-05,Yarkon rosh zipor,high noise,"helicopter, plane",50,22050,300,1,train,0.32369762659072876,0,1
ambience_000045.pt,0,2,False,2026-01-05,Yarkon rosh zipor,high noise,"helicopter, plane",50,22050,300,1,train,0.5289448499679565,1,1
ambience_000046.pt,0,2,False,2026-01-05,Yarkon rosh zipor,high noise,"helicopter, plane",50,22050,300,1,train,0.457298219203949,0,1
ambience_000047.pt,0,2,False,2026-01-05,Yarkon rosh zipor,high noise,"helicopter, plane",50,22050,300,1,train,0.37283000349998474,0,1
ambience_000048.pt,0,2,False,2026-01-05,Yarkon rosh zipor,high noise,"helicopter, plane",50,22050,300,1,train,0.3267948627471924,0,1
ambience_000049.pt,0,2,False,2026-01-05,Yarkon rosh zipor,high noise,"helicopter, plane",50,22050,300,1,train,0.3634496033191681,0,1
ambience_000050.pt,0,2,False,2026-01-05,Yarkon rosh zipor,high noise,"helicopter, plane",50,22050,300,1,train,0.24497699737548828,0,1
ambience_000051.pt,0,2,False,2026-01-05,Yarkon rosh zipor,high noise,"helicopter, plane",50,22050,300,1,train,0.165082186460495,0,1
ambience_000052.pt,0,2,False,2026-01-05,Yarkon rosh zipor,high noise,"helicopter, plane",50,22050,300,1,train,0.21224427223205566,0,1
ambience_000053.pt,0,2,False,2026-01-05,Yarkon rosh zipor,high noise,"helicopter, plane",50,22050,300,1,train,0.3833390474319458,0,1
ambience_000054.pt,0,2,False,2026-01-05,Yarkon rosh zipor,high noise,"helicopter, plane",50,22050,300,1,train,0.37431061267852783,0,1
ambience_000055.pt,0,2,False,2026-01-05,Yarkon rosh zipor,high noise,"helicopter, plane",50,22050,300,1,train,0.38594934344291687,0,1
ambience_000056.pt,0,2,False,2026-01-05,Yarkon rosh zipor,high noise,"helicopter, plane",50,22050,300,1,train,0.36448827385902405,0,1
ambience_000057.pt,0,2,False,2026-01-05,Yarkon rosh zipor,high noise,"helicopter, plane",50,22050,300,1,train,0.2028704732656479,0,1
ambience_000058.pt,0,2,False,2026-01-05,Yarkon rosh zipor,high noise,"helicopter, plane",50,22050,300,1,train,0.16522561013698578,0,1
ambience_000059.pt,0,2,False,2026-01-05,Yarkon rosh zipor,high noise,"helicopter, plane",50,22050,300,1,train,0.45906776189804077,0,1
ambience_000060.pt,0,2,False,2026-01-05,Yarkon rosh zipor,high noise,"helicopter, plane",50,22050,300,1,train,0.6608870029449463,1,1
ambience_000061.pt,0,2,False,2026-01-05,Yarkon rosh zipor,high noise,"helicopter, plane",50,22050,300,1,train,0.5150895714759827,1,1
ambience_000062.pt,0,2,False,2026-01-05,Yarkon rosh zipor,high noise,"helicopter, plane",50,22050,300,1,train,0.660736620426178,1,1
ambience_000063.pt,0,2,False,2026-01-05,Yarkon rosh zipor,high noise,"helicopter, plane",50,22050,300,1,train,0.8019677996635437,1,1
ambience_000064.pt,0,2,False,2026-01-05,Yarkon rosh zipor,high noise,"helicopter, plane",50,22050,300,1,train,0.6867195963859558,1,1
ambience_000065.pt,0,2,False,2026-01-05,Yarkon rosh zipor,high noise,"helicopter, plane",50,22050,300,1,train,0.535370409488678,1,1
ambience_000066.pt,0,2,False,2026-01-05,Yarkon rosh zipor,high noise,"helicopter, plane",50,22050,300,1,train,0.41486039757728577,0,1
ambience_000067.pt,0,2,False,2026-01-05,Yarkon rosh zipor,high noise,"helicopter, plane",50,22050,300,1,train,0.4438290297985077,0,1
ambience_000068.pt,0,2,False,2026-01-05,Yarkon rosh zipor,high noise,"helicopter, plane",50,22050,300,1,train,0.6174736022949219,1,1
ambience_000069.pt,0,2,False,2026-01-05,Yarkon rosh zipor,high noise,"helicopter, plane",50,22050,300,1,train,0.3884708285331726,0,1
ambience_000070.pt,0,2,False,2026-01-05,Yarkon rosh zipor,high noise,"helicopter, plane",50,22050,300,1,train,0.358980655670166,0,1
ambience_000071.pt,0,2,False,2026-01-05,Yarkon rosh zipor,high noise,"helicopter, plane",50,22050,300,1,train,0.40693211555480957,0,1
ambience_000072.pt,0,2,False,2026-01-05,Yarkon rosh zipor,high noise,"helicopter, plane",50,22050,300,1,train,0.3175588846206665,0,1
ambience_000073.pt,0,2,False,2026-01-05,Yarkon rosh zipor,high noise,"helicopter, plane",50,22050,300,1,train,0.5062066316604614,1,1
ambience_000074.pt,0,2,False,2026-01-05,Yarkon rosh zipor,high noise,"helicopter, plane",50,22050,300,1,train,0.4289206862449646,0,1
ambience_000075.pt,0,2,False,2026-01-05,Yarkon rosh zipor,high noise,"helicopter, plane",50,22050,300,1,train,0.41077175736427307,0,1
ambience_000076.pt,0,2,False,2026-01-05,Yarkon rosh zipor,high noise,"helicopter, plane",50,22050,300,1,train,0.39030906558036804,0,1
ambience_000077.pt,0,2,False,2026-01-05,Yarkon rosh zipor,high noise,"helicopter, plane",50,22050,300,1,train,0.3936460614204407,0,1
ambience_000078.pt,0,2,False,2026-01-05,Yarkon rosh zipor,high noise,"helicopter, plane",50,22050,300,1,train,0.3845762312412262,0,1
ambience_000079.pt,0,3,False,2025-12-15,room,high noise,fan,50,22050,300,1,train,0.09650697559118271,0,0
ambience_000080.pt,0,3,False,2025-12-15,room,high noise,fan,50,22050,300,1,train,0.11776772886514664,0,0
ambience_000081.pt,0,3,False,2025-12-15,room,high noise,fan,50,22050,300,1,train,0.1055033951997757,0,0
ambience_000082.pt,0,3,False,2025-12-15,room,high noise,fan,50,22050,300,1,train,0.12562865018844604,0,0
ambience_000083.pt,0,3,False,2025-12-15,room,high noise,fan,50,22050,300,1,train,0.10244983434677124,0,0
ambience_000084.pt,0,3,False,2025-12-15,room,high noise,fan,50,22050,300,1,train,0.09129064530134201,0,0
ambience_000085.pt,0,3,False,2025-12-15,room,high noise,fan,50,22050,300,1,train,0.08465492725372314,0,0
ambience_000086.pt,0,3,False,2025-12-15,room,high noise,fan,50,22050,300,1,train,0.11475876718759537,0,0
ambience_000087.pt,0,3,False,2025-12-15,room,high noise,fan,50,22050,300,1,train,0.11056597530841827,0,0
ambience_000088.pt,0,3,False,2025-12-15,room,high noise,fan,50,22050,300,1,train,0.1148945763707161,0,0
ambience_000089.pt,0,3,False,2025-12-15,room,high noise,fan,50,22050,300,1,train,0.09619057923555374,0,0
ambience_000090.pt,0,3,False,2025-12-15,room,high noise,fan,50,22050,300,1,train,0.14008685946464539,0,1
ambience_000091.pt,0,3,False,2025-12-15,room,high noise,fan,50,22050,300,1,train,0.11278647184371948,0,0
ambience_000092.pt,0,3,False,2025-12-15,room,high noise,fan,50,22050,300,1,train,0.11492226272821426,0,0
ambience_000093.pt,0,3,False,2025-12-15,room,high noise,fan,50,22050,300,1,train,0.10825946182012558,0,0
ambience_000094.pt,0,3,False,2025-12-15,room,high noise,fan,50,22050,300,1,train,0.12707391381263733,0,0
ambience_000095.pt,0,3,False,2025-12-15,room,high noise,fan,50,22050,300,1,train,0.09982266277074814,0,0
ambience_000096.pt,0,3,False,2025-12-15,room,high noise,fan,50,22050,300,1,train,0.11302762478590012,0,0
ambience_000097.pt,0,3,False,2025-12-15,room,high noise,fan,50,22050,300,1,train,0.09271210432052612,0,0
ambience_000098.pt,0,3,False,2025-12-15,room,high noise,fan,50,22050,300,1,train,0.08879547566175461,0,0
ambience_000099.pt,0,3,False,2025-12-15,room,high noise,fan,50,22050,300,1,train,0.10853273421525955,0,0
ambience_000100.pt,0,3,False,2025-12-15,room,high noise,fan,50,22050,300,1,train,0.0972922295331955,0,0
ambience_000101.pt,0,3,False,2025-12-15,room,high noise,fan,50,22050,300,1,train,0.11899107694625854,0,0
ambience_000102.pt,0,3,False,2025-12-15,room,high noise,fan,50,22050,300,1,train,0.07845140248537064,0,0
ambience_000103.pt,0,3,False,2025-12-15,room,high noise,fan,50,22050,300,1,train,0.09555135667324066,0,0
ambience_000104.pt,0,3,False,2025-12-15,room,high noise,fan,50,22050,300,1,train,0.09686373919248581,0,0
ambience_000105.pt,0,3,False,2025-12-15,room,high noise,fan,50,22050,300,1,train,0.09670783579349518,0,0
ambience_000106.pt,0,3,False,2025-12-15,room,high noise,fan,50,22050,300,1,train,0.09404914081096649,0,0
ambience_000107.pt,0,3,False,2025-12-15,room,high noise,fan,50,22050,300,1,train,0.09404142200946808,0,0
ambience_000108.pt,0,3,False,2025-12-15,room,high noise,fan,50,22050,300,1,train,0.12093206495046616,0,0
ambience_000109.pt,0,3,False,2025-12-15,room,high noise,fan,50,22050,300,1,train,0.09841515868902206,0,0
ambience_000110.pt,0,3,False,2025-12-15,room,high noise,fan,50,22050,300,1,train,0.10667803138494492,0,0
ambience_000111.pt,0,3,False,2025-12-15,room,high noise,fan,50,22050,300,1,train,0.08148524165153503,0,0
ambience_000112.pt,0,3,False,2025-12-15,room,high noise,fan,50,22050,300,1,train,0.09554699808359146,0,0
ambience_000113.pt,0,3,False,2025-12-15,room,high noise,fan,50,22050,300,1,train,0.10165953636169434,0,0
ambience_000114.pt,0,3,False,2025-12-15,room,high noise,fan,50,22050,300,1,train,0.11171233654022217,0,0
ambience_000115.pt,0,3,False,2025-12-15,room,high noise,fan,50,22050,300,1,train,0.09359613060951233,0,0
ambience_000116.pt,0,3,False,2025-12-15,room,high noise,fan,50,22050,300,1,train,0.08919843286275864,0,0
ambience_000117.pt,0,3,False,2025-12-15,room,high noise,fan,50,22050,300,1,train,0.09677758067846298,0,0
ambience_000118.pt,0,3,False,2025-12-15,room,high noise,fan,50,22050,300,1,train,0.10780356079339981,0,0
ambience_000119.pt,0,3,False,2025-12-15,room,high noise,fan,50,22050,300,1,train,0.11745256930589676,0,0
ambience_000120.pt,0,3,False,2025-12-15,room,high noise,fan,50,22050,300,1,train,0.0871690958738327,0,0
ambience_000121.pt,0,3,False,2025-12-15,room,high noise,fan,50,22050,300,1,train,0.11149561405181885,0,0
ambience_000122.pt,0,3,False,2025-12-15,room,high noise,fan,50,22050,300,1,train,0.09479764848947525,0,0
ambience_000123.pt,0,3,False,2025-12-15,room,high noise,fan,50,22050,300,1,train,0.08702493458986282,0,0
ambience_000124.pt,0,3,False,2025-12-15,room,high noise,fan,50,22050,300,1,train,0.07488042861223221,0,0
ambience_000125.pt,0,3,False,2025-12-15,room,high noise,fan,50,22050,300,1,train,0.10339944064617157,0,0
ambience_000126.pt,0,3,False,2025-12-15,room,high noise,fan,50,22050,300,1,train,0.1298188865184784,0,0
ambience_000127.pt,0,3,False,2025-12-15,room,high noise,fan,50,22050,300,1,train,0.09183379262685776,0,0
ambience_000128.pt,0,3,False,2025-12-15,room,high noise,fan,50,22050,300,1,train,0.09178639203310013,0,0
ambience_000129.pt,0,3,False,2025-12-15,room,high noise,fan,50,22050,300,1,train,0.11373570561408997,0,0
ambience_000130.pt,0,3,False,2025-12-15,room,high noise,fan,50,22050,300,1,train,0.07423210889101028,0,0
ambience_000131.pt,0,3,False,2025-12-15,room,high noise,fan,50,22050,300,1,train,0.1027534157037735,0,0
ambience_000132.pt,0,3,False,2025-12-15,room,high noise,fan,50,22050,300,1,train,0.10055898129940033,0,0
ambience_000133.pt,0,3,False,2025-12-15,room,high noise,fan,50,22050,300,1,train,0.12005450576543808,0,0
ambience_000134.pt,0,3,False,2025-12-15,room,high noise,fan,50,22050,300,1,train,0.08909296244382858,0,0
ambience_000135.pt,0,3,False,2025-12-15,room,high noise,fan,50,22050,300,1,train,0.10786138474941254,0,0
ambience_000136.pt,0,3,False,2025-12-15,room,high noise,fan,50,22050,300,1,train,0.11125218868255615,0,0
ambience_000137.pt,0,3,False,2025-12-15,room,high noise,fan,50,22050,300,1,train,0.1032046526670456,0,0
ambience_000138.pt,0,3,False,2025-12-15,room,high noise,fan,50,22050,300,1,train,0.08299160748720169,0,0
ambience_000139.pt,0,3,False,2025-12-15,room,high noise,fan,50,22050,300,1,train,0.09433066099882126,0,0
ambience_000140.pt,0,3,False,2025-12-15,room,high noise,fan,50,22050,300,1,train,0.10452466458082199,0,0
ambience_000141.pt,0,3,False,2025-12-15,room,high noise,fan,50,22050,300,1,train,0.08297520130872726,0,0
ambience_000142.pt,0,3,False,2025-12-15,room,high noise,fan,50,22050,300,1,train,0.10167208313941956,0,0
ambience_000143.pt,0,3,False,2025-12-15,room,high noise,fan,50,22050,300,1,train,0.10281112790107727,0,0
ambience_000144.pt,0,3,False,2025-12-15,room,high noise,fan,50,22050,300,1,train,0.09517782181501389,0,0
ambience_000145.pt,0,3,False,2025-12-15,room,high noise,fan,50,22050,300,1,train,0.0963405892252922,0,0
ambience_000146.pt,0,3,False,2025-12-15,room,high noise,fan,50,22050,300,1,train,0.10158131271600723,0,0
ambience_000147.pt,0,3,False,2025-12-15,room,high noise,fan,50,22050,300,1,train,0.10113197565078735,0,0
ambience_000148.pt,0,3,False,2025-12-15,room,high noise,fan,50,22050,300,1,train,0.15003137290477753,0,1
ambience_000149.pt,0,3,False,2025-12-15,room,high noise,fan,50,22050,300,1,train,0.09267444908618927,0,0
ambience_000150.pt,0,3,False,2025-12-15,room,high noise,fan,50,22050,300,1,train,0.10123645514249802,0,0
ambience_000151.pt,0,3,False,2025-12-15,room,high noise,fan,50,22050,300,1,train,0.11030340939760208,0,0
ambience_000152.pt,0,3,False,2025-12-15,room,high noise,fan,50,22050,300,1,train,0.11678490787744522,0,0
ambience_000153.pt,0,3,False,2025-12-15,room,high noise,fan,50,22050,300,1,train,0.12001509219408035,0,0
ambience_000154.pt,0,4,False,2025-12-15,room,low noise,ambience,50,22050,300,2,train,0.015848476439714432,0,0
ambience_000155.pt,0,4,False,2025-12-15,room,low noise,ambience,50,22050,300,2,train,0.016222761943936348,0,0
ambience_000156.pt,0,4,False,2025-12-15,room,low noise,ambience,50,22050,300,2,train,0.012253510765731335,0,0
ambience_000157.pt,0,4,False,2025-12-15,room,low noise,ambience,50,22050,300,2,train,0.011887903325259686,0,0
ambience_000158.pt,0,4,False,2025-12-15,room,low noise,ambience,50,22050,300,2,train,0.014170327223837376,0,0
ambience_000159.pt,0,4,False,2025-12-15,room,low noise,ambience,50,22050,300,2,train,0.015151947736740112,0,0
ambience_000160.pt,0,4,False,2025-12-15,room,low noise,ambience,50,22050,300,2,train,0.023455766960978508,0,0
ambience_000161.pt,0,4,False,2025-12-15,room,low noise,ambience,50,22050,300,2,train,0.01953507587313652,0,0
ambience_000162.pt,0,4,False,2025-12-15,room,low noise,ambience,50,22050,300,2,train,0.01644410379230976,0,0
ambience_000163.pt,0,4,False,2025-12-15,room,low noise,ambience,50,22050,300,2,train,0.012865309603512287,0,0
ambience_000164.pt,0,4,False,2025-12-15,room,low noise,ambience,50,22050,300,2,train,0.0169075820595026,0,0
ambience_000165.pt,0,4,False,2025-12-15,room,low noise,ambience,50,22050,300,2,train,0.012874579057097435,0,0
ambience_000166.pt,0,4,False,2025-12-15,room,low noise,ambience,50,22050,300,2,train,0.01314426027238369,0,0
ambience_000167.pt,0,4,False,2025-12-15,room,low noise,ambience,50,22050,300,2,train,0.011998568661510944,0,0
ambience_000168.pt,0,4,False,2025-12-15,room,low noise,ambience,50,22050,300,2,train,0.021612582728266716,0,0
ambience_000169.pt,0,4,False,2025-12-15,room,low noise,ambience,50,22050,300,2,train,0.011945165693759918,0,0
ambience_000170.pt,0,4,False,2025-12-15,room,low noise,ambience,50,22050,300,2,train,0.00986157264560461,0,0
ambience_000171.pt,0,4,False,2025-12-15,room,low noise,ambience,50,22050,300,2,train,0.010099183768033981,0,0
ambience_000172.pt,0,4,False,2025-12-15,room,low noise,ambience,50,22050,300,2,train,0.017302963882684708,0,0
ambience_000173.pt,0,4,False,2025-12-15,room,low noise,ambience,50,22050,300,2,train,0.017191704362630844,0,0
ambience_000174.pt,0,4,False,2025-12-15,room,low noise,ambience,50,22050,300,2,train,0.013309020549058914,0,0
ambience_000175.pt,0,4,False,2025-12-15,room,low noise,ambience,50,22050,300,2,train,0.014311278238892555,0,0
ambience_000176.pt,0,4,False,2025-12-15,room,low noise,ambience,50,22050,300,2,train,0.015158196911215782,0,0
ambience_000177.pt,0,4,False,2025-12-15,room,low noise,ambience,50,22050,300,2,train,0.011770784854888916,0,0
ambience_000178.pt,0,4,False,2025-12-15,room,low noise,ambience,50,22050,300,2,train,0.014593841508030891,0,0
ambience_000179.pt,0,4,False,2025-12-15,room,low noise,ambience,50,22050,300,2,train,0.017966443672776222,0,0
ambience_000180.pt,0,4,False,2025-12-15,room,low noise,ambience,50,22050,300,2,train,0.01267167180776596,0,0
ambience_000181.pt,0,4,False,2025-12-15,room,low noise,ambience,50,22050,300,2,train,0.014725472778081894,0,0
ambience_000182.pt,0,4,False,2025-12-15,room,low noise,ambience,50,22050,300,2,train,0.014396070502698421,0,0
ambience_000183.pt,0,4,False,2025-12-15,room,low noise,ambience,50,22050,300,2,train,0.012040101923048496,0,0
ambience_000184.pt,0,4,False,2025-12-15,room,low noise,ambience,50,22050,300,2,train,0.014455867931246758,0,0
ambience_000185.pt,0,4,False,2025-12-15,room,low noise,ambience,50,22050,300,2,train,0.01282126922160387,0,0
ambience_000186.pt,0,4,False,2025-12-15,room,low noise,ambience,50,22050,300,2,train,0.01620250754058361,0,0
ambience_000187.pt,0,4,False,2025-12-15,room,low noise,ambience,50,22050,300,2,train,0.01788180321455002,0,0
ambience_000188.pt,0,4,False,2025-12-15,room,low noise,ambience,50,22050,300,2,train,0.019863275811076164,0,0
ambience_000189.pt,0,4,False,2025-12-15,room,low noise,ambience,50,22050,300,2,train,0.018132833763957024,0,0
ambience_000190.pt,0,4,False,2025-12-15,room,low noise,ambience,50,22050,300,2,train,0.01699206978082657,0,0
ambience_000191.pt,0,4,False,2025-12-15,room,low noise,ambience,50,22050,300,2,train,0.014668879099190235,0,0
ambience_000192.pt,0,4,False,2025-12-15,room,low noise,ambience,50,22050,300,2,train,0.012337855994701385,0,0
ambience_000193.pt,0,4,False,2025-12-15,room,low noise,ambience,50,22050,300,2,train,0.016028637066483498,0,0
ambience_000194.pt,0,4,False,2025-12-15,room,low noise,ambience,50,22050,300,2,train,0.011028315871953964,0,0
ambience_000195.pt,0,4,False,2025-12-15,room,low noise,ambience,50,22050,300,2,train,0.01281747967004776,0,0
ambience_000196.pt,0,4,False,2025-12-15,room,low noise,ambience,50,22050,300,2,train,0.015117885544896126,0,0
ambience_000197.pt,0,4,False,2025-12-15,room,low noise,ambience,50,22050,300,2,train,0.012915036641061306,0,0
ambience_000198.pt,0,4,False,2025-12-15,room,low noise,ambience,50,22050,300,2,train,0.012915099039673805,0,0
ambience_000199.pt,0,4,False,2025-12-15,room,low noise,ambience,50,22050,300,2,train,0.013787232339382172,0,0
ambience_000200.pt,0,4,False,2025-12-15,room,low noise,ambience,50,22050,300,2,train,0.01333543285727501,0,0
ambience_000201.pt,0,4,False,2025-12-15,room,low noise,ambience,50,22050,300,2,train,0.01568666286766529,0,0
ambience_000202.pt,0,4,False,2025-12-15,room,low noise,ambience,50,22050,300,2,train,0.014657675288617611,0,0
ambience_000203.pt,0,4,False,2025-12-15,room,low noise,ambience,50,22050,300,2,train,0.020050056278705597,0,0
ambience_000204.pt,0,4,False,2025-12-15,room,low noise,ambience,50,22050,300,2,train,0.016410065814852715,0,0
ambience_000205.pt,0,4,False,2025-12-15,room,low noise,ambience,50,22050,300,2,train,0.011779307387769222,0,0
ambience_000206.pt,0,4,False,2025-12-15,room,low noise,ambience,50,22050,300,2,train,0.013732552528381348,0,0
ambience_000207.pt,0,4,False,2025-12-15,room,low noise,ambience,50,22050,300,2,train,0.01512537244707346,0,0
ambience_000208.pt,0,4,False,2025-12-15,room,low noise,ambience,50,22050,300,2,train,0.014953335747122765,0,0
ambience_000209.pt,0,4,False,2025-12-15,room,low noise,ambience,50,22050,300,2,train,0.014133092947304249,0,0
ambience_000210.pt,0,4,False,2025-12-15,room,low noise,ambience,50,22050,300,2,train,0.011768156662583351,0,0
ambience_000211.pt,0,4,False,2025-12-15,room,low noise,ambience,50,22050,300,2,train,0.021518075838685036,0,0
ambience_000212.pt,0,4,False,2025-12-15,room,low noise,ambience,50,22050,300,2,train,0.024197081103920937,0,0
ambience_000213.pt,0,4,False,2025-12-15,room,low noise,ambience,50,22050,300,2,train,0.013756262138485909,0,0
ambience_000214.pt,0,4,False,2025-12-15,room,low noise,ambience,50,22050,300,2,train,0.014737709425389767,0,0
ambience_000215.pt,0,4,False,2025-12-15,room,low noise,ambience,50,22050,300,2,train,0.013520079664885998,0,0
ambience_000216.pt,0,4,False,2025-12-15,room,low noise,ambience,50,22050,300,2,train,0.01795654371380806,0,0
ambience_000217.pt,0,4,False,2025-12-15,room,low noise,ambience,50,22050,300,2,train,0.017093293368816376,0,0
ambience_000218.pt,0,4,False,2025-12-15,room,low noise,ambience,50,22050,300,2,train,0.012952731922268867,0,0
ambience_000219.pt,0,4,False,2025-12-15,room,low noise,ambience,50,22050,300,2,train,0.014268944039940834,0,0
ambience_000220.pt,0,4,False,2025-12-15,room,low noise,ambience,50,22050,300,2,train,0.011984270066022873,0,0
ambience_000221.pt,0,4,False,2025-12-15,room,low noise,ambience,50,22050,300,2,train,0.010667867958545685,0,0
ambience_000222.pt,0,4,False,2025-12-15,room,low noise,ambience,50,22050,300,2,train,0.011607161723077297,0,0
ambience_000223.pt,0,4,False,2025-12-15,room,low noise,ambience,50,22050,300,2,train,0.015508657321333885,0,0
ambience_000224.pt,0,4,False,2025-12-15,room,low noise,ambience,50,22050,300,2,train,0.014174818061292171,0,0
ambience_000225.pt,0,4,False,2025-12-15,room,low noise,ambience,50,22050,300,2,train,0.015924278646707535,0,0
ambience_000226.pt,0,4,False,2025-12-15,room,low noise,ambience,50,22050,300,2,train,0.013478081673383713,0,0
ambience_000227.pt,0,4,False,2025-12-15,room,low noise,ambience,50,22050,300,2,train,0.015369419008493423,0,0
ambience_000228.pt,0,4,False,2025-12-15,room,low noise,ambience,50,22050,300,2,train,0.013054506853222847,0,0
ambience_000229.pt,0,5,False,2026-01-05,Yarkon rosh zipor,high noise,bike,50,22050,300,1,train,0.4521549940109253,0,1
ambience_000230.pt,0,5,False,2026-01-05,Yarkon rosh zipor,high noise,bike,50,22050,300,1,train,0.13623706996440887,0,1
ambience_000231.pt,0,5,False,2026-01-05,Yarkon rosh zipor,high noise,bike,50,22050,300,1,train,0.052246782928705215,0,0
ambience_000232.pt,0,5,False,2026-01-05,Yarkon rosh zipor,high noise,bike,50,22050,300,1,train,0.05824913829565048,0,0
ambience_000233.pt,0,5,False,2026-01-05,Yarkon rosh zipor,high noise,bike,50,22050,300,1,train,0.12694472074508667,0,0
ambience_000234.pt,0,5,False,2026-01-05,Yarkon rosh zipor,high noise,bike,50,22050,300,1,train,0.12676988542079926,0,0
ambience_000235.pt,0,5,False,2026-01-05,Yarkon rosh zipor,high noise,bike,50,22050,300,1,train,0.1581098586320877,0,1
ambience_000236.pt,0,5,False,2026-01-05,Yarkon rosh zipor,high noise,bike,50,22050,300,1,train,0.09290338307619095,0,0
ambience_000237.pt,0,5,False,2026-01-05,Yarkon rosh zipor,high noise,bike,50,22050,300,1,train,0.18665197491645813,0,1
ambience_000238.pt,0,5,False,2026-01-05,Yarkon rosh zipor,high noise,bike,50,22050,300,1,train,0.14190030097961426,0,1
ambience_000239.pt,0,5,False,2026-01-05,Yarkon rosh zipor,high noise,bike,50,22050,300,1,train,0.12060782313346863,0,0
ambience_000240.pt,0,5,False,2026-01-05,Yarkon rosh zipor,high noise,bike,50,22050,300,1,train,0.10439419746398926,0,0
ambience_000241.pt,0,5,False,2026-01-05,Yarkon rosh zipor,high noise,bike,50,22050,300,1,train,0.1173856109380722,0,0
ambience_000242.pt,0,5,False,2026-01-05,Yarkon rosh zipor,high noise,bike,50,22050,300,1,train,0.10300429165363312,0,0
ambience_000243.pt,0,5,False,2026-01-05,Yarkon rosh zipor,high noise,bike,50,22050,300,1,train,0.12084212899208069,0,0
ambience_000244.pt,0,5,False,2026-01-05,Yarkon rosh zipor,high noise,bike,50,22050,300,1,train,0.09228681027889252,0,0
ambience_000245.pt,0,5,False,2026-01-05,Yarkon rosh zipor,high noise,bike,50,22050,300,1,train,0.10558068752288818,0,0
ambience_000246.pt,0,5,False,2026-01-05,Yarkon rosh zipor,high noise,bike,50,22050,300,1,train,0.10053840279579163,0,0
ambience_000247.pt,0,5,False,2026-01-05,Yarkon rosh zipor,high noise,bike,50,22050,300,1,train,0.078551284968853,0,0
ambience_000248.pt,0,5,False,2026-01-05,Yarkon rosh zipor,high noise,bike,50,22050,300,1,train,0.10110456496477127,0,0
ambience_000249.pt,0,5,False,2026-01-05,Yarkon rosh zipor,high noise,bike,50,22050,300,1,train,0.10318446904420853,0,0
ambience_000250.pt,0,5,False,2026-01-05,Yarkon rosh zipor,high noise,bike,50,22050,300,1,train,0.08480680733919144,0,0
ambience_000251.pt,0,5,False,2026-01-05,Yarkon rosh zipor,high noise,bike,50,22050,300,1,train,0.07985877245664597,0,0
ambience_000252.pt,0,5,False,2026-01-05,Yarkon rosh zipor,high noise,bike,50,22050,300,1,train,0.09521675854921341,0,0
ambience_000253.pt,0,5,False,2026-01-05,Yarkon rosh zipor,high noise,bike,50,22050,300,1,train,0.1508418768644333,0,1
ambience_000254.pt,0,5,False,2026-01-05,Yarkon rosh zipor,high noise,bike,50,22050,300,1,train,0.12590719759464264,0,0
ambience_000255.pt,0,5,False,2026-01-05,Yarkon rosh zipor,high noise,bike,50,22050,300,1,train,0.14560523629188538,0,1
ambience_000256.pt,0,5,False,2026-01-05,Yarkon rosh zipor,high noise,bike,50,22050,300,1,train,0.12310636788606644,0,0
ambience_000257.pt,0,5,False,2026-01-05,Yarkon rosh zipor,high noise,bike,50,22050,300,1,train,0.10572297126054764,0,0
ambience_000258.pt,0,5,False,2026-01-05,Yarkon rosh zipor,high noise,bike,50,22050,300,1,train,0.2234090119600296,0,1
ambience_000259.pt,0,5,False,2026-01-05,Yarkon rosh zipor,high noise,bike,50,22050,300,1,train,0.1823471039533615,0,1
ambience_000260.pt,0,5,False,2026-01-05,Yarkon rosh zipor,high noise,bike,50,22050,300,1,train,0.06563426554203033,0,0
ambience_000261.pt,0,5,False,2026-01-05,Yarkon rosh zipor,high noise,bike,50,22050,300,1,train,0.07829424738883972,0,0
ambience_000262.pt,0,5,False,2026-01-05,Yarkon rosh zipor,high noise,bike,50,22050,300,1,train,0.251475989818573,0,1
ambience_000263.pt,0,5,False,2026-01-05,Yarkon rosh zipor,high noise,bike,50,22050,300,1,train,0.2916792631149292,0,1
ambience_000264.pt,0,5,False,2026-01-05,Yarkon rosh zipor,high noise,bike,50,22050,300,1,train,0.538706362247467,1,1
ambience_000265.pt,0,5,False,2026-01-05,Yarkon rosh zipor,high noise,bike,50,22050,300,1,train,0.23018202185630798,0,1
ambience_000266.pt,0,5,False,2026-01-05,Yarkon rosh zipor,high noise,bike,50,22050,300,1,train,0.18791429698467255,0,1
ambience_000267.pt,0,5,False,2026-01-05,Yarkon rosh zipor,high noise,bike,50,22050,300,1,train,0.06366518139839172,0,0
ambience_000268.pt,0,5,False,2026-01-05,Yarkon rosh zipor,high noise,bike,50,22050,300,1,train,0.17128165066242218,0,1
ambience_000269.pt,0,5,False,2026-01-05,Yarkon rosh zipor,high noise,bike,50,22050,300,1,train,0.2040407359600067,0,1
ambience_000270.pt,0,5,False,2026-01-05,Yarkon rosh zipor,high noise,bike,50,22050,300,1,train,0.06748071312904358,0,0
ambience_000271.pt,0,5,False,2026-01-05,Yarkon rosh zipor,high noise,bike,50,22050,300,1,train,0.2412215620279312,0,1
ambience_000272.pt,0,5,False,2026-01-05,Yarkon rosh zipor,high noise,bike,50,22050,300,1,train,0.1435052901506424,0,1
ambience_000273.pt,0,5,False,2026-01-05,Yarkon rosh zipor,high noise,bike,50,22050,300,1,train,0.2682805359363556,0,1
ambience_000274.pt,0,5,False,2026-01-05,Yarkon rosh zipor,high noise,bike,50,22050,300,1,train,0.06380758434534073,0,0
ambience_000275.pt,0,5,False,2026-01-05,Yarkon rosh zipor,high noise,bike,50,22050,300,1,train,0.22985799610614777,0,1
ambience_000276.pt,0,5,False,2026-01-05,Yarkon rosh zipor,high noise,bike,50,22050,300,1,train,0.2988472282886505,0,1
ambience_000277.pt,0,5,False,2026-01-05,Yarkon rosh zipor,high noise,bike,50,22050,300,1,train,0.19449050724506378,0,1
ambience_000278.pt,0,5,False,2026-01-05,Yarkon rosh zipor,high noise,bike,50,22050,300,1,train,0.22979746758937836,0,1
ambience_000279.pt,0,5,False,2026-01-05,Yarkon rosh zipor,high noise,bike,50,22050,300,1,train,0.06762563437223434,0,0
ambience_000280.pt,0,5,False,2026-01-05,Yarkon rosh zipor,high noise,bike,50,22050,300,1,train,0.14381088316440582,0,1
ambience_000281.pt,0,5,False,2026-01-05,Yarkon rosh zipor,high noise,bike,50,22050,300,1,train,0.07552593946456909,0,0
ambience_000282.pt,0,5,False,2026-01-05,Yarkon rosh zipor,high noise,bike,50,22050,300,1,train,0.1569071114063263,0,1
ambience_000283.pt,0,5,False,2026-01-05,Yarkon rosh zipor,high noise,bike,50,22050,300,1,train,0.28372469544410706,0,1
ambience_000284.pt,0,5,False,2026-01-05,Yarkon rosh zipor,high noise,bike,50,22050,300,1,train,0.12942750751972198,0,0
ambience_000285.pt,0,5,False,2026-01-05,Yarkon rosh zipor,high noise,bike,50,22050,300,1,train,0.12184103578329086,0,0
ambience_000286.pt,0,5,False,2026-01-05,Yarkon rosh zipor,high noise,bike,50,22050,300,1,train,0.3133995234966278,0,1
ambience_000287.pt,0,5,False,2026-01-05,Yarkon rosh zipor,high noise,bike,50,22050,300,1,train,0.11409948021173477,0,0
ambience_000288.pt,0,5,False,2026-01-05,Yarkon rosh zipor,high noise,bike,50,22050,300,1,train,0.07621066272258759,0,0
ambience_000289.pt,0,5,False,2026-01-05,Yarkon rosh zipor,high noise,bike,50,22050,300,1,train,0.09279953688383102,0,0
ambience_000290.pt,0,5,False,2026-01-05,Yarkon rosh zipor,high noise,bike,50,22050,300,1,train,0.08984801173210144,0,0
ambience_000291.pt,0,5,False,2026-01-05,Yarkon rosh zipor,high noise,bike,50,22050,300,1,train,0.046985723078250885,0,0
ambience_000292.pt,0,5,False,2026-01-05,Yarkon rosh zipor,high noise,bike,50,22050,300,1,train,0.07912741601467133,0,0
ambience_000293.pt,0,5,False,2026-01-05,Yarkon rosh zipor,high noise,bike,50,22050,300,1,train,0.08025908470153809,0,0
ambience_000294.pt,0,5,False,2026-01-05,Yarkon rosh zipor,high noise,bike,50,22050,300,1,train,0.07181460410356522,0,0
ambience_000295.pt,0,5,False,2026-01-05,Yarkon rosh zipor,high noise,bike,50,22050,300,1,train,0.068804532289505,0,0
ambience_000296.pt,0,5,False,2026-01-05,Yarkon rosh zipor,high noise,bike,50,22050,300,1,train,0.06795166432857513,0,0
ambience_000297.pt,0,5,False,2026-01-05,Yarkon rosh zipor,high noise,bike,50,22050,300,1,train,0.13094466924667358,0,1
ambience_000298.pt,0,5,False,2026-01-05,Yarkon rosh zipor,high noise,bike,50,22050,300,1,train,0.07942208647727966,0,0
ambience_000299.pt,0,5,False,2026-01-05,Yarkon rosh zipor,high noise,bike,50,22050,300,1,train,0.10013268142938614,0,0
ambience_000300.pt,0,5,False,2026-01-05,Yarkon rosh zipor,high noise,bike,50,22050,300,1,train,0.1199074313044548,0,0
ambience_000301.pt,0,5,False,2026-01-05,Yarkon rosh zipor,high noise,bike,50,22050,300,1,train,0.0798245295882225,0,0
ambience_000302.pt,0,5,False,2026-01-05,Yarkon rosh zipor,high noise,bike,50,22050,300,1,train,0.321455180644989,0,1
ambience_000303.pt,0,5,False,2026-01-05,Yarkon rosh zipor,high noise,bike,50,22050,300,1,train,0.08146154135465622,0,0
drone_000092.pt,1,6,True,2026-01-03,Yarkon,low noise,ambience,75,22050,300,1,test,0.8946958184242249,1,1
drone_000093.pt,1,6,True,2026-01-03,Yarkon,low noise,ambience,75,22050,300,1,test,0.9050658345222473,1,1
drone_000094.pt,1,6,True,2026-01-03,Yarkon,low noise,ambience,75,22050,300,1,test,0.8643344640731812,1,1
drone_000095.pt,1,6,True,2026-01-03,Yarkon,low noise,ambience,75,22050,300,1,test,0.8773195147514343,1,1
drone_000096.pt,1,6,True,2026-01-03,Yarkon,low noise,ambience,75,22050,300,1,test,0.8647651672363281,1,1
drone_000097.pt,1,6,True,2026-01-03,Yarkon,low noise,ambience,75,22050,300,1,test,0.8908222913742065,1,1
drone_000098.pt,1,6,True,2026-01-03,Yarkon,low noise,ambience,75,22050,300,1,test,0.8831004500389099,1,1
drone_000099.pt,1,6,True,2026-01-03,Yarkon,low noise,ambience,75,22050,300,1,test,0.9133864641189575,1,1
drone_000100.pt,1,6,True,2026-01-03,Yarkon,low noise,ambience,75,22050,300,1,test,0.9258371591567993,1,1
drone_000101.pt,1,6,True,2026-01-03,Yarkon,low noise,ambience,75,22050,300,1,test,0.9688295722007751,1,1
drone_000102.pt,1,6,True,2026-01-03,Yarkon,low noise,ambience,75,22050,300,1,test,0.9255209565162659,1,1
drone_000103.pt,1,6,True,2026-01-03,Yarkon,low noise,ambience,75,22050,300,1,test,0.829139232635498,1,1
drone_000104.pt,1,6,True,2026-01-03,Yarkon,low noise,ambience,75,22050,300,1,test,0.8963282704353333,1,1
drone_000105.pt,1,6,True,2026-01-03,Yarkon,low noise,ambience,75,22050,300,1,test,0.8859383463859558,1,1
drone_000106.pt,1,6,True,2026-01-03,Yarkon,low noise,ambience,75,22050,300,1,test,0.5085218548774719,1,1
drone_000107.pt,1,6,True,2026-01-03,Yarkon,low noise,ambience,75,22050,300,1,test,0.3536568284034729,0,1
drone_000108.pt,1,6,True,2026-01-03,Yarkon,low noise,ambience,75,22050,300,1,test,0.3232918083667755,0,1
drone_000109.pt,1,6,True,2026-01-03,Yarkon,low noise,ambience,75,22050,300,1,test,0.47228705883026123,0,1
drone_000110.pt,1,6,True,2026-01-03,Yarkon,low noise,ambience,75,22050,300,1,test,0.4755362868309021,0,1
drone_000111.pt,1,6,True,2026-01-03,Yarkon,low noise,ambience,75,22050,300,1,test,0.18272393941879272,0,1
drone_000112.pt,1,6,True,2026-01-03,Yarkon,low noise,ambience,75,22050,300,1,test,0.5269491076469421,1,1
drone_000113.pt,1,6,True,2026-01-03,Yarkon,low noise,ambience,75,22050,300,1,test,0.46062010526657104,0,1
drone_000114.pt,1,6,True,2026-01-03,Yarkon,low noise,ambience,75,22050,300,1,test,0.47200897336006165,0,1
drone_000115.pt,1,6,True,2026-01-03,Yarkon,low noise,ambience,75,22050,300,1,test,0.6765281558036804,1,1
drone_000116.pt,1,6,True,2026-01-03,Yarkon,low noise,ambience,75,22050,300,1,test,0.941205620765686,1,1
drone_000117.pt,1,6,True,2026-01-03,Yarkon,low noise,ambience,75,22050,300,1,test,0.6045793890953064,1,1
drone_000118.pt,1,6,True,2026-01-03,Yarkon,low noise,ambience,75,22050,300,1,test,0.6814363598823547,1,1
drone_000119.pt,1,6,True,2026-01-03,Yarkon,low noise,ambience,75,22050,300,1,test,0.6946041584014893,1,1
drone_000120.pt,1,6,True,2026-01-03,Yarkon,low noise,ambience,75,22050,300,1,test,0.2280302792787552,0,1
drone_000121.pt,1,6,True,2026-01-03,Yarkon,low noise,ambience,75,22050,300,1,test,0.6423612236976624,1,1
drone_000122.pt,1,6,True,2026-01-03,Yarkon,low noise,ambience,75,22050,300,1,test,0.42536500096321106,0,1
drone_000123.pt,1,6,True,2026-01-03,Yarkon,low noise,ambience,75,22050,300,1,test,0.9415963292121887,1,1
drone_000124.pt,1,6,True,2026-01-03,Yarkon,low noise,ambience,75,22050,300,1,test,0.9050402641296387,1,1
drone_000125.pt,1,6,True,2026-01-03,Yarkon,low noise,ambience,75,22050,300,1,test,0.9523166418075562,1,1
drone_000126.pt,1,6,True,2026-01-03,Yarkon,low noise,ambience,75,22050,300,1,test,0.9021575450897217,1,1
drone_000127.pt,1,6,True,2026-01-03,Yarkon,low noise,ambience,75,22050,300,1,test,0.9097563624382019,1,1
drone_000128.pt,1,6,True,2026-01-03,Yarkon,low noise,ambience,75,22050,300,1,test,0.9461110234260559,1,1
drone_000129.pt,1,6,True,2026-01-03,Yarkon,low noise,ambience,75,22050,300,1,test,0.8978155851364136,1,1
drone_000130.pt,1,6,True,2026-01-03,Yarkon,low noise,ambience,75,22050,300,1,test,0.9233823418617249,1,1
drone_000131.pt,1,6,True,2026-01-03,Yarkon,low noise,ambience,75,22050,300,1,test,0.9540035724639893,1,1
drone_000132.pt,1,6,True,2026-01-03,Yarkon,low noise,ambience,75,22050,300,1,test,0.8531786799430847,1,1
drone_000133.pt,1,6,True,2026-01-03,Yarkon,low noise,ambience,75,22050,300,1,test,0.8738720417022705,1,1
drone_000134.pt,1,6,True,2026-01-03,Yarkon,low noise,ambience,75,22050,300,1,test,0.9372547268867493,1,1
drone_000135.pt,1,6,True,2026-01-03,Yarkon,low noise,ambience,75,22050,300,1,test,0.8812703490257263,1,1
drone_000136.pt,1,6,True,2026-01-03,Yarkon,low noise,ambience,75,22050,300,1,test,0.9337034225463867,1,1
drone_000137.pt,1,6,True,2026-01-03,Yarkon,low noise,ambience,75,22050,300,1,test,0.8818144202232361,1,1
drone_000138.pt,1,6,True,2026-01-03,Yarkon,low noise,ambience,75,22050,300,1,test,0.6801090836524963,1,1
drone_000139.pt,1,6,True,2026-01-03,Yarkon,low noise,ambience,75,22050,300,1,test,0.5391690731048584,1,1
drone_000140.pt,1,6,True,2026-01-03,Yarkon,low noise,ambience,75,22050,300,1,test,0.6719675660133362,1,1
drone_000141.pt,1,6,True,2026-01-03,Yarkon,low noise,ambience,75,22050,300,1,test,0.8984677791595459,1,1
drone_000142.pt,1,6,True,2026-01-03,Yarkon,low noise,ambience,75,22050,300,1,test,0.9225578308105469,1,1
drone_000143.pt,1,6,True,2026-01-03,Yarkon,low noise,ambience,75,22050,300,1,test,0.7831546068191528,1,1
drone_000144.pt,1,6,True,2026-01-03,Yarkon,low noise,ambience,75,22050,300,1,test,0.8442678451538086,1,1
drone_000145.pt,1,6,True,2026-01-03,Yarkon,low noise,ambience,75,22050,300,1,test,0.8166016936302185,1,1
drone_000146.pt,1,6,True,2026-01-03,Yarkon,low noise,ambience,75,22050,300,1,test,0.9306609034538269,1,1
drone_000147.pt,1,6,True,2026-01-03,Yarkon,low noise,ambience,75,22050,300,1,test,0.9613620638847351,1,1
drone_000148.pt,1,6,True,2026-01-03,Yarkon,low noise,ambience,75,22050,300,1,test,0.6521048545837402,1,1
drone_000149.pt,1,6,True,2026-01-03,Yarkon,low noise,ambience,75,22050,300,1,test,0.786536455154419,1,1
drone_000150.pt,1,6,True,2026-01-03,Yarkon,low noise,ambience,75,22050,300,1,test,0.9363752007484436,1,1
drone_000151.pt,1,6,True,2026-01-03,Yarkon,low noise,ambience,75,22050,300,1,test,0.8219883441925049,1,1
drone_000152.pt,1,6,True,2026-01-03,Yarkon,low noise,ambience,75,22050,300,1,test,0.8566421270370483,1,1
drone_000153.pt,1,6,True,2026-01-03,Yarkon,low noise,ambience,75,22050,300,1,test,0.6764857769012451,1,1
drone_000154.pt,1,6,True,2026-01-03,Yarkon,low noise,ambience,75,22050,300,1,test,0.9113277792930603,1,1
drone_000155.pt,1,6,True,2026-01-03,Yarkon,low noise,ambience,75,22050,300,1,test,0.9043356776237488,1,1
drone_000156.pt,1,6,True,2026-01-03,Yarkon,low noise,ambience,75,22050,300,1,test,0.9694585800170898,1,1
drone_000157.pt,1,6,True,2026-01-03,Yarkon,low noise,ambience,75,22050,300,1,test,0.9218363165855408,1,1
drone_000158.pt,1,6,True,2026-01-03,Yarkon,low noise,ambience,75,22050,300,1,test,0.8928474187850952,1,1
drone_000159.pt,1,6,True,2026-01-03,Yarkon,low noise,ambience,75,22050,300,1,test,0.8770031332969666,1,1
drone_000160.pt,1,6,True,2026-01-03,Yarkon,low noise,ambience,75,22050,300,1,test,0.9052559733390808,1,1
drone_000161.pt,1,6,True,2026-01-03,Yarkon,low noise,ambience,75,22050,300,1,test,0.8829350471496582,1,1
drone_000162.pt,1,6,True,2026-01-03,Yarkon,low noise,ambience,75,22050,300,1,test,0.8682623505592346,1,1
drone_000163.pt,1,6,True,2026-01-03,Yarkon,low noise,ambience,75,22050,300,1,test,0.8972948789596558,1,1
drone_000164.pt,1,6,True,2026-01-03,Yarkon,low noise,ambience,75,22050,300,1,test,0.7684133052825928,1,1
drone_000165.pt,1,6,True,2026-01-03,Yarkon,low noise,ambience,75,22050,300,1,test,0.707115650177002,1,1
drone_000166.pt,1,6,True,2026-01-03,Yarkon,low noise,ambience,75,22050,300,1,test,0.7214552760124207,1,1
drone_000167.pt,1,6,True,2026-01-03,Yarkon,low noise,ambience,75,22050,300,1,test,0.7171831727027893,1,1
drone_000168.pt,1,6,True,2026-01-03,Yarkon,low noise,ambience,75,22050,300,1,test,0.8051194548606873,1,1
drone_000169.pt,1,6,True,2026-01-03,Yarkon,low noise,ambience,75,22050,300,1,test,0.49942663311958313,0,1
drone_000170.pt,1,6,True,2026-01-03,Yarkon,low noise,ambience,75,22050,300,1,test,0.8187296390533447,1,1
drone_000171.pt,1,7,True,2026-01-05,Yarkon rosh zipor,high noise,bike,50,22050,300,1,test,0.9653143882751465,1,1
drone_000172.pt,1,7,True,2026-01-05,Yarkon rosh zipor,high noise,bike,50,22050,300,1,test,0.9681941270828247,1,1
drone_000173.pt,1,7,True,2026-01-05,Yarkon rosh zipor,high noise,bike,50,22050,300,1,test,0.8837295174598694,1,1
drone_000174.pt,1,7,True,2026-01-05,Yarkon rosh zipor,high noise,bike,50,22050,300,1,test,0.9376753568649292,1,1
drone_000175.pt,1,7,True,2026-01-05,Yarkon rosh zipor,high noise,bike,50,22050,300,1,test,0.9373952150344849,1,1
drone_000176.pt,1,7,True,2026-01-05,Yarkon rosh zipor,high noise,bike,50,22050,300,1,test,0.9035761952400208,1,1
drone_000177.pt,1,7,True,2026-01-05,Yarkon rosh zipor,high noise,bike,50,22050,300,1,test,0.9442334771156311,1,1
drone_000178.pt,1,7,True,2026-01-05,Yarkon rosh zipor,high noise,bike,50,22050,300,1,test,0.9268395900726318,1,1
drone_000179.pt,1,7,True,2026-01-05,Yarkon rosh zipor,high noise,bike,50,22050,300,1,test,0.9266244769096375,1,1
drone_000180.pt,1,7,True,2026-01-05,Yarkon rosh zipor,high noise,bike,50,22050,300,1,test,0.9344594478607178,1,1
drone_000181.pt,1,7,True,2026-01-05,Yarkon rosh zipor,high noise,bike,50,22050,300,1,test,0.9741569757461548,1,1
drone_000182.pt,1,7,True,2026-01-05,Yarkon rosh zipor,high noise,bike,50,22050,300,1,test,0.9535937905311584,1,1
drone_000183.pt,1,7,True,2026-01-05,Yarkon rosh zipor,high noise,bike,50,22050,300,1,test,0.977456271648407,1,1
drone_000184.pt,1,7,True,2026-01-05,Yarkon rosh zipor,high noise,bike,50,22050,300,1,test,0.9701064229011536,1,1
drone_000185.pt,1,7,True,2026-01-05,Yarkon rosh zipor,high noise,bike,50,22050,300,1,test,0.8063681125640869,1,1
drone_000186.pt,1,7,True,2026-01-05,Yarkon rosh zipor,high noise,bike,50,22050,300,1,test,0.6847584247589111,1,1
drone_000187.pt,1,7,True,2026-01-05,Yarkon rosh zipor,high noise,bike,50,22050,300,1,test,0.8552947044372559,1,1
drone_000188.pt,1,7,True,2026-01-05,Yarkon rosh zipor,high noise,bike,50,22050,300,1,test,0.6703192591667175,1,1
drone_000189.pt,1,7,True,2026-01-05,Yarkon rosh zipor,high noise,bike,50,22050,300,1,test,0.4285355508327484,0,1
drone_000190.pt,1,7,True,2026-01-05,Yarkon rosh zipor,high noise,bike,50,22050,300,1,test,0.5231533646583557,1,1
drone_000191.pt,1,7,True,2026-01-05,Yarkon rosh zipor,high noise,bike,50,22050,300,1,test,0.41611212491989136,0,1
drone_000192.pt,1,7,True,2026-01-05,Yarkon rosh zipor,high noise,bike,50,22050,300,1,test,0.5068299174308777,1,1
drone_000193.pt,1,7,True,2026-01-05,Yarkon rosh zipor,high noise,bike,50,22050,300,1,test,0.5493088364601135,1,1
drone_000194.pt,1,7,True,2026-01-05,Yarkon rosh zipor,high noise,bike,50,22050,300,1,test,0.5186637043952942,1,1
drone_000195.pt,1,7,True,2026-01-05,Yarkon rosh zipor,high noise,bike,50,22050,300,1,test,0.310706228017807,0,1
drone_000196.pt,1,7,True,2026-01-05,Yarkon rosh zipor,high noise,bike,50,22050,300,1,test,0.5003576874732971,1,1
drone_000197.pt,1,7,True,2026-01-05,Yarkon rosh zipor,high noise,bike,50,22050,300,1,test,0.47208088636398315,0,1
drone_000198.pt,1,7,True,2026-01-05,Yarkon rosh zipor,high noise,bike,50,22050,300,1,test,0.6244838237762451,1,1
drone_000199.pt,1,7,True,2026-01-05,Yarkon rosh zipor,high noise,bike,50,22050,300,1,test,0.41778478026390076,0,1
drone_000200.pt,1,7,True,2026-01-05,Yarkon rosh zipor,high noise,bike,50,22050,300,1,test,0.259973406791687,0,1
drone_000201.pt,1,7,True,2026-01-05,Yarkon rosh zipor,high noise,bike,50,22050,300,1,test,0.1875263899564743,0,1
drone_000202.pt,1,7,True,2026-01-05,Yarkon rosh zipor,high noise,bike,50,22050,300,1,test,0.5723804831504822,1,1
drone_000203.pt,1,7,True,2026-01-05,Yarkon rosh zipor,high noise,bike,50,22050,300,1,test,0.719723105430603,1,1
drone_000204.pt,1,7,True,2026-01-05,Yarkon rosh zipor,high noise,bike,50,22050,300,1,test,0.8163231611251831,1,1
drone_000205.pt,1,7,True,2026-01-05,Yarkon rosh zipor,high noise,bike,50,22050,300,1,test,0.41727182269096375,0,1
drone_000206.pt,1,7,True,2026-01-05,Yarkon rosh zipor,high noise,bike,50,22050,300,1,test,0.3827340006828308,0,1
drone_000207.pt,1,7,True,2026-01-05,Yarkon rosh zipor,high noise,bike,50,22050,300,1,test,0.40142732858657837,0,1
drone_000208.pt,1,7,True,2026-01-05,Yarkon rosh zipor,high noise,bike,50,22050,300,1,test,0.6361828446388245,1,1
drone_000209.pt,1,7,True,2026-01-05,Yarkon rosh zipor,high noise,bike,50,22050,300,1,test,0.7922313213348389,1,1
drone_000210.pt,1,7,True,2026-01-05,Yarkon rosh zipor,high noise,bike,50,22050,300,1,test,0.6947898268699646,1,1
drone_000211.pt,1,7,True,2026-01-05,Yarkon rosh zipor,high noise,bike,50,22050,300,1,test,0.6359277367591858,1,1
drone_000212.pt,1,7,True,2026-01-05,Yarkon rosh zipor,high noise,bike,50,22050,300,1,test,0.37974512577056885,0,1
drone_000213.pt,1,7,True,2026-01-05,Yarkon rosh zipor,high noise,bike,50,22050,300,1,test,0.37912896275520325,0,1
drone_000214.pt,1,7,True,2026-01-05,Yarkon rosh zipor,high noise,bike,50,22050,300,1,test,0.45606905221939087,0,1
drone_000215.pt,1,7,True,2026-01-05,Yarkon rosh zipor,high noise,bike,50,22050,300,1,test,0.3840826153755188,0,1
drone_000216.pt,1,7,True,2026-01-05,Yarkon rosh zipor,high noise,bike,50,22050,300,1,test,0.5156008005142212,1,1
drone_000217.pt,1,7,True,2026-01-05,Yarkon rosh zipor,high noise,bike,50,22050,300,1,test,0.48172280192375183,0,1
drone_000218.pt,1,7,True,2026-01-05,Yarkon rosh zipor,high noise,bike,50,22050,300,1,test,0.7594131827354431,1,1
drone_000219.pt,1,7,True,2026-01-05,Yarkon rosh zipor,high noise,bike,50,22050,300,1,test,0.3884057104587555,0,1
drone_000220.pt,1,7,True,2026-01-05,Yarkon rosh zipor,high noise,bike,50,22050,300,1,test,0.5109326839447021,1,1
drone_000221.pt,1,7,True,2026-01-05,Yarkon rosh zipor,high noise,bike,50,22050,300,1,test,0.6830733418464661,1,1
drone_000222.pt,1,7,True,2026-01-05,Yarkon rosh zipor,high noise,bike,50,22050,300,1,test,0.6644358038902283,1,1
drone_000223.pt,1,7,True,2026-01-05,Yarkon rosh zipor,high noise,bike,50,22050,300,1,test,0.5173296332359314,1,1
drone_000224.pt,1,7,True,2026-01-05,Yarkon rosh zipor,high noise,bike,50,22050,300,1,test,0.49438807368278503,0,1
drone_000225.pt,1,7,True,2026-01-05,Yarkon rosh zipor,high noise,bike,50,22050,300,1,test,0.5936040878295898,1,1
drone_000226.pt,1,7,True,2026-01-05,Yarkon rosh zipor,high noise,bike,50,22050,300,1,test,0.18174411356449127,0,1
drone_000227.pt,1,7,True,2026-01-05,Yarkon rosh zipor,high noise,bike,50,22050,300,1,test,0.5474697947502136,1,1
drone_000228.pt,1,7,True,2026-01-05,Yarkon rosh zipor,high noise,bike,50,22050,300,1,test,0.47342532873153687,0,1
drone_000229.pt,1,7,True,2026-01-05,Yarkon rosh zipor,high noise,bike,50,22050,300,1,test,0.6789407730102539,1,1
drone_000230.pt,1,7,True,2026-01-05,Yarkon rosh zipor,high noise,bike,50,22050,300,1,test,0.6085935831069946,1,1
drone_000231.pt,1,7,True,2026-01-05,Yarkon rosh zipor,high noise,bike,50,22050,300,1,test,0.5281311869621277,1,1
drone_000232.pt,1,7,True,2026-01-05,Yarkon rosh zipor,high noise,bike,50,22050,300,1,test,0.2964889109134674,0,1
drone_000233.pt,1,7,True,2026-01-05,Yarkon rosh zipor,high noise,bike,50,22050,300,1,test,0.5628259778022766,1,1
drone_000234.pt,1,7,True,2026-01-05,Yarkon rosh zipor,high noise,bike,50,22050,300,1,test,0.496466726064682,0,1
drone_000235.pt,1,7,True,2026-01-05,Yarkon rosh zipor,high noise,bike,50,22050,300,1,test,0.7082090973854065,1,1
drone_000236.pt,1,7,True,2026-01-05,Yarkon rosh zipor,high noise,bike,50,22050,300,1,test,0.7019832134246826,1,1
drone_000237.pt,1,7,True,2026-01-05,Yarkon rosh zipor,high noise,bike,50,22050,300,1,test,0.5962937474250793,1,1
drone_000238.pt,1,7,True,2026-01-05,Yarkon rosh zipor,high noise,bike,50,22050,300,1,test,0.2187129259109497,0,1
drone_000239.pt,1,7,True,2026-01-05,Yarkon rosh zipor,high noise,bike,50,22050,300,1,test,0.3601098358631134,0,1
drone_000240.pt,1,7,True,2026-01-05,Yarkon rosh zipor,high noise,bike,50,22050,300,1,test,0.6273568272590637,1,1
drone_000241.pt,1,7,True,2026-01-05,Yarkon rosh zipor,high noise,bike,50,22050,300,1,test,0.5170148015022278,1,1
drone_000242.pt,1,7,True,2026-01-05,Yarkon rosh zipor,high noise,bike,50,22050,300,1,test,0.2949991524219513,0,1
drone_000243.pt,1,7,True,2026-01-05,Yarkon rosh zipor,high noise,bike,50,22050,300,1,test,0.26519230008125305,0,1
drone_000244.pt,1,7,True,2026-01-05,Yarkon rosh zipor,high noise,bike,50,22050,300,1,test,0.6880884766578674,1,1
drone_000245.pt,1,7,True,2026-01-05,Yarkon rosh zipor,high noise,bike,50,22050,300,1,test,0.26972538232803345,0,1
drone_000246.pt,1,7,True,2026-01-05,Yarkon rosh zipor,high noise,bike,50,22050,300,1,test,0.4729824662208557,0,1
drone_000247.pt,1,7,True,2026-01-05,Yarkon rosh zipor,high noise,bike,50,22050,300,1,test,0.6032755374908447,1,1
drone_000248.pt,1,7,True,2026-01-05,Yarkon rosh zipor,high noise,bike,50,22050,300,1,test,0.3688540756702423,0,1
drone_000249.pt,1,7,True,2026-01-05,Yarkon rosh zipor,high noise,bike,50,22050,300,1,test,0.37523558735847473,0,1
drone_000250.pt,1,7,True,2026-01-05,Yarkon rosh zipor,high noise,bike,50,22050,300,1,test,0.7694672346115112,1,1
drone_000251.pt,1,7,True,2026-01-05,Yarkon rosh zipor,high noise,bike,50,22050,300,1,test,0.9373252391815186,1,1
ambience_000304.pt,0,8,False,2026-01-03,Yarkon,high noise,road,75,22050,300,1,train,0.433977335691452,0,1
ambience_000305.pt,0,8,False,2026-01-03,Yarkon,high noise,road,75,22050,300,1,train,0.5634260773658752,1,1
ambience_000306.pt,0,8,False,2026-01-03,Yarkon,high noise,road,75,22050,300,1,train,0.7134369611740112,1,1
ambience_000307.pt,0,8,False,2026-01-03,Yarkon,high noise,road,75,22050,300,1,train,0.6067760586738586,1,1
ambience_000308.pt,0,8,False,2026-01-03,Yarkon,high noise,road,75,22050,300,1,train,0.6171473860740662,1,1
ambience_000309.pt,0,8,False,2026-01-03,Yarkon,high noise,road,75,22050,300,1,train,0.6473165154457092,1,1
ambience_000310.pt,0,8,False,2026-01-03,Yarkon,high noise,road,75,22050,300,1,train,0.5449603199958801,1,1
ambience_000311.pt,0,8,False,2026-01-03,Yarkon,high noise,road,75,22050,300,1,train,0.6023984551429749,1,1
ambience_000312.pt,0,8,False,2026-01-03,Yarkon,high noise,road,75,22050,300,1,train,0.6664476990699768,1,1
ambience_000313.pt,0,8,False,2026-01-03,Yarkon,high noise,road,75,22050,300,1,train,0.49419406056404114,0,1
ambience_000314.pt,0,8,False,2026-01-03,Yarkon,high noise,road,75,22050,300,1,train,0.7271487712860107,1,1
ambience_000315.pt,0,8,False,2026-01-03,Yarkon,high noise,road,75,22050,300,1,train,0.6221259236335754,1,1
ambience_000316.pt,0,8,False,2026-01-03,Yarkon,high noise,road,75,22050,300,1,train,0.646418035030365,1,1
ambience_000317.pt,0,8,False,2026-01-03,Yarkon,high noise,road,75,22050,300,1,train,0.7346860766410828,1,1
ambience_000318.pt,0,8,False,2026-01-03,Yarkon,high noise,road,75,22050,300,1,train,0.6713918447494507,1,1
ambience_000319.pt,0,8,False,2026-01-03,Yarkon,high noise,road,75,22050,300,1,train,0.6003323197364807,1,1
ambience_000320.pt,0,8,False,2026-01-03,Yarkon,high noise,road,75,22050,300,1,train,0.5907332897186279,1,1
ambience_000321.pt,0,8,False,2026-01-03,Yarkon,high noise,road,75,22050,300,1,train,0.5891209840774536,1,1
ambience_000322.pt,0,8,False,2026-01-03,Yarkon,high noise,road,75,22050,300,1,train,0.5560703873634338,1,1
ambience_000323.pt,0,8,False,2026-01-03,Yarkon,high noise,road,75,22050,300,1,train,0.5175136923789978,1,1
ambience_000324.pt,0,8,False,2026-01-03,Yarkon,high noise,road,75,22050,300,1,train,0.5136755704879761,1,1
ambience_000325.pt,0,8,False,2026-01-03,Yarkon,high noise,road,75,22050,300,1,train,0.5818063020706177,1,1
ambience_000326.pt,0,8,False,2026-01-03,Yarkon,high noise,road,75,22050,300,1,train,0.6006976962089539,1,1
ambience_000327.pt,0,8,False,2026-01-03,Yarkon,high noise,road,75,22050,300,1,train,0.6395959854125977,1,1
ambience_000328.pt,0,8,False,2026-01-03,Yarkon,high noise,road,75,22050,300,1,train,0.6855360269546509,1,1
ambience_000329.pt,0,8,False,2026-01-03,Yarkon,high noise,road,75,22050,300,1,train,0.6542299389839172,1,1
ambience_000330.pt,0,8,False,2026-01-03,Yarkon,high noise,road,75,22050,300,1,train,0.6784847378730774,1,1
ambience_000331.pt,0,8,False,2026-01-03,Yarkon,high noise,road,75,22050,300,1,train,0.6237589120864868,1,1
ambience_000332.pt,0,8,False,2026-01-03,Yarkon,high noise,road,75,22050,300,1,train,0.6618308424949646,1,1
ambience_000333.pt,0,8,False,2026-01-03,Yarkon,high noise,road,75,22050,300,1,train,0.6532745957374573,1,1
ambience_000334.pt,0,8,False,2026-01-03,Yarkon,high noise,road,75,22050,300,1,train,0.6631426215171814,1,1
ambience_000335.pt,0,8,False,2026-01-03,Yarkon,high noise,road,75,22050,300,1,train,0.49370142817497253,0,1
ambience_000336.pt,0,8,False,2026-01-03,Yarkon,high noise,road,75,22050,300,1,train,0.4916331171989441,0,1
ambience_000337.pt,0,8,False,2026-01-03,Yarkon,high noise,road,75,22050,300,1,train,0.5244287252426147,1,1
ambience_000338.pt,0,8,False,2026-01-03,Yarkon,high noise,road,75,22050,300,1,train,0.2987383306026459,0,1
ambience_000339.pt,0,8,False,2026-01-03,Yarkon,high noise,road,75,22050,300,1,train,0.24073895812034607,0,1
ambience_000340.pt,0,8,False,2026-01-03,Yarkon,high noise,road,75,22050,300,1,train,0.287396639585495,0,1
ambience_000341.pt,0,8,False,2026-01-03,Yarkon,high noise,road,75,22050,300,1,train,0.2837439179420471,0,1
ambience_000342.pt,0,8,False,2026-01-03,Yarkon,high noise,road,75,22050,300,1,train,0.3646937310695648,0,1
ambience_000343.pt,0,8,False,2026-01-03,Yarkon,high noise,road,75,22050,300,1,train,0.2922098934650421,0,1
ambience_000344.pt,0,8,False,2026-01-03,Yarkon,high noise,road,75,22050,300,1,train,0.3014523983001709,0,1
ambience_000345.pt,0,8,False,2026-01-03,Yarkon,high noise,road,75,22050,300,1,train,0.6124275922775269,1,1
ambience_000346.pt,0,8,False,2026-01-03,Yarkon,high noise,road,75,22050,300,1,train,0.5535572171211243,1,1
ambience_000347.pt,0,8,False,2026-01-03,Yarkon,high noise,road,75,22050,300,1,train,0.6430627107620239,1,1
ambience_000348.pt,0,8,False,2026-01-03,Yarkon,high noise,road,75,22050,300,1,train,0.6392363905906677,1,1
ambience_000349.pt,0,8,False,2026-01-03,Yarkon,high noise,road,75,22050,300,1,train,0.7298207879066467,1,1
ambience_000350.pt,0,8,False,2026-01-03,Yarkon,high noise,road,75,22050,300,1,train,0.6001986265182495,1,1
ambience_000351.pt,0,8,False,2026-01-03,Yarkon,high noise,road,75,22050,300,1,train,0.5423684120178223,1,1
ambience_000352.pt,0,8,False,2026-01-03,Yarkon,high noise,road,75,22050,300,1,train,0.641901433467865,1,1
ambience_000353.pt,0,8,False,2026-01-03,Yarkon,high noise,road,75,22050,300,1,train,0.6316881775856018,1,1
ambience_000354.pt,0,8,False,2026-01-03,Yarkon,high noise,road,75,22050,300,1,train,0.5368280410766602,1,1
ambience_000355.pt,0,8,False,2026-01-03,Yarkon,high noise,road,75,22050,300,1,train,0.5089846253395081,1,1
ambience_000356.pt,0,8,False,2026-01-03,Yarkon,high noise,road,75,22050,300,1,train,0.528338611125946,1,1
ambience_000357.pt,0,8,False,2026-01-03,Yarkon,high noise,road,75,22050,300,1,train,0.5592354536056519,1,1
ambience_000358.pt,0,8,False,2026-01-03,Yarkon,high noise,road,75,22050,300,1,train,0.381291002035141,0,1
ambience_000359.pt,0,8,False,2026-01-03,Yarkon,high noise,road,75,22050,300,1,train,0.4321891963481903,0,1
ambience_000360.pt,0,8,False,2026-01-03,Yarkon,high noise,road,75,22050,300,1,train,0.2774651050567627,0,1
ambience_000361.pt,0,8,False,2026-01-03,Yarkon,high noise,road,75,22050,300,1,train,0.2780950963497162,0,1
ambience_000362.pt,0,8,False,2026-01-03,Yarkon,high noise,road,75,22050,300,1,train,0.35547834634780884,0,1
ambience_000363.pt,0,8,False,2026-01-03,Yarkon,high noise,road,75,22050,300,1,train,0.4234910011291504,0,1
ambience_000364.pt,0,8,False,2026-01-03,Yarkon,high noise,road,75,22050,300,1,train,0.5570138096809387,1,1
ambience_000365.pt,0,8,False,2026-01-03,Yarkon,high noise,road,75,22050,300,1,train,0.5226650834083557,1,1
ambience_000366.pt,0,8,False,2026-01-03,Yarkon,high noise,road,75,22050,300,1,train,0.5077974200248718,1,1
ambience_000367.pt,0,8,False,2026-01-03,Yarkon,high noise,road,75,22050,300,1,train,0.5817985534667969,1,1
ambience_000368.pt,0,8,False,2026-01-03,Yarkon,high noise,road,75,22050,300,1,train,0.5786175727844238,1,1
ambience_000369.pt,0,8,False,2026-01-03,Yarkon,high noise,road,75,22050,300,1,train,0.6504054069519043,1,1
ambience_000370.pt,0,8,False,2026-01-03,Yarkon,high noise,road,75,22050,300,1,train,0.6403152942657471,1,1
ambience_000371.pt,0,8,False,2026-01-03,Yarkon,high noise,road,75,22050,300,1,train,0.5363940000534058,1,1
ambience_000372.pt,0,8,False,2026-01-03,Yarkon,high noise,road,75,22050,300,1,train,0.6906762719154358,1,1
ambience_000373.pt,0,8,False,2026-01-03,Yarkon,high noise,road,75,22050,300,1,train,0.5602430701255798,1,1
ambience_000374.pt,0,8,False,2026-01-03,Yarkon,high noise,road,75,22050,300,1,train,0.5736337900161743,1,1
ambience_000375.pt,0,8,False,2026-01-03,Yarkon,high noise,road,75,22050,300,1,train,0.5270959734916687,1,1
ambience_000376.pt,0,8,False,2026-01-03,Yarkon,high noise,road,75,22050,300,1,train,0.4937574863433838,0,1
ambience_000377.pt,0,8,False,2026-01-03,Yarkon,high noise,road,75,22050,300,1,train,0.4255969524383545,0,1
ambience_000378.pt,0,8,False,2026-01-03,Yarkon,high noise,road,75,22050,300,1,train,0.5159053206443787,1,1
ambience_000379.pt,0,8,False,2026-01-03,Yarkon,high noise,road,75,22050,300,1,train,0.5967764854431152,1,1
ambience_000380.pt,0,8,False,2026-01-03,Yarkon,high noise,road,75,22050,300,1,train,0.6205710172653198,1,1
ambience_000381.pt,0,8,False,2026-01-03,Yarkon,high noise,road,75,22050,300,1,train,0.6010268926620483,1,1
ambience_000382.pt,0,8,False,2026-01-03,Yarkon,high noise,road,75,22050,300,1,train,0.49396854639053345,0,1
ambience_000383.pt,0,8,False,2026-01-03,Yarkon,high noise,road,75,22050,300,1,train,0.6996487975120544,1,1
ambience_000384.pt,0,8,False,2026-01-03,Yarkon,high noise,road,75,22050,300,1,train,0.530845046043396,1,1
ambience_000385.pt,0,8,False,2026-01-03,Yarkon,high noise,road,75,22050,300,1,train,0.5571261644363403,1,1
ambience_000386.pt,0,8,False,2026-01-03,Yarkon,high noise,road,75,22050,300,1,train,0.5619330406188965,1,1
ambience_000387.pt,0,8,False,2026-01-03,Yarkon,high noise,road,75,22050,300,1,train,0.6513025760650635,1,1
ambience_000388.pt,0,8,False,2026-01-03,Yarkon,high noise,road,75,22050,300,1,train,0.6098923683166504,1,1
ambience_000389.pt,0,8,False,2026-01-03,Yarkon,high noise,road,75,22050,300,1,train,0.717872679233551,1,1
ambience_000390.pt,0,8,False,2026-01-03,Yarkon,high noise,road,75,22050,300,1,train,0.7077287435531616,1,1
ambience_000391.pt,0,8,False,2026-01-03,Yarkon,high noise,road,75,22050,300,1,train,0.7568183541297913,1,1
ambience_000392.pt,0,8,False,2026-01-03,Yarkon,high noise,road,75,22050,300,1,train,0.6229560375213623,1,1
ambience_000393.pt,0,8,False,2026-01-03,Yarkon,high noise,road,75,22050,300,1,train,0.6735382676124573,1,1
ambience_000394.pt,0,8,False,2026-01-03,Yarkon,high noise,road,75,22050,300,1,train,0.6618087887763977,1,1
ambience_000395.pt,0,8,False,2026-01-03,Yarkon,high noise,road,75,22050,300,1,train,0.6461236476898193,1,1
ambience_000396.pt,0,8,False,2026-01-03,Yarkon,high noise,road,75,22050,300,1,train,0.6744164824485779,1,1
ambience_000397.pt,0,8,False,2026-01-03,Yarkon,high noise,road,75,22050,300,1,train,0.6224122047424316,1,1
ambience_000398.pt,0,8,False,2026-01-03,Yarkon,high noise,road,75,22050,300,1,train,0.6441112160682678,1,1
ambience_000399.pt,0,8,False,2026-01-03,Yarkon,high noise,road,75,22050,300,1,train,0.5658599734306335,1,1
ambience_000400.pt,0,8,False,2026-01-03,Yarkon,high noise,road,75,22050,300,1,train,0.5526553988456726,1,1
ambience_000401.pt,0,8,False,2026-01-03,Yarkon,high noise,road,75,22050,300,1,train,0.4154343903064728,0,1
ambience_000402.pt,0,8,False,2026-01-03,Yarkon,high noise,road,75,22050,300,1,train,0.433432012796402,0,1
ambience_000403.pt,0,8,False,2026-01-03,Yarkon,high noise,road,75,22050,300,1,train,0.563879668712616,1,1
ambience_000404.pt,0,8,False,2026-01-03,Yarkon,high noise,road,75,22050,300,1,train,0.5571132302284241,1,1
ambience_000405.pt,0,8,False,2026-01-03,Yarkon,high noise,road,75,22050,300,1,train,0.6852380633354187,1,1
ambience_000406.pt,0,8,False,2026-01-03,Yarkon,high noise,road,75,22050,300,1,train,0.7653490304946899,1,1
ambience_000407.pt,0,8,False,2026-01-03,Yarkon,high noise,road,75,22050,300,1,train,0.738209068775177,1,1
ambience_000408.pt,0,8,False,2026-01-03,Yarkon,high noise,road,75,22050,300,1,train,0.6166412830352783,1,1
ambience_000409.pt,0,8,False,2026-01-03,Yarkon,high noise,road,75,22050,300,1,train,0.6508142352104187,1,1
ambience_000410.pt,0,8,False,2026-01-03,Yarkon,high noise,road,75,22050,300,1,train,0.642865777015686,1,1
ambience_000411.pt,0,8,False,2026-01-03,Yarkon,high noise,road,75,22050,300,1,train,0.6178696155548096,1,1
ambience_000412.pt,0,8,False,2026-01-03,Yarkon,high noise,road,75,22050,300,1,train,0.47199198603630066,0,1
ambience_000413.pt,0,8,False,2026-01-03,Yarkon,high noise,road,75,22050,300,1,train,0.47081154584884644,0,1
ambience_000414.pt,0,8,False,2026-01-03,Yarkon,high noise,road,75,22050,300,1,train,0.2020033597946167,0,1
ambience_000415.pt,0,8,False,2026-01-03,Yarkon,high noise,road,75,22050,300,1,train,0.457767516374588,0,1
ambience_000416.pt,0,8,False,2026-01-03,Yarkon,high noise,road,75,22050,300,1,train,0.4241059720516205,0,1
ambience_000417.pt,0,8,False,2026-01-03,Yarkon,high noise,road,75,22050,300,1,train,0.5353381633758545,1,1
ambience_000418.pt,0,8,False,2026-01-03,Yarkon,high noise,road,75,22050,300,1,train,0.5788671970367432,1,1
ambience_000419.pt,0,8,False,2026-01-03,Yarkon,high noise,road,75,22050,300,1,train,0.44243931770324707,0,1
ambience_000420.pt,0,8,False,2026-01-03,Yarkon,high noise,road,75,22050,300,1,train,0.5105413794517517,1,1
ambience_000421.pt,0,8,False,2026-01-03,Yarkon,high noise,road,75,22050,300,1,train,0.57265704870224,1,1
ambience_000422.pt,0,8,False,2026-01-03,Yarkon,high noise,road,75,22050,300,1,train,0.6383044719696045,1,1
ambience_000423.pt,0,8,False,2026-01-03,Yarkon,high noise,road,75,22050,300,1,train,0.7363859415054321,1,1
ambience_000424.pt,0,8,False,2026-01-03,Yarkon,high noise,road,75,22050,300,1,train,0.6942926049232483,1,1
ambience_000425.pt,0,8,False,2026-01-03,Yarkon,high noise,road,75,22050,300,1,train,0.680223822593689,1,1
ambience_000426.pt,0,8,False,2026-01-03,Yarkon,high noise,road,75,22050,300,1,train,0.716774046421051,1,1
ambience_000427.pt,0,8,False,2026-01-03,Yarkon,high noise,road,75,22050,300,1,train,0.6356543302536011,1,1
ambience_000428.pt,0,8,False,2026-01-03,Yarkon,high noise,road,75,22050,300,1,train,0.6218613982200623,1,1
ambience_000429.pt,0,8,False,2026-01-03,Yarkon,high noise,road,75,22050,300,1,train,0.645747721195221,1,1
ambience_000430.pt,0,8,False,2026-01-03,Yarkon,high noise,road,75,22050,300,1,train,0.6156125068664551,1,1
ambience_000431.pt,0,8,False,2026-01-03,Yarkon,high noise,road,75,22050,300,1,train,0.6350730061531067,1,1
ambience_000432.pt,0,8,False,2026-01-03,Yarkon,high noise,road,75,22050,300,1,train,0.3659115731716156,0,1
ambience_000433.pt,0,8,False,2026-01-03,Yarkon,high noise,road,75,22050,300,1,train,0.3287110924720764,0,1
ambience_000434.pt,0,8,False,2026-01-03,Yarkon,high noise,road,75,22050,300,1,train,0.5197601318359375,1,1
ambience_000435.pt,0,8,False,2026-01-03,Yarkon,high noise,road,75,22050,300,1,train,0.6439751982688904,1,1
ambience_000436.pt,0,8,False,2026-01-03,Yarkon,high noise,road,75,22050,300,1,train,0.7003522515296936,1,1
ambience_000437.pt,0,8,False,2026-01-03,Yarkon,high noise,road,75,22050,300,1,train,0.3322460949420929,0,1
ambience_000438.pt,0,8,False,2026-01-03,Yarkon,high noise,road,75,22050,300,1,train,0.5396957993507385,1,1
ambience_000439.pt,0,8,False,2026-01-03,Yarkon,high noise,road,75,22050,300,1,train,0.18541929125785828,0,1
ambience_000440.pt,0,8,False,2026-01-03,Yarkon,high noise,road,75,22050,300,1,train,0.1286279857158661,0,0
ambience_000441.pt,0,8,False,2026-01-03,Yarkon,high noise,road,75,22050,300,1,train,0.3142026960849762,0,1
ambience_000442.pt,0,8,False,2026-01-03,Yarkon,high noise,road,75,22050,300,1,train,0.4586833715438843,0,1
ambience_000443.pt,0,8,False,2026-01-03,Yarkon,high noise,road,75,22050,300,1,train,0.48056742548942566,0,1
ambience_000444.pt,0,8,False,2026-01-03,Yarkon,high noise,road,75,22050,300,1,train,0.46222448348999023,0,1
ambience_000445.pt,0,8,False,2026-01-03,Yarkon,high noise,road,75,22050,300,1,train,0.4362953305244446,0,1
ambience_000446.pt,0,8,False,2026-01-03,Yarkon,high noise,road,75,22050,300,1,train,0.2912499010562897,0,1
ambience_000447.pt,0,8,False,2026-01-03,Yarkon,high noise,road,75,22050,300,1,train,0.3342602550983429,0,1
ambience_000448.pt,0,8,False,2026-01-03,Yarkon,high noise,road,75,22050,300,1,train,0.559543251991272,1,1
ambience_000449.pt,0,8,False,2026-01-03,Yarkon,high noise,road,75,22050,300,1,train,0.5892966389656067,1,1
ambience_000450.pt,0,8,False,2026-01-03,Yarkon,high noise,road,75,22050,300,1,train,0.664810299873352,1,1
ambience_000451.pt,0,8,False,2026-01-03,Yarkon,high noise,road,75,22050,300,1,train,0.6078119874000549,1,1
ambience_000452.pt,0,8,False,2026-01-03,Yarkon,high noise,road,75,22050,300,1,train,0.531071126461029,1,1
ambience_000453.pt,0,8,False,2026-01-03,Yarkon,high noise,road,75,22050,300,1,train,0.6407397985458374,1,1
drone_000252.pt,1,9,True,2026-01-03,Yarkon,hign noise,road,50,22050,300,2,train,0.9234746098518372,1,1
drone_000253.pt,1,9,True,2026-01-03,Yarkon,hign noise,road,50,22050,300,2,train,0.815252959728241,1,1
drone_000254.pt,1,9,True,2026-01-03,Yarkon,hign noise,road,50,22050,300,2,train,0.8436434864997864,1,1
drone_000255.pt,1,9,True,2026-01-03,Yarkon,hign noise,road,50,22050,300,2,train,0.8326955437660217,1,1
drone_000256.pt,1,9,True,2026-01-03,Yarkon,hign noise,road,50,22050,300,2,train,0.8275272250175476,1,1
drone_000257.pt,1,9,True,2026-01-03,Yarkon,hign noise,road,50,22050,300,2,train,0.8185335993766785,1,1
drone_000258.pt,1,9,True,2026-01-03,Yarkon,hign noise,road,50,22050,300,2,train,0.7482568025588989,1,1
drone_000259.pt,1,9,True,2026-01-03,Yarkon,hign noise,road,50,22050,300,2,train,0.8711894154548645,1,1
drone_000260.pt,1,9,True,2026-01-03,Yarkon,hign noise,road,50,22050,300,2,train,0.8507674336433411,1,1
drone_000261.pt,1,9,True,2026-01-03,Yarkon,hign noise,road,50,22050,300,2,train,0.897133469581604,1,1
drone_000262.pt,1,9,True,2026-01-03,Yarkon,hign noise,road,50,22050,300,2,train,0.921920895576477,1,1
drone_000263.pt,1,9,True,2026-01-03,Yarkon,hign noise,road,50,22050,300,2,train,0.9009506106376648,1,1
drone_000264.pt,1,9,True,2026-01-03,Yarkon,hign noise,road,50,22050,300,2,train,0.8745891451835632,1,1
drone_000265.pt,1,9,True,2026-01-03,Yarkon,hign noise,road,50,22050,300,2,train,0.8523228764533997,1,1
drone_000266.pt,1,9,True,2026-01-03,Yarkon,hign noise,road,50,22050,300,2,train,0.8366011381149292,1,1
drone_000267.pt,1,9,True,2026-01-03,Yarkon,hign noise,road,50,22050,300,2,train,0.8408929109573364,1,1
drone_000268.pt,1,9,True,2026-01-03,Yarkon,hign noise,road,50,22050,300,2,train,0.8724018335342407,1,1
drone_000269.pt,1,9,True,2026-01-03,Yarkon,hign noise,road,50,22050,300,2,train,0.876255452632904,1,1
drone_000270.pt,1,9,True,2026-01-03,Yarkon,hign noise,road,50,22050,300,2,train,0.8215706944465637,1,1
drone_000271.pt,1,9,True,2026-01-03,Yarkon,hign noise,road,50,22050,300,2,train,0.863431990146637,1,1
drone_000272.pt,1,9,True,2026-01-03,Yarkon,hign noise,road,50,22050,300,2,train,0.9195927977561951,1,1
drone_000273.pt,1,9,True,2026-01-03,Yarkon,hign noise,road,50,22050,300,2,train,0.8023722767829895,1,1
drone_000274.pt,1,9,True,2026-01-03,Yarkon,hign noise,road,50,22050,300,2,train,0.4708041250705719,0,1
drone_000275.pt,1,9,True,2026-01-03,Yarkon,hign noise,road,50,22050,300,2,train,0.7395468354225159,1,1
drone_000276.pt,1,9,True,2026-01-03,Yarkon,hign noise,road,50,22050,300,2,train,0.805983304977417,1,1
drone_000277.pt,1,9,True,2026-01-03,Yarkon,hign noise,road,50,22050,300,2,train,0.552440345287323,1,1
drone_000278.pt,1,9,True,2026-01-03,Yarkon,hign noise,road,50,22050,300,2,train,0.8883764147758484,1,1
drone_000279.pt,1,9,True,2026-01-03,Yarkon,hign noise,road,50,22050,300,2,train,0.8602652549743652,1,1
drone_000280.pt,1,9,True,2026-01-03,Yarkon,hign noise,road,50,22050,300,2,train,0.8328409194946289,1,1
drone_000281.pt,1,9,True,2026-01-03,Yarkon,hign noise,road,50,22050,300,2,train,0.8416360020637512,1,1
drone_000282.pt,1,9,True,2026-01-03,Yarkon,hign noise,road,50,22050,300,2,train,0.8557862639427185,1,1
drone_000283.pt,1,9,True,2026-01-03,Yarkon,hign noise,road,50,22050,300,2,train,0.8443603515625,1,1
drone_000284.pt,1,9,True,2026-01-03,Yarkon,hign noise,road,50,22050,300,2,train,0.6668608784675598,1,1
drone_000285.pt,1,9,True,2026-01-03,Yarkon,hign noise,road,50,22050,300,2,train,0.6834059357643127,1,1
drone_000286.pt,1,9,True,2026-01-03,Yarkon,hign noise,road,50,22050,300,2,train,0.6286134719848633,1,1
drone_000287.pt,1,9,True,2026-01-03,Yarkon,hign noise,road,50,22050,300,2,train,0.8239912986755371,1,1
drone_000288.pt,1,9,True,2026-01-03,Yarkon,hign noise,road,50,22050,300,2,train,0.8865327835083008,1,1
drone_000289.pt,1,9,True,2026-01-03,Yarkon,hign noise,road,50,22050,300,2,train,0.8433415293693542,1,1
drone_000290.pt,1,9,True,2026-01-03,Yarkon,hign noise,road,50,22050,300,2,train,0.8708670735359192,1,1
drone_000291.pt,1,9,True,2026-01-03,Yarkon,hign noise,road,50,22050,300,2,train,0.8563012480735779,1,1
drone_000292.pt,1,9,True,2026-01-03,Yarkon,hign noise,road,50,22050,300,2,train,0.8356136083602905,1,1
drone_000293.pt,1,9,True,2026-01-03,Yarkon,hign noise,road,50,22050,300,2,train,0.8530377745628357,1,1
drone_000294.pt,1,9,True,2026-01-03,Yarkon,hign noise,road,50,22050,300,2,train,0.7958808541297913,1,1
drone_000295.pt,1,9,True,2026-01-03,Yarkon,hign noise,road,50,22050,300,2,train,0.6610840559005737,1,1
drone_000296.pt,1,9,True,2026-01-03,Yarkon,hign noise,road,50,22050,300,2,train,0.6453882455825806,1,1
drone_000297.pt,1,9,True,2026-01-03,Yarkon,hign noise,road,50,22050,300,2,train,0.49504706263542175,0,1
drone_000298.pt,1,9,True,2026-01-03,Yarkon,hign noise,road,50,22050,300,2,train,0.45186367630958557,0,1
drone_000299.pt,1,9,True,2026-01-03,Yarkon,hign noise,road,50,22050,300,2,train,0.7407482862472534,1,1
drone_000300.pt,1,9,True,2026-01-03,Yarkon,hign noise,road,50,22050,300,2,train,0.7695487141609192,1,1
drone_000301.pt,1,9,True,2026-01-03,Yarkon,hign noise,road,50,22050,300,2,train,0.587696373462677,1,1
drone_000302.pt,1,9,True,2026-01-03,Yarkon,hign noise,road,50,22050,300,2,train,0.603042721748352,1,1
drone_000303.pt,1,9,True,2026-01-03,Yarkon,hign noise,road,50,22050,300,2,train,0.7049577832221985,1,1
drone_000304.pt,1,9,True,2026-01-03,Yarkon,hign noise,road,50,22050,300,2,train,0.6073578596115112,1,1
drone_000305.pt,1,9,True,2026-01-03,Yarkon,hign noise,road,50,22050,300,2,train,0.6528707146644592,1,1
drone_000306.pt,1,9,True,2026-01-03,Yarkon,hign noise,road,50,22050,300,2,train,0.5838566422462463,1,1
drone_000307.pt,1,9,True,2026-01-03,Yarkon,hign noise,road,50,22050,300,2,train,0.6929567456245422,1,1
drone_000308.pt,1,9,True,2026-01-03,Yarkon,hign noise,road,50,22050,300,2,train,0.7287522554397583,1,1
drone_000309.pt,1,9,True,2026-01-03,Yarkon,hign noise,road,50,22050,300,2,train,0.6584936380386353,1,1
drone_000310.pt,1,9,True,2026-01-03,Yarkon,hign noise,road,50,22050,300,2,train,0.7550298571586609,1,1
drone_000311.pt,1,9,True,2026-01-03,Yarkon,hign noise,road,50,22050,300,2,train,0.7344666719436646,1,1
drone_000312.pt,1,9,True,2026-01-03,Yarkon,hign noise,road,50,22050,300,2,train,0.6807733774185181,1,1
drone_000313.pt,1,9,True,2026-01-03,Yarkon,hign noise,road,50,22050,300,2,train,0.7538666725158691,1,1
drone_000314.pt,1,9,True,2026-01-03,Yarkon,hign noise,road,50,22050,300,2,train,0.5474206209182739,1,1
drone_000315.pt,1,9,True,2026-01-03,Yarkon,hign noise,road,50,22050,300,2,train,0.46778881549835205,0,1
drone_000316.pt,1,9,True,2026-01-03,Yarkon,hign noise,road,50,22050,300,2,train,0.7546007037162781,1,1
drone_000317.pt,1,9,True,2026-01-03,Yarkon,hign noise,road,50,22050,300,2,train,0.6305903792381287,1,1
drone_000318.pt,1,9,True,2026-01-03,Yarkon,hign noise,road,50,22050,300,2,train,0.5635941028594971,1,1
drone_000319.pt,1,9,True,2026-01-03,Yarkon,hign noise,road,50,22050,300,2,train,0.6112494468688965,1,1
drone_000320.pt,1,9,True,2026-01-03,Yarkon,hign noise,road,50,22050,300,2,train,0.6461835503578186,1,1
drone_000321.pt,1,9,True,2026-01-03,Yarkon,hign noise,road,50,22050,300,2,train,0.6226733326911926,1,1
drone_000322.pt,1,9,True,2026-01-03,Yarkon,hign noise,road,50,22050,300,2,train,0.6624107360839844,1,1
drone_000323.pt,1,9,True,2026-01-03,Yarkon,hign noise,road,50,22050,300,2,train,0.7374047040939331,1,1
drone_000324.pt,1,9,True,2026-01-03,Yarkon,hign noise,road,50,22050,300,2,train,0.8599609136581421,1,1
drone_000325.pt,1,9,True,2026-01-03,Yarkon,hign noise,road,50,22050,300,2,train,0.8551574349403381,1,1
drone_000326.pt,1,9,True,2026-01-03,Yarkon,hign noise,road,50,22050,300,2,train,0.7479978799819946,1,1
drone_000327.pt,1,9,True,2026-01-03,Yarkon,hign noise,road,50,22050,300,2,train,0.8079432249069214,1,1
drone_000328.pt,1,9,True,2026-01-03,Yarkon,hign noise,road,50,22050,300,2,train,0.8032712340354919,1,1
drone_000329.pt,1,9,True,2026-01-03,Yarkon,hign noise,road,50,22050,300,2,train,0.8094239830970764,1,1
drone_000330.pt,1,9,True,2026-01-03,Yarkon,hign noise,road,50,22050,300,2,train,0.755014181137085,1,1
drone_000331.pt,1,9,True,2026-01-03,Yarkon,hign noise,road,50,22050,300,2,train,0.7467478513717651,1,1
drone_000332.pt,1,9,True,2026-01-03,Yarkon,hign noise,road,50,22050,300,2,train,0.6617240309715271,1,1
drone_000333.pt,1,9,True,2026-01-03,Yarkon,hign noise,road,50,22050,300,2,train,0.6572467088699341,1,1
drone_000334.pt,1,9,True,2026-01-03,Yarkon,hign noise,road,50,22050,300,2,train,0.7339072227478027,1,1
drone_000335.pt,1,9,True,2026-01-03,Yarkon,hign noise,road,50,22050,300,2,train,0.8655627965927124,1,1
drone_000336.pt,1,9,True,2026-01-03,Yarkon,hign noise,road,50,22050,300,2,train,0.8719667792320251,1,1
ambience_000454.pt,0,10,False,2025-12-15,room,low noise,ambience,50,22050,300,1,test,0.01725216954946518,0,0
ambience_000455.pt,0,10,False,2025-12-15,room,low noise,ambience,50,22050,300,1,test,0.015311659313738346,0,0
ambience_000456.pt,0,10,False,2025-12-15,room,low noise,ambience,50,22050,300,1,test,0.015579733066260815,0,0
ambience_000457.pt,0,10,False,2025-12-15,room,low noise,ambience,50,22050,300,1,test,0.018486524000763893,0,0
ambience_000458.pt,0,10,False,2025-12-15,room,low noise,ambience,50,22050,300,1,test,0.018938004970550537,0,0
ambience_000459.pt,0,10,False,2025-12-15,room,low noise,ambience,50,22050,300,1,test,0.01671604812145233,0,0
ambience_000460.pt,0,10,False,2025-12-15,room,low noise,ambience,50,22050,300,1,test,0.013859697617590427,0,0
ambience_000461.pt,0,10,False,2025-12-15,room,low noise,ambience,50,22050,300,1,test,0.01147659681737423,0,0
ambience_000462.pt,0,10,False,2025-12-15,room,low noise,ambience,50,22050,300,1,test,0.01728089153766632,0,0
ambience_000463.pt,0,10,False,2025-12-15,room,low noise,ambience,50,22050,300,1,test,0.016276972368359566,0,0
ambience_000464.pt,0,10,False,2025-12-15,room,low noise,ambience,50,22050,300,1,test,0.014602196402847767,0,0
ambience_000465.pt,0,10,False,2025-12-15,room,low noise,ambience,50,22050,300,1,test,0.015170400962233543,0,0
ambience_000466.pt,0,10,False,2025-12-15,room,low noise,ambience,50,22050,300,1,test,0.01840374991297722,0,0
ambience_000467.pt,0,10,False,2025-12-15,room,low noise,ambience,50,22050,300,1,test,0.012487517669796944,0,0
ambience_000468.pt,0,10,False,2025-12-15,room,low noise,ambience,50,22050,300,1,test,0.013944495469331741,0,0
ambience_000469.pt,0,10,False,2025-12-15,room,low noise,ambience,50,22050,300,1,test,0.029930826276540756,0,0
ambience_000470.pt,0,10,False,2025-12-15,room,low noise,ambience,50,22050,300,1,test,0.010783539153635502,0,0
ambience_000471.pt,0,10,False,2025-12-15,room,low noise,ambience,50,22050,300,1,test,0.014544693753123283,0,0
ambience_000472.pt,0,10,False,2025-12-15,room,low noise,ambience,50,22050,300,1,test,0.01584806852042675,0,0
ambience_000473.pt,0,10,False,2025-12-15,room,low noise,ambience,50,22050,300,1,test,0.020263133570551872,0,0
ambience_000474.pt,0,10,False,2025-12-15,room,low noise,ambience,50,22050,300,1,test,0.0194699689745903,0,0
ambience_000475.pt,0,10,False,2025-12-15,room,low noise,ambience,50,22050,300,1,test,0.014994170516729355,0,0
ambience_000476.pt,0,10,False,2025-12-15,room,low noise,ambience,50,22050,300,1,test,0.017064422369003296,0,0
ambience_000477.pt,0,10,False,2025-12-15,room,low noise,ambience,50,22050,300,1,test,0.014212707988917828,0,0
ambience_000478.pt,0,10,False,2025-12-15,room,low noise,ambience,50,22050,300,1,test,0.014987113885581493,0,0
ambience_000479.pt,0,10,False,2025-12-15,room,low noise,ambience,50,22050,300,1,test,0.013449889607727528,0,0
ambience_000480.pt,0,10,False,2025-12-15,room,low noise,ambience,50,22050,300,1,test,0.010386494919657707,0,0
ambience_000481.pt,0,10,False,2025-12-15,room,low noise,ambience,50,22050,300,1,test,0.013179364614188671,0,0
ambience_000482.pt,0,10,False,2025-12-15,room,low noise,ambience,50,22050,300,1,test,0.015824969857931137,0,0
ambience_000483.pt,0,10,False,2025-12-15,room,low noise,ambience,50,22050,300,1,test,0.015152545645833015,0,0
ambience_000484.pt,0,10,False,2025-12-15,room,low noise,ambience,50,22050,300,1,test,0.012152835726737976,0,0
ambience_000485.pt,0,10,False,2025-12-15,room,low noise,ambience,50,22050,300,1,test,0.013005191460251808,0,0
ambience_000486.pt,0,10,False,2025-12-15,room,low noise,ambience,50,22050,300,1,test,0.015313967131078243,0,0
ambience_000487.pt,0,10,False,2025-12-15,room,low noise,ambience,50,22050,300,1,test,0.01232562493532896,0,0
ambience_000488.pt,0,10,False,2025-12-15,room,low noise,ambience,50,22050,300,1,test,0.012080468237400055,0,0
ambience_000489.pt,0,10,False,2025-12-15,room,low noise,ambience,50,22050,300,1,test,0.012747036293148994,0,0
ambience_000490.pt,0,10,False,2025-12-15,room,low noise,ambience,50,22050,300,1,test,0.013578380458056927,0,0
ambience_000491.pt,0,10,False,2025-12-15,room,low noise,ambience,50,22050,300,1,test,0.015529622323811054,0,0
ambience_000492.pt,0,10,False,2025-12-15,room,low noise,ambience,50,22050,300,1,test,0.013232788071036339,0,0
ambience_000493.pt,0,10,False,2025-12-15,room,low noise,ambience,50,22050,300,1,test,0.012128382921218872,0,0
ambience_000494.pt,0,10,False,2025-12-15,room,low noise,ambience,50,22050,300,1,test,0.014017459005117416,0,0
ambience_000495.pt,0,10,False,2025-12-15,room,low noise,ambience,50,22050,300,1,test,0.013726496137678623,0,0
ambience_000496.pt,0,10,False,2025-12-15,room,low noise,ambience,50,22050,300,1,test,0.015365572646260262,0,0
ambience_000497.pt,0,10,False,2025-12-15,room,low noise,ambience,50,22050,300,1,test,0.014663268812000751,0,0
ambience_000498.pt,0,10,False,2025-12-15,room,low noise,ambience,50,22050,300,1,test,0.0128540750592947,0,0
ambience_000499.pt,0,10,False,2025-12-15,room,low noise,ambience,50,22050,300,1,test,0.02265513874590397,0,0
ambience_000500.pt,0,10,False,2025-12-15,room,low noise,ambience,50,22050,300,1,test,0.013092577457427979,0,0
ambience_000501.pt,0,10,False,2025-12-15,room,low noise,ambience,50,22050,300,1,test,0.013189378194510937,0,0
ambience_000502.pt,0,10,False,2025-12-15,room,low noise,ambience,50,22050,300,1,test,0.016944993287324905,0,0
ambience_000503.pt,0,10,False,2025-12-15,room,low noise,ambience,50,22050,300,1,test,0.021569401025772095,0,0
ambience_000504.pt,0,10,False,2025-12-15,room,low noise,ambience,50,22050,300,1,test,0.017298255115747452,0,0
ambience_000505.pt,0,10,False,2025-12-15,room,low noise,ambience,50,22050,300,1,test,0.020135674625635147,0,0
ambience_000506.pt,0,10,False,2025-12-15,room,low noise,ambience,50,22050,300,1,test,0.026578905060887337,0,0
ambience_000507.pt,0,10,False,2025-12-15,room,low noise,ambience,50,22050,300,1,test,0.01655811443924904,0,0
ambience_000508.pt,0,10,False,2025-12-15,room,low noise,ambience,50,22050,300,1,test,0.03462900593876839,0,0
ambience_000509.pt,0,10,False,2025-12-15,room,low noise,ambience,50,22050,300,1,test,0.03776029124855995,0,0
ambience_000510.pt,0,10,False,2025-12-15,room,low noise,ambience,50,22050,300,1,test,0.04630725458264351,0,0
ambience_000511.pt,0,10,False,2025-12-15,room,low noise,ambience,50,22050,300,1,test,0.021560220047831535,0,0
ambience_000512.pt,0,10,False,2025-12-15,room,low noise,ambience,50,22050,300,1,test,0.024889953434467316,0,0
ambience_000513.pt,0,10,False,2025-12-15,room,low noise,ambience,50,22050,300,1,test,0.03378399461507797,0,0
ambience_000514.pt,0,10,False,2025-12-15,room,low noise,ambience,50,22050,300,1,test,0.03480301797389984,0,0
ambience_000515.pt,0,10,False,2025-12-15,room,low noise,ambience,50,22050,300,1,test,0.03933379799127579,0,0
ambience_000516.pt,0,10,False,2025-12-15,room,low noise,ambience,50,22050,300,1,test,0.0278887040913105,0,0
ambience_000517.pt,0,10,False,2025-12-15,room,low noise,ambience,50,22050,300,1,test,0.01849057339131832,0,0
ambience_000518.pt,0,10,False,2025-12-15,room,low noise,ambience,50,22050,300,1,test,0.01930110715329647,0,0
ambience_000519.pt,0,10,False,2025-12-15,room,low noise,ambience,50,22050,300,1,test,0.02795647643506527,0,0
ambience_000520.pt,0,10,False,2025-12-15,room,low noise,ambience,50,22050,300,1,test,0.030218470841646194,0,0
ambience_000521.pt,0,10,False,2025-12-15,room,low noise,ambience,50,22050,300,1,test,0.028410762548446655,0,0
ambience_000522.pt,0,10,False,2025-12-15,room,low noise,ambience,50,22050,300,1,test,0.06267332285642624,0,0
ambience_000523.pt,0,10,False,2025-12-15,room,low noise,ambience,50,22050,300,1,test,0.01965250074863434,0,0
ambience_000524.pt,0,10,False,2025-12-15,room,low noise,ambience,50,22050,300,1,test,0.01353610958904028,0,0
ambience_000525.pt,0,10,False,2025-12-15,room,low noise,ambience,50,22050,300,1,test,0.018248723819851875,0,0
ambience_000526.pt,0,10,False,2025-12-15,room,low noise,ambience,50,22050,300,1,test,0.01907528191804886,0,0
ambience_000527.pt,0,10,False,2025-12-15,room,low noise,ambience,50,22050,300,1,test,0.014844761230051517,0,0
ambience_000528.pt,0,10,False,2025-12-15,room,low noise,ambience,50,22050,300,1,test,0.01374074351042509,0,0
drone_000337.pt,1,11,True,2026-01-05,Yarkon rosh zipor,low noise,ambience,50,22050,300,1,train,0.98819899559021,1,1
drone_000338.pt,1,11,True,2026-01-05,Yarkon rosh zipor,low noise,ambience,50,22050,300,1,train,0.9602324366569519,1,1
drone_000339.pt,1,11,True,2026-01-05,Yarkon rosh zipor,low noise,ambience,50,22050,300,1,train,0.9527840614318848,1,1
drone_000340.pt,1,11,True,2026-01-05,Yarkon rosh zipor,low noise,ambience,50,22050,300,1,train,0.8667299151420593,1,1
drone_000341.pt,1,11,True,2026-01-05,Yarkon rosh zipor,low noise,ambience,50,22050,300,1,train,0.9011175036430359,1,1
drone_000342.pt,1,11,True,2026-01-05,Yarkon rosh zipor,low noise,ambience,50,22050,300,1,train,0.8655709624290466,1,1
drone_000343.pt,1,11,True,2026-01-05,Yarkon rosh zipor,low noise,ambience,50,22050,300,1,train,0.8280625939369202,1,1
drone_000344.pt,1,11,True,2026-01-05,Yarkon rosh zipor,low noise,ambience,50,22050,300,1,train,0.8567911386489868,1,1
drone_000345.pt,1,11,True,2026-01-05,Yarkon rosh zipor,low noise,ambience,50,22050,300,1,train,0.8701832294464111,1,1
drone_000346.pt,1,11,True,2026-01-05,Yarkon rosh zipor,low noise,ambience,50,22050,300,1,train,0.777037501335144,1,1
drone_000347.pt,1,11,True,2026-01-05,Yarkon rosh zipor,low noise,ambience,50,22050,300,1,train,0.8388988971710205,1,1
drone_000348.pt,1,11,True,2026-01-05,Yarkon rosh zipor,low noise,ambience,50,22050,300,1,train,0.7253609299659729,1,1
drone_000349.pt,1,11,True,2026-01-05,Yarkon rosh zipor,low noise,ambience,50,22050,300,1,train,0.8159061074256897,1,1
drone_000350.pt,1,11,True,2026-01-05,Yarkon rosh zipor,low noise,ambience,50,22050,300,1,train,0.9575239419937134,1,1
drone_000351.pt,1,11,True,2026-01-05,Yarkon rosh zipor,low noise,ambience,50,22050,300,1,train,0.8953185081481934,1,1
drone_000352.pt,1,11,True,2026-01-05,Yarkon rosh zipor,low noise,ambience,50,22050,300,1,train,0.7993765473365784,1,1
drone_000353.pt,1,11,True,2026-01-05,Yarkon rosh zipor,low noise,ambience,50,22050,300,1,train,0.6832161545753479,1,1
drone_000354.pt,1,11,True,2026-01-05,Yarkon rosh zipor,low noise,ambience,50,22050,300,1,train,0.6905917525291443,1,1
drone_000355.pt,1,11,True,2026-01-05,Yarkon rosh zipor,low noise,ambience,50,22050,300,1,train,0.5757920742034912,1,1
drone_000356.pt,1,11,True,2026-01-05,Yarkon rosh zipor,low noise,ambience,50,22050,300,1,train,0.5719176530838013,1,1
drone_000357.pt,1,11,True,2026-01-05,Yarkon rosh zipor,low noise,ambience,50,22050,300,1,train,0.7768344283103943,1,1
drone_000358.pt,1,11,True,2026-01-05,Yarkon rosh zipor,low noise,ambience,50,22050,300,1,train,0.7010266184806824,1,1
drone_000359.pt,1,11,True,2026-01-05,Yarkon rosh zipor,low noise,ambience,50,22050,300,1,train,0.43995848298072815,0,1
drone_000360.pt,1,11,True,2026-01-05,Yarkon rosh zipor,low noise,ambience,50,22050,300,1,train,0.7918598651885986,1,1
drone_000361.pt,1,11,True,2026-01-05,Yarkon rosh zipor,low noise,ambience,50,22050,300,1,train,0.8824034333229065,1,1
drone_000362.pt,1,11,True,2026-01-05,Yarkon rosh zipor,low noise,ambience,50,22050,300,1,train,0.678711473941803,1,1
drone_000363.pt,1,11,True,2026-01-05,Yarkon rosh zipor,low noise,ambience,50,22050,300,1,train,0.4129713773727417,0,1
drone_000364.pt,1,11,True,2026-01-05,Yarkon rosh zipor,low noise,ambience,50,22050,300,1,train,0.7831180095672607,1,1
drone_000365.pt,1,11,True,2026-01-05,Yarkon rosh zipor,low noise,ambience,50,22050,300,1,train,0.5564983487129211,1,1
drone_000366.pt,1,11,True,2026-01-05,Yarkon rosh zipor,low noise,ambience,50,22050,300,1,train,0.5071035623550415,1,1
drone_000367.pt,1,11,True,2026-01-05,Yarkon rosh zipor,low noise,ambience,50,22050,300,1,train,0.5900156497955322,1,1
drone_000368.pt,1,11,True,2026-01-05,Yarkon rosh zipor,low noise,ambience,50,22050,300,1,train,0.8659037351608276,1,1
drone_000369.pt,1,11,True,2026-01-05,Yarkon rosh zipor,low noise,ambience,50,22050,300,1,train,0.8920215368270874,1,1
drone_000370.pt,1,11,True,2026-01-05,Yarkon rosh zipor,low noise,ambience,50,22050,300,1,train,0.6704326868057251,1,1
drone_000371.pt,1,11,True,2026-01-05,Yarkon rosh zipor,low noise,ambience,50,22050,300,1,train,0.5838207602500916,1,1
drone_000372.pt,1,11,True,2026-01-05,Yarkon rosh zipor,low noise,ambience,50,22050,300,1,train,0.6416480541229248,1,1
drone_000373.pt,1,11,True,2026-01-05,Yarkon rosh zipor,low noise,ambience,50,22050,300,1,train,0.731040894985199,1,1
drone_000374.pt,1,11,True,2026-01-05,Yarkon rosh zipor,low noise,ambience,50,22050,300,1,train,0.9055235385894775,1,1
drone_000375.pt,1,11,True,2026-01-05,Yarkon rosh zipor,low noise,ambience,50,22050,300,1,train,0.8686519265174866,1,1
drone_000376.pt,1,11,True,2026-01-05,Yarkon rosh zipor,low noise,ambience,50,22050,300,1,train,0.7203041911125183,1,1
drone_000377.pt,1,11,True,2026-01-05,Yarkon rosh zipor,low noise,ambience,50,22050,300,1,train,0.6895319819450378,1,1
drone_000378.pt,1,11,True,2026-01-05,Yarkon rosh zipor,low noise,ambience,50,22050,300,1,train,0.5980387926101685,1,1
drone_000379.pt,1,11,True,2026-01-05,Yarkon rosh zipor,low noise,ambience,50,22050,300,1,train,0.7946891188621521,1,1
drone_000380.pt,1,11,True,2026-01-05,Yarkon rosh zipor,low noise,ambience,50,22050,300,1,train,0.6188037991523743,1,1
drone_000381.pt,1,11,True,2026-01-05,Yarkon rosh zipor,low noise,ambience,50,22050,300,1,train,0.7086113691329956,1,1
drone_000382.pt,1,11,True,2026-01-05,Yarkon rosh zipor,low noise,ambience,50,22050,300,1,train,0.6979023814201355,1,1
drone_000383.pt,1,11,True,2026-01-05,Yarkon rosh zipor,low noise,ambience,50,22050,300,1,train,0.8449574112892151,1,1
drone_000384.pt,1,11,True,2026-01-05,Yarkon rosh zipor,low noise,ambience,50,22050,300,1,train,0.8315763473510742,1,1
drone_000385.pt,1,11,True,2026-01-05,Yarkon rosh zipor,low noise,ambience,50,22050,300,1,train,0.8743537664413452,1,1
drone_000386.pt,1,11,True,2026-01-05,Yarkon rosh zipor,low noise,ambience,50,22050,300,1,train,0.9317013025283813,1,1
drone_000387.pt,1,11,True,2026-01-05,Yarkon rosh zipor,low noise,ambience,50,22050,300,1,train,0.9861980080604553,1,1
drone_000388.pt,1,11,True,2026-01-05,Yarkon rosh zipor,low noise,ambience,50,22050,300,1,train,0.8551477789878845,1,1
drone_000389.pt,1,11,True,2026-01-05,Yarkon rosh zipor,low noise,ambience,50,22050,300,1,train,0.6319235563278198,1,1
drone_000390.pt,1,11,True,2026-01-05,Yarkon rosh zipor,low noise,ambience,50,22050,300,1,train,0.8578221797943115,1,1
drone_000391.pt,1,11,True,2026-01-05,Yarkon rosh zipor,low noise,ambience,50,22050,300,1,train,0.9200048446655273,1,1
drone_000392.pt,1,11,True,2026-01-05,Yarkon rosh zipor,low noise,ambience,50,22050,300,1,train,0.7200960516929626,1,1
drone_000393.pt,1,11,True,2026-01-05,Yarkon rosh zipor,low noise,ambience,50,22050,300,1,train,0.7235400676727295,1,1
drone_000394.pt,1,11,True,2026-01-05,Yarkon rosh zipor,low noise,ambience,50,22050,300,1,train,0.8684529662132263,1,1
drone_000395.pt,1,11,True,2026-01-05,Yarkon rosh zipor,low noise,ambience,50,22050,300,1,train,0.922782838344574,1,1
drone_000396.pt,1,11,True,2026-01-05,Yarkon rosh zipor,low noise,ambience,50,22050,300,1,train,0.8804163932800293,1,1
drone_000397.pt,1,11,True,2026-01-05,Yarkon rosh zipor,low noise,ambience,50,22050,300,1,train,0.7840335965156555,1,1
drone_000398.pt,1,11,True,2026-01-05,Yarkon rosh zipor,low noise,ambience,50,22050,300,1,train,0.8636868596076965,1,1
drone_000399.pt,1,11,True,2026-01-05,Yarkon rosh zipor,low noise,ambience,50,22050,300,1,train,0.8231727480888367,1,1
drone_000400.pt,1,11,True,2026-01-05,Yarkon rosh zipor,low noise,ambience,50,22050,300,1,train,0.7092073559761047,1,1
drone_000401.pt,1,11,True,2026-01-05,Yarkon rosh zipor,low noise,ambience,50,22050,300,1,train,0.5878913998603821,1,1
drone_000402.pt,1,11,True,2026-01-05,Yarkon rosh zipor,low noise,ambience,50,22050,300,1,train,0.7956803441047668,1,1
drone_000403.pt,1,11,True,2026-01-05,Yarkon rosh zipor,low noise,ambience,50,22050,300,1,train,0.8319619297981262,1,1
drone_000404.pt,1,11,True,2026-01-05,Yarkon rosh zipor,low noise,ambience,50,22050,300,1,train,0.8786086440086365,1,1
drone_000405.pt,1,11,True,2026-01-05,Yarkon rosh zipor,low noise,ambience,50,22050,300,1,train,0.8153871297836304,1,1
drone_000406.pt,1,11,True,2026-01-05,Yarkon rosh zipor,low noise,ambience,50,22050,300,1,train,0.6895608305931091,1,1
drone_000407.pt,1,11,True,2026-01-05,Yarkon rosh zipor,low noise,ambience,50,22050,300,1,train,0.7358974814414978,1,1
drone_000408.pt,1,11,True,2026-01-05,Yarkon rosh zipor,low noise,ambience,50,22050,300,1,train,0.7495607733726501,1,1
drone_000409.pt,1,11,True,2026-01-05,Yarkon rosh zipor,low noise,ambience,50,22050,300,1,train,0.6978690028190613,1,1
drone_000410.pt,1,11,True,2026-01-05,Yarkon rosh zipor,low noise,ambience,50,22050,300,1,train,0.8261302709579468,1,1
drone_000411.pt,1,11,True,2026-01-05,Yarkon rosh zipor,low noise,ambience,50,22050,300,1,train,0.9064767360687256,1,1
drone_000412.pt,1,11,True,2026-01-05,Yarkon rosh zipor,low noise,ambience,50,22050,300,1,train,0.9927190542221069,1,1
drone_000413.pt,1,12,True,2026-01-05,Yarkon rosh zipor,high noise,"helicopter, plane",50,22050,210,1,train,0.9131261706352234,1,1
drone_000414.pt,1,12,True,2026-01-05,Yarkon rosh zipor,high noise,"helicopter, plane",50,22050,210,1,train,0.8630236387252808,1,1
drone_000415.pt,1,12,True,2026-01-05,Yarkon rosh zipor,high noise,"helicopter, plane",50,22050,210,1,train,0.7220962047576904,1,1
drone_000416.pt,1,12,True,2026-01-05,Yarkon rosh zipor,high noise,"helicopter, plane",50,22050,210,1,train,0.7274442911148071,1,1
drone_000417.pt,1,12,True,2026-01-05,Yarkon rosh zipor,high noise,"helicopter, plane",50,22050,210,1,train,0.8777303695678711,1,1
drone_000418.pt,1,12,True,2026-01-05,Yarkon rosh zipor,high noise,"helicopter, plane",50,22050,210,1,train,0.8579776287078857,1,1
drone_000419.pt,1,12,True,2026-01-05,Yarkon rosh zipor,high noise,"helicopter, plane",50,22050,210,1,train,0.84194415807724,1,1
drone_000420.pt,1,12,True,2026-01-05,Yarkon rosh zipor,high noise,"helicopter, plane",50,22050,210,1,train,0.777941882610321,1,1
drone_000421.pt,1,12,True,2026-01-05,Yarkon rosh zipor,high noise,"helicopter, plane",50,22050,210,1,train,0.5183295011520386,1,1
drone_000422.pt,1,12,True,2026-01-05,Yarkon rosh zipor,high noise,"helicopter, plane",50,22050,210,1,train,0.5467715859413147,1,1
drone_000423.pt,1,12,True,2026-01-05,Yarkon rosh zipor,high noise,"helicopter, plane",50,22050,210,1,train,0.4782634675502777,0,1
drone_000424.pt,1,12,True,2026-01-05,Yarkon rosh zipor,high noise,"helicopter, plane",50,22050,210,1,train,0.5585418939590454,1,1
drone_000425.pt,1,12,True,2026-01-05,Yarkon rosh zipor,high noise,"helicopter, plane",50,22050,210,1,train,0.7947779893875122,1,1
drone_000426.pt,1,12,True,2026-01-05,Yarkon rosh zipor,high noise,"helicopter, plane",50,22050,210,1,train,0.7527896165847778,1,1
drone_000427.pt,1,12,True,2026-01-05,Yarkon rosh zipor,high noise,"helicopter, plane",50,22050,210,1,train,0.3715240955352783,0,1
drone_000428.pt,1,12,True,2026-01-05,Yarkon rosh zipor,high noise,"helicopter, plane",50,22050,210,1,train,0.5399437546730042,1,1
drone_000429.pt,1,12,True,2026-01-05,Yarkon rosh zipor,high noise,"helicopter, plane",50,22050,210,1,train,0.6706252098083496,1,1
drone_000430.pt,1,12,True,2026-01-05,Yarkon rosh zipor,high noise,"helicopter, plane",50,22050,210,1,train,0.47721242904663086,0,1
drone_000431.pt,1,12,True,2026-01-05,Yarkon rosh zipor,high noise,"helicopter, plane",50,22050,210,1,train,0.41046369075775146,0,1
drone_000432.pt,1,12,True,2026-01-05,Yarkon rosh zipor,high noise,"helicopter, plane",50,22050,210,1,train,0.4031159579753876,0,1
drone_000433.pt,1,12,True,2026-01-05,Yarkon rosh zipor,high noise,"helicopter, plane",50,22050,210,1,train,0.5788846611976624,1,1
drone_000434.pt,1,12,True,2026-01-05,Yarkon rosh zipor,high noise,"helicopter, plane",50,22050,210,1,train,0.5144387483596802,1,1
drone_000435.pt,1,12,True,2026-01-05,Yarkon rosh zipor,high noise,"helicopter, plane",50,22050,210,1,train,0.6731414794921875,1,1
drone_000436.pt,1,12,True,2026-01-05,Yarkon rosh zipor,high noise,"helicopter, plane",50,22050,210,1,train,0.2886270582675934,0,1
drone_000437.pt,1,12,True,2026-01-05,Yarkon rosh zipor,high noise,"helicopter, plane",50,22050,210,1,train,0.4206889867782593,0,1
drone_000438.pt,1,12,True,2026-01-05,Yarkon rosh zipor,high noise,"helicopter, plane",50,22050,210,1,train,0.5616230368614197,1,1
drone_000439.pt,1,12,True,2026-01-05,Yarkon rosh zipor,high noise,"helicopter, plane",50,22050,210,1,train,0.4759209156036377,0,1
drone_000440.pt,1,12,True,2026-01-05,Yarkon rosh zipor,high noise,"helicopter, plane",50,22050,210,1,train,0.8537015318870544,1,1
drone_000441.pt,1,12,True,2026-01-05,Yarkon rosh zipor,high noise,"helicopter, plane",50,22050,210,1,train,0.7523632645606995,1,1
drone_000442.pt,1,12,True,2026-01-05,Yarkon rosh zipor,high noise,"helicopter, plane",50,22050,210,1,train,0.8108752369880676,1,1
drone_000443.pt,1,12,True,2026-01-05,Yarkon rosh zipor,high noise,"helicopter, plane",50,22050,210,1,train,0.7418209910392761,1,1
drone_000444.pt,1,12,True,2026-01-05,Yarkon rosh zipor,high noise,"helicopter, plane",50,22050,210,1,train,0.7139370441436768,1,1
drone_000445.pt,1,12,True,2026-01-05,Yarkon rosh zipor,high noise,"helicopter, plane",50,22050,210,1,train,0.6013160347938538,1,1
drone_000446.pt,1,12,True,2026-01-05,Yarkon rosh zipor,high noise,"helicopter, plane",50,22050,210,1,train,0.5412076115608215,1,1
drone_000447.pt,1,12,True,2026-01-05,Yarkon rosh zipor,high noise,"helicopter, plane",50,22050,210,1,train,0.5944904685020447,1,1
drone_000448.pt,1,12,True,2026-01-05,Yarkon rosh zipor,high noise,"helicopter, plane",50,22050,210,1,train,0.5723039507865906,1,1
drone_000449.pt,1,12,True,2026-01-05,Yarkon rosh zipor,high noise,"helicopter, plane",50,22050,210,1,train,0.645916223526001,1,1
drone_000450.pt,1,12,True,2026-01-05,Yarkon rosh zipor,high noise,"helicopter, plane",50,22050,210,1,train,0.6623603105545044,1,1
drone_000451.pt,1,12,True,2026-01-05,Yarkon rosh zipor,high noise,"helicopter, plane",50,22050,210,1,train,0.5161255598068237,1,1
drone_000452.pt,1,12,True,2026-01-05,Yarkon rosh zipor,high noise,"helicopter, plane",50,22050,210,1,train,0.4130651652812958,0,1
drone_000453.pt,1,12,True,2026-01-05,Yarkon rosh zipor,high noise,"helicopter, plane",50,22050,210,1,train,0.5458146333694458,1,1
drone_000454.pt,1,12,True,2026-01-05,Yarkon rosh zipor,high noise,"helicopter, plane",50,22050,210,1,train,0.42737919092178345,0,1
drone_000455.pt,1,12,True,2026-01-05,Yarkon rosh zipor,high noise,"helicopter, plane",50,22050,210,1,train,0.5353596210479736,1,1
drone_000456.pt,1,12,True,2026-01-05,Yarkon rosh zipor,high noise,"helicopter, plane",50,22050,210,1,train,0.7111048102378845,1,1
drone_000457.pt,1,12,True,2026-01-05,Yarkon rosh zipor,high noise,"helicopter, plane",50,22050,210,1,train,0.8029302358627319,1,1
drone_000458.pt,1,12,True,2026-01-05,Yarkon rosh zipor,high noise,"helicopter, plane",50,22050,210,1,train,0.6315712928771973,1,1
drone_000459.pt,1,12,True,2026-01-05,Yarkon rosh zipor,high noise,"helicopter, plane",50,22050,210,1,train,0.4599960744380951,0,1
drone_000460.pt,1,12,True,2026-01-05,Yarkon rosh zipor,high noise,"helicopter, plane",50,22050,210,1,train,0.27161505818367004,0,1
drone_000461.pt,1,12,True,2026-01-05,Yarkon rosh zipor,high noise,"helicopter, plane",50,22050,210,1,train,0.37013423442840576,0,1
drone_000462.pt,1,12,True,2026-01-05,Yarkon rosh zipor,high noise,"helicopter, plane",50,22050,210,1,train,0.34194645285606384,0,1
drone_000463.pt,1,12,True,2026-01-05,Yarkon rosh zipor,high noise,"helicopter, plane",50,22050,210,1,train,0.39595672488212585,0,1
ambience_000529.pt,0,13,False,2025-12-15,room,low noise,"rain, wind, urban, airplane",50,22050,1200,1,train,0.061768896877765656,0,0
ambience_000530.pt,0,13,False,2025-12-15,room,low noise,"rain, wind, urban, airplane",50,22050,1200,1,train,0.07856430113315582,0,0
ambience_000531.pt,0,13,False,2025-12-15,room,low noise,"rain, wind, urban, airplane",50,22050,1200,1,train,0.038019586354494095,0,0
ambience_000532.pt,0,13,False,2025-12-15,room,low noise,"rain, wind, urban, airplane",50,22050,1200,1,train,0.0646640807390213,0,0
ambience_000533.pt,0,13,False,2025-12-15,room,low noise,"rain, wind, urban, airplane",50,22050,1200,1,train,0.0630638599395752,0,0
ambience_000534.pt,0,13,False,2025-12-15,room,low noise,"rain, wind, urban, airplane",50,22050,1200,1,train,0.053154874593019485,0,0
ambience_000535.pt,0,13,False,2025-12-15,room,low noise,"rain, wind, urban, airplane",50,22050,1200,1,train,0.06659173965454102,0,0
ambience_000536.pt,0,13,False,2025-12-15,room,low noise,"rain, wind, urban, airplane",50,22050,1200,1,train,0.04947345703840256,0,0
ambience_000537.pt,0,13,False,2025-12-15,room,low noise,"rain, wind, urban, airplane",50,22050,1200,1,train,0.03738278150558472,0,0
ambience_000538.pt,0,13,False,2025-12-15,room,low noise,"rain, wind, urban, airplane",50,22050,1200,1,train,0.016099920496344566,0,0
ambience_000539.pt,0,13,False,2025-12-15,room,low noise,"rain, wind, urban, airplane",50,22050,1200,1,train,0.0734921544790268,0,0
ambience_000540.pt,0,13,False,2025-12-15,room,low noise,"rain, wind, urban, airplane",50,22050,1200,1,train,0.026730936020612717,0,0
ambience_000541.pt,0,13,False,2025-12-15,room,low noise,"rain, wind, urban, airplane",50,22050,1200,1,train,0.013795864768326283,0,0
ambience_000542.pt,0,13,False,2025-12-15,room,low noise,"rain, wind, urban, airplane",50,22050,1200,1,train,0.03168133273720741,0,0
ambience_000543.pt,0,13,False,2025-12-15,room,low noise,"rain, wind, urban, airplane",50,22050,1200,1,train,0.05956447869539261,0,0
ambience_000544.pt,0,13,False,2025-12-15,room,low noise,"rain, wind, urban, airplane",50,22050,1200,1,train,0.030842484906315804,0,0
ambience_000545.pt,0,13,False,2025-12-15,room,low noise,"rain, wind, urban, airplane",50,22050,1200,1,train,0.048440560698509216,0,0
ambience_000546.pt,0,13,False,2025-12-15,room,low noise,"rain, wind, urban, airplane",50,22050,1200,1,train,0.04579101502895355,0,0
ambience_000547.pt,0,13,False,2025-12-15,room,low noise,"rain, wind, urban, airplane",50,22050,1200,1,train,0.019313080236315727,0,0
ambience_000548.pt,0,13,False,2025-12-15,room,low noise,"rain, wind, urban, airplane",50,22050,1200,1,train,0.0619613341987133,0,0
ambience_000549.pt,0,13,False,2025-12-15,room,low noise,"rain, wind, urban, airplane",50,22050,1200,1,train,0.028149425983428955,0,0
ambience_000550.pt,0,13,False,2025-12-15,room,low noise,"rain, wind, urban, airplane",50,22050,1200,1,train,0.018015138804912567,0,0
ambience_000551.pt,0,13,False,2025-12-15,room,low noise,"rain, wind, urban, airplane",50,22050,1200,1,train,0.013637349009513855,0,0
ambience_000552.pt,0,13,False,2025-12-15,room,low noise,"rain, wind, urban, airplane",50,22050,1200,1,train,0.01531190425157547,0,0
ambience_000553.pt,0,13,False,2025-12-15,room,low noise,"rain, wind, urban, airplane",50,22050,1200,1,train,0.014790347777307034,0,0
ambience_000554.pt,0,13,False,2025-12-15,room,low noise,"rain, wind, urban, airplane",50,22050,1200,1,train,0.016732405871152878,0,0
ambience_000555.pt,0,13,False,2025-12-15,room,low noise,"rain, wind, urban, airplane",50,22050,1200,1,train,0.018936047330498695,0,0
ambience_000556.pt,0,13,False,2025-12-15,room,low noise,"rain, wind, urban, airplane",50,22050,1200,1,train,0.01909811794757843,0,0
ambience_000557.pt,0,13,False,2025-12-15,room,low noise,"rain, wind, urban, airplane",50,22050,1200,1,train,0.01561209186911583,0,0
ambience_000558.pt,0,13,False,2025-12-15,room,low noise,"rain, wind, urban, airplane",50,22050,1200,1,train,0.0161307230591774,0,0
ambience_000559.pt,0,13,False,2025-12-15,room,low noise,"rain, wind, urban, airplane",50,22050,1200,1,train,0.01706434227526188,0,0
ambience_000560.pt,0,13,False,2025-12-15,room,low noise,"rain, wind, urban, airplane",50,22050,1200,1,train,0.017397228628396988,0,0
ambience_000561.pt,0,13,False,2025-12-15,room,low noise,"rain, wind, urban, airplane",50,22050,1200,1,train,0.017038494348526,0,0
ambience_000562.pt,0,13,False,2025-12-15,room,low noise,"rain, wind, urban, airplane",50,22050,1200,1,train,0.01423358079046011,0,0
ambience_000563.pt,0,13,False,2025-12-15,room,low noise,"rain, wind, urban, airplane",50,22050,1200,1,train,0.021098949015140533,0,0
ambience_000564.pt,0,13,False,2025-12-15,room,low noise,"rain, wind, urban, airplane",50,22050,1200,1,train,0.015865875408053398,0,0
ambience_000565.pt,0,13,False,2025-12-15,room,low noise,"rain, wind, urban, airplane",50,22050,1200,1,train,0.016310233622789383,0,0
ambience_000566.pt,0,13,False,2025-12-15,room,low noise,"rain, wind, urban, airplane",50,22050,1200,1,train,0.023192184045910835,0,0
ambience_000567.pt,0,13,False,2025-12-15,room,low noise,"rain, wind, urban, airplane",50,22050,1200,1,train,0.019285812973976135,0,0
ambience_000568.pt,0,13,False,2025-12-15,room,low noise,"rain, wind, urban, airplane",50,22050,1200,1,train,0.01882041245698929,0,0
ambience_000569.pt,0,13,False,2025-12-15,room,low noise,"rain, wind, urban, airplane",50,22050,1200,1,train,0.03251190111041069,0,0
ambience_000570.pt,0,13,False,2025-12-15,room,low noise,"rain, wind, urban, airplane",50,22050,1200,1,train,0.020242728292942047,0,0
ambience_000571.pt,0,13,False,2025-12-15,room,low noise,"rain, wind, urban, airplane",50,22050,1200,1,train,0.021715370938181877,0,0
ambience_000572.pt,0,13,False,2025-12-15,room,low noise,"rain, wind, urban, airplane",50,22050,1200,1,train,0.03288958966732025,0,0
ambience_000573.pt,0,13,False,2025-12-15,room,low noise,"rain, wind, urban, airplane",50,22050,1200,1,train,0.017522966489195824,0,0
ambience_000574.pt,0,13,False,2025-12-15,room,low noise,"rain, wind, urban, airplane",50,22050,1200,1,train,0.019726982340216637,0,0
ambience_000575.pt,0,13,False,2025-12-15,room,low noise,"rain, wind, urban, airplane",50,22050,1200,1,train,0.061859164386987686,0,0
ambience_000576.pt,0,13,False,2025-12-15,room,low noise,"rain, wind, urban, airplane",50,22050,1200,1,train,0.0483957901597023,0,0
ambience_000577.pt,0,13,False,2025-12-15,room,low noise,"rain, wind, urban, airplane",50,22050,1200,1,train,0.06208472326397896,0,0
ambience_000578.pt,0,13,False,2025-12-15,room,low noise,"rain, wind, urban, airplane",50,22050,1200,1,train,0.06008138880133629,0,0
ambience_000579.pt,0,13,False,2025-12-15,room,low noise,"rain, wind, urban, airplane",50,22050,1200,1,train,0.06347550451755524,0,0
ambience_000580.pt,0,13,False,2025-12-15,room,low noise,"rain, wind, urban, airplane",50,22050,1200,1,train,0.04344184324145317,0,0
ambience_000581.pt,0,13,False,2025-12-15,room,low noise,"rain, wind, urban, airplane",50,22050,1200,1,train,0.05411799997091293,0,0
ambience_000582.pt,0,13,False,2025-12-15,room,low noise,"rain, wind, urban, airplane",50,22050,1200,1,train,0.10287602990865707,0,0
ambience_000583.pt,0,13,False,2025-12-15,room,low noise,"rain, wind, urban, airplane",50,22050,1200,1,train,0.08836114406585693,0,0
ambience_000584.pt,0,13,False,2025-12-15,room,low noise,"rain, wind, urban, airplane",50,22050,1200,1,train,0.05990678444504738,0,0
ambience_000585.pt,0,13,False,2025-12-15,room,low noise,"rain, wind, urban, airplane",50,22050,1200,1,train,0.041484907269477844,0,0
ambience_000586.pt,0,13,False,2025-12-15,room,low noise,"rain, wind, urban, airplane",50,22050,1200,1,train,0.05170706287026405,0,0
ambience_000587.pt,0,13,False,2025-12-15,room,low noise,"rain, wind, urban, airplane",50,22050,1200,1,train,0.034127578139305115,0,0
ambience_000588.pt,0,13,False,2025-12-15,room,low noise,"rain, wind, urban, airplane",50,22050,1200,1,train,0.021236589178442955,0,0
ambience_000589.pt,0,13,False,2025-12-15,room,low noise,"rain, wind, urban, airplane",50,22050,1200,1,train,0.01958576589822769,0,0
ambience_000590.pt,0,13,False,2025-12-15,room,low noise,"rain, wind, urban, airplane",50,22050,1200,1,train,0.02164790779352188,0,0
ambience_000591.pt,0,13,False,2025-12-15,room,low noise,"rain, wind, urban, airplane",50,22050,1200,1,train,0.02392856404185295,0,0
ambience_000592.pt,0,13,False,2025-12-15,room,low noise,"rain, wind, urban, airplane",50,22050,1200,1,train,0.04035819694399834,0,0
ambience_000593.pt,0,13,False,2025-12-15,room,low noise,"rain, wind, urban, airplane",50,22050,1200,1,train,0.05458736792206764,0,0
ambience_000594.pt,0,13,False,2025-12-15,room,low noise,"rain, wind, urban, airplane",50,22050,1200,1,train,0.03092844784259796,0,0
ambience_000595.pt,0,13,False,2025-12-15,room,low noise,"rain, wind, urban, airplane",50,22050,1200,1,train,0.02475009672343731,0,0
ambience_000596.pt,0,13,False,2025-12-15,room,low noise,"rain, wind, urban, airplane",50,22050,1200,1,train,0.03124532662332058,0,0
ambience_000597.pt,0,13,False,2025-12-15,room,low noise,"rain, wind, urban, airplane",50,22050,1200,1,train,0.05567772313952446,0,0
ambience_000598.pt,0,13,False,2025-12-15,room,low noise,"rain, wind, urban, airplane",50,22050,1200,1,train,0.02676202356815338,0,0
ambience_000599.pt,0,13,False,2025-12-15,room,low noise,"rain, wind, urban, airplane",50,22050,1200,1,train,0.026999246329069138,0,0
ambience_000600.pt,0,13,False,2025-12-15,room,low noise,"rain, wind, urban, airplane",50,22050,1200,1,train,0.016481077298521996,0,0
ambience_000601.pt,0,13,False,2025-12-15,room,low noise,"rain, wind, urban, airplane",50,22050,1200,1,train,0.013886848464608192,0,0
ambience_000602.pt,0,13,False,2025-12-15,room,low noise,"rain, wind, urban, airplane",50,22050,1200,1,train,0.015176914632320404,0,0
ambience_000603.pt,0,13,False,2025-12-15,room,low noise,"rain, wind, urban, airplane",50,22050,1200,1,train,0.015185639262199402,0,0
ambience_000604.pt,0,13,False,2025-12-15,room,low noise,"rain, wind, urban, airplane",50,22050,1200,1,train,0.019571755081415176,0,0
ambience_000605.pt,0,13,False,2025-12-15,room,low noise,"rain, wind, urban, airplane",50,22050,1200,1,train,0.022618969902396202,0,0
ambience_000606.pt,0,13,False,2025-12-15,room,low noise,"rain, wind, urban, airplane",50,22050,1200,1,train,0.02198074571788311,0,0
ambience_000607.pt,0,13,False,2025-12-15,room,low noise,"rain, wind, urban, airplane",50,22050,1200,1,train,0.038597431033849716,0,0
ambience_000608.pt,0,13,False,2025-12-15,room,low noise,"rain, wind, urban, airplane",50,22050,1200,1,train,0.044498175382614136,0,0
ambience_000609.pt,0,13,False,2025-12-15,room,low noise,"rain, wind, urban, airplane",50,22050,1200,1,train,0.06056159734725952,0,0
ambience_000610.pt,0,13,False,2025-12-15,room,low noise,"rain, wind, urban, airplane",50,22050,1200,1,train,0.07695981860160828,0,0
ambience_000611.pt,0,13,False,2025-12-15,room,low noise,"rain, wind, urban, airplane",50,22050,1200,1,train,0.09365307539701462,0,0
ambience_000612.pt,0,13,False,2025-12-15,room,low noise,"rain, wind, urban, airplane",50,22050,1200,1,train,0.07381976395845413,0,0
ambience_000613.pt,0,13,False,2025-12-15,room,low noise,"rain, wind, urban, airplane",50,22050,1200,1,train,0.07706432044506073,0,0
ambience_000614.pt,0,13,False,2025-12-15,room,low noise,"rain, wind, urban, airplane",50,22050,1200,1,train,0.08776533603668213,0,0
ambience_000615.pt,0,13,False,2025-12-15,room,low noise,"rain, wind, urban, airplane",50,22050,1200,1,train,0.08509708940982819,0,0
ambience_000616.pt,0,13,False,2025-12-15,room,low noise,"rain, wind, urban, airplane",50,22050,1200,1,train,0.05192766338586807,0,0
ambience_000617.pt,0,13,False,2025-12-15,room,low noise,"rain, wind, urban, airplane",50,22050,1200,1,train,0.029900021851062775,0,0
ambience_000618.pt,0,13,False,2025-12-15,room,low noise,"rain, wind, urban, airplane",50,22050,1200,1,train,0.05283466354012489,0,0
ambience_000619.pt,0,13,False,2025-12-15,room,low noise,"rain, wind, urban, airplane",50,22050,1200,1,train,0.03834465518593788,0,0
ambience_000620.pt,0,13,False,2025-12-15,room,low noise,"rain, wind, urban, airplane",50,22050,1200,1,train,0.03743688762187958,0,0
ambience_000621.pt,0,13,False,2025-12-15,room,low noise,"rain, wind, urban, airplane",50,22050,1200,1,train,0.04136411473155022,0,0
ambience_000622.pt,0,13,False,2025-12-15,room,low noise,"rain, wind, urban, airplane",50,22050,1200,1,train,0.029043078422546387,0,0
ambience_000623.pt,0,13,False,2025-12-15,room,low noise,"rain, wind, urban, airplane",50,22050,1200,1,train,0.018572300672531128,0,0
ambience_000624.pt,0,13,False,2025-12-15,room,low noise,"rain, wind, urban, airplane",50,22050,1200,1,train,0.038605283945798874,0,0
ambience_000625.pt,0,13,False,2025-12-15,room,low noise,"rain, wind, urban, airplane",50,22050,1200,1,train,0.035701919347047806,0,0
ambience_000626.pt,0,13,False,2025-12-15,room,low noise,"rain, wind, urban, airplane",50,22050,1200,1,train,0.054695289582014084,0,0
ambience_000627.pt,0,13,False,2025-12-15,room,low noise,"rain, wind, urban, airplane",50,22050,1200,1,train,0.027325086295604706,0,0
ambience_000628.pt,0,13,False,2025-12-15,room,low noise,"rain, wind, urban, airplane",50,22050,1200,1,train,0.02775523252785206,0,0
ambience_000629.pt,0,13,False,2025-12-15,room,low noise,"rain, wind, urban, airplane",50,22050,1200,1,train,0.032711904495954514,0,0
ambience_000630.pt,0,13,False,2025-12-15,room,low noise,"rain, wind, urban, airplane",50,22050,1200,1,train,0.03262802213430405,0,0
ambience_000631.pt,0,13,False,2025-12-15,room,low noise,"rain, wind, urban, airplane",50,22050,1200,1,train,0.029953859746456146,0,0
ambience_000632.pt,0,13,False,2025-12-15,room,low noise,"rain, wind, urban, airplane",50,22050,1200,1,train,0.027781644836068153,0,0
ambience_000633.pt,0,13,False,2025-12-15,room,low noise,"rain, wind, urban, airplane",50,22050,1200,1,train,0.0445251390337944,0,0
ambience_000634.pt,0,13,False,2025-12-15,room,low noise,"rain, wind, urban, airplane",50,22050,1200,1,train,0.03112638369202614,0,0
ambience_000635.pt,0,13,False,2025-12-15,room,low noise,"rain, wind, urban, airplane",50,22050,1200,1,train,0.028590282425284386,0,0
ambience_000636.pt,0,13,False,2025-12-15,room,low noise,"rain, wind, urban, airplane",50,22050,1200,1,train,0.02456662617623806,0,0
ambience_000637.pt,0,13,False,2025-12-15,room,low noise,"rain, wind, urban, airplane",50,22050,1200,1,train,0.021522995084524155,0,0
ambience_000638.pt,0,13,False,2025-12-15,room,low noise,"rain, wind, urban, airplane",50,22050,1200,1,train,0.03950376808643341,0,0
ambience_000639.pt,0,13,False,2025-12-15,room,low noise,"rain, wind, urban, airplane",50,22050,1200,1,train,0.025532996281981468,0,0
ambience_000640.pt,0,13,False,2025-12-15,room,low noise,"rain, wind, urban, airplane",50,22050,1200,1,train,0.03092273138463497,0,0
ambience_000641.pt,0,13,False,2025-12-15,room,low noise,"rain, wind, urban, airplane",50,22050,1200,1,train,0.026198819279670715,0,0
ambience_000642.pt,0,13,False,2025-12-15,room,low noise,"rain, wind, urban, airplane",50,22050,1200,1,train,0.042289331555366516,0,0
ambience_000643.pt,0,13,False,2025-12-15,room,low noise,"rain, wind, urban, airplane",50,22050,1200,1,train,0.025425028055906296,0,0
ambience_000644.pt,0,13,False,2025-12-15,room,low noise,"rain, wind, urban, airplane",50,22050,1200,1,train,0.037074193358421326,0,0
ambience_000645.pt,0,13,False,2025-12-15,room,low noise,"rain, wind, urban, airplane",50,22050,1200,1,train,0.021470267325639725,0,0
ambience_000646.pt,0,13,False,2025-12-15,room,low noise,"rain, wind, urban, airplane",50,22050,1200,1,train,0.033316537737846375,0,0
ambience_000647.pt,0,13,False,2025-12-15,room,low noise,"rain, wind, urban, airplane",50,22050,1200,1,train,0.018430184572935104,0,0
ambience_000648.pt,0,13,False,2025-12-15,room,low noise,"rain, wind, urban, airplane",50,22050,1200,1,train,0.014580351300537586,0,0
ambience_000649.pt,0,13,False,2025-12-15,room,low noise,"rain, wind, urban, airplane",50,22050,1200,1,train,0.031210990622639656,0,0
ambience_000650.pt,0,13,False,2025-12-15,room,low noise,"rain, wind, urban, airplane",50,22050,1200,1,train,0.016453459858894348,0,0
ambience_000651.pt,0,13,False,2025-12-15,room,low noise,"rain, wind, urban, airplane",50,22050,1200,1,train,0.011900329031050205,0,0
ambience_000652.pt,0,13,False,2025-12-15,room,low noise,"rain, wind, urban, airplane",50,22050,1200,1,train,0.012114039622247219,0,0
ambience_000653.pt,0,13,False,2025-12-15,room,low noise,"rain, wind, urban, airplane",50,22050,1200,1,train,0.01235325075685978,0,0
ambience_000654.pt,0,13,False,2025-12-15,room,low noise,"rain, wind, urban, airplane",50,22050,1200,1,train,0.014158700592815876,0,0
ambience_000655.pt,0,13,False,2025-12-15,room,low noise,"rain, wind, urban, airplane",50,22050,1200,1,train,0.015477563254535198,0,0
ambience_000656.pt,0,13,False,2025-12-15,room,low noise,"rain, wind, urban, airplane",50,22050,1200,1,train,0.020391540601849556,0,0
ambience_000657.pt,0,13,False,2025-12-15,room,low noise,"rain, wind, urban, airplane",50,22050,1200,1,train,0.02137712948024273,0,0
ambience_000658.pt,0,13,False,2025-12-15,room,low noise,"rain, wind, urban, airplane",50,22050,1200,1,train,0.015984071418642998,0,0
ambience_000659.pt,0,13,False,2025-12-15,room,low noise,"rain, wind, urban, airplane",50,22050,1200,1,train,0.01705389842391014,0,0
ambience_000660.pt,0,13,False,2025-12-15,room,low noise,"rain, wind, urban, airplane",50,22050,1200,1,train,0.01373461913317442,0,0
ambience_000661.pt,0,13,False,2025-12-15,room,low noise,"rain, wind, urban, airplane",50,22050,1200,1,train,0.014363591559231281,0,0
ambience_000662.pt,0,13,False,2025-12-15,room,low noise,"rain, wind, urban, airplane",50,22050,1200,1,train,0.01736736297607422,0,0
ambience_000663.pt,0,13,False,2025-12-15,room,low noise,"rain, wind, urban, airplane",50,22050,1200,1,train,0.021179119125008583,0,0
ambience_000664.pt,0,13,False,2025-12-15,room,low noise,"rain, wind, urban, airplane",50,22050,1200,1,train,0.02057495154440403,0,0
ambience_000665.pt,0,13,False,2025-12-15,room,low noise,"rain, wind, urban, airplane",50,22050,1200,1,train,0.02328440733253956,0,0
ambience_000666.pt,0,13,False,2025-12-15,room,low noise,"rain, wind, urban, airplane",50,22050,1200,1,train,0.026689568534493446,0,0
ambience_000667.pt,0,13,False,2025-12-15,room,low noise,"rain, wind, urban, airplane",50,22050,1200,1,train,0.025476207956671715,0,0
ambience_000668.pt,0,13,False,2025-12-15,room,low noise,"rain, wind, urban, airplane",50,22050,1200,1,train,0.028056124225258827,0,0
ambience_000669.pt,0,13,False,2025-12-15,room,low noise,"rain, wind, urban, airplane",50,22050,1200,1,train,0.022317368537187576,0,0
ambience_000670.pt,0,13,False,2025-12-15,room,low noise,"rain, wind, urban, airplane",50,22050,1200,1,train,0.021184368059039116,0,0
ambience_000671.pt,0,13,False,2025-12-15,room,low noise,"rain, wind, urban, airplane",50,22050,1200,1,train,0.02000086009502411,0,0
ambience_000672.pt,0,13,False,2025-12-15,room,low noise,"rain, wind, urban, airplane",50,22050,1200,1,train,0.019884932786226273,0,0
ambience_000673.pt,0,13,False,2025-12-15,room,low noise,"rain, wind, urban, airplane",50,22050,1200,1,train,0.021017851307988167,0,0
ambience_000674.pt,0,13,False,2025-12-15,room,low noise,"rain, wind, urban, airplane",50,22050,1200,1,train,0.027714386582374573,0,0
ambience_000675.pt,0,13,False,2025-12-15,room,low noise,"rain, wind, urban, airplane",50,22050,1200,1,train,0.021900318562984467,0,0
ambience_000676.pt,0,13,False,2025-12-15,room,low noise,"rain, wind, urban, airplane",50,22050,1200,1,train,0.022229578346014023,0,0
ambience_000677.pt,0,13,False,2025-12-15,room,low noise,"rain, wind, urban, airplane",50,22050,1200,1,train,0.022103235125541687,0,0
ambience_000678.pt,0,13,False,2025-12-15,room,low noise,"rain, wind, urban, airplane",50,22050,1200,1,train,0.019454475492239,0,0
ambience_000679.pt,0,13,False,2025-12-15,room,low noise,"rain, wind, urban, airplane",50,22050,1200,1,train,0.02494301274418831,0,0
ambience_000680.pt,0,13,False,2025-12-15,room,low noise,"rain, wind, urban, airplane",50,22050,1200,1,train,0.027584994211792946,0,0
ambience_000681.pt,0,13,False,2025-12-15,room,low noise,"rain, wind, urban, airplane",50,22050,1200,1,train,0.013961775228381157,0,0
ambience_000682.pt,0,13,False,2025-12-15,room,low noise,"rain, wind, urban, airplane",50,22050,1200,1,train,0.01700528897345066,0,0
ambience_000683.pt,0,13,False,2025-12-15,room,low noise,"rain, wind, urban, airplane",50,22050,1200,1,train,0.016397571191191673,0,0
ambience_000684.pt,0,13,False,2025-12-15,room,low noise,"rain, wind, urban, airplane",50,22050,1200,1,train,0.01728106290102005,0,0
ambience_000685.pt,0,13,False,2025-12-15,room,low noise,"rain, wind, urban, airplane",50,22050,1200,1,train,0.019789092242717743,0,0
ambience_000686.pt,0,13,False,2025-12-15,room,low noise,"rain, wind, urban, airplane",50,22050,1200,1,train,0.017742764204740524,0,0
ambience_000687.pt,0,13,False,2025-12-15,room,low noise,"rain, wind, urban, airplane",50,22050,1200,1,train,0.029119357466697693,0,0
ambience_000688.pt,0,13,False,2025-12-15,room,low noise,"rain, wind, urban, airplane",50,22050,1200,1,train,0.02143213152885437,0,0
ambience_000689.pt,0,13,False,2025-12-15,room,low noise,"rain, wind, urban, airplane",50,22050,1200,1,train,0.02675371989607811,0,0
ambience_000690.pt,0,13,False,2025-12-15,room,low noise,"rain, wind, urban, airplane",50,22050,1200,1,train,0.0385860875248909,0,0
ambience_000691.pt,0,13,False,2025-12-15,room,low noise,"rain, wind, urban, airplane",50,22050,1200,1,train,0.024255190044641495,0,0
ambience_000692.pt,0,13,False,2025-12-15,room,low noise,"rain, wind, urban, airplane",50,22050,1200,1,train,0.022954558953642845,0,0
ambience_000693.pt,0,13,False,2025-12-15,room,low noise,"rain, wind, urban, airplane",50,22050,1200,1,train,0.019797999411821365,0,0
ambience_000694.pt,0,13,False,2025-12-15,room,low noise,"rain, wind, urban, airplane",50,22050,1200,1,train,0.031008509919047356,0,0
ambience_000695.pt,0,13,False,2025-12-15,room,low noise,"rain, wind, urban, airplane",50,22050,1200,1,train,0.04584735259413719,0,0
ambience_000696.pt,0,13,False,2025-12-15,room,low noise,"rain, wind, urban, airplane",50,22050,1200,1,train,0.04027031734585762,0,0
ambience_000697.pt,0,13,False,2025-12-15,room,low noise,"rain, wind, urban, airplane",50,22050,1200,1,train,0.02368737757205963,0,0
ambience_000698.pt,0,13,False,2025-12-15,room,low noise,"rain, wind, urban, airplane",50,22050,1200,1,train,0.02780352160334587,0,0
ambience_000699.pt,0,13,False,2025-12-15,room,low noise,"rain, wind, urban, airplane",50,22050,1200,1,train,0.021209822967648506,0,0
ambience_000700.pt,0,13,False,2025-12-15,room,low noise,"rain, wind, urban, airplane",50,22050,1200,1,train,0.023098928853869438,0,0
ambience_000701.pt,0,13,False,2025-12-15,room,low noise,"rain, wind, urban, airplane",50,22050,1200,1,train,0.025725577026605606,0,0
ambience_000702.pt,0,13,False,2025-12-15,room,low noise,"rain, wind, urban, airplane",50,22050,1200,1,train,0.019797401502728462,0,0
ambience_000703.pt,0,13,False,2025-12-15,room,low noise,"rain, wind, urban, airplane",50,22050,1200,1,train,0.017962701618671417,0,0
ambience_000704.pt,0,13,False,2025-12-15,room,low noise,"rain, wind, urban, airplane",50,22050,1200,1,train,0.019261730834841728,0,0
ambience_000705.pt,0,13,False,2025-12-15,room,low noise,"rain, wind, urban, airplane",50,22050,1200,1,train,0.01565893553197384,0,0
ambience_000706.pt,0,13,False,2025-12-15,room,low noise,"rain, wind, urban, airplane",50,22050,1200,1,train,0.016572874039411545,0,0
ambience_000707.pt,0,13,False,2025-12-15,room,low noise,"rain, wind, urban, airplane",50,22050,1200,1,train,0.016813378781080246,0,0
ambience_000708.pt,0,13,False,2025-12-15,room,low noise,"rain, wind, urban, airplane",50,22050,1200,1,train,0.01180532481521368,0,0
ambience_000709.pt,0,13,False,2025-12-15,room,low noise,"rain, wind, urban, airplane",50,22050,1200,1,train,0.016904156655073166,0,0
ambience_000710.pt,0,13,False,2025-12-15,room,low noise,"rain, wind, urban, airplane",50,22050,1200,1,train,0.01746378466486931,0,0
ambience_000711.pt,0,13,False,2025-12-15,room,low noise,"rain, wind, urban, airplane",50,22050,1200,1,train,0.019815629348158836,0,0
ambience_000712.pt,0,13,False,2025-12-15,room,low noise,"rain, wind, urban, airplane",50,22050,1200,1,train,0.019072411581873894,0,0
ambience_000713.pt,0,13,False,2025-12-15,room,low noise,"rain, wind, urban, airplane",50,22050,1200,1,train,0.01534133031964302,0,0
ambience_000714.pt,0,13,False,2025-12-15,room,low noise,"rain, wind, urban, airplane",50,22050,1200,1,train,0.023391200229525566,0,0
ambience_000715.pt,0,13,False,2025-12-15,room,low noise,"rain, wind, urban, airplane",50,22050,1200,1,train,0.025190280750393867,0,0
ambience_000716.pt,0,13,False,2025-12-15,room,low noise,"rain, wind, urban, airplane",50,22050,1200,1,train,0.0298431646078825,0,0
ambience_000717.pt,0,13,False,2025-12-15,room,low noise,"rain, wind, urban, airplane",50,22050,1200,1,train,0.022623177617788315,0,0
ambience_000718.pt,0,13,False,2025-12-15,room,low noise,"rain, wind, urban, airplane",50,22050,1200,1,train,0.020283812656998634,0,0
ambience_000719.pt,0,13,False,2025-12-15,room,low noise,"rain, wind, urban, airplane",50,22050,1200,1,train,0.030215933918952942,0,0
ambience_000720.pt,0,13,False,2025-12-15,room,low noise,"rain, wind, urban, airplane",50,22050,1200,1,train,0.1510888934135437,0,1
ambience_000721.pt,0,13,False,2025-12-15,room,low noise,"rain, wind, urban, airplane",50,22050,1200,1,train,0.19396331906318665,0,1
ambience_000722.pt,0,13,False,2025-12-15,room,low noise,"rain, wind, urban, airplane",50,22050,1200,1,train,0.05502767115831375,0,0
ambience_000723.pt,0,13,False,2025-12-15,room,low noise,"rain, wind, urban, airplane",50,22050,1200,1,train,0.07076936215162277,0,0
ambience_000724.pt,0,13,False,2025-12-15,room,low noise,"rain, wind, urban, airplane",50,22050,1200,1,train,0.042442820966243744,0,0
ambience_000725.pt,0,13,False,2025-12-15,room,low noise,"rain, wind, urban, airplane",50,22050,1200,1,train,0.057527344673871994,0,0
ambience_000726.pt,0,13,False,2025-12-15,room,low noise,"rain, wind, urban, airplane",50,22050,1200,1,train,0.06490595638751984,0,0
ambience_000727.pt,0,13,False,2025-12-15,room,low noise,"rain, wind, urban, airplane",50,22050,1200,1,train,0.04816146567463875,0,0
ambience_000728.pt,0,13,False,2025-12-15,room,low noise,"rain, wind, urban, airplane",50,22050,1200,1,train,0.047651827335357666,0,0
ambience_000729.pt,0,13,False,2025-12-15,room,low noise,"rain, wind, urban, airplane",50,22050,1200,1,train,0.03965265676379204,0,0
ambience_000730.pt,0,13,False,2025-12-15,room,low noise,"rain, wind, urban, airplane",50,22050,1200,1,train,0.03677073493599892,0,0
ambience_000731.pt,0,13,False,2025-12-15,room,low noise,"rain, wind, urban, airplane",50,22050,1200,1,train,0.009977482259273529,0,0
ambience_000732.pt,0,13,False,2025-12-15,room,low noise,"rain, wind, urban, airplane",50,22050,1200,1,train,0.012038004584610462,0,0
ambience_000733.pt,0,13,False,2025-12-15,room,low noise,"rain, wind, urban, airplane",50,22050,1200,1,train,0.01447183359414339,0,0
ambience_000734.pt,0,13,False,2025-12-15,room,low noise,"rain, wind, urban, airplane",50,22050,1200,1,train,0.016800545156002045,0,0
ambience_000735.pt,0,13,False,2025-12-15,room,low noise,"rain, wind, urban, airplane",50,22050,1200,1,train,0.017770351842045784,0,0
ambience_000736.pt,0,13,False,2025-12-15,room,low noise,"rain, wind, urban, airplane",50,22050,1200,1,train,0.01938936673104763,0,0
ambience_000737.pt,0,13,False,2025-12-15,room,low noise,"rain, wind, urban, airplane",50,22050,1200,1,train,0.025350842624902725,0,0
ambience_000738.pt,0,13,False,2025-12-15,room,low noise,"rain, wind, urban, airplane",50,22050,1200,1,train,0.016928888857364655,0,0
ambience_000739.pt,0,13,False,2025-12-15,room,low noise,"rain, wind, urban, airplane",50,22050,1200,1,train,0.015912162140011787,0,0
ambience_000740.pt,0,13,False,2025-12-15,room,low noise,"rain, wind, urban, airplane",50,22050,1200,1,train,0.019195694476366043,0,0
ambience_000741.pt,0,13,False,2025-12-15,room,low noise,"rain, wind, urban, airplane",50,22050,1200,1,train,0.016003912314772606,0,0
ambience_000742.pt,0,13,False,2025-12-15,room,low noise,"rain, wind, urban, airplane",50,22050,1200,1,train,0.012239511124789715,0,0
ambience_000743.pt,0,13,False,2025-12-15,room,low noise,"rain, wind, urban, airplane",50,22050,1200,1,train,0.016559729352593422,0,0
ambience_000744.pt,0,13,False,2025-12-15,room,low noise,"rain, wind, urban, airplane",50,22050,1200,1,train,0.016169151291251183,0,0
ambience_000745.pt,0,13,False,2025-12-15,room,low noise,"rain, wind, urban, airplane",50,22050,1200,1,train,0.012973670847713947,0,0
ambience_000746.pt,0,13,False,2025-12-15,room,low noise,"rain, wind, urban, airplane",50,22050,1200,1,train,0.014136748388409615,0,0
ambience_000747.pt,0,13,False,2025-12-15,room,low noise,"rain, wind, urban, airplane",50,22050,1200,1,train,0.014554908499121666,0,0
ambience_000748.pt,0,13,False,2025-12-15,room,low noise,"rain, wind, urban, airplane",50,22050,1200,1,train,0.014636686071753502,0,0
ambience_000749.pt,0,13,False,2025-12-15,room,low noise,"rain, wind, urban, airplane",50,22050,1200,1,train,0.010315527208149433,0,0
ambience_000750.pt,0,13,False,2025-12-15,room,low noise,"rain, wind, urban, airplane",50,22050,1200,1,train,0.016077499836683273,0,0
ambience_000751.pt,0,13,False,2025-12-15,room,low noise,"rain, wind, urban, airplane",50,22050,1200,1,train,0.011746034026145935,0,0
ambience_000752.pt,0,13,False,2025-12-15,room,low noise,"rain, wind, urban, airplane",50,22050,1200,1,train,0.013789528980851173,0,0
ambience_000753.pt,0,13,False,2025-12-15,room,low noise,"rain, wind, urban, airplane",50,22050,1200,1,train,0.0102471262216568,0,0
ambience_000754.pt,0,13,False,2025-12-15,room,low noise,"rain, wind, urban, airplane",50,22050,1200,1,train,0.015407174825668335,0,0
ambience_000755.pt,0,13,False,2025-12-15,room,low noise,"rain, wind, urban, airplane",50,22050,1200,1,train,0.010877391323447227,0,0
ambience_000756.pt,0,13,False,2025-12-15,room,low noise,"rain, wind, urban, airplane",50,22050,1200,1,train,0.01697131060063839,0,0
ambience_000757.pt,0,13,False,2025-12-15,room,low noise,"rain, wind, urban, airplane",50,22050,1200,1,train,0.013982322998344898,0,0
ambience_000758.pt,0,13,False,2025-12-15,room,low noise,"rain, wind, urban, airplane",50,22050,1200,1,train,0.015602326020598412,0,0
ambience_000759.pt,0,13,False,2025-12-15,room,low noise,"rain, wind, urban, airplane",50,22050,1200,1,train,0.010892732068896294,0,0
ambience_000760.pt,0,13,False,2025-12-15,room,low noise,"rain, wind, urban, airplane",50,22050,1200,1,train,0.011420040391385555,0,0
ambience_000761.pt,0,13,False,2025-12-15,room,low noise,"rain, wind, urban, airplane",50,22050,1200,1,train,0.0112515389919281,0,0
ambience_000762.pt,0,13,False,2025-12-15,room,low noise,"rain, wind, urban, airplane",50,22050,1200,1,train,0.015421655029058456,0,0
ambience_000763.pt,0,13,False,2025-12-15,room,low noise,"rain, wind, urban, airplane",50,22050,1200,1,train,0.012089547701179981,0,0
ambience_000764.pt,0,13,False,2025-12-15,room,low noise,"rain, wind, urban, airplane",50,22050,1200,1,train,0.011192281730473042,0,0
ambience_000765.pt,0,13,False,2025-12-15,room,low noise,"rain, wind, urban, airplane",50,22050,1200,1,train,0.018497617915272713,0,0
ambience_000766.pt,0,13,False,2025-12-15,room,low noise,"rain, wind, urban, airplane",50,22050,1200,1,train,0.024072935804724693,0,0
ambience_000767.pt,0,13,False,2025-12-15,room,low noise,"rain, wind, urban, airplane",50,22050,1200,1,train,0.012805254198610783,0,0
ambience_000768.pt,0,13,False,2025-12-15,room,low noise,"rain, wind, urban, airplane",50,22050,1200,1,train,0.01589297689497471,0,0
ambience_000769.pt,0,13,False,2025-12-15,room,low noise,"rain, wind, urban, airplane",50,22050,1200,1,train,0.024953996762633324,0,0
ambience_000770.pt,0,13,False,2025-12-15,room,low noise,"rain, wind, urban, airplane",50,22050,1200,1,train,0.02672865055501461,0,0
ambience_000771.pt,0,13,False,2025-12-15,room,low noise,"rain, wind, urban, airplane",50,22050,1200,1,train,0.029390791431069374,0,0
ambience_000772.pt,0,13,False,2025-12-15,room,low noise,"rain, wind, urban, airplane",50,22050,1200,1,train,0.026707381010055542,0,0
ambience_000773.pt,0,13,False,2025-12-15,room,low noise,"rain, wind, urban, airplane",50,22050,1200,1,train,0.01565716601908207,0,0
ambience_000774.pt,0,13,False,2025-12-15,room,low noise,"rain, wind, urban, airplane",50,22050,1200,1,train,0.02852383442223072,0,0
ambience_000775.pt,0,13,False,2025-12-15,room,low noise,"rain, wind, urban, airplane",50,22050,1200,1,train,0.03061891347169876,0,0
ambience_000776.pt,0,13,False,2025-12-15,room,low noise,"rain, wind, urban, airplane",50,22050,1200,1,train,0.029605641961097717,0,0
ambience_000777.pt,0,13,False,2025-12-15,room,low noise,"rain, wind, urban, airplane",50,22050,1200,1,train,0.039019279181957245,0,0
ambience_000778.pt,0,13,False,2025-12-15,room,low noise,"rain, wind, urban, airplane",50,22050,1200,1,train,0.05166805535554886,0,0
ambience_000779.pt,0,13,False,2025-12-15,room,low noise,"rain, wind, urban, airplane",50,22050,1200,1,train,0.03251473605632782,0,0
ambience_000780.pt,0,13,False,2025-12-15,room,low noise,"rain, wind, urban, airplane",50,22050,1200,1,train,0.07046852260828018,0,0
ambience_000781.pt,0,13,False,2025-12-15,room,low noise,"rain, wind, urban, airplane",50,22050,1200,1,train,0.14089882373809814,0,1
ambience_000782.pt,0,13,False,2025-12-15,room,low noise,"rain, wind, urban, airplane",50,22050,1200,1,train,0.19008909165859222,0,1
ambience_000783.pt,0,13,False,2025-12-15,room,low noise,"rain, wind, urban, airplane",50,22050,1200,1,train,0.25236958265304565,0,1
ambience_000784.pt,0,13,False,2025-12-15,room,low noise,"rain, wind, urban, airplane",50,22050,1200,1,train,0.14486542344093323,0,1
ambience_000785.pt,0,13,False,2025-12-15,room,low noise,"rain, wind, urban, airplane",50,22050,1200,1,train,0.041676633059978485,0,0
ambience_000786.pt,0,13,False,2025-12-15,room,low noise,"rain, wind, urban, airplane",50,22050,1200,1,train,0.03349504619836807,0,0
ambience_000787.pt,0,13,False,2025-12-15,room,low noise,"rain, wind, urban, airplane",50,22050,1200,1,train,0.014488782733678818,0,0
ambience_000788.pt,0,13,False,2025-12-15,room,low noise,"rain, wind, urban, airplane",50,22050,1200,1,train,0.010258231312036514,0,0
ambience_000789.pt,0,13,False,2025-12-15,room,low noise,"rain, wind, urban, airplane",50,22050,1200,1,train,0.012616344727575779,0,0
ambience_000790.pt,0,13,False,2025-12-15,room,low noise,"rain, wind, urban, airplane",50,22050,1200,1,train,0.013116097077727318,0,0
ambience_000791.pt,0,13,False,2025-12-15,room,low noise,"rain, wind, urban, airplane",50,22050,1200,1,train,0.016828710213303566,0,0
ambience_000792.pt,0,13,False,2025-12-15,room,low noise,"rain, wind, urban, airplane",50,22050,1200,1,train,0.02484278567135334,0,0
ambience_000793.pt,0,13,False,2025-12-15,room,low noise,"rain, wind, urban, airplane",50,22050,1200,1,train,0.039033014327287674,0,0
ambience_000794.pt,0,13,False,2025-12-15,room,low noise,"rain, wind, urban, airplane",50,22050,1200,1,train,0.022004563361406326,0,0
ambience_000795.pt,0,13,False,2025-12-15,room,low noise,"rain, wind, urban, airplane",50,22050,1200,1,train,0.010102605447173119,0,0
ambience_000796.pt,0,13,False,2025-12-15,room,low noise,"rain, wind, urban, airplane",50,22050,1200,1,train,0.01123218797147274,0,0
ambience_000797.pt,0,13,False,2025-12-15,room,low noise,"rain, wind, urban, airplane",50,22050,1200,1,train,0.01858893409371376,0,0
ambience_000798.pt,0,13,False,2025-12-15,room,low noise,"rain, wind, urban, airplane",50,22050,1200,1,train,0.024558980017900467,0,0
ambience_000799.pt,0,13,False,2025-12-15,room,low noise,"rain, wind, urban, airplane",50,22050,1200,1,train,0.019524838775396347,0,0
ambience_000800.pt,0,13,False,2025-12-15,room,low noise,"rain, wind, urban, airplane",50,22050,1200,1,train,0.02469898760318756,0,0
ambience_000801.pt,0,13,False,2025-12-15,room,low noise,"rain, wind, urban, airplane",50,22050,1200,1,train,0.03607579320669174,0,0
ambience_000802.pt,0,13,False,2025-12-15,room,low noise,"rain, wind, urban, airplane",50,22050,1200,1,train,0.01907973736524582,0,0
ambience_000803.pt,0,13,False,2025-12-15,room,low noise,"rain, wind, urban, airplane",50,22050,1200,1,train,0.01612284407019615,0,0
ambience_000804.pt,0,13,False,2025-12-15,room,low noise,"rain, wind, urban, airplane",50,22050,1200,1,train,0.017161034047603607,0,0
ambience_000805.pt,0,13,False,2025-12-15,room,low noise,"rain, wind, urban, airplane",50,22050,1200,1,train,0.02086498774588108,0,0
ambience_000806.pt,0,13,False,2025-12-15,room,low noise,"rain, wind, urban, airplane",50,22050,1200,1,train,0.020309768617153168,0,0
ambience_000807.pt,0,13,False,2025-12-15,room,low noise,"rain, wind, urban, airplane",50,22050,1200,1,train,0.019006239250302315,0,0
ambience_000808.pt,0,13,False,2025-12-15,room,low noise,"rain, wind, urban, airplane",50,22050,1200,1,train,0.024578172713518143,0,0
ambience_000809.pt,0,13,False,2025-12-15,room,low noise,"rain, wind, urban, airplane",50,22050,1200,1,train,0.019704706966876984,0,0
ambience_000810.pt,0,13,False,2025-12-15,room,low noise,"rain, wind, urban, airplane",50,22050,1200,1,train,0.015875160694122314,0,0
ambience_000811.pt,0,13,False,2025-12-15,room,low noise,"rain, wind, urban, airplane",50,22050,1200,1,train,0.01930450089275837,0,0
ambience_000812.pt,0,13,False,2025-12-15,room,low noise,"rain, wind, urban, airplane",50,22050,1200,1,train,0.023512767627835274,0,0
ambience_000813.pt,0,13,False,2025-12-15,room,low noise,"rain, wind, urban, airplane",50,22050,1200,1,train,0.03048660233616829,0,0
ambience_000814.pt,0,13,False,2025-12-15,room,low noise,"rain, wind, urban, airplane",50,22050,1200,1,train,0.05754946172237396,0,0
ambience_000815.pt,0,13,False,2025-12-15,room,low noise,"rain, wind, urban, airplane",50,22050,1200,1,train,0.1100943461060524,0,0
ambience_000816.pt,0,13,False,2025-12-15,room,low noise,"rain, wind, urban, airplane",50,22050,1200,1,train,0.07968323677778244,0,0
ambience_000817.pt,0,13,False,2025-12-15,room,low noise,"rain, wind, urban, airplane",50,22050,1200,1,train,0.04690609872341156,0,0
ambience_000818.pt,0,13,False,2025-12-15,room,low noise,"rain, wind, urban, airplane",50,22050,1200,1,train,0.024115296080708504,0,0
ambience_000819.pt,0,13,False,2025-12-15,room,low noise,"rain, wind, urban, airplane",50,22050,1200,1,train,0.022839996963739395,0,0
ambience_000820.pt,0,13,False,2025-12-15,room,low noise,"rain, wind, urban, airplane",50,22050,1200,1,train,0.011484966613352299,0,0
ambience_000821.pt,0,13,False,2025-12-15,room,low noise,"rain, wind, urban, airplane",50,22050,1200,1,train,0.017771665006875992,0,0
ambience_000822.pt,0,13,False,2025-12-15,room,low noise,"rain, wind, urban, airplane",50,22050,1200,1,train,0.027061667293310165,0,0
ambience_000823.pt,0,13,False,2025-12-15,room,low noise,"rain, wind, urban, airplane",50,22050,1200,1,train,0.016593854874372482,0,0
ambience_000824.pt,0,13,False,2025-12-15,room,low noise,"rain, wind, urban, airplane",50,22050,1200,1,train,0.013217796571552753,0,0
ambience_000825.pt,0,13,False,2025-12-15,room,low noise,"rain, wind, urban, airplane",50,22050,1200,1,train,0.019115738570690155,0,0
ambience_000826.pt,0,13,False,2025-12-15,room,low noise,"rain, wind, urban, airplane",50,22050,1200,1,train,0.017328985035419464,0,0
ambience_000827.pt,0,13,False,2025-12-15,room,low noise,"rain, wind, urban, airplane",50,22050,1200,1,train,0.015385250560939312,0,0
ambience_000828.pt,0,13,False,2025-12-15,room,low noise,"rain, wind, urban, airplane",50,22050,1200,1,train,0.019407210871577263,0,0
drone_000464.pt,1,14,True,2025-12-20,ben shemen,mid noise,atv,50,22050,300,2,test,0.9559687972068787,1,1
drone_000465.pt,1,14,True,2025-12-20,ben shemen,mid noise,atv,50,22050,300,2,test,0.9825868010520935,1,1
drone_000466.pt,1,14,True,2025-12-20,ben shemen,mid noise,atv,50,22050,300,2,test,0.8304268717765808,1,1
drone_000467.pt,1,14,True,2025-12-20,ben shemen,mid noise,atv,50,22050,300,2,test,0.8013736009597778,1,1
drone_000468.pt,1,14,True,2025-12-20,ben shemen,mid noise,atv,50,22050,300,2,test,0.8552004098892212,1,1
drone_000469.pt,1,14,True,2025-12-20,ben shemen,mid noise,atv,50,22050,300,2,test,0.8297944664955139,1,1
drone_000470.pt,1,14,True,2025-12-20,ben shemen,mid noise,atv,50,22050,300,2,test,0.4139227867126465,0,1
drone_000471.pt,1,14,True,2025-12-20,ben shemen,mid noise,atv,50,22050,300,2,test,0.2728252112865448,0,1
drone_000472.pt,1,14,True,2025-12-20,ben shemen,mid noise,atv,50,22050,300,2,test,0.205601304769516,0,1
drone_000473.pt,1,14,True,2025-12-20,ben shemen,mid noise,atv,50,22050,300,2,test,0.14936387538909912,0,1
drone_000474.pt,1,14,True,2025-12-20,ben shemen,mid noise,atv,50,22050,300,2,test,0.14435310661792755,0,1
drone_000475.pt,1,14,True,2025-12-20,ben shemen,mid noise,atv,50,22050,300,2,test,0.1305965632200241,0,1
drone_000476.pt,1,14,True,2025-12-20,ben shemen,mid noise,atv,50,22050,300,2,test,0.11246632039546967,0,0
drone_000477.pt,1,14,True,2025-12-20,ben shemen,mid noise,atv,50,22050,300,2,test,0.13255949318408966,0,1
drone_000478.pt,1,14,True,2025-12-20,ben shemen,mid noise,atv,50,22050,300,2,test,0.35030192136764526,0,1
drone_000479.pt,1,14,True,2025-12-20,ben shemen,mid noise,atv,50,22050,300,2,test,0.5907840728759766,1,1
drone_000480.pt,1,14,True,2025-12-20,ben shemen,mid noise,atv,50,22050,300,2,test,0.5638706684112549,1,1
drone_000481.pt,1,14,True,2025-12-20,ben shemen,mid noise,atv,50,22050,300,2,test,0.3781502842903137,0,1
drone_000482.pt,1,14,True,2025-12-20,ben shemen,mid noise,atv,50,22050,300,2,test,0.4172435700893402,0,1
drone_000483.pt,1,14,True,2025-12-20,ben shemen,mid noise,atv,50,22050,300,2,test,0.6786360740661621,1,1
drone_000484.pt,1,14,True,2025-12-20,ben shemen,mid noise,atv,50,22050,300,2,test,0.6751548051834106,1,1
drone_000485.pt,1,14,True,2025-12-20,ben shemen,mid noise,atv,50,22050,300,2,test,0.5045223832130432,1,1
drone_000486.pt,1,14,True,2025-12-20,ben shemen,mid noise,atv,50,22050,300,2,test,0.5516895651817322,1,1
drone_000487.pt,1,14,True,2025-12-20,ben shemen,mid noise,atv,50,22050,300,2,test,0.6963680982589722,1,1
drone_000488.pt,1,14,True,2025-12-20,ben shemen,mid noise,atv,50,22050,300,2,test,0.5978701114654541,1,1
drone_000489.pt,1,14,True,2025-12-20,ben shemen,mid noise,atv,50,22050,300,2,test,0.736165463924408,1,1
drone_000490.pt,1,14,True,2025-12-20,ben shemen,mid noise,atv,50,22050,300,2,test,0.8016859889030457,1,1
drone_000491.pt,1,14,True,2025-12-20,ben shemen,mid noise,atv,50,22050,300,2,test,0.8003360033035278,1,1
drone_000492.pt,1,14,True,2025-12-20,ben shemen,mid noise,atv,50,22050,300,2,test,0.7109750509262085,1,1
drone_000493.pt,1,14,True,2025-12-20,ben shemen,mid noise,atv,50,22050,300,2,test,0.699264407157898,1,1
drone_000494.pt,1,14,True,2025-12-20,ben shemen,mid noise,atv,50,22050,300,2,test,0.4699745774269104,0,1
drone_000495.pt,1,14,True,2025-12-20,ben shemen,mid noise,atv,50,22050,300,2,test,0.372823029756546,0,1
drone_000496.pt,1,14,True,2025-12-20,ben shemen,mid noise,atv,50,22050,300,2,test,0.7754974365234375,1,1
drone_000497.pt,1,14,True,2025-12-20,ben shemen,mid noise,atv,50,22050,300,2,test,0.8671079874038696,1,1
drone_000498.pt,1,14,True,2025-12-20,ben shemen,mid noise,atv,50,22050,300,2,test,0.8911303877830505,1,1
drone_000499.pt,1,14,True,2025-12-20,ben shemen,mid noise,atv,50,22050,300,2,test,0.9180231094360352,1,1
drone_000500.pt,1,14,True,2025-12-20,ben shemen,mid noise,atv,50,22050,300,2,test,0.8560379147529602,1,1
drone_000501.pt,1,14,True,2025-12-20,ben shemen,mid noise,atv,50,22050,300,2,test,0.9441887140274048,1,1
drone_000502.pt,1,14,True,2025-12-20,ben shemen,mid noise,atv,50,22050,300,2,test,0.9354167580604553,1,1
drone_000503.pt,1,14,True,2025-12-20,ben shemen,mid noise,atv,50,22050,300,2,test,0.9691407680511475,1,1
drone_000504.pt,1,14,True,2025-12-20,ben shemen,mid noise,atv,50,22050,300,2,test,0.9597796201705933,1,1
drone_000505.pt,1,14,True,2025-12-20,ben shemen,mid noise,atv,50,22050,300,2,test,0.9677520394325256,1,1
drone_000506.pt,1,14,True,2025-12-20,ben shemen,mid noise,atv,50,22050,300,2,test,0.9317154884338379,1,1
drone_000507.pt,1,14,True,2025-12-20,ben shemen,mid noise,atv,50,22050,300,2,test,0.9501963257789612,1,1
drone_000508.pt,1,14,True,2025-12-20,ben shemen,mid noise,atv,50,22050,300,2,test,0.9417034983634949,1,1
drone_000509.pt,1,14,True,2025-12-20,ben shemen,mid noise,atv,50,22050,300,2,test,0.9274279475212097,1,1
drone_000510.pt,1,14,True,2025-12-20,ben shemen,mid noise,atv,50,22050,300,2,test,0.9496296048164368,1,1
drone_000511.pt,1,14,True,2025-12-20,ben shemen,mid noise,atv,50,22050,300,2,test,0.8590482473373413,1,1
drone_000512.pt,1,14,True,2025-12-20,ben shemen,mid noise,atv,50,22050,300,2,test,0.7883853912353516,1,1
drone_000513.pt,1,14,True,2025-12-20,ben shemen,mid noise,atv,50,22050,300,2,test,0.8707535266876221,1,1
drone_000514.pt,1,14,True,2025-12-20,ben shemen,mid noise,atv,50,22050,300,2,test,0.8035460114479065,1,1
drone_000515.pt,1,14,True,2025-12-20,ben shemen,mid noise,atv,50,22050,300,2,test,0.8602508306503296,1,1
drone_000516.pt,1,14,True,2025-12-20,ben shemen,mid noise,atv,50,22050,300,2,test,0.7364739775657654,1,1
drone_000517.pt,1,14,True,2025-12-20,ben shemen,mid noise,atv,50,22050,300,2,test,0.6274154186248779,1,1
drone_000518.pt,1,14,True,2025-12-20,ben shemen,mid noise,atv,50,22050,300,2,test,0.7887173295021057,1,1
drone_000519.pt,1,14,True,2025-12-20,ben shemen,mid noise,atv,50,22050,300,2,test,0.7813911437988281,1,1
drone_000520.pt,1,14,True,2025-12-20,ben shemen,mid noise,atv,50,22050,300,2,test,0.8823859691619873,1,1
drone_000521.pt,1,14,True,2025-12-20,ben shemen,mid noise,atv,50,22050,300,2,test,0.8682270050048828,1,1
drone_000522.pt,1,14,True,2025-12-20,ben shemen,mid noise,atv,50,22050,300,2,test,0.9521507620811462,1,1
drone_000523.pt,1,14,True,2025-12-20,ben shemen,mid noise,atv,50,22050,300,2,test,0.9311467409133911,1,1
drone_000524.pt,1,14,True,2025-12-20,ben shemen,mid noise,atv,50,22050,300,2,test,0.8801397085189819,1,1
drone_000525.pt,1,14,True,2025-12-20,ben shemen,mid noise,atv,50,22050,300,2,test,0.8744407296180725,1,1
drone_000526.pt,1,14,True,2025-12-20,ben shemen,mid noise,atv,50,22050,300,2,test,0.8928900957107544,1,1
drone_000527.pt,1,14,True,2025-12-20,ben shemen,mid noise,atv,50,22050,300,2,test,0.8985106945037842,1,1
drone_000528.pt,1,14,True,2025-12-20,ben shemen,mid noise,atv,50,22050,300,2,test,0.8369805216789246,1,1
drone_000529.pt,1,14,True,2025-12-20,ben shemen,mid noise,atv,50,22050,300,2,test,0.8842172622680664,1,1
drone_000530.pt,1,14,True,2025-12-20,ben shemen,mid noise,atv,50,22050,300,2,test,0.8580626249313354,1,1
drone_000531.pt,1,14,True,2025-12-20,ben shemen,mid noise,atv,50,22050,300,2,test,0.9351940155029297,1,1
drone_000532.pt,1,14,True,2025-12-20,ben shemen,mid noise,atv,50,22050,300,2,test,0.9060948491096497,1,1
drone_000533.pt,1,14,True,2025-12-20,ben shemen,mid noise,atv,50,22050,300,2,test,0.9766187071800232,1,1
drone_000534.pt,1,14,True,2025-12-20,ben shemen,mid noise,atv,50,22050,300,2,test,0.9610942006111145,1,1
drone_000535.pt,1,14,True,2025-12-20,ben shemen,mid noise,atv,50,22050,300,2,test,0.942987859249115,1,1
drone_000536.pt,1,14,True,2025-12-20,ben shemen,mid noise,atv,50,22050,300,2,test,0.9493809938430786,1,1
drone_000537.pt,1,14,True,2025-12-20,ben shemen,mid noise,atv,50,22050,300,2,test,0.9177677035331726,1,1
drone_000538.pt,1,14,True,2025-12-20,ben shemen,mid noise,atv,50,22050,300,2,test,0.9343199133872986,1,1
drone_000539.pt,1,14,True,2025-12-20,ben shemen,mid noise,atv,50,22050,300,2,test,0.975004255771637,1,1
drone_000540.pt,1,14,True,2025-12-20,ben shemen,mid noise,atv,50,22050,300,2,test,0.9666105508804321,1,1
drone_000541.pt,1,14,True,2025-12-20,ben shemen,mid noise,atv,50,22050,300,2,test,0.961542010307312,1,1
drone_000542.pt,1,14,True,2025-12-20,ben shemen,mid noise,atv,50,22050,300,2,test,0.9806683659553528,1,1
drone_000543.pt,1,14,True,2025-12-20,ben shemen,mid noise,atv,50,22050,300,2,test,0.9632901549339294,1,1
drone_000544.pt,1,14,True,2025-12-20,ben shemen,mid noise,atv,50,22050,300,2,test,0.9883754253387451,1,1
drone_000545.pt,1,14,True,2025-12-20,ben shemen,mid noise,atv,50,22050,300,2,test,0.9849225282669067,1,1
drone_000546.pt,1,14,True,2025-12-20,ben shemen,mid noise,atv,50,22050,300,2,test,0.9876102209091187,1,1
drone_000547.pt,1,14,True,2025-12-20,ben shemen,mid noise,atv,50,22050,300,2,test,0.9753334522247314,1,1
drone_000548.pt,1,14,True,2025-12-20,ben shemen,mid noise,atv,50,22050,300,2,test,0.9772993326187134,1,1
drone_000549.pt,1,14,True,2025-12-20,ben shemen,mid noise,atv,50,22050,300,2,test,0.9355937838554382,1,1
drone_000550.pt,1,14,True,2025-12-20,ben shemen,mid noise,atv,50,22050,300,2,test,0.9757660627365112,1,1
ambience_000829.pt,0,15,False,2025-12-15,room,mid noise,fan,50,22050,300,1,train,0.18831279873847961,0,1
ambience_000830.pt,0,15,False,2025-12-15,room,mid noise,fan,50,22050,300,1,train,0.14934709668159485,0,1
ambience_000831.pt,0,15,False,2025-12-15,room,mid noise,fan,50,22050,300,1,train,0.16476775705814362,0,1
ambience_000832.pt,0,15,False,2025-12-15,room,mid noise,fan,50,22050,300,1,train,0.20218294858932495,0,1
ambience_000833.pt,0,15,False,2025-12-15,room,mid noise,fan,50,22050,300,1,train,0.1943979263305664,0,1
ambience_000834.pt,0,15,False,2025-12-15,room,mid noise,fan,50,22050,300,1,train,0.14731191098690033,0,1
ambience_000835.pt,0,15,False,2025-12-15,room,mid noise,fan,50,22050,300,1,train,0.18132077157497406,0,1
ambience_000836.pt,0,15,False,2025-12-15,room,mid noise,fan,50,22050,300,1,train,0.15360532701015472,0,1
ambience_000837.pt,0,15,False,2025-12-15,room,mid noise,fan,50,22050,300,1,train,0.14706392586231232,0,1
ambience_000838.pt,0,15,False,2025-12-15,room,mid noise,fan,50,22050,300,1,train,0.15160895884037018,0,1
ambience_000839.pt,0,15,False,2025-12-15,room,mid noise,fan,50,22050,300,1,train,0.1709066927433014,0,1
ambience_000840.pt,0,15,False,2025-12-15,room,mid noise,fan,50,22050,300,1,train,0.21057665348052979,0,1
ambience_000841.pt,0,15,False,2025-12-15,room,mid noise,fan,50,22050,300,1,train,0.19914065301418304,0,1
ambience_000842.pt,0,15,False,2025-12-15,room,mid noise,fan,50,22050,300,1,train,0.17069466412067413,0,1
ambience_000843.pt,0,15,False,2025-12-15,room,mid noise,fan,50,22050,300,1,train,0.17381954193115234,0,1
ambience_000844.pt,0,15,False,2025-12-15,room,mid noise,fan,50,22050,300,1,train,0.20254209637641907,0,1
ambience_000845.pt,0,15,False,2025-12-15,room,mid noise,fan,50,22050,300,1,train,0.17551276087760925,0,1
ambience_000846.pt,0,15,False,2025-12-15,room,mid noise,fan,50,22050,300,1,train,0.22225326299667358,0,1
ambience_000847.pt,0,15,False,2025-12-15,room,mid noise,fan,50,22050,300,1,train,0.18885061144828796,0,1
ambience_000848.pt,0,15,False,2025-12-15,room,mid noise,fan,50,22050,300,1,train,0.17382781207561493,0,1
ambience_000849.pt,0,15,False,2025-12-15,room,mid noise,fan,50,22050,300,1,train,0.17263725399971008,0,1
ambience_000850.pt,0,15,False,2025-12-15,room,mid noise,fan,50,22050,300,1,train,0.17543700337409973,0,1
ambience_000851.pt,0,15,False,2025-12-15,room,mid noise,fan,50,22050,300,1,train,0.16458158195018768,0,1
ambience_000852.pt,0,15,False,2025-12-15,room,mid noise,fan,50,22050,300,1,train,0.1845696121454239,0,1
ambience_000853.pt,0,15,False,2025-12-15,room,mid noise,fan,50,22050,300,1,train,0.18115025758743286,0,1
ambience_000854.pt,0,15,False,2025-12-15,room,mid noise,fan,50,22050,300,1,train,0.22012688219547272,0,1
ambience_000855.pt,0,15,False,2025-12-15,room,mid noise,fan,50,22050,300,1,train,0.17584313452243805,0,1
ambience_000856.pt,0,15,False,2025-12-15,room,mid noise,fan,50,22050,300,1,train,0.19584311544895172,0,1
ambience_000857.pt,0,15,False,2025-12-15,room,mid noise,fan,50,22050,300,1,train,0.20613481104373932,0,1
ambience_000858.pt,0,15,False,2025-12-15,room,mid noise,fan,50,22050,300,1,train,0.21997082233428955,0,1
ambience_000859.pt,0,15,False,2025-12-15,room,mid noise,fan,50,22050,300,1,train,0.22669024765491486,0,1
ambience_000860.pt,0,15,False,2025-12-15,room,mid noise,fan,50,22050,300,1,train,0.16817891597747803,0,1
ambience_000861.pt,0,15,False,2025-12-15,room,mid noise,fan,50,22050,300,1,train,0.19927091896533966,0,1
ambience_000862.pt,0,15,False,2025-12-15,room,mid noise,fan,50,22050,300,1,train,0.1848752200603485,0,1
ambience_000863.pt,0,15,False,2025-12-15,room,mid noise,fan,50,22050,300,1,train,0.17629815638065338,0,1
ambience_000864.pt,0,15,False,2025-12-15,room,mid noise,fan,50,22050,300,1,train,0.2062281221151352,0,1
ambience_000865.pt,0,15,False,2025-12-15,room,mid noise,fan,50,22050,300,1,train,0.14185911417007446,0,1
ambience_000866.pt,0,15,False,2025-12-15,room,mid noise,fan,50,22050,300,1,train,0.17146696150302887,0,1
ambience_000867.pt,0,15,False,2025-12-15,room,mid noise,fan,50,22050,300,1,train,0.17027141153812408,0,1
ambience_000868.pt,0,15,False,2025-12-15,room,mid noise,fan,50,22050,300,1,train,0.16436859965324402,0,1
ambience_000869.pt,0,15,False,2025-12-15,room,mid noise,fan,50,22050,300,1,train,0.18068742752075195,0,1
ambience_000870.pt,0,15,False,2025-12-15,room,mid noise,fan,50,22050,300,1,train,0.16807988286018372,0,1
ambience_000871.pt,0,15,False,2025-12-15,room,mid noise,fan,50,22050,300,1,train,0.21766167879104614,0,1
ambience_000872.pt,0,15,False,2025-12-15,room,mid noise,fan,50,22050,300,1,train,0.18736544251441956,0,1
ambience_000873.pt,0,15,False,2025-12-15,room,mid noise,fan,50,22050,300,1,train,0.19094961881637573,0,1
ambience_000874.pt,0,15,False,2025-12-15,room,mid noise,fan,50,22050,300,1,train,0.1714688241481781,0,1
ambience_000875.pt,0,15,False,2025-12-15,room,mid noise,fan,50,22050,300,1,train,0.19042623043060303,0,1
ambience_000876.pt,0,15,False,2025-12-15,room,mid noise,fan,50,22050,300,1,train,0.17253974080085754,0,1
ambience_000877.pt,0,15,False,2025-12-15,room,mid noise,fan,50,22050,300,1,train,0.2125299870967865,0,1
ambience_000878.pt,0,15,False,2025-12-15,room,mid noise,fan,50,22050,300,1,train,0.17935462296009064,0,1
ambience_000879.pt,0,15,False,2025-12-15,room,mid noise,fan,50,22050,300,1,train,0.15640610456466675,0,1
ambience_000880.pt,0,15,False,2025-12-15,room,mid noise,fan,50,22050,300,1,train,0.16599686443805695,0,1
ambience_000881.pt,0,15,False,2025-12-15,room,mid noise,fan,50,22050,300,1,train,0.1662948727607727,0,1
ambience_000882.pt,0,15,False,2025-12-15,room,mid noise,fan,50,22050,300,1,train,0.18457016348838806,0,1
ambience_000883.pt,0,15,False,2025-12-15,room,mid noise,fan,50,22050,300,1,train,0.1517413854598999,0,1
ambience_000884.pt,0,15,False,2025-12-15,room,mid noise,fan,50,22050,300,1,train,0.14366194605827332,0,1
ambience_000885.pt,0,15,False,2025-12-15,room,mid noise,fan,50,22050,300,1,train,0.18070730566978455,0,1
ambience_000886.pt,0,15,False,2025-12-15,room,mid noise,fan,50,22050,300,1,train,0.206879660487175,0,1
ambience_000887.pt,0,15,False,2025-12-15,room,mid noise,fan,50,22050,300,1,train,0.1623665690422058,0,1
ambience_000888.pt,0,15,False,2025-12-15,room,mid noise,fan,50,22050,300,1,train,0.18506334722042084,0,1
ambience_000889.pt,0,15,False,2025-12-15,room,mid noise,fan,50,22050,300,1,train,0.1934359222650528,0,1
ambience_000890.pt,0,15,False,2025-12-15,room,mid noise,fan,50,22050,300,1,train,0.19145996868610382,0,1
ambience_000891.pt,0,15,False,2025-12-15,room,mid noise,fan,50,22050,300,1,train,0.2156999707221985,0,1
ambience_000892.pt,0,15,False,2025-12-15,room,mid noise,fan,50,22050,300,1,train,0.1686365306377411,0,1
ambience_000893.pt,0,15,False,2025-12-15,room,mid noise,fan,50,22050,300,1,train,0.16045357286930084,0,1
ambience_000894.pt,0,15,False,2025-12-15,room,mid noise,fan,50,22050,300,1,train,0.18755829334259033,0,1
ambience_000895.pt,0,15,False,2025-12-15,room,mid noise,fan,50,22050,300,1,train,0.18398256599903107,0,1
ambience_000896.pt,0,15,False,2025-12-15,room,mid noise,fan,50,22050,300,1,train,0.19770634174346924,0,1
ambience_000897.pt,0,15,False,2025-12-15,room,mid noise,fan,50,22050,300,1,train,0.1737992912530899,0,1
ambience_000898.pt,0,15,False,2025-12-15,room,mid noise,fan,50,22050,300,1,train,0.20599700510501862,0,1
ambience_000899.pt,0,15,False,2025-12-15,room,mid noise,fan,50,22050,300,1,train,0.1844170242547989,0,1
ambience_000900.pt,0,15,False,2025-12-15,room,mid noise,fan,50,22050,300,1,train,0.1440814584493637,0,1
ambience_000901.pt,0,15,False,2025-12-15,room,mid noise,fan,50,22050,300,1,train,0.2005053609609604,0,1
ambience_000902.pt,0,15,False,2025-12-15,room,mid noise,fan,50,22050,300,1,train,0.20662742853164673,0,1
ambience_000903.pt,0,15,False,2025-12-15,room,mid noise,fan,50,22050,300,1,train,0.13824978470802307,0,1
ambience_000904.pt,0,16,False,2026-01-19,balcony,low noise,"ambience, talking",75,22050,300,1,train,0.22477826476097107,0,1
ambience_000905.pt,0,16,False,2026-01-19,balcony,low noise,"ambience, talking",75,22050,300,1,train,0.15920422971248627,0,1
ambience_000906.pt,0,16,False,2026-01-19,balcony,low noise,"ambience, talking",75,22050,300,1,train,0.15351325273513794,0,1
ambience_000907.pt,0,16,False,2026-01-19,balcony,low noise,"ambience, talking",75,22050,300,1,train,0.12737886607646942,0,0
ambience_000908.pt,0,16,False,2026-01-19,balcony,low noise,"ambience, talking",75,22050,300,1,train,0.10576265305280685,0,0
ambience_000909.pt,0,16,False,2026-01-19,balcony,low noise,"ambience, talking",75,22050,300,1,train,0.09865685552358627,0,0
ambience_000910.pt,0,16,False,2026-01-19,balcony,low noise,"ambience, talking",75,22050,300,1,train,0.10562483966350555,0,0
ambience_000911.pt,0,16,False,2026-01-19,balcony,low noise,"ambience, talking",75,22050,300,1,train,0.09225668758153915,0,0
ambience_000912.pt,0,16,False,2026-01-19,balcony,low noise,"ambience, talking",75,22050,300,1,train,0.14650976657867432,0,1
ambience_000913.pt,0,16,False,2026-01-19,balcony,low noise,"ambience, talking",75,22050,300,1,train,0.23803788423538208,0,1
ambience_000914.pt,0,16,False,2026-01-19,balcony,low noise,"ambience, talking",75,22050,300,1,train,0.23131729662418365,0,1
ambience_000915.pt,0,16,False,2026-01-19,balcony,low noise,"ambience, talking",75,22050,300,1,train,0.20968680083751678,0,1
ambience_000916.pt,0,16,False,2026-01-19,balcony,low noise,"ambience, talking",75,22050,300,1,train,0.24016305804252625,0,1
ambience_000917.pt,0,16,False,2026-01-19,balcony,low noise,"ambience, talking",75,22050,300,1,train,0.248770609498024,0,1
ambience_000918.pt,0,16,False,2026-01-19,balcony,low noise,"ambience, talking",75,22050,300,1,train,0.2074851095676422,0,1
ambience_000919.pt,0,16,False,2026-01-19,balcony,low noise,"ambience, talking",75,22050,300,1,train,0.1566035896539688,0,1
ambience_000920.pt,0,16,False,2026-01-19,balcony,low noise,"ambience, talking",75,22050,300,1,train,0.16399917006492615,0,1
ambience_000921.pt,0,16,False,2026-01-19,balcony,low noise,"ambience, talking",75,22050,300,1,train,0.1866772472858429,0,1
ambience_000922.pt,0,16,False,2026-01-19,balcony,low noise,"ambience, talking",75,22050,300,1,train,0.13896867632865906,0,1
ambience_000923.pt,0,16,False,2026-01-19,balcony,low noise,"ambience, talking",75,22050,300,1,train,0.1358020156621933,0,1
ambience_000924.pt,0,16,False,2026-01-19,balcony,low noise,"ambience, talking",75,22050,300,1,train,0.07822705805301666,0,0
ambience_000925.pt,0,16,False,2026-01-19,balcony,low noise,"ambience, talking",75,22050,300,1,train,0.10278476029634476,0,0
ambience_000926.pt,0,16,False,2026-01-19,balcony,low noise,"ambience, talking",75,22050,300,1,train,0.1666271686553955,0,1
ambience_000927.pt,0,16,False,2026-01-19,balcony,low noise,"ambience, talking",75,22050,300,1,train,0.13060255348682404,0,1
ambience_000928.pt,0,16,False,2026-01-19,balcony,low noise,"ambience, talking",75,22050,300,1,train,0.1345519721508026,0,1
ambience_000929.pt,0,16,False,2026-01-19,balcony,low noise,"ambience, talking",75,22050,300,1,train,0.1432567983865738,0,1
ambience_000930.pt,0,16,False,2026-01-19,balcony,low noise,"ambience, talking",75,22050,300,1,train,0.10819665342569351,0,0
ambience_000931.pt,0,16,False,2026-01-19,balcony,low noise,"ambience, talking",75,22050,300,1,train,0.15298962593078613,0,1
ambience_000932.pt,0,16,False,2026-01-19,balcony,low noise,"ambience, talking",75,22050,300,1,train,0.10788687318563461,0,0
ambience_000933.pt,0,16,False,2026-01-19,balcony,low noise,"ambience, talking",75,22050,300,1,train,0.1332765370607376,0,1
ambience_000934.pt,0,16,False,2026-01-19,balcony,low noise,"ambience, talking",75,22050,300,1,train,0.08604016900062561,0,0
ambience_000935.pt,0,16,False,2026-01-19,balcony,low noise,"ambience, talking",75,22050,300,1,train,0.31469693779945374,0,1
ambience_000936.pt,0,16,False,2026-01-19,balcony,low noise,"ambience, talking",75,22050,300,1,train,0.4472297132015228,0,1
ambience_000937.pt,0,16,False,2026-01-19,balcony,low noise,"ambience, talking",75,22050,300,1,train,0.28965792059898376,0,1
ambience_000938.pt,0,16,False,2026-01-19,balcony,low noise,"ambience, talking",75,22050,300,1,train,0.1521826833486557,0,1
ambience_000939.pt,0,16,False,2026-01-19,balcony,low noise,"ambience, talking",75,22050,300,1,train,0.38883066177368164,0,1
ambience_000940.pt,0,16,False,2026-01-19,balcony,low noise,"ambience, talking",75,22050,300,1,train,0.355182021856308,0,1
ambience_000941.pt,0,16,False,2026-01-19,balcony,low noise,"ambience, talking",75,22050,300,1,train,0.6165997385978699,1,1
ambience_000942.pt,0,16,False,2026-01-19,balcony,low noise,"ambience, talking",75,22050,300,1,train,0.3434095084667206,0,1
ambience_000943.pt,0,16,False,2026-01-19,balcony,low noise,"ambience, talking",75,22050,300,1,train,0.34631747007369995,0,1
ambience_000944.pt,0,16,False,2026-01-19,balcony,low noise,"ambience, talking",75,22050,300,1,train,0.320812463760376,0,1
ambience_000945.pt,0,16,False,2026-01-19,balcony,low noise,"ambience, talking",75,22050,300,1,train,0.6525627970695496,1,1
ambience_000946.pt,0,16,False,2026-01-19,balcony,low noise,"ambience, talking",75,22050,300,1,train,0.5690808892250061,1,1
ambience_000947.pt,0,16,False,2026-01-19,balcony,low noise,"ambience, talking",75,22050,300,1,train,0.6375218629837036,1,1
ambience_000948.pt,0,16,False,2026-01-19,balcony,low noise,"ambience, talking",75,22050,300,1,train,0.7524793148040771,1,1
ambience_000949.pt,0,16,False,2026-01-19,balcony,low noise,"ambience, talking",75,22050,300,1,train,0.77507483959198,1,1
ambience_000950.pt,0,16,False,2026-01-19,balcony,low noise,"ambience, talking",75,22050,300,1,train,0.5327062010765076,1,1
ambience_000951.pt,0,16,False,2026-01-19,balcony,low noise,"ambience, talking",75,22050,300,1,train,0.3549797236919403,0,1
ambience_000952.pt,0,16,False,2026-01-19,balcony,low noise,"ambience, talking",75,22050,300,1,train,0.36328110098838806,0,1
ambience_000953.pt,0,16,False,2026-01-19,balcony,low noise,"ambience, talking",75,22050,300,1,train,0.3614712059497833,0,1
ambience_000954.pt,0,16,False,2026-01-19,balcony,low noise,"ambience, talking",75,22050,300,1,train,0.21952080726623535,0,1
ambience_000955.pt,0,16,False,2026-01-19,balcony,low noise,"ambience, talking",75,22050,300,1,train,0.33741962909698486,0,1
ambience_000956.pt,0,16,False,2026-01-19,balcony,low noise,"ambience, talking",75,22050,300,1,train,0.3150005340576172,0,1
ambience_000957.pt,0,16,False,2026-01-19,balcony,low noise,"ambience, talking",75,22050,300,1,train,0.3383849561214447,0,1
ambience_000958.pt,0,16,False,2026-01-19,balcony,low noise,"ambience, talking",75,22050,300,1,train,0.4309675991535187,0,1
ambience_000959.pt,0,16,False,2026-01-19,balcony,low noise,"ambience, talking",75,22050,300,1,train,0.3215741813182831,0,1
ambience_000960.pt,0,16,False,2026-01-19,balcony,low noise,"ambience, talking",75,22050,300,1,train,0.521617591381073,1,1
ambience_000961.pt,0,16,False,2026-01-19,balcony,low noise,"ambience, talking",75,22050,300,1,train,0.7217153906822205,1,1
ambience_000962.pt,0,16,False,2026-01-19,balcony,low noise,"ambience, talking",75,22050,300,1,train,0.4843277633190155,0,1
ambience_000963.pt,0,16,False,2026-01-19,balcony,low noise,"ambience, talking",75,22050,300,1,train,0.8057729601860046,1,1
ambience_000964.pt,0,16,False,2026-01-19,balcony,low noise,"ambience, talking",75,22050,300,1,train,0.3391239047050476,0,1
ambience_000965.pt,0,16,False,2026-01-19,balcony,low noise,"ambience, talking",75,22050,300,1,train,0.27726203203201294,0,1
ambience_000966.pt,0,16,False,2026-01-19,balcony,low noise,"ambience, talking",75,22050,300,1,train,0.31466758251190186,0,1
ambience_000967.pt,0,16,False,2026-01-19,balcony,low noise,"ambience, talking",75,22050,300,1,train,0.4813270568847656,0,1
ambience_000968.pt,0,16,False,2026-01-19,balcony,low noise,"ambience, talking",75,22050,300,1,train,0.5174260139465332,1,1
ambience_000969.pt,0,16,False,2026-01-19,balcony,low noise,"ambience, talking",75,22050,300,1,train,0.5454999208450317,1,1
ambience_000970.pt,0,16,False,2026-01-19,balcony,low noise,"ambience, talking",75,22050,300,1,train,0.6472333669662476,1,1
ambience_000971.pt,0,16,False,2026-01-19,balcony,low noise,"ambience, talking",75,22050,300,1,train,0.8278122544288635,1,1
ambience_000972.pt,0,16,False,2026-01-19,balcony,low noise,"ambience, talking",75,22050,300,1,train,0.6998613476753235,1,1
ambience_000973.pt,0,16,False,2026-01-19,balcony,low noise,"ambience, talking",75,22050,300,1,train,0.6535807251930237,1,1
ambience_000974.pt,0,16,False,2026-01-19,balcony,low noise,"ambience, talking",75,22050,300,1,train,0.7321605086326599,1,1
ambience_000975.pt,0,16,False,2026-01-19,balcony,low noise,"ambience, talking",75,22050,300,1,train,0.6424016356468201,1,1
ambience_000976.pt,0,16,False,2026-01-19,balcony,low noise,"ambience, talking",75,22050,300,1,train,0.7606387138366699,1,1
ambience_000977.pt,0,16,False,2026-01-19,balcony,low noise,"ambience, talking",75,22050,300,1,train,0.46878376603126526,0,1
ambience_000978.pt,0,16,False,2026-01-19,balcony,low noise,"ambience, talking",75,22050,300,1,train,0.7678062319755554,1,1
drone_000551.pt,1,17,True,2026-01-03,Yarkon,high noise,road,75,22050,300,1,train,0.8836143016815186,1,1
drone_000552.pt,1,17,True,2026-01-03,Yarkon,high noise,road,75,22050,300,1,train,0.8961252570152283,1,1
drone_000553.pt,1,17,True,2026-01-03,Yarkon,high noise,road,75,22050,300,1,train,0.8871557116508484,1,1
drone_000554.pt,1,17,True,2026-01-03,Yarkon,high noise,road,75,22050,300,1,train,0.8998096585273743,1,1
drone_000555.pt,1,17,True,2026-01-03,Yarkon,high noise,road,75,22050,300,1,train,0.905351459980011,1,1
drone_000556.pt,1,17,True,2026-01-03,Yarkon,high noise,road,75,22050,300,1,train,0.9055945873260498,1,1
drone_000557.pt,1,17,True,2026-01-03,Yarkon,high noise,road,75,22050,300,1,train,0.8734933137893677,1,1
drone_000558.pt,1,17,True,2026-01-03,Yarkon,high noise,road,75,22050,300,1,train,0.8462157845497131,1,1
drone_000559.pt,1,17,True,2026-01-03,Yarkon,high noise,road,75,22050,300,1,train,0.6992720365524292,1,1
drone_000560.pt,1,17,True,2026-01-03,Yarkon,high noise,road,75,22050,300,1,train,0.889099657535553,1,1
drone_000561.pt,1,17,True,2026-01-03,Yarkon,high noise,road,75,22050,300,1,train,0.9003391861915588,1,1
drone_000562.pt,1,17,True,2026-01-03,Yarkon,high noise,road,75,22050,300,1,train,0.8874237537384033,1,1
drone_000563.pt,1,17,True,2026-01-03,Yarkon,high noise,road,75,22050,300,1,train,0.8332750201225281,1,1
drone_000564.pt,1,17,True,2026-01-03,Yarkon,high noise,road,75,22050,300,1,train,0.8936275839805603,1,1
drone_000565.pt,1,17,True,2026-01-03,Yarkon,high noise,road,75,22050,300,1,train,0.8311981558799744,1,1
drone_000566.pt,1,17,True,2026-01-03,Yarkon,high noise,road,75,22050,300,1,train,0.8207813501358032,1,1
drone_000567.pt,1,17,True,2026-01-03,Yarkon,high noise,road,75,22050,300,1,train,0.698563277721405,1,1
drone_000568.pt,1,17,True,2026-01-03,Yarkon,high noise,road,75,22050,300,1,train,0.7279778122901917,1,1
drone_000569.pt,1,17,True,2026-01-03,Yarkon,high noise,road,75,22050,300,1,train,0.7257353663444519,1,1
drone_000570.pt,1,17,True,2026-01-03,Yarkon,high noise,road,75,22050,300,1,train,0.7622965574264526,1,1
drone_000571.pt,1,17,True,2026-01-03,Yarkon,high noise,road,75,22050,300,1,train,0.7820360064506531,1,1
drone_000572.pt,1,17,True,2026-01-03,Yarkon,high noise,road,75,22050,300,1,train,0.722763180732727,1,1
drone_000573.pt,1,17,True,2026-01-03,Yarkon,high noise,road,75,22050,300,1,train,0.743900716304779,1,1
drone_000574.pt,1,17,True,2026-01-03,Yarkon,high noise,road,75,22050,300,1,train,0.8614029288291931,1,1
drone_000575.pt,1,17,True,2026-01-03,Yarkon,high noise,road,75,22050,300,1,train,0.8545528650283813,1,1
drone_000576.pt,1,17,True,2026-01-03,Yarkon,high noise,road,75,22050,300,1,train,0.8715381026268005,1,1
drone_000577.pt,1,17,True,2026-01-03,Yarkon,high noise,road,75,22050,300,1,train,0.7930608987808228,1,1
drone_000578.pt,1,17,True,2026-01-03,Yarkon,high noise,road,75,22050,300,1,train,0.6585044860839844,1,1
drone_000579.pt,1,17,True,2026-01-03,Yarkon,high noise,road,75,22050,300,1,train,0.6277593970298767,1,1
drone_000580.pt,1,17,True,2026-01-03,Yarkon,high noise,road,75,22050,300,1,train,0.3555964231491089,0,1
drone_000581.pt,1,17,True,2026-01-03,Yarkon,high noise,road,75,22050,300,1,train,0.6500236392021179,1,1
drone_000582.pt,1,17,True,2026-01-03,Yarkon,high noise,road,75,22050,300,1,train,0.6881890296936035,1,1
drone_000583.pt,1,17,True,2026-01-03,Yarkon,high noise,road,75,22050,300,1,train,0.8653947710990906,1,1
drone_000584.pt,1,17,True,2026-01-03,Yarkon,high noise,road,75,22050,300,1,train,0.5901450514793396,1,1
drone_000585.pt,1,17,True,2026-01-03,Yarkon,high noise,road,75,22050,300,1,train,0.6401487588882446,1,1
drone_000586.pt,1,17,True,2026-01-03,Yarkon,high noise,road,75,22050,300,1,train,0.7638275027275085,1,1
drone_000587.pt,1,17,True,2026-01-03,Yarkon,high noise,road,75,22050,300,1,train,0.707710325717926,1,1
drone_000588.pt,1,17,True,2026-01-03,Yarkon,high noise,road,75,22050,300,1,train,0.48484522104263306,0,1
drone_000589.pt,1,17,True,2026-01-03,Yarkon,high noise,road,75,22050,300,1,train,0.6990699172019958,1,1
drone_000590.pt,1,17,True,2026-01-03,Yarkon,high noise,road,75,22050,300,1,train,0.6689051985740662,1,1
drone_000591.pt,1,17,True,2026-01-03,Yarkon,high noise,road,75,22050,300,1,train,0.7514424920082092,1,1
drone_000592.pt,1,17,True,2026-01-03,Yarkon,high noise,road,75,22050,300,1,train,0.822400689125061,1,1
drone_000593.pt,1,17,True,2026-01-03,Yarkon,high noise,road,75,22050,300,1,train,0.6904367804527283,1,1
drone_000594.pt,1,17,True,2026-01-03,Yarkon,high noise,road,75,22050,300,1,train,0.8418468236923218,1,1
drone_000595.pt,1,17,True,2026-01-03,Yarkon,high noise,road,75,22050,300,1,train,0.7816771864891052,1,1
drone_000596.pt,1,17,True,2026-01-03,Yarkon,high noise,road,75,22050,300,1,train,0.8142756223678589,1,1
drone_000597.pt,1,17,True,2026-01-03,Yarkon,high noise,road,75,22050,300,1,train,0.8875148296356201,1,1
drone_000598.pt,1,17,True,2026-01-03,Yarkon,high noise,road,75,22050,300,1,train,0.767993152141571,1,1
drone_000599.pt,1,17,True,2026-01-03,Yarkon,high noise,road,75,22050,300,1,train,0.6718958020210266,1,1
drone_000600.pt,1,17,True,2026-01-03,Yarkon,high noise,road,75,22050,300,1,train,0.8199180960655212,1,1
drone_000601.pt,1,17,True,2026-01-03,Yarkon,high noise,road,75,22050,300,1,train,0.801063597202301,1,1
drone_000602.pt,1,17,True,2026-01-03,Yarkon,high noise,road,75,22050,300,1,train,0.8644602298736572,1,1
drone_000603.pt,1,17,True,2026-01-03,Yarkon,high noise,road,75,22050,300,1,train,0.8871346116065979,1,1
drone_000604.pt,1,17,True,2026-01-03,Yarkon,high noise,road,75,22050,300,1,train,0.8069959878921509,1,1
drone_000605.pt,1,17,True,2026-01-03,Yarkon,high noise,road,75,22050,300,1,train,0.7403090596199036,1,1
drone_000606.pt,1,17,True,2026-01-03,Yarkon,high noise,road,75,22050,300,1,train,0.763386607170105,1,1
drone_000607.pt,1,17,True,2026-01-03,Yarkon,high noise,road,75,22050,300,1,train,0.8181179761886597,1,1
drone_000608.pt,1,17,True,2026-01-03,Yarkon,high noise,road,75,22050,300,1,train,0.7370324730873108,1,1
drone_000609.pt,1,17,True,2026-01-03,Yarkon,high noise,road,75,22050,300,1,train,0.7970507144927979,1,1
drone_000610.pt,1,17,True,2026-01-03,Yarkon,high noise,road,75,22050,300,1,train,0.6750260591506958,1,1
drone_000611.pt,1,17,True,2026-01-03,Yarkon,high noise,road,75,22050,300,1,train,0.8133525848388672,1,1
drone_000612.pt,1,17,True,2026-01-03,Yarkon,high noise,road,75,22050,300,1,train,0.7145465612411499,1,1
drone_000613.pt,1,17,True,2026-01-03,Yarkon,high noise,road,75,22050,300,1,train,0.6284361481666565,1,1
drone_000614.pt,1,17,True,2026-01-03,Yarkon,high noise,road,75,22050,300,1,train,0.7277033925056458,1,1
drone_000615.pt,1,17,True,2026-01-03,Yarkon,high noise,road,75,22050,300,1,train,0.6474822759628296,1,1
drone_000616.pt,1,17,True,2026-01-03,Yarkon,high noise,road,75,22050,300,1,train,0.7108495831489563,1,1
drone_000617.pt,1,17,True,2026-01-03,Yarkon,high noise,road,75,22050,300,1,train,0.7419220209121704,1,1
drone_000618.pt,1,17,True,2026-01-03,Yarkon,high noise,road,75,22050,300,1,train,0.7817011475563049,1,1
drone_000619.pt,1,17,True,2026-01-03,Yarkon,high noise,road,75,22050,300,1,train,0.738941490650177,1,1
drone_000620.pt,1,17,True,2026-01-03,Yarkon,high noise,road,75,22050,300,1,train,0.8362854719161987,1,1
drone_000621.pt,1,17,True,2026-01-03,Yarkon,high noise,road,75,22050,300,1,train,0.8287424445152283,1,1
drone_000622.pt,1,17,True,2026-01-03,Yarkon,high noise,road,75,22050,300,1,train,0.6602674722671509,1,1
drone_000623.pt,1,17,True,2026-01-03,Yarkon,high noise,road,75,22050,300,1,train,0.9220491051673889,1,1
drone_000624.pt,1,17,True,2026-01-03,Yarkon,high noise,road,75,22050,300,1,train,0.865176796913147,1,1
drone_000625.pt,1,17,True,2026-01-03,Yarkon,high noise,road,75,22050,300,1,train,0.8952904939651489,1,1
drone_000626.pt,1,17,True,2026-01-03,Yarkon,high noise,road,75,22050,300,1,train,0.949699878692627,1,1
drone_000627.pt,1,18,True,2026-01-03,Yarkon,low noise,ambience,50,22050,300,1,train,0.9787706732749939,1,1
drone_000628.pt,1,18,True,2026-01-03,Yarkon,low noise,ambience,50,22050,300,1,train,0.9536446928977966,1,1
drone_000629.pt,1,18,True,2026-01-03,Yarkon,low noise,ambience,50,22050,300,1,train,0.9855569005012512,1,1
drone_000630.pt,1,18,True,2026-01-03,Yarkon,low noise,ambience,50,22050,300,1,train,0.9897428154945374,1,1
drone_000631.pt,1,18,True,2026-01-03,Yarkon,low noise,ambience,50,22050,300,1,train,0.9751371741294861,1,1
drone_000632.pt,1,18,True,2026-01-03,Yarkon,low noise,ambience,50,22050,300,1,train,0.9768900871276855,1,1
drone_000633.pt,1,18,True,2026-01-03,Yarkon,low noise,ambience,50,22050,300,1,train,0.9679083228111267,1,1
drone_000634.pt,1,18,True,2026-01-03,Yarkon,low noise,ambience,50,22050,300,1,train,0.9822247624397278,1,1
drone_000635.pt,1,18,True,2026-01-03,Yarkon,low noise,ambience,50,22050,300,1,train,0.9598634839057922,1,1
drone_000636.pt,1,18,True,2026-01-03,Yarkon,low noise,ambience,50,22050,300,1,train,0.9708548188209534,1,1
drone_000637.pt,1,18,True,2026-01-03,Yarkon,low noise,ambience,50,22050,300,1,train,0.9777088761329651,1,1
drone_000638.pt,1,18,True,2026-01-03,Yarkon,low noise,ambience,50,22050,300,1,train,0.9791345596313477,1,1
drone_000639.pt,1,18,True,2026-01-03,Yarkon,low noise,ambience,50,22050,300,1,train,0.9698734283447266,1,1
drone_000640.pt,1,18,True,2026-01-03,Yarkon,low noise,ambience,50,22050,300,1,train,0.9604182243347168,1,1
drone_000641.pt,1,18,True,2026-01-03,Yarkon,low noise,ambience,50,22050,300,1,train,0.9774971604347229,1,1
drone_000642.pt,1,18,True,2026-01-03,Yarkon,low noise,ambience,50,22050,300,1,train,0.955005407333374,1,1
drone_000643.pt,1,18,True,2026-01-03,Yarkon,low noise,ambience,50,22050,300,1,train,0.8877114057540894,1,1
drone_000644.pt,1,18,True,2026-01-03,Yarkon,low noise,ambience,50,22050,300,1,train,0.8124775290489197,1,1
drone_000645.pt,1,18,True,2026-01-03,Yarkon,low noise,ambience,50,22050,300,1,train,0.9123615622520447,1,1
drone_000646.pt,1,18,True,2026-01-03,Yarkon,low noise,ambience,50,22050,300,1,train,0.9314336776733398,1,1
drone_000647.pt,1,18,True,2026-01-03,Yarkon,low noise,ambience,50,22050,300,1,train,0.8492609262466431,1,1
drone_000648.pt,1,18,True,2026-01-03,Yarkon,low noise,ambience,50,22050,300,1,train,0.8440863490104675,1,1
drone_000649.pt,1,18,True,2026-01-03,Yarkon,low noise,ambience,50,22050,300,1,train,0.8777245879173279,1,1
drone_000650.pt,1,18,True,2026-01-03,Yarkon,low noise,ambience,50,22050,300,1,train,0.9055215120315552,1,1
drone_000651.pt,1,18,True,2026-01-03,Yarkon,low noise,ambience,50,22050,300,1,train,0.9576646685600281,1,1
drone_000652.pt,1,18,True,2026-01-03,Yarkon,low noise,ambience,50,22050,300,1,train,0.8012959361076355,1,1
drone_000653.pt,1,18,True,2026-01-03,Yarkon,low noise,ambience,50,22050,300,1,train,0.43399545550346375,0,1
drone_000654.pt,1,18,True,2026-01-03,Yarkon,low noise,ambience,50,22050,300,1,train,0.7091310620307922,1,1
drone_000655.pt,1,18,True,2026-01-03,Yarkon,low noise,ambience,50,22050,300,1,train,0.8316664695739746,1,1
drone_000656.pt,1,18,True,2026-01-03,Yarkon,low noise,ambience,50,22050,300,1,train,0.7332203388214111,1,1
drone_000657.pt,1,18,True,2026-01-03,Yarkon,low noise,ambience,50,22050,300,1,train,0.5149708986282349,1,1
drone_000658.pt,1,18,True,2026-01-03,Yarkon,low noise,ambience,50,22050,300,1,train,0.758847713470459,1,1
drone_000659.pt,1,18,True,2026-01-03,Yarkon,low noise,ambience,50,22050,300,1,train,0.6551522016525269,1,1
drone_000660.pt,1,18,True,2026-01-03,Yarkon,low noise,ambience,50,22050,300,1,train,0.9201050400733948,1,1
drone_000661.pt,1,18,True,2026-01-03,Yarkon,low noise,ambience,50,22050,300,1,train,0.8751593232154846,1,1
drone_000662.pt,1,18,True,2026-01-03,Yarkon,low noise,ambience,50,22050,300,1,train,0.9718573093414307,1,1
drone_000663.pt,1,18,True,2026-01-03,Yarkon,low noise,ambience,50,22050,300,1,train,0.9708771705627441,1,1
drone_000664.pt,1,18,True,2026-01-03,Yarkon,low noise,ambience,50,22050,300,1,train,0.7906702160835266,1,1
drone_000665.pt,1,18,True,2026-01-03,Yarkon,low noise,ambience,50,22050,300,1,train,0.9920077323913574,1,1
drone_000666.pt,1,18,True,2026-01-03,Yarkon,low noise,ambience,50,22050,300,1,train,0.9721249341964722,1,1
drone_000667.pt,1,18,True,2026-01-03,Yarkon,low noise,ambience,50,22050,300,1,train,0.9252250790596008,1,1
drone_000668.pt,1,18,True,2026-01-03,Yarkon,low noise,ambience,50,22050,300,1,train,0.9670936465263367,1,1
drone_000669.pt,1,18,True,2026-01-03,Yarkon,low noise,ambience,50,22050,300,1,train,0.8273242712020874,1,1
drone_000670.pt,1,18,True,2026-01-03,Yarkon,low noise,ambience,50,22050,300,1,train,0.9079845547676086,1,1
drone_000671.pt,1,18,True,2026-01-03,Yarkon,low noise,ambience,50,22050,300,1,train,0.9299104809761047,1,1
drone_000672.pt,1,18,True,2026-01-03,Yarkon,low noise,ambience,50,22050,300,1,train,0.9640641212463379,1,1
drone_000673.pt,1,18,True,2026-01-03,Yarkon,low noise,ambience,50,22050,300,1,train,0.973086953163147,1,1
drone_000674.pt,1,18,True,2026-01-03,Yarkon,low noise,ambience,50,22050,300,1,train,0.8866361379623413,1,1
drone_000675.pt,1,18,True,2026-01-03,Yarkon,low noise,ambience,50,22050,300,1,train,0.29874420166015625,0,1
drone_000676.pt,1,18,True,2026-01-03,Yarkon,low noise,ambience,50,22050,300,1,train,0.8476219177246094,1,1
drone_000677.pt,1,18,True,2026-01-03,Yarkon,low noise,ambience,50,22050,300,1,train,0.9599649906158447,1,1
drone_000678.pt,1,18,True,2026-01-03,Yarkon,low noise,ambience,50,22050,300,1,train,0.9359548687934875,1,1
drone_000679.pt,1,18,True,2026-01-03,Yarkon,low noise,ambience,50,22050,300,1,train,0.970094621181488,1,1
drone_000680.pt,1,18,True,2026-01-03,Yarkon,low noise,ambience,50,22050,300,1,train,0.9651439189910889,1,1
drone_000681.pt,1,18,True,2026-01-03,Yarkon,low noise,ambience,50,22050,300,1,train,0.9325369596481323,1,1
drone_000682.pt,1,18,True,2026-01-03,Yarkon,low noise,ambience,50,22050,300,1,train,0.9095665812492371,1,1
drone_000683.pt,1,18,True,2026-01-03,Yarkon,low noise,ambience,50,22050,300,1,train,0.8639283776283264,1,1
drone_000684.pt,1,18,True,2026-01-03,Yarkon,low noise,ambience,50,22050,300,1,train,0.9103249311447144,1,1
drone_000685.pt,1,18,True,2026-01-03,Yarkon,low noise,ambience,50,22050,300,1,train,0.9568676352500916,1,1
drone_000686.pt,1,18,True,2026-01-03,Yarkon,low noise,ambience,50,22050,300,1,train,0.913150429725647,1,1
drone_000687.pt,1,18,True,2026-01-03,Yarkon,low noise,ambience,50,22050,300,1,train,0.9680197238922119,1,1
drone_000688.pt,1,18,True,2026-01-03,Yarkon,low noise,ambience,50,22050,300,1,train,0.9266328811645508,1,1
drone_000689.pt,1,18,True,2026-01-03,Yarkon,low noise,ambience,50,22050,300,1,train,0.9276730418205261,1,1
drone_000690.pt,1,18,True,2026-01-03,Yarkon,low noise,ambience,50,22050,300,1,train,0.7692962884902954,1,1
drone_000691.pt,1,18,True,2026-01-03,Yarkon,low noise,ambience,50,22050,300,1,train,0.9409182667732239,1,1
drone_000692.pt,1,18,True,2026-01-03,Yarkon,low noise,ambience,50,22050,300,1,train,0.6252527832984924,1,1
drone_000693.pt,1,18,True,2026-01-03,Yarkon,low noise,ambience,50,22050,300,1,train,0.7659859657287598,1,1
drone_000694.pt,1,18,True,2026-01-03,Yarkon,low noise,ambience,50,22050,300,1,train,0.9618932008743286,1,1
drone_000695.pt,1,18,True,2026-01-03,Yarkon,low noise,ambience,50,22050,300,1,train,0.9468121528625488,1,1
drone_000696.pt,1,18,True,2026-01-03,Yarkon,low noise,ambience,50,22050,300,1,train,0.929008960723877,1,1
drone_000697.pt,1,18,True,2026-01-03,Yarkon,low noise,ambience,50,22050,300,1,train,0.9499948024749756,1,1
drone_000698.pt,1,18,True,2026-01-03,Yarkon,low noise,ambience,50,22050,300,1,train,0.9591712951660156,1,1
drone_000699.pt,1,18,True,2026-01-03,Yarkon,low noise,ambience,50,22050,300,1,train,0.9200665354728699,1,1
drone_000700.pt,1,18,True,2026-01-03,Yarkon,low noise,ambience,50,22050,300,1,train,0.9245931506156921,1,1
drone_000701.pt,1,18,True,2026-01-03,Yarkon,low noise,ambience,50,22050,300,1,train,0.8826773166656494,1,1
drone_000702.pt,1,18,True,2026-01-03,Yarkon,low noise,ambience,50,22050,300,1,train,0.8973010182380676,1,1
drone_000703.pt,1,18,True,2026-01-03,Yarkon,low noise,ambience,50,22050,300,1,train,0.7701656222343445,1,1
drone_000704.pt,1,18,True,2026-01-03,Yarkon,low noise,ambience,50,22050,300,1,train,0.9060047268867493,1,1
drone_000705.pt,1,18,True,2026-01-03,Yarkon,low noise,ambience,50,22050,300,1,train,0.7660810947418213,1,1
drone_000706.pt,1,18,True,2026-01-03,Yarkon,low noise,ambience,50,22050,300,1,train,0.8897505402565002,1,1
drone_000707.pt,1,18,True,2026-01-03,Yarkon,low noise,ambience,50,22050,300,1,train,0.9334401488304138,1,1
drone_000708.pt,1,18,True,2026-01-03,Yarkon,low noise,ambience,50,22050,300,1,train,0.9469178318977356,1,1
ambience_000979.pt,0,19,False,2025-12-15,room,high noise,fan,50,22050,300,2,test,0.10758045315742493,0,0
ambience_000980.pt,0,19,False,2025-12-15,room,high noise,fan,50,22050,300,2,test,0.10407918691635132,0,0
ambience_000981.pt,0,19,False,2025-12-15,room,high noise,fan,50,22050,300,2,test,0.09475141763687134,0,0
ambience_000982.pt,0,19,False,2025-12-15,room,high noise,fan,50,22050,300,2,test,0.11002201586961746,0,0
ambience_000983.pt,0,19,False,2025-12-15,room,high noise,fan,50,22050,300,2,test,0.0956251323223114,0,0
ambience_000984.pt,0,19,False,2025-12-15,room,high noise,fan,50,22050,300,2,test,0.11644323170185089,0,0
ambience_000985.pt,0,19,False,2025-12-15,room,high noise,fan,50,22050,300,2,test,0.1236928403377533,0,0
ambience_000986.pt,0,19,False,2025-12-15,room,high noise,fan,50,22050,300,2,test,0.10164257138967514,0,0
ambience_000987.pt,0,19,False,2025-12-15,room,high noise,fan,50,22050,300,2,test,0.11626911163330078,0,0
ambience_000988.pt,0,19,False,2025-12-15,room,high noise,fan,50,22050,300,2,test,0.09823770076036453,0,0
ambience_000989.pt,0,19,False,2025-12-15,room,high noise,fan,50,22050,300,2,test,0.10792340338230133,0,0
ambience_000990.pt,0,19,False,2025-12-15,room,high noise,fan,50,22050,300,2,test,0.11080113053321838,0,0
ambience_000991.pt,0,19,False,2025-12-15,room,high noise,fan,50,22050,300,2,test,0.09557560086250305,0,0
ambience_000992.pt,0,19,False,2025-12-15,room,high noise,fan,50,22050,300,2,test,0.10910741984844208,0,0
ambience_000993.pt,0,19,False,2025-12-15,room,high noise,fan,50,22050,300,2,test,0.09888523817062378,0,0
ambience_000994.pt,0,19,False,2025-12-15,room,high noise,fan,50,22050,300,2,test,0.09834504127502441,0,0
ambience_000995.pt,0,19,False,2025-12-15,room,high noise,fan,50,22050,300,2,test,0.08838638663291931,0,0
ambience_000996.pt,0,19,False,2025-12-15,room,high noise,fan,50,22050,300,2,test,0.09832825511693954,0,0
ambience_000997.pt,0,19,False,2025-12-15,room,high noise,fan,50,22050,300,2,test,0.07896266877651215,0,0
ambience_000998.pt,0,19,False,2025-12-15,room,high noise,fan,50,22050,300,2,test,0.08350621908903122,0,0
ambience_000999.pt,0,19,False,2025-12-15,room,high noise,fan,50,22050,300,2,test,0.11713186651468277,0,0
ambience_001000.pt,0,19,False,2025-12-15,room,high noise,fan,50,22050,300,2,test,0.10886390507221222,0,0
ambience_001001.pt,0,19,False,2025-12-15,room,high noise,fan,50,22050,300,2,test,0.11031311005353928,0,0
ambience_001002.pt,0,19,False,2025-12-15,room,high noise,fan,50,22050,300,2,test,0.11574483662843704,0,0
ambience_001003.pt,0,19,False,2025-12-15,room,high noise,fan,50,22050,300,2,test,0.10161826014518738,0,0
ambience_001004.pt,0,19,False,2025-12-15,room,high noise,fan,50,22050,300,2,test,0.10330814868211746,0,0
ambience_001005.pt,0,19,False,2025-12-15,room,high noise,fan,50,22050,300,2,test,0.1062261164188385,0,0
ambience_001006.pt,0,19,False,2025-12-15,room,high noise,fan,50,22050,300,2,test,0.10301607847213745,0,0
ambience_001007.pt,0,19,False,2025-12-15,room,high noise,fan,50,22050,300,2,test,0.09315469861030579,0,0
ambience_001008.pt,0,19,False,2025-12-15,room,high noise,fan,50,22050,300,2,test,0.10280030965805054,0,0
ambience_001009.pt,0,19,False,2025-12-15,room,high noise,fan,50,22050,300,2,test,0.08825568854808807,0,0
ambience_001010.pt,0,19,False,2025-12-15,room,high noise,fan,50,22050,300,2,test,0.10386308282613754,0,0
ambience_001011.pt,0,19,False,2025-12-15,room,high noise,fan,50,22050,300,2,test,0.10945317894220352,0,0
ambience_001012.pt,0,19,False,2025-12-15,room,high noise,fan,50,22050,300,2,test,0.09684337675571442,0,0
ambience_001013.pt,0,19,False,2025-12-15,room,high noise,fan,50,22050,300,2,test,0.11136522889137268,0,0
ambience_001014.pt,0,19,False,2025-12-15,room,high noise,fan,50,22050,300,2,test,0.09400752931833267,0,0
ambience_001015.pt,0,19,False,2025-12-15,room,high noise,fan,50,22050,300,2,test,0.08860006183385849,0,0
ambience_001016.pt,0,19,False,2025-12-15,room,high noise,fan,50,22050,300,2,test,0.09808886051177979,0,0
ambience_001017.pt,0,19,False,2025-12-15,room,high noise,fan,50,22050,300,2,test,0.09590122103691101,0,0
ambience_001018.pt,0,19,False,2025-12-15,room,high noise,fan,50,22050,300,2,test,0.11013932526111603,0,0
ambience_001019.pt,0,19,False,2025-12-15,room,high noise,fan,50,22050,300,2,test,0.09949252754449844,0,0
ambience_001020.pt,0,19,False,2025-12-15,room,high noise,fan,50,22050,300,2,test,0.09056095033884048,0,0
ambience_001021.pt,0,19,False,2025-12-15,room,high noise,fan,50,22050,300,2,test,0.10031552612781525,0,0
ambience_001022.pt,0,19,False,2025-12-15,room,high noise,fan,50,22050,300,2,test,0.10476122796535492,0,0
ambience_001023.pt,0,19,False,2025-12-15,room,high noise,fan,50,22050,300,2,test,0.1252862513065338,0,0
ambience_001024.pt,0,19,False,2025-12-15,room,high noise,fan,50,22050,300,2,test,0.10046565532684326,0,0
ambience_001025.pt,0,19,False,2025-12-15,room,high noise,fan,50,22050,300,2,test,0.10704420506954193,0,0
ambience_001026.pt,0,19,False,2025-12-15,room,high noise,fan,50,22050,300,2,test,0.10466127842664719,0,0
ambience_001027.pt,0,19,False,2025-12-15,room,high noise,fan,50,22050,300,2,test,0.09950141608715057,0,0
ambience_001028.pt,0,19,False,2025-12-15,room,high noise,fan,50,22050,300,2,test,0.09745175391435623,0,0
ambience_001029.pt,0,19,False,2025-12-15,room,high noise,fan,50,22050,300,2,test,0.10858021676540375,0,0
ambience_001030.pt,0,19,False,2025-12-15,room,high noise,fan,50,22050,300,2,test,0.11026462912559509,0,0
ambience_001031.pt,0,19,False,2025-12-15,room,high noise,fan,50,22050,300,2,test,0.1010323241353035,0,0
ambience_001032.pt,0,19,False,2025-12-15,room,high noise,fan,50,22050,300,2,test,0.09180794656276703,0,0
ambience_001033.pt,0,19,False,2025-12-15,room,high noise,fan,50,22050,300,2,test,0.08784590661525726,0,0
ambience_001034.pt,0,19,False,2025-12-15,room,high noise,fan,50,22050,300,2,test,0.10559406131505966,0,0
ambience_001035.pt,0,19,False,2025-12-15,room,high noise,fan,50,22050,300,2,test,0.07625649869441986,0,0
ambience_001036.pt,0,19,False,2025-12-15,room,high noise,fan,50,22050,300,2,test,0.1092793345451355,0,0
ambience_001037.pt,0,19,False,2025-12-15,room,high noise,fan,50,22050,300,2,test,0.10664324462413788,0,0
ambience_001038.pt,0,19,False,2025-12-15,room,high noise,fan,50,22050,300,2,test,0.08393772691488266,0,0
ambience_001039.pt,0,19,False,2025-12-15,room,high noise,fan,50,22050,300,2,test,0.09464509785175323,0,0
ambience_001040.pt,0,19,False,2025-12-15,room,high noise,fan,50,22050,300,2,test,0.08750326931476593,0,0
ambience_001041.pt,0,19,False,2025-12-15,room,high noise,fan,50,22050,300,2,test,0.0783454179763794,0,0
ambience_001042.pt,0,19,False,2025-12-15,room,high noise,fan,50,22050,300,2,test,0.09015519917011261,0,0
ambience_001043.pt,0,19,False,2025-12-15,room,high noise,fan,50,22050,300,2,test,0.09896846115589142,0,0
ambience_001044.pt,0,19,False,2025-12-15,room,high noise,fan,50,22050,300,2,test,0.12680894136428833,0,0
ambience_001045.pt,0,19,False,2025-12-15,room,high noise,fan,50,22050,300,2,test,0.09355445951223373,0,0
ambience_001046.pt,0,19,False,2025-12-15,room,high noise,fan,50,22050,300,2,test,0.09915021806955338,0,0
ambience_001047.pt,0,19,False,2025-12-15,room,high noise,fan,50,22050,300,2,test,0.08508728444576263,0,0
ambience_001048.pt,0,19,False,2025-12-15,room,high noise,fan,50,22050,300,2,test,0.10939821600914001,0,0
ambience_001049.pt,0,19,False,2025-12-15,room,high noise,fan,50,22050,300,2,test,0.11740341037511826,0,0
ambience_001050.pt,0,19,False,2025-12-15,room,high noise,fan,50,22050,300,2,test,0.10241211205720901,0,0
ambience_001051.pt,0,19,False,2025-12-15,room,high noise,fan,50,22050,300,2,test,0.10558377206325531,0,0
ambience_001052.pt,0,19,False,2025-12-15,room,high noise,fan,50,22050,300,2,test,0.12032168358564377,0,0
ambience_001053.pt,0,19,False,2025-12-15,room,high noise,fan,50,22050,300,2,test,0.10303174704313278,0,0
ambience_001054.pt,0,20,False,2026-01-19,living-room,low noise,ambience,75,22050,300,1,train,0.03462192043662071,0,0
ambience_001055.pt,0,20,False,2026-01-19,living-room,low noise,ambience,75,22050,300,1,train,0.023961132392287254,0,0
ambience_001056.pt,0,20,False,2026-01-19,living-room,low noise,ambience,75,22050,300,1,train,0.05688321217894554,0,0
ambience_001057.pt,0,20,False,2026-01-19,living-room,low noise,ambience,75,22050,300,1,train,0.04237351566553116,0,0
ambience_001058.pt,0,20,False,2026-01-19,living-room,low noise,ambience,75,22050,300,1,train,0.04007823392748833,0,0
ambience_001059.pt,0,20,False,2026-01-19,living-room,low noise,ambience,75,22050,300,1,train,0.04969121143221855,0,0
ambience_001060.pt,0,20,False,2026-01-19,living-room,low noise,ambience,75,22050,300,1,train,0.039168331772089005,0,0
ambience_001061.pt,0,20,False,2026-01-19,living-room,low noise,ambience,75,22050,300,1,train,0.048962585628032684,0,0
ambience_001062.pt,0,20,False,2026-01-19,living-room,low noise,ambience,75,22050,300,1,train,0.04057528078556061,0,0
ambience_001063.pt,0,20,False,2026-01-19,living-room,low noise,ambience,75,22050,300,1,train,0.038071975111961365,0,0
ambience_001064.pt,0,20,False,2026-01-19,living-room,low noise,ambience,75,22050,300,1,train,0.029906269162893295,0,0
ambience_001065.pt,0,20,False,2026-01-19,living-room,low noise,ambience,75,22050,300,1,train,0.04442421346902847,0,0
ambience_001066.pt,0,20,False,2026-01-19,living-room,low noise,ambience,75,22050,300,1,train,0.049049898982048035,0,0
ambience_001067.pt,0,20,False,2026-01-19,living-room,low noise,ambience,75,22050,300,1,train,0.042746346443891525,0,0
ambience_001068.pt,0,20,False,2026-01-19,living-room,low noise,ambience,75,22050,300,1,train,0.05367598682641983,0,0
ambience_001069.pt,0,20,False,2026-01-19,living-room,low noise,ambience,75,22050,300,1,train,0.04533405974507332,0,0
ambience_001070.pt,0,20,False,2026-01-19,living-room,low noise,ambience,75,22050,300,1,train,0.037371035665273666,0,0
ambience_001071.pt,0,20,False,2026-01-19,living-room,low noise,ambience,75,22050,300,1,train,0.04123956337571144,0,0
ambience_001072.pt,0,20,False,2026-01-19,living-room,low noise,ambience,75,22050,300,1,train,0.031760767102241516,0,0
ambience_001073.pt,0,20,False,2026-01-19,living-room,low noise,ambience,75,22050,300,1,train,0.03920168802142143,0,0
ambience_001074.pt,0,20,False,2026-01-19,living-room,low noise,ambience,75,22050,300,1,train,0.03853970766067505,0,0
ambience_001075.pt,0,20,False,2026-01-19,living-room,low noise,ambience,75,22050,300,1,train,0.03019680269062519,0,0
ambience_001076.pt,0,20,False,2026-01-19,living-room,low noise,ambience,75,22050,300,1,train,0.025577189400792122,0,0
ambience_001077.pt,0,20,False,2026-01-19,living-room,low noise,ambience,75,22050,300,1,train,0.020183881744742393,0,0
ambience_001078.pt,0,20,False,2026-01-19,living-room,low noise,ambience,75,22050,300,1,train,0.03408963605761528,0,0
ambience_001079.pt,0,20,False,2026-01-19,living-room,low noise,ambience,75,22050,300,1,train,0.05655106157064438,0,0
ambience_001080.pt,0,20,False,2026-01-19,living-room,low noise,ambience,75,22050,300,1,train,0.036557991057634354,0,0
ambience_001081.pt,0,20,False,2026-01-19,living-room,low noise,ambience,75,22050,300,1,train,0.03199004381895065,0,0
ambience_001082.pt,0,20,False,2026-01-19,living-room,low noise,ambience,75,22050,300,1,train,0.023248573765158653,0,0
ambience_001083.pt,0,20,False,2026-01-19,living-room,low noise,ambience,75,22050,300,1,train,0.023906376212835312,0,0
ambience_001084.pt,0,20,False,2026-01-19,living-room,low noise,ambience,75,22050,300,1,train,0.03243333846330643,0,0
ambience_001085.pt,0,20,False,2026-01-19,living-room,low noise,ambience,75,22050,300,1,train,0.051283713430166245,0,0
ambience_001086.pt,0,20,False,2026-01-19,living-room,low noise,ambience,75,22050,300,1,train,0.024602524936199188,0,0
ambience_001087.pt,0,20,False,2026-01-19,living-room,low noise,ambience,75,22050,300,1,train,0.04306403920054436,0,0
ambience_001088.pt,0,20,False,2026-01-19,living-room,low noise,ambience,75,22050,300,1,train,0.021947523579001427,0,0
ambience_001089.pt,0,20,False,2026-01-19,living-room,low noise,ambience,75,22050,300,1,train,0.03517227992415428,0,0
ambience_001090.pt,0,20,False,2026-01-19,living-room,low noise,ambience,75,22050,300,1,train,0.028408251702785492,0,0
ambience_001091.pt,0,20,False,2026-01-19,living-room,low noise,ambience,75,22050,300,1,train,0.04967041686177254,0,0
ambience_001092.pt,0,20,False,2026-01-19,living-room,low noise,ambience,75,22050,300,1,train,0.037244535982608795,0,0
ambience_001093.pt,0,20,False,2026-01-19,living-room,low noise,ambience,75,22050,300,1,train,0.033811554312705994,0,0
ambience_001094.pt,0,20,False,2026-01-19,living-room,low noise,ambience,75,22050,300,1,train,0.03152478486299515,0,0
ambience_001095.pt,0,20,False,2026-01-19,living-room,low noise,ambience,75,22050,300,1,train,0.14762388169765472,0,1
ambience_001096.pt,0,20,False,2026-01-19,living-room,low noise,ambience,75,22050,300,1,train,0.12591414153575897,0,0
ambience_001097.pt,0,20,False,2026-01-19,living-room,low noise,ambience,75,22050,300,1,train,0.08238258212804794,0,0
ambience_001098.pt,0,20,False,2026-01-19,living-room,low noise,ambience,75,22050,300,1,train,0.07308138906955719,0,0
ambience_001099.pt,0,20,False,2026-01-19,living-room,low noise,ambience,75,22050,300,1,train,0.02592453546822071,0,0
ambience_001100.pt,0,20,False,2026-01-19,living-room,low noise,ambience,75,22050,300,1,train,0.03158559277653694,0,0
ambience_001101.pt,0,20,False,2026-01-19,living-room,low noise,ambience,75,22050,300,1,train,0.03236912563443184,0,0
ambience_001102.pt,0,20,False,2026-01-19,living-room,low noise,ambience,75,22050,300,1,train,0.019636020064353943,0,0
ambience_001103.pt,0,20,False,2026-01-19,living-room,low noise,ambience,75,22050,300,1,train,0.0363343320786953,0,0
ambience_001104.pt,0,20,False,2026-01-19,living-room,low noise,ambience,75,22050,300,1,train,0.14071734249591827,0,1
ambience_001105.pt,0,20,False,2026-01-19,living-room,low noise,ambience,75,22050,300,1,train,0.08973125368356705,0,0
ambience_001106.pt,0,20,False,2026-01-19,living-room,low noise,ambience,75,22050,300,1,train,0.030551346018910408,0,0
ambience_001107.pt,0,20,False,2026-01-19,living-room,low noise,ambience,75,22050,300,1,train,0.04695724695920944,0,0
ambience_001108.pt,0,20,False,2026-01-19,living-room,low noise,ambience,75,22050,300,1,train,0.05615222826600075,0,0
ambience_001109.pt,0,20,False,2026-01-19,living-room,low noise,ambience,75,22050,300,1,train,0.06597128510475159,0,0
ambience_001110.pt,0,20,False,2026-01-19,living-room,low noise,ambience,75,22050,300,1,train,0.027238650247454643,0,0
ambience_001111.pt,0,20,False,2026-01-19,living-room,low noise,ambience,75,22050,300,1,train,0.047634661197662354,0,0
ambience_001112.pt,0,20,False,2026-01-19,living-room,low noise,ambience,75,22050,300,1,train,0.05756266787648201,0,0
ambience_001113.pt,0,20,False,2026-01-19,living-room,low noise,ambience,75,22050,300,1,train,0.026276618242263794,0,0
ambience_001114.pt,0,20,False,2026-01-19,living-room,low noise,ambience,75,22050,300,1,train,0.03469664603471756,0,0
ambience_001115.pt,0,20,False,2026-01-19,living-room,low noise,ambience,75,22050,300,1,train,0.03015761822462082,0,0
ambience_001116.pt,0,20,False,2026-01-19,living-room,low noise,ambience,75,22050,300,1,train,0.024291396141052246,0,0
ambience_001117.pt,0,20,False,2026-01-19,living-room,low noise,ambience,75,22050,300,1,train,0.04017164558172226,0,0
ambience_001118.pt,0,20,False,2026-01-19,living-room,low noise,ambience,75,22050,300,1,train,0.035461846739053726,0,0
ambience_001119.pt,0,20,False,2026-01-19,living-room,low noise,ambience,75,22050,300,1,train,0.06733587384223938,0,0
ambience_001120.pt,0,20,False,2026-01-19,living-room,low noise,ambience,75,22050,300,1,train,0.04252924025058746,0,0
ambience_001121.pt,0,20,False,2026-01-19,living-room,low noise,ambience,75,22050,300,1,train,0.02460670843720436,0,0
ambience_001122.pt,0,20,False,2026-01-19,living-room,low noise,ambience,75,22050,300,1,train,0.0543074831366539,0,0
ambience_001123.pt,0,20,False,2026-01-19,living-room,low noise,ambience,75,22050,300,1,train,0.032590337097644806,0,0
ambience_001124.pt,0,20,False,2026-01-19,living-room,low noise,ambience,75,22050,300,1,train,0.06178520619869232,0,0
ambience_001125.pt,0,20,False,2026-01-19,living-room,low noise,ambience,75,22050,300,1,train,0.1960107535123825,0,1
ambience_001126.pt,0,20,False,2026-01-19,living-room,low noise,ambience,75,22050,300,1,train,0.036520082503557205,0,0
ambience_001127.pt,0,20,False,2026-01-19,living-room,low noise,ambience,75,22050,300,1,train,0.041008926928043365,0,0
ambience_001128.pt,0,20,False,2026-01-19,living-room,low noise,ambience,75,22050,300,1,train,0.0804046094417572,0,0
drone_000709.pt,1,21,True,2026-01-19,living-room,low noise,ambience,75,22050,300,1,train,0.9931507110595703,1,1
drone_000710.pt,1,21,True,2026-01-19,living-room,low noise,ambience,75,22050,300,1,train,0.9941114783287048,1,1
drone_000711.pt,1,21,True,2026-01-19,living-room,low noise,ambience,75,22050,300,1,train,0.9908207058906555,1,1
drone_000712.pt,1,21,True,2026-01-19,living-room,low noise,ambience,75,22050,300,1,train,0.9872905611991882,1,1
drone_000713.pt,1,21,True,2026-01-19,living-room,low noise,ambience,75,22050,300,1,train,0.9896495342254639,1,1
drone_000714.pt,1,21,True,2026-01-19,living-room,low noise,ambience,75,22050,300,1,train,0.9922194480895996,1,1
drone_000715.pt,1,21,True,2026-01-19,living-room,low noise,ambience,75,22050,300,1,train,0.9834451079368591,1,1
drone_000716.pt,1,21,True,2026-01-19,living-room,low noise,ambience,75,22050,300,1,train,0.9910258650779724,1,1
drone_000717.pt,1,21,True,2026-01-19,living-room,low noise,ambience,75,22050,300,1,train,0.9812708497047424,1,1
drone_000718.pt,1,21,True,2026-01-19,living-room,low noise,ambience,75,22050,300,1,train,0.9884977340698242,1,1
drone_000719.pt,1,21,True,2026-01-19,living-room,low noise,ambience,75,22050,300,1,train,0.9979606866836548,1,1
drone_000720.pt,1,21,True,2026-01-19,living-room,low noise,ambience,75,22050,300,1,train,0.9861533641815186,1,1
drone_000721.pt,1,21,True,2026-01-19,living-room,low noise,ambience,75,22050,300,1,train,0.9911210536956787,1,1
drone_000722.pt,1,21,True,2026-01-19,living-room,low noise,ambience,75,22050,300,1,train,0.9886144399642944,1,1
drone_000723.pt,1,21,True,2026-01-19,living-room,low noise,ambience,75,22050,300,1,train,0.9889167547225952,1,1
drone_000724.pt,1,21,True,2026-01-19,living-room,low noise,ambience,75,22050,300,1,train,0.9910495281219482,1,1
drone_000725.pt,1,21,True,2026-01-19,living-room,low noise,ambience,75,22050,300,1,train,0.991306483745575,1,1
drone_000726.pt,1,21,True,2026-01-19,living-room,low noise,ambience,75,22050,300,1,train,0.9859710335731506,1,1
drone_000727.pt,1,21,True,2026-01-19,living-room,low noise,ambience,75,22050,300,1,train,0.9911973476409912,1,1
drone_000728.pt,1,21,True,2026-01-19,living-room,low noise,ambience,75,22050,300,1,train,0.9874261617660522,1,1
drone_000729.pt,1,21,True,2026-01-19,living-room,low noise,ambience,75,22050,300,1,train,0.9911351203918457,1,1
drone_000730.pt,1,21,True,2026-01-19,living-room,low noise,ambience,75,22050,300,1,train,0.9890285730361938,1,1
drone_000731.pt,1,21,True,2026-01-19,living-room,low noise,ambience,75,22050,300,1,train,0.9866569638252258,1,1
drone_000732.pt,1,21,True,2026-01-19,living-room,low noise,ambience,75,22050,300,1,train,0.990710437297821,1,1
drone_000733.pt,1,21,True,2026-01-19,living-room,low noise,ambience,75,22050,300,1,train,0.9918956160545349,1,1
drone_000734.pt,1,21,True,2026-01-19,living-room,low noise,ambience,75,22050,300,1,train,0.9886656999588013,1,1
drone_000735.pt,1,21,True,2026-01-19,living-room,low noise,ambience,75,22050,300,1,train,0.9908373355865479,1,1
drone_000736.pt,1,21,True,2026-01-19,living-room,low noise,ambience,75,22050,300,1,train,0.9948648810386658,1,1
drone_000737.pt,1,21,True,2026-01-19,living-room,low noise,ambience,75,22050,300,1,train,0.9949370622634888,1,1
drone_000738.pt,1,21,True,2026-01-19,living-room,low noise,ambience,75,22050,300,1,train,0.9824747443199158,1,1
drone_000739.pt,1,21,True,2026-01-19,living-room,low noise,ambience,75,22050,300,1,train,0.9868758916854858,1,1
drone_000740.pt,1,21,True,2026-01-19,living-room,low noise,ambience,75,22050,300,1,train,0.9912550449371338,1,1
drone_000741.pt,1,21,True,2026-01-19,living-room,low noise,ambience,75,22050,300,1,train,0.9896055459976196,1,1
drone_000742.pt,1,21,True,2026-01-19,living-room,low noise,ambience,75,22050,300,1,train,0.9893823862075806,1,1
drone_000743.pt,1,21,True,2026-01-19,living-room,low noise,ambience,75,22050,300,1,train,0.991361677646637,1,1
drone_000744.pt,1,21,True,2026-01-19,living-room,low noise,ambience,75,22050,300,1,train,0.9912518858909607,1,1
drone_000745.pt,1,21,True,2026-01-19,living-room,low noise,ambience,75,22050,300,1,train,0.9917974472045898,1,1
drone_000746.pt,1,21,True,2026-01-19,living-room,low noise,ambience,75,22050,300,1,train,0.991548478603363,1,1
drone_000747.pt,1,21,True,2026-01-19,living-room,low noise,ambience,75,22050,300,1,train,0.9907863140106201,1,1
drone_000748.pt,1,21,True,2026-01-19,living-room,low noise,ambience,75,22050,300,1,train,0.9891613125801086,1,1
drone_000749.pt,1,21,True,2026-01-19,living-room,low noise,ambience,75,22050,300,1,train,0.9883427023887634,1,1
drone_000750.pt,1,21,True,2026-01-19,living-room,low noise,ambience,75,22050,300,1,train,0.9927635788917542,1,1
drone_000751.pt,1,21,True,2026-01-19,living-room,low noise,ambience,75,22050,300,1,train,0.9915728569030762,1,1
drone_000752.pt,1,21,True,2026-01-19,living-room,low noise,ambience,75,22050,300,1,train,0.9881179928779602,1,1
drone_000753.pt,1,21,True,2026-01-19,living-room,low noise,ambience,75,22050,300,1,train,0.9908322691917419,1,1
drone_000754.pt,1,21,True,2026-01-19,living-room,low noise,ambience,75,22050,300,1,train,0.9938234090805054,1,1
drone_000755.pt,1,21,True,2026-01-19,living-room,low noise,ambience,75,22050,300,1,train,0.9924457669258118,1,1
drone_000756.pt,1,21,True,2026-01-19,living-room,low noise,ambience,75,22050,300,1,train,0.9913449287414551,1,1
drone_000757.pt,1,21,True,2026-01-19,living-room,low noise,ambience,75,22050,300,1,train,0.9935609102249146,1,1
drone_000758.pt,1,21,True,2026-01-19,living-room,low noise,ambience,75,22050,300,1,train,0.9936671853065491,1,1
drone_000759.pt,1,21,True,2026-01-19,living-room,low noise,ambience,75,22050,300,1,train,0.9946720004081726,1,1
drone_000760.pt,1,21,True,2026-01-19,living-room,low noise,ambience,75,22050,300,1,train,0.9964207410812378,1,1
drone_000761.pt,1,21,True,2026-01-19,living-room,low noise,ambience,75,22050,300,1,train,0.9925368428230286,1,1
drone_000762.pt,1,21,True,2026-01-19,living-room,low noise,ambience,75,22050,300,1,train,0.9933143258094788,1,1
drone_000763.pt,1,21,True,2026-01-19,living-room,low noise,ambience,75,22050,300,1,train,0.9943828582763672,1,1
drone_000764.pt,1,21,True,2026-01-19,living-room,low noise,ambience,75,22050,300,1,train,0.9938795566558838,1,1
drone_000765.pt,1,21,True,2026-01-19,living-room,low noise,ambience,75,22050,300,1,train,0.9942156672477722,1,1
drone_000766.pt,1,21,True,2026-01-19,living-room,low noise,ambience,75,22050,300,1,train,0.9913225173950195,1,1
drone_000767.pt,1,21,True,2026-01-19,living-room,low noise,ambience,75,22050,300,1,train,0.995274007320404,1,1
drone_000768.pt,1,21,True,2026-01-19,living-room,low noise,ambience,75,22050,300,1,train,0.9942156672477722,1,1
drone_000769.pt,1,21,True,2026-01-19,living-room,low noise,ambience,75,22050,300,1,train,0.9933381080627441,1,1
drone_000770.pt,1,21,True,2026-01-19,living-room,low noise,ambience,75,22050,300,1,train,0.9898071885108948,1,1
drone_000771.pt,1,21,True,2026-01-19,living-room,low noise,ambience,75,22050,300,1,train,0.988097071647644,1,1
drone_000772.pt,1,21,True,2026-01-19,living-room,low noise,ambience,75,22050,300,1,train,0.9816800355911255,1,1
drone_000773.pt,1,21,True,2026-01-19,living-room,low noise,ambience,75,22050,300,1,train,0.9846222996711731,1,1
drone_000774.pt,1,21,True,2026-01-19,living-room,low noise,ambience,75,22050,300,1,train,0.988401472568512,1,1
drone_000775.pt,1,21,True,2026-01-19,living-room,low noise,ambience,75,22050,300,1,train,0.985561192035675,1,1
drone_000776.pt,1,21,True,2026-01-19,living-room,low noise,ambience,75,22050,300,1,train,0.9878382682800293,1,1
drone_000777.pt,1,21,True,2026-01-19,living-room,low noise,ambience,75,22050,300,1,train,0.9743271470069885,1,1
drone_000778.pt,1,21,True,2026-01-19,living-room,low noise,ambience,75,22050,300,1,train,0.9742242693901062,1,1
drone_000779.pt,1,21,True,2026-01-19,living-room,low noise,ambience,75,22050,300,1,train,0.9792384505271912,1,1
drone_000780.pt,1,21,True,2026-01-19,living-room,low noise,ambience,75,22050,300,1,train,0.984733521938324,1,1
drone_000781.pt,1,21,True,2026-01-19,living-room,low noise,ambience,75,22050,300,1,train,0.9777195453643799,1,1
drone_000782.pt,1,21,True,2026-01-19,living-room,low noise,ambience,75,22050,300,1,train,0.9480852484703064,1,1
drone_000783.pt,1,21,True,2026-01-19,living-room,low noise,ambience,75,22050,300,1,train,0.9335224032402039,1,1
ambience_001129.pt,0,22,False,2025-12-15,room,low noise,"rain, wind, urban, airplane",50,22050,1200,2,train,0.014400333166122437,0,0
ambience_001130.pt,0,22,False,2025-12-15,room,low noise,"rain, wind, urban, airplane",50,22050,1200,2,train,0.014372086152434349,0,0
ambience_001131.pt,0,22,False,2025-12-15,room,low noise,"rain, wind, urban, airplane",50,22050,1200,2,train,0.012238139286637306,0,0
ambience_001132.pt,0,22,False,2025-12-15,room,low noise,"rain, wind, urban, airplane",50,22050,1200,2,train,0.013481942936778069,0,0
ambience_001133.pt,0,22,False,2025-12-15,room,low noise,"rain, wind, urban, airplane",50,22050,1200,2,train,0.011229324154555798,0,0
ambience_001134.pt,0,22,False,2025-12-15,room,low noise,"rain, wind, urban, airplane",50,22050,1200,2,train,0.009283283725380898,0,0
ambience_001135.pt,0,22,False,2025-12-15,room,low noise,"rain, wind, urban, airplane",50,22050,1200,2,train,0.007630581501871347,0,0
ambience_001136.pt,0,22,False,2025-12-15,room,low noise,"rain, wind, urban, airplane",50,22050,1200,2,train,0.014931781217455864,0,0
ambience_001137.pt,0,22,False,2025-12-15,room,low noise,"rain, wind, urban, airplane",50,22050,1200,2,train,0.010404828004539013,0,0
ambience_001138.pt,0,22,False,2025-12-15,room,low noise,"rain, wind, urban, airplane",50,22050,1200,2,train,0.00961177609860897,0,0
ambience_001139.pt,0,22,False,2025-12-15,room,low noise,"rain, wind, urban, airplane",50,22050,1200,2,train,0.010984735563397408,0,0
ambience_001140.pt,0,22,False,2025-12-15,room,low noise,"rain, wind, urban, airplane",50,22050,1200,2,train,0.009988246485590935,0,0
ambience_001141.pt,0,22,False,2025-12-15,room,low noise,"rain, wind, urban, airplane",50,22050,1200,2,train,0.013402442447841167,0,0
ambience_001142.pt,0,22,False,2025-12-15,room,low noise,"rain, wind, urban, airplane",50,22050,1200,2,train,0.015601513907313347,0,0
ambience_001143.pt,0,22,False,2025-12-15,room,low noise,"rain, wind, urban, airplane",50,22050,1200,2,train,0.016811564564704895,0,0
ambience_001144.pt,0,22,False,2025-12-15,room,low noise,"rain, wind, urban, airplane",50,22050,1200,2,train,0.02250668965280056,0,0
ambience_001145.pt,0,22,False,2025-12-15,room,low noise,"rain, wind, urban, airplane",50,22050,1200,2,train,0.02401736192405224,0,0
ambience_001146.pt,0,22,False,2025-12-15,room,low noise,"rain, wind, urban, airplane",50,22050,1200,2,train,0.02677937224507332,0,0
ambience_001147.pt,0,22,False,2025-12-15,room,low noise,"rain, wind, urban, airplane",50,22050,1200,2,train,0.021931566298007965,0,0
ambience_001148.pt,0,22,False,2025-12-15,room,low noise,"rain, wind, urban, airplane",50,22050,1200,2,train,0.02045060694217682,0,0
ambience_001149.pt,0,22,False,2025-12-15,room,low noise,"rain, wind, urban, airplane",50,22050,1200,2,train,0.01389292348176241,0,0
ambience_001150.pt,0,22,False,2025-12-15,room,low noise,"rain, wind, urban, airplane",50,22050,1200,2,train,0.012053744867444038,0,0
ambience_001151.pt,0,22,False,2025-12-15,room,low noise,"rain, wind, urban, airplane",50,22050,1200,2,train,0.009206686168909073,0,0
ambience_001152.pt,0,22,False,2025-12-15,room,low noise,"rain, wind, urban, airplane",50,22050,1200,2,train,0.011759902350604534,0,0
ambience_001153.pt,0,22,False,2025-12-15,room,low noise,"rain, wind, urban, airplane",50,22050,1200,2,train,0.012082602828741074,0,0
ambience_001154.pt,0,22,False,2025-12-15,room,low noise,"rain, wind, urban, airplane",50,22050,1200,2,train,0.013795456849038601,0,0
ambience_001155.pt,0,22,False,2025-12-15,room,low noise,"rain, wind, urban, airplane",50,22050,1200,2,train,0.011982576921582222,0,0
ambience_001156.pt,0,22,False,2025-12-15,room,low noise,"rain, wind, urban, airplane",50,22050,1200,2,train,0.01632315292954445,0,0
ambience_001157.pt,0,22,False,2025-12-15,room,low noise,"rain, wind, urban, airplane",50,22050,1200,2,train,0.012686403468251228,0,0
ambience_001158.pt,0,22,False,2025-12-15,room,low noise,"rain, wind, urban, airplane",50,22050,1200,2,train,0.009496569633483887,0,0
ambience_001159.pt,0,22,False,2025-12-15,room,low noise,"rain, wind, urban, airplane",50,22050,1200,2,train,0.011499560438096523,0,0
ambience_001160.pt,0,22,False,2025-12-15,room,low noise,"rain, wind, urban, airplane",50,22050,1200,2,train,0.010992063209414482,0,0
ambience_001161.pt,0,22,False,2025-12-15,room,low noise,"rain, wind, urban, airplane",50,22050,1200,2,train,0.018766362220048904,0,0
ambience_001162.pt,0,22,False,2025-12-15,room,low noise,"rain, wind, urban, airplane",50,22050,1200,2,train,0.010481255128979683,0,0
ambience_001163.pt,0,22,False,2025-12-15,room,low noise,"rain, wind, urban, airplane",50,22050,1200,2,train,0.01130958367139101,0,0
ambience_001164.pt,0,22,False,2025-12-15,room,low noise,"rain, wind, urban, airplane",50,22050,1200,2,train,0.009621798992156982,0,0
ambience_001165.pt,0,22,False,2025-12-15,room,low noise,"rain, wind, urban, airplane",50,22050,1200,2,train,0.012825004756450653,0,0
ambience_001166.pt,0,22,False,2025-12-15,room,low noise,"rain, wind, urban, airplane",50,22050,1200,2,train,0.012511692009866238,0,0
ambience_001167.pt,0,22,False,2025-12-15,room,low noise,"rain, wind, urban, airplane",50,22050,1200,2,train,0.009791501797735691,0,0
ambience_001168.pt,0,22,False,2025-12-15,room,low noise,"rain, wind, urban, airplane",50,22050,1200,2,train,0.009240417741239071,0,0
ambience_001169.pt,0,22,False,2025-12-15,room,low noise,"rain, wind, urban, airplane",50,22050,1200,2,train,0.012380974367260933,0,0
ambience_001170.pt,0,22,False,2025-12-15,room,low noise,"rain, wind, urban, airplane",50,22050,1200,2,train,0.019729547202587128,0,0
ambience_001171.pt,0,22,False,2025-12-15,room,low noise,"rain, wind, urban, airplane",50,22050,1200,2,train,0.016289468854665756,0,0
ambience_001172.pt,0,22,False,2025-12-15,room,low noise,"rain, wind, urban, airplane",50,22050,1200,2,train,0.02364238351583481,0,0
ambience_001173.pt,0,22,False,2025-12-15,room,low noise,"rain, wind, urban, airplane",50,22050,1200,2,train,0.020491894334554672,0,0
ambience_001174.pt,0,22,False,2025-12-15,room,low noise,"rain, wind, urban, airplane",50,22050,1200,2,train,0.01760105788707733,0,0
ambience_001175.pt,0,22,False,2025-12-15,room,low noise,"rain, wind, urban, airplane",50,22050,1200,2,train,0.015009051188826561,0,0
ambience_001176.pt,0,22,False,2025-12-15,room,low noise,"rain, wind, urban, airplane",50,22050,1200,2,train,0.029763733968138695,0,0
ambience_001177.pt,0,22,False,2025-12-15,room,low noise,"rain, wind, urban, airplane",50,22050,1200,2,train,0.029974335804581642,0,0
ambience_001178.pt,0,22,False,2025-12-15,room,low noise,"rain, wind, urban, airplane",50,22050,1200,2,train,0.024571292102336884,0,0
ambience_001179.pt,0,22,False,2025-12-15,room,low noise,"rain, wind, urban, airplane",50,22050,1200,2,train,0.03315909579396248,0,0
ambience_001180.pt,0,22,False,2025-12-15,room,low noise,"rain, wind, urban, airplane",50,22050,1200,2,train,0.04875054955482483,0,0
ambience_001181.pt,0,22,False,2025-12-15,room,low noise,"rain, wind, urban, airplane",50,22050,1200,2,train,0.023552248254418373,0,0
ambience_001182.pt,0,22,False,2025-12-15,room,low noise,"rain, wind, urban, airplane",50,22050,1200,2,train,0.010962623171508312,0,0
ambience_001183.pt,0,22,False,2025-12-15,room,low noise,"rain, wind, urban, airplane",50,22050,1200,2,train,0.015013245865702629,0,0
ambience_001184.pt,0,22,False,2025-12-15,room,low noise,"rain, wind, urban, airplane",50,22050,1200,2,train,0.014387479983270168,0,0
ambience_001185.pt,0,22,False,2025-12-15,room,low noise,"rain, wind, urban, airplane",50,22050,1200,2,train,0.024727346375584602,0,0
ambience_001186.pt,0,22,False,2025-12-15,room,low noise,"rain, wind, urban, airplane",50,22050,1200,2,train,0.025220612064003944,0,0
ambience_001187.pt,0,22,False,2025-12-15,room,low noise,"rain, wind, urban, airplane",50,22050,1200,2,train,0.017633194103837013,0,0
ambience_001188.pt,0,22,False,2025-12-15,room,low noise,"rain, wind, urban, airplane",50,22050,1200,2,train,0.011942077428102493,0,0
ambience_001189.pt,0,22,False,2025-12-15,room,low noise,"rain, wind, urban, airplane",50,22050,1200,2,train,0.015159404836595058,0,0
ambience_001190.pt,0,22,False,2025-12-15,room,low noise,"rain, wind, urban, airplane",50,22050,1200,2,train,0.014790619723498821,0,0
ambience_001191.pt,0,22,False,2025-12-15,room,low noise,"rain, wind, urban, airplane",50,22050,1200,2,train,0.012025012634694576,0,0
ambience_001192.pt,0,22,False,2025-12-15,room,low noise,"rain, wind, urban, airplane",50,22050,1200,2,train,0.017768343910574913,0,0
ambience_001193.pt,0,22,False,2025-12-15,room,low noise,"rain, wind, urban, airplane",50,22050,1200,2,train,0.022332631051540375,0,0
ambience_001194.pt,0,22,False,2025-12-15,room,low noise,"rain, wind, urban, airplane",50,22050,1200,2,train,0.09631386399269104,0,0
ambience_001195.pt,0,22,False,2025-12-15,room,low noise,"rain, wind, urban, airplane",50,22050,1200,2,train,0.042385440319776535,0,0
ambience_001196.pt,0,22,False,2025-12-15,room,low noise,"rain, wind, urban, airplane",50,22050,1200,2,train,0.03866312652826309,0,0
ambience_001197.pt,0,22,False,2025-12-15,room,low noise,"rain, wind, urban, airplane",50,22050,1200,2,train,0.019396228715777397,0,0
ambience_001198.pt,0,22,False,2025-12-15,room,low noise,"rain, wind, urban, airplane",50,22050,1200,2,train,0.014769398607313633,0,0
ambience_001199.pt,0,22,False,2025-12-15,room,low noise,"rain, wind, urban, airplane",50,22050,1200,2,train,0.018401002511382103,0,0
ambience_001200.pt,0,22,False,2025-12-15,room,low noise,"rain, wind, urban, airplane",50,22050,1200,2,train,0.0180747602134943,0,0
ambience_001201.pt,0,22,False,2025-12-15,room,low noise,"rain, wind, urban, airplane",50,22050,1200,2,train,0.02386663481593132,0,0
ambience_001202.pt,0,22,False,2025-12-15,room,low noise,"rain, wind, urban, airplane",50,22050,1200,2,train,0.027635356411337852,0,0
ambience_001203.pt,0,22,False,2025-12-15,room,low noise,"rain, wind, urban, airplane",50,22050,1200,2,train,0.02380322478711605,0,0
ambience_001204.pt,0,22,False,2025-12-15,room,low noise,"rain, wind, urban, airplane",50,22050,1200,2,train,0.016010334715247154,0,0
ambience_001205.pt,0,22,False,2025-12-15,room,low noise,"rain, wind, urban, airplane",50,22050,1200,2,train,0.022405343130230904,0,0
ambience_001206.pt,0,22,False,2025-12-15,room,low noise,"rain, wind, urban, airplane",50,22050,1200,2,train,0.02767781913280487,0,0
ambience_001207.pt,0,22,False,2025-12-15,room,low noise,"rain, wind, urban, airplane",50,22050,1200,2,train,0.01701427437365055,0,0
ambience_001208.pt,0,22,False,2025-12-15,room,low noise,"rain, wind, urban, airplane",50,22050,1200,2,train,0.022373953834176064,0,0
ambience_001209.pt,0,22,False,2025-12-15,room,low noise,"rain, wind, urban, airplane",50,22050,1200,2,train,0.024462562054395676,0,0
ambience_001210.pt,0,22,False,2025-12-15,room,low noise,"rain, wind, urban, airplane",50,22050,1200,2,train,0.012102402746677399,0,0
ambience_001211.pt,0,22,False,2025-12-15,room,low noise,"rain, wind, urban, airplane",50,22050,1200,2,train,0.02506183460354805,0,0
ambience_001212.pt,0,22,False,2025-12-15,room,low noise,"rain, wind, urban, airplane",50,22050,1200,2,train,0.02486376464366913,0,0
ambience_001213.pt,0,22,False,2025-12-15,room,low noise,"rain, wind, urban, airplane",50,22050,1200,2,train,0.012012251652777195,0,0
ambience_001214.pt,0,22,False,2025-12-15,room,low noise,"rain, wind, urban, airplane",50,22050,1200,2,train,0.011684080585837364,0,0
ambience_001215.pt,0,22,False,2025-12-15,room,low noise,"rain, wind, urban, airplane",50,22050,1200,2,train,0.015685705468058586,0,0
ambience_001216.pt,0,22,False,2025-12-15,room,low noise,"rain, wind, urban, airplane",50,22050,1200,2,train,0.023599795997142792,0,0
ambience_001217.pt,0,22,False,2025-12-15,room,low noise,"rain, wind, urban, airplane",50,22050,1200,2,train,0.020926760509610176,0,0
ambience_001218.pt,0,22,False,2025-12-15,room,low noise,"rain, wind, urban, airplane",50,22050,1200,2,train,0.019927607849240303,0,0
ambience_001219.pt,0,22,False,2025-12-15,room,low noise,"rain, wind, urban, airplane",50,22050,1200,2,train,0.014506510458886623,0,0
ambience_001220.pt,0,22,False,2025-12-15,room,low noise,"rain, wind, urban, airplane",50,22050,1200,2,train,0.014731368981301785,0,0
ambience_001221.pt,0,22,False,2025-12-15,room,low noise,"rain, wind, urban, airplane",50,22050,1200,2,train,0.02634698525071144,0,0
ambience_001222.pt,0,22,False,2025-12-15,room,low noise,"rain, wind, urban, airplane",50,22050,1200,2,train,0.011001034639775753,0,0
ambience_001223.pt,0,22,False,2025-12-15,room,low noise,"rain, wind, urban, airplane",50,22050,1200,2,train,0.01565849594771862,0,0
ambience_001224.pt,0,22,False,2025-12-15,room,low noise,"rain, wind, urban, airplane",50,22050,1200,2,train,0.013105438090860844,0,0
ambience_001225.pt,0,22,False,2025-12-15,room,low noise,"rain, wind, urban, airplane",50,22050,1200,2,train,0.02169293910264969,0,0
ambience_001226.pt,0,22,False,2025-12-15,room,low noise,"rain, wind, urban, airplane",50,22050,1200,2,train,0.011723741888999939,0,0
ambience_001227.pt,0,22,False,2025-12-15,room,low noise,"rain, wind, urban, airplane",50,22050,1200,2,train,0.009943288750946522,0,0
ambience_001228.pt,0,22,False,2025-12-15,room,low noise,"rain, wind, urban, airplane",50,22050,1200,2,train,0.01282620057463646,0,0
ambience_001229.pt,0,22,False,2025-12-15,room,low noise,"rain, wind, urban, airplane",50,22050,1200,2,train,0.017558211460709572,0,0
ambience_001230.pt,0,22,False,2025-12-15,room,low noise,"rain, wind, urban, airplane",50,22050,1200,2,train,0.012582158669829369,0,0
ambience_001231.pt,0,22,False,2025-12-15,room,low noise,"rain, wind, urban, airplane",50,22050,1200,2,train,0.011824353598058224,0,0
ambience_001232.pt,0,22,False,2025-12-15,room,low noise,"rain, wind, urban, airplane",50,22050,1200,2,train,0.010310708545148373,0,0
ambience_001233.pt,0,22,False,2025-12-15,room,low noise,"rain, wind, urban, airplane",50,22050,1200,2,train,0.013823587447404861,0,0
ambience_001234.pt,0,22,False,2025-12-15,room,low noise,"rain, wind, urban, airplane",50,22050,1200,2,train,0.010721812024712563,0,0
ambience_001235.pt,0,22,False,2025-12-15,room,low noise,"rain, wind, urban, airplane",50,22050,1200,2,train,0.011240108869969845,0,0
ambience_001236.pt,0,22,False,2025-12-15,room,low noise,"rain, wind, urban, airplane",50,22050,1200,2,train,0.031999289989471436,0,0
ambience_001237.pt,0,22,False,2025-12-15,room,low noise,"rain, wind, urban, airplane",50,22050,1200,2,train,0.016905512660741806,0,0
ambience_001238.pt,0,22,False,2025-12-15,room,low noise,"rain, wind, urban, airplane",50,22050,1200,2,train,0.05734490975737572,0,0
ambience_001239.pt,0,22,False,2025-12-15,room,low noise,"rain, wind, urban, airplane",50,22050,1200,2,train,0.09864958375692368,0,0
ambience_001240.pt,0,22,False,2025-12-15,room,low noise,"rain, wind, urban, airplane",50,22050,1200,2,train,0.016108088195323944,0,0
ambience_001241.pt,0,22,False,2025-12-15,room,low noise,"rain, wind, urban, airplane",50,22050,1200,2,train,0.016594408079981804,0,0
ambience_001242.pt,0,22,False,2025-12-15,room,low noise,"rain, wind, urban, airplane",50,22050,1200,2,train,0.01831958256661892,0,0
ambience_001243.pt,0,22,False,2025-12-15,room,low noise,"rain, wind, urban, airplane",50,22050,1200,2,train,0.018787473440170288,0,0
ambience_001244.pt,0,22,False,2025-12-15,room,low noise,"rain, wind, urban, airplane",50,22050,1200,2,train,0.010479355230927467,0,0
ambience_001245.pt,0,22,False,2025-12-15,room,low noise,"rain, wind, urban, airplane",50,22050,1200,2,train,0.008781889453530312,0,0
ambience_001246.pt,0,22,False,2025-12-15,room,low noise,"rain, wind, urban, airplane",50,22050,1200,2,train,0.010999323800206184,0,0
ambience_001247.pt,0,22,False,2025-12-15,room,low noise,"rain, wind, urban, airplane",50,22050,1200,2,train,0.010598442517220974,0,0
ambience_001248.pt,0,22,False,2025-12-15,room,low noise,"rain, wind, urban, airplane",50,22050,1200,2,train,0.037339262664318085,0,0
ambience_001249.pt,0,22,False,2025-12-15,room,low noise,"rain, wind, urban, airplane",50,22050,1200,2,train,0.03240267559885979,0,0
ambience_001250.pt,0,22,False,2025-12-15,room,low noise,"rain, wind, urban, airplane",50,22050,1200,2,train,0.06054314225912094,0,0
ambience_001251.pt,0,22,False,2025-12-15,room,low noise,"rain, wind, urban, airplane",50,22050,1200,2,train,0.010600372217595577,0,0
ambience_001252.pt,0,22,False,2025-12-15,room,low noise,"rain, wind, urban, airplane",50,22050,1200,2,train,0.01019740104675293,0,0
ambience_001253.pt,0,22,False,2025-12-15,room,low noise,"rain, wind, urban, airplane",50,22050,1200,2,train,0.014487083069980145,0,0
ambience_001254.pt,0,22,False,2025-12-15,room,low noise,"rain, wind, urban, airplane",50,22050,1200,2,train,0.016074681654572487,0,0
ambience_001255.pt,0,22,False,2025-12-15,room,low noise,"rain, wind, urban, airplane",50,22050,1200,2,train,0.012237442657351494,0,0
ambience_001256.pt,0,22,False,2025-12-15,room,low noise,"rain, wind, urban, airplane",50,22050,1200,2,train,0.014103413559496403,0,0
ambience_001257.pt,0,22,False,2025-12-15,room,low noise,"rain, wind, urban, airplane",50,22050,1200,2,train,0.026609813794493675,0,0
ambience_001258.pt,0,22,False,2025-12-15,room,low noise,"rain, wind, urban, airplane",50,22050,1200,2,train,0.10668334364891052,0,0
ambience_001259.pt,0,22,False,2025-12-15,room,low noise,"rain, wind, urban, airplane",50,22050,1200,2,train,0.04515645653009415,0,0
ambience_001260.pt,0,22,False,2025-12-15,room,low noise,"rain, wind, urban, airplane",50,22050,1200,2,train,0.026677826419472694,0,0
ambience_001261.pt,0,22,False,2025-12-15,room,low noise,"rain, wind, urban, airplane",50,22050,1200,2,train,0.04000704735517502,0,0
ambience_001262.pt,0,22,False,2025-12-15,room,low noise,"rain, wind, urban, airplane",50,22050,1200,2,train,0.018937524408102036,0,0
ambience_001263.pt,0,22,False,2025-12-15,room,low noise,"rain, wind, urban, airplane",50,22050,1200,2,train,0.028655532747507095,0,0
ambience_001264.pt,0,22,False,2025-12-15,room,low noise,"rain, wind, urban, airplane",50,22050,1200,2,train,0.023657945916056633,0,0
ambience_001265.pt,0,22,False,2025-12-15,room,low noise,"rain, wind, urban, airplane",50,22050,1200,2,train,0.026922354474663734,0,0
ambience_001266.pt,0,22,False,2025-12-15,room,low noise,"rain, wind, urban, airplane",50,22050,1200,2,train,0.019546417519450188,0,0
ambience_001267.pt,0,22,False,2025-12-15,room,low noise,"rain, wind, urban, airplane",50,22050,1200,2,train,0.023016277700662613,0,0
ambience_001268.pt,0,22,False,2025-12-15,room,low noise,"rain, wind, urban, airplane",50,22050,1200,2,train,0.026349203661084175,0,0
ambience_001269.pt,0,22,False,2025-12-15,room,low noise,"rain, wind, urban, airplane",50,22050,1200,2,train,0.028885187581181526,0,0
ambience_001270.pt,0,22,False,2025-12-15,room,low noise,"rain, wind, urban, airplane",50,22050,1200,2,train,0.018360396847128868,0,0
ambience_001271.pt,0,22,False,2025-12-15,room,low noise,"rain, wind, urban, airplane",50,22050,1200,2,train,0.01569790206849575,0,0
ambience_001272.pt,0,22,False,2025-12-15,room,low noise,"rain, wind, urban, airplane",50,22050,1200,2,train,0.015535230748355389,0,0
ambience_001273.pt,0,22,False,2025-12-15,room,low noise,"rain, wind, urban, airplane",50,22050,1200,2,train,0.01818467117846012,0,0
ambience_001274.pt,0,22,False,2025-12-15,room,low noise,"rain, wind, urban, airplane",50,22050,1200,2,train,0.022584490478038788,0,0
ambience_001275.pt,0,22,False,2025-12-15,room,low noise,"rain, wind, urban, airplane",50,22050,1200,2,train,0.02463163062930107,0,0
ambience_001276.pt,0,22,False,2025-12-15,room,low noise,"rain, wind, urban, airplane",50,22050,1200,2,train,0.0277873408049345,0,0
ambience_001277.pt,0,22,False,2025-12-15,room,low noise,"rain, wind, urban, airplane",50,22050,1200,2,train,0.01767459139227867,0,0
ambience_001278.pt,0,22,False,2025-12-15,room,low noise,"rain, wind, urban, airplane",50,22050,1200,2,train,0.030151691287755966,0,0
ambience_001279.pt,0,22,False,2025-12-15,room,low noise,"rain, wind, urban, airplane",50,22050,1200,2,train,0.01971953921020031,0,0
ambience_001280.pt,0,22,False,2025-12-15,room,low noise,"rain, wind, urban, airplane",50,22050,1200,2,train,0.014192058704793453,0,0
ambience_001281.pt,0,22,False,2025-12-15,room,low noise,"rain, wind, urban, airplane",50,22050,1200,2,train,0.013534855097532272,0,0
ambience_001282.pt,0,22,False,2025-12-15,room,low noise,"rain, wind, urban, airplane",50,22050,1200,2,train,0.014368937350809574,0,0
ambience_001283.pt,0,22,False,2025-12-15,room,low noise,"rain, wind, urban, airplane",50,22050,1200,2,train,0.011634848080575466,0,0
ambience_001284.pt,0,22,False,2025-12-15,room,low noise,"rain, wind, urban, airplane",50,22050,1200,2,train,0.01351530384272337,0,0
ambience_001285.pt,0,22,False,2025-12-15,room,low noise,"rain, wind, urban, airplane",50,22050,1200,2,train,0.014804305508732796,0,0
ambience_001286.pt,0,22,False,2025-12-15,room,low noise,"rain, wind, urban, airplane",50,22050,1200,2,train,0.013295164331793785,0,0
ambience_001287.pt,0,22,False,2025-12-15,room,low noise,"rain, wind, urban, airplane",50,22050,1200,2,train,0.026162566617131233,0,0
ambience_001288.pt,0,22,False,2025-12-15,room,low noise,"rain, wind, urban, airplane",50,22050,1200,2,train,0.017026912420988083,0,0
ambience_001289.pt,0,22,False,2025-12-15,room,low noise,"rain, wind, urban, airplane",50,22050,1200,2,train,0.012466978281736374,0,0
ambience_001290.pt,0,22,False,2025-12-15,room,low noise,"rain, wind, urban, airplane",50,22050,1200,2,train,0.01488049328327179,0,0
ambience_001291.pt,0,22,False,2025-12-15,room,low noise,"rain, wind, urban, airplane",50,22050,1200,2,train,0.01552570890635252,0,0
ambience_001292.pt,0,22,False,2025-12-15,room,low noise,"rain, wind, urban, airplane",50,22050,1200,2,train,0.014356253668665886,0,0
ambience_001293.pt,0,22,False,2025-12-15,room,low noise,"rain, wind, urban, airplane",50,22050,1200,2,train,0.013106103055179119,0,0
ambience_001294.pt,0,22,False,2025-12-15,room,low noise,"rain, wind, urban, airplane",50,22050,1200,2,train,0.017831426113843918,0,0
ambience_001295.pt,0,22,False,2025-12-15,room,low noise,"rain, wind, urban, airplane",50,22050,1200,2,train,0.013545203022658825,0,0
ambience_001296.pt,0,22,False,2025-12-15,room,low noise,"rain, wind, urban, airplane",50,22050,1200,2,train,0.019805394113063812,0,0
ambience_001297.pt,0,22,False,2025-12-15,room,low noise,"rain, wind, urban, airplane",50,22050,1200,2,train,0.016032153740525246,0,0
ambience_001298.pt,0,22,False,2025-12-15,room,low noise,"rain, wind, urban, airplane",50,22050,1200,2,train,0.015968119725584984,0,0
ambience_001299.pt,0,22,False,2025-12-15,room,low noise,"rain, wind, urban, airplane",50,22050,1200,2,train,0.019259750843048096,0,0
ambience_001300.pt,0,22,False,2025-12-15,room,low noise,"rain, wind, urban, airplane",50,22050,1200,2,train,0.03075609728693962,0,0
ambience_001301.pt,0,22,False,2025-12-15,room,low noise,"rain, wind, urban, airplane",50,22050,1200,2,train,0.01636269874870777,0,0
ambience_001302.pt,0,22,False,2025-12-15,room,low noise,"rain, wind, urban, airplane",50,22050,1200,2,train,0.019379762932658195,0,0
ambience_001303.pt,0,22,False,2025-12-15,room,low noise,"rain, wind, urban, airplane",50,22050,1200,2,train,0.021746067330241203,0,0
ambience_001304.pt,0,22,False,2025-12-15,room,low noise,"rain, wind, urban, airplane",50,22050,1200,2,train,0.010716871358454227,0,0
ambience_001305.pt,0,22,False,2025-12-15,room,low noise,"rain, wind, urban, airplane",50,22050,1200,2,train,0.009420817717909813,0,0
ambience_001306.pt,0,22,False,2025-12-15,room,low noise,"rain, wind, urban, airplane",50,22050,1200,2,train,0.010110992006957531,0,0
ambience_001307.pt,0,22,False,2025-12-15,room,low noise,"rain, wind, urban, airplane",50,22050,1200,2,train,0.011840572580695152,0,0
ambience_001308.pt,0,22,False,2025-12-15,room,low noise,"rain, wind, urban, airplane",50,22050,1200,2,train,0.011510254815220833,0,0
ambience_001309.pt,0,22,False,2025-12-15,room,low noise,"rain, wind, urban, airplane",50,22050,1200,2,train,0.010644705034792423,0,0
ambience_001310.pt,0,22,False,2025-12-15,room,low noise,"rain, wind, urban, airplane",50,22050,1200,2,train,0.011856087483465672,0,0
ambience_001311.pt,0,22,False,2025-12-15,room,low noise,"rain, wind, urban, airplane",50,22050,1200,2,train,0.010063382796943188,0,0
ambience_001312.pt,0,22,False,2025-12-15,room,low noise,"rain, wind, urban, airplane",50,22050,1200,2,train,0.011166715063154697,0,0
ambience_001313.pt,0,22,False,2025-12-15,room,low noise,"rain, wind, urban, airplane",50,22050,1200,2,train,0.012577141635119915,0,0
ambience_001314.pt,0,22,False,2025-12-15,room,low noise,"rain, wind, urban, airplane",50,22050,1200,2,train,0.015014663338661194,0,0
ambience_001315.pt,0,22,False,2025-12-15,room,low noise,"rain, wind, urban, airplane",50,22050,1200,2,train,0.01350188348442316,0,0
ambience_001316.pt,0,22,False,2025-12-15,room,low noise,"rain, wind, urban, airplane",50,22050,1200,2,train,0.0125258918851614,0,0
ambience_001317.pt,0,22,False,2025-12-15,room,low noise,"rain, wind, urban, airplane",50,22050,1200,2,train,0.014602436684072018,0,0
ambience_001318.pt,0,22,False,2025-12-15,room,low noise,"rain, wind, urban, airplane",50,22050,1200,2,train,0.013119332492351532,0,0
ambience_001319.pt,0,22,False,2025-12-15,room,low noise,"rain, wind, urban, airplane",50,22050,1200,2,train,0.016964957118034363,0,0
ambience_001320.pt,0,22,False,2025-12-15,room,low noise,"rain, wind, urban, airplane",50,22050,1200,2,train,0.014009558595716953,0,0
ambience_001321.pt,0,22,False,2025-12-15,room,low noise,"rain, wind, urban, airplane",50,22050,1200,2,train,0.01398142334073782,0,0
ambience_001322.pt,0,22,False,2025-12-15,room,low noise,"rain, wind, urban, airplane",50,22050,1200,2,train,0.012296576052904129,0,0
ambience_001323.pt,0,22,False,2025-12-15,room,low noise,"rain, wind, urban, airplane",50,22050,1200,2,train,0.011161957867443562,0,0
ambience_001324.pt,0,22,False,2025-12-15,room,low noise,"rain, wind, urban, airplane",50,22050,1200,2,train,0.011796372011303902,0,0
ambience_001325.pt,0,22,False,2025-12-15,room,low noise,"rain, wind, urban, airplane",50,22050,1200,2,train,0.01036787312477827,0,0
ambience_001326.pt,0,22,False,2025-12-15,room,low noise,"rain, wind, urban, airplane",50,22050,1200,2,train,0.010692058131098747,0,0
ambience_001327.pt,0,22,False,2025-12-15,room,low noise,"rain, wind, urban, airplane",50,22050,1200,2,train,0.01680401712656021,0,0
ambience_001328.pt,0,22,False,2025-12-15,room,low noise,"rain, wind, urban, airplane",50,22050,1200,2,train,0.0416526161134243,0,0
ambience_001329.pt,0,22,False,2025-12-15,room,low noise,"rain, wind, urban, airplane",50,22050,1200,2,train,0.04513344541192055,0,0
ambience_001330.pt,0,22,False,2025-12-15,room,low noise,"rain, wind, urban, airplane",50,22050,1200,2,train,0.029142316430807114,0,0
ambience_001331.pt,0,22,False,2025-12-15,room,low noise,"rain, wind, urban, airplane",50,22050,1200,2,train,0.025800881907343864,0,0
ambience_001332.pt,0,22,False,2025-12-15,room,low noise,"rain, wind, urban, airplane",50,22050,1200,2,train,0.024964535608887672,0,0
ambience_001333.pt,0,22,False,2025-12-15,room,low noise,"rain, wind, urban, airplane",50,22050,1200,2,train,0.025571107864379883,0,0
ambience_001334.pt,0,22,False,2025-12-15,room,low noise,"rain, wind, urban, airplane",50,22050,1200,2,train,0.02315056510269642,0,0
ambience_001335.pt,0,22,False,2025-12-15,room,low noise,"rain, wind, urban, airplane",50,22050,1200,2,train,0.01786728948354721,0,0
ambience_001336.pt,0,22,False,2025-12-15,room,low noise,"rain, wind, urban, airplane",50,22050,1200,2,train,0.011026427149772644,0,0
ambience_001337.pt,0,22,False,2025-12-15,room,low noise,"rain, wind, urban, airplane",50,22050,1200,2,train,0.009702815674245358,0,0
ambience_001338.pt,0,22,False,2025-12-15,room,low noise,"rain, wind, urban, airplane",50,22050,1200,2,train,0.012734566815197468,0,0
ambience_001339.pt,0,22,False,2025-12-15,room,low noise,"rain, wind, urban, airplane",50,22050,1200,2,train,0.021503189578652382,0,0
ambience_001340.pt,0,22,False,2025-12-15,room,low noise,"rain, wind, urban, airplane",50,22050,1200,2,train,0.032205309718847275,0,0
ambience_001341.pt,0,22,False,2025-12-15,room,low noise,"rain, wind, urban, airplane",50,22050,1200,2,train,0.014150531962513924,0,0
ambience_001342.pt,0,22,False,2025-12-15,room,low noise,"rain, wind, urban, airplane",50,22050,1200,2,train,0.013914602808654308,0,0
ambience_001343.pt,0,22,False,2025-12-15,room,low noise,"rain, wind, urban, airplane",50,22050,1200,2,train,0.0101296566426754,0,0
ambience_001344.pt,0,22,False,2025-12-15,room,low noise,"rain, wind, urban, airplane",50,22050,1200,2,train,0.013810275122523308,0,0
ambience_001345.pt,0,22,False,2025-12-15,room,low noise,"rain, wind, urban, airplane",50,22050,1200,2,train,0.010949920862913132,0,0
ambience_001346.pt,0,22,False,2025-12-15,room,low noise,"rain, wind, urban, airplane",50,22050,1200,2,train,0.012782310135662556,0,0
ambience_001347.pt,0,22,False,2025-12-15,room,low noise,"rain, wind, urban, airplane",50,22050,1200,2,train,0.01150884386152029,0,0
ambience_001348.pt,0,22,False,2025-12-15,room,low noise,"rain, wind, urban, airplane",50,22050,1200,2,train,0.019456733018159866,0,0
ambience_001349.pt,0,22,False,2025-12-15,room,low noise,"rain, wind, urban, airplane",50,22050,1200,2,train,0.01834757998585701,0,0
ambience_001350.pt,0,22,False,2025-12-15,room,low noise,"rain, wind, urban, airplane",50,22050,1200,2,train,0.024707207456231117,0,0
ambience_001351.pt,0,22,False,2025-12-15,room,low noise,"rain, wind, urban, airplane",50,22050,1200,2,train,0.01240861788392067,0,0
ambience_001352.pt,0,22,False,2025-12-15,room,low noise,"rain, wind, urban, airplane",50,22050,1200,2,train,0.016103273257613182,0,0
ambience_001353.pt,0,22,False,2025-12-15,room,low noise,"rain, wind, urban, airplane",50,22050,1200,2,train,0.013333295471966267,0,0
ambience_001354.pt,0,22,False,2025-12-15,room,low noise,"rain, wind, urban, airplane",50,22050,1200,2,train,0.01455059926956892,0,0
ambience_001355.pt,0,22,False,2025-12-15,room,low noise,"rain, wind, urban, airplane",50,22050,1200,2,train,0.013316900469362736,0,0
ambience_001356.pt,0,22,False,2025-12-15,room,low noise,"rain, wind, urban, airplane",50,22050,1200,2,train,0.010445194318890572,0,0
ambience_001357.pt,0,22,False,2025-12-15,room,low noise,"rain, wind, urban, airplane",50,22050,1200,2,train,0.015713853761553764,0,0
ambience_001358.pt,0,22,False,2025-12-15,room,low noise,"rain, wind, urban, airplane",50,22050,1200,2,train,0.015095305629074574,0,0
ambience_001359.pt,0,22,False,2025-12-15,room,low noise,"rain, wind, urban, airplane",50,22050,1200,2,train,0.01740231364965439,0,0
ambience_001360.pt,0,22,False,2025-12-15,room,low noise,"rain, wind, urban, airplane",50,22050,1200,2,train,0.014063495211303234,0,0
ambience_001361.pt,0,22,False,2025-12-15,room,low noise,"rain, wind, urban, airplane",50,22050,1200,2,train,0.013892244547605515,0,0
ambience_001362.pt,0,22,False,2025-12-15,room,low noise,"rain, wind, urban, airplane",50,22050,1200,2,train,0.011550002731382847,0,0
ambience_001363.pt,0,22,False,2025-12-15,room,low noise,"rain, wind, urban, airplane",50,22050,1200,2,train,0.020806482061743736,0,0
ambience_001364.pt,0,22,False,2025-12-15,room,low noise,"rain, wind, urban, airplane",50,22050,1200,2,train,0.01488138735294342,0,0
ambience_001365.pt,0,22,False,2025-12-15,room,low noise,"rain, wind, urban, airplane",50,22050,1200,2,train,0.0164333563297987,0,0
ambience_001366.pt,0,22,False,2025-12-15,room,low noise,"rain, wind, urban, airplane",50,22050,1200,2,train,0.01865982823073864,0,0
ambience_001367.pt,0,22,False,2025-12-15,room,low noise,"rain, wind, urban, airplane",50,22050,1200,2,train,0.017582515254616737,0,0
ambience_001368.pt,0,22,False,2025-12-15,room,low noise,"rain, wind, urban, airplane",50,22050,1200,2,train,0.01501721702516079,0,0
ambience_001369.pt,0,22,False,2025-12-15,room,low noise,"rain, wind, urban, airplane",50,22050,1200,2,train,0.014782206155359745,0,0
ambience_001370.pt,0,22,False,2025-12-15,room,low noise,"rain, wind, urban, airplane",50,22050,1200,2,train,0.008281253278255463,0,0
ambience_001371.pt,0,22,False,2025-12-15,room,low noise,"rain, wind, urban, airplane",50,22050,1200,2,train,0.012688028626143932,0,0
ambience_001372.pt,0,22,False,2025-12-15,room,low noise,"rain, wind, urban, airplane",50,22050,1200,2,train,0.011011571623384953,0,0
ambience_001373.pt,0,22,False,2025-12-15,room,low noise,"rain, wind, urban, airplane",50,22050,1200,2,train,0.010458745993673801,0,0
ambience_001374.pt,0,22,False,2025-12-15,room,low noise,"rain, wind, urban, airplane",50,22050,1200,2,train,0.01037884782999754,0,0
ambience_001375.pt,0,22,False,2025-12-15,room,low noise,"rain, wind, urban, airplane",50,22050,1200,2,train,0.008552292361855507,0,0
ambience_001376.pt,0,22,False,2025-12-15,room,low noise,"rain, wind, urban, airplane",50,22050,1200,2,train,0.013117196969687939,0,0
ambience_001377.pt,0,22,False,2025-12-15,room,low noise,"rain, wind, urban, airplane",50,22050,1200,2,train,0.01900547929108143,0,0
ambience_001378.pt,0,22,False,2025-12-15,room,low noise,"rain, wind, urban, airplane",50,22050,1200,2,train,0.05267829820513725,0,0
ambience_001379.pt,0,22,False,2025-12-15,room,low noise,"rain, wind, urban, airplane",50,22050,1200,2,train,0.032055314630270004,0,0
ambience_001380.pt,0,22,False,2025-12-15,room,low noise,"rain, wind, urban, airplane",50,22050,1200,2,train,0.025732001289725304,0,0
ambience_001381.pt,0,22,False,2025-12-15,room,low noise,"rain, wind, urban, airplane",50,22050,1200,2,train,0.028701337054371834,0,0
ambience_001382.pt,0,22,False,2025-12-15,room,low noise,"rain, wind, urban, airplane",50,22050,1200,2,train,0.021196937188506126,0,0
ambience_001383.pt,0,22,False,2025-12-15,room,low noise,"rain, wind, urban, airplane",50,22050,1200,2,train,0.048149317502975464,0,0
ambience_001384.pt,0,22,False,2025-12-15,room,low noise,"rain, wind, urban, airplane",50,22050,1200,2,train,0.03158295899629593,0,0
ambience_001385.pt,0,22,False,2025-12-15,room,low noise,"rain, wind, urban, airplane",50,22050,1200,2,train,0.02873704954981804,0,0
ambience_001386.pt,0,22,False,2025-12-15,room,low noise,"rain, wind, urban, airplane",50,22050,1200,2,train,0.020020369440317154,0,0
ambience_001387.pt,0,22,False,2025-12-15,room,low noise,"rain, wind, urban, airplane",50,22050,1200,2,train,0.020321888849139214,0,0
ambience_001388.pt,0,22,False,2025-12-15,room,low noise,"rain, wind, urban, airplane",50,22050,1200,2,train,0.03144363686442375,0,0
ambience_001389.pt,0,22,False,2025-12-15,room,low noise,"rain, wind, urban, airplane",50,22050,1200,2,train,0.01294790394604206,0,0
ambience_001390.pt,0,22,False,2025-12-15,room,low noise,"rain, wind, urban, airplane",50,22050,1200,2,train,0.011730954982340336,0,0
ambience_001391.pt,0,22,False,2025-12-15,room,low noise,"rain, wind, urban, airplane",50,22050,1200,2,train,0.019402066245675087,0,0
ambience_001392.pt,0,22,False,2025-12-15,room,low noise,"rain, wind, urban, airplane",50,22050,1200,2,train,0.01524584461003542,0,0
ambience_001393.pt,0,22,False,2025-12-15,room,low noise,"rain, wind, urban, airplane",50,22050,1200,2,train,0.009565063752233982,0,0
ambience_001394.pt,0,22,False,2025-12-15,room,low noise,"rain, wind, urban, airplane",50,22050,1200,2,train,0.015039931051433086,0,0
ambience_001395.pt,0,22,False,2025-12-15,room,low noise,"rain, wind, urban, airplane",50,22050,1200,2,train,0.02140527032315731,0,0
ambience_001396.pt,0,22,False,2025-12-15,room,low noise,"rain, wind, urban, airplane",50,22050,1200,2,train,0.021467961370944977,0,0
ambience_001397.pt,0,22,False,2025-12-15,room,low noise,"rain, wind, urban, airplane",50,22050,1200,2,train,0.020030738785862923,0,0
ambience_001398.pt,0,22,False,2025-12-15,room,low noise,"rain, wind, urban, airplane",50,22050,1200,2,train,0.02918023243546486,0,0
ambience_001399.pt,0,22,False,2025-12-15,room,low noise,"rain, wind, urban, airplane",50,22050,1200,2,train,0.01817251555621624,0,0
ambience_001400.pt,0,22,False,2025-12-15,room,low noise,"rain, wind, urban, airplane",50,22050,1200,2,train,0.016912564635276794,0,0
ambience_001401.pt,0,22,False,2025-12-15,room,low noise,"rain, wind, urban, airplane",50,22050,1200,2,train,0.020998459309339523,0,0
ambience_001402.pt,0,22,False,2025-12-15,room,low noise,"rain, wind, urban, airplane",50,22050,1200,2,train,0.01652137190103531,0,0
ambience_001403.pt,0,22,False,2025-12-15,room,low noise,"rain, wind, urban, airplane",50,22050,1200,2,train,0.014932104386389256,0,0
ambience_001404.pt,0,22,False,2025-12-15,room,low noise,"rain, wind, urban, airplane",50,22050,1200,2,train,0.014794434420764446,0,0
ambience_001405.pt,0,22,False,2025-12-15,room,low noise,"rain, wind, urban, airplane",50,22050,1200,2,train,0.014922610484063625,0,0
ambience_001406.pt,0,22,False,2025-12-15,room,low noise,"rain, wind, urban, airplane",50,22050,1200,2,train,0.026063846424221992,0,0
ambience_001407.pt,0,22,False,2025-12-15,room,low noise,"rain, wind, urban, airplane",50,22050,1200,2,train,0.031005408614873886,0,0
ambience_001408.pt,0,22,False,2025-12-15,room,low noise,"rain, wind, urban, airplane",50,22050,1200,2,train,0.03402680903673172,0,0
ambience_001409.pt,0,22,False,2025-12-15,room,low noise,"rain, wind, urban, airplane",50,22050,1200,2,train,0.04668886587023735,0,0
ambience_001410.pt,0,22,False,2025-12-15,room,low noise,"rain, wind, urban, airplane",50,22050,1200,2,train,0.03135578706860542,0,0
ambience_001411.pt,0,22,False,2025-12-15,room,low noise,"rain, wind, urban, airplane",50,22050,1200,2,train,0.03137286379933357,0,0
ambience_001412.pt,0,22,False,2025-12-15,room,low noise,"rain, wind, urban, airplane",50,22050,1200,2,train,0.03255680575966835,0,0
ambience_001413.pt,0,22,False,2025-12-15,room,low noise,"rain, wind, urban, airplane",50,22050,1200,2,train,0.02302834764122963,0,0
ambience_001414.pt,0,22,False,2025-12-15,room,low noise,"rain, wind, urban, airplane",50,22050,1200,2,train,0.04041917249560356,0,0
ambience_001415.pt,0,22,False,2025-12-15,room,low noise,"rain, wind, urban, airplane",50,22050,1200,2,train,0.020248280838131905,0,0
ambience_001416.pt,0,22,False,2025-12-15,room,low noise,"rain, wind, urban, airplane",50,22050,1200,2,train,0.01567099615931511,0,0
ambience_001417.pt,0,22,False,2025-12-15,room,low noise,"rain, wind, urban, airplane",50,22050,1200,2,train,0.017727719619870186,0,0
ambience_001418.pt,0,22,False,2025-12-15,room,low noise,"rain, wind, urban, airplane",50,22050,1200,2,train,0.019020386040210724,0,0
ambience_001419.pt,0,22,False,2025-12-15,room,low noise,"rain, wind, urban, airplane",50,22050,1200,2,train,0.02496814727783203,0,0
ambience_001420.pt,0,22,False,2025-12-15,room,low noise,"rain, wind, urban, airplane",50,22050,1200,2,train,0.01999811828136444,0,0
ambience_001421.pt,0,22,False,2025-12-15,room,low noise,"rain, wind, urban, airplane",50,22050,1200,2,train,0.016190357506275177,0,0
ambience_001422.pt,0,22,False,2025-12-15,room,low noise,"rain, wind, urban, airplane",50,22050,1200,2,train,0.020071102306246758,0,0
ambience_001423.pt,0,22,False,2025-12-15,room,low noise,"rain, wind, urban, airplane",50,22050,1200,2,train,0.019979333505034447,0,0
ambience_001424.pt,0,22,False,2025-12-15,room,low noise,"rain, wind, urban, airplane",50,22050,1200,2,train,0.023073093965649605,0,0
ambience_001425.pt,0,22,False,2025-12-15,room,low noise,"rain, wind, urban, airplane",50,22050,1200,2,train,0.02473945915699005,0,0
ambience_001426.pt,0,22,False,2025-12-15,room,low noise,"rain, wind, urban, airplane",50,22050,1200,2,train,0.019542938098311424,0,0
ambience_001427.pt,0,22,False,2025-12-15,room,low noise,"rain, wind, urban, airplane",50,22050,1200,2,train,0.026595834642648697,0,0
ambience_001428.pt,0,22,False,2025-12-15,room,low noise,"rain, wind, urban, airplane",50,22050,1200,2,train,0.023040752857923508,0,0
