filename,target,location,file_id,sfm_p10,prominence_db,time_variance
drone_000000.pt,1,ben shemen,0,1.1497752893774305e-05,45.061222076416016,18.316570281982422
drone_000001.pt,1,ben shemen,0,0.0038116672076284885,44.98832702636719,3.2648911476135254
drone_000002.pt,1,ben shemen,0,0.06824307143688202,15.06700611114502,0.41682958602905273
drone_000003.pt,1,ben shemen,0,0.012311525642871857,20.957504272460938,23.39122200012207
drone_000004.pt,1,ben shemen,0,0.005225508939474821,25.71550178527832,14.702723503112793
drone_000005.pt,1,ben shemen,0,0.0007765991031192243,27.027969360351562,8.648181915283203
drone_000006.pt,1,ben shemen,0,0.0004749379586428404,31.97777557373047,2.679189682006836
drone_000007.pt,1,ben shemen,0,0.0013380014570429921,34.18806076049805,25.837099075317383
drone_000008.pt,1,ben shemen,0,0.0005108789773657918,29.1978759765625,0.6508885622024536
drone_000009.pt,1,ben shemen,0,3.954478233936243e-05,24.801258087158203,33.95967483520508
drone_000010.pt,1,ben shemen,0,4.582907786243595e-05,35.665191650390625,1.1557034254074097
drone_000011.pt,1,ben shemen,0,4.524433461483568e-05,38.28616714477539,1.4126384258270264
drone_000012.pt,1,ben shemen,0,3.664623000076972e-05,35.50212478637695,0.34319883584976196
drone_000013.pt,1,ben shemen,0,5.338647679309361e-05,34.77286148071289,1.3098645210266113
drone_000014.pt,1,ben shemen,0,0.0005279215984046459,28.03042984008789,19.30429458618164
drone_000015.pt,1,ben shemen,0,0.031753864139318466,21.607975006103516,9.55947208404541
drone_000016.pt,1,ben shemen,0,0.034015171229839325,24.871967315673828,9.46336555480957
drone_000017.pt,1,ben shemen,0,0.019527342170476913,26.395519256591797,1.912915587425232
drone_000018.pt,1,ben shemen,0,0.009453107602894306,21.81255531311035,1.0613560676574707
drone_000019.pt,1,ben shemen,0,0.0012752768816426396,29.781259536743164,6.420781135559082
drone_000020.pt,1,ben shemen,0,5.33542079210747e-05,29.549785614013672,12.80190372467041
drone_000021.pt,1,ben shemen,0,0.03996384143829346,20.077213287353516,4.565394401550293
drone_000022.pt,1,ben shemen,0,0.03477776050567627,16.95258331298828,5.437756061553955
drone_000023.pt,1,ben shemen,0,0.0004265457682777196,28.492511749267578,1.7577646970748901
drone_000024.pt,1,ben shemen,0,0.000668063061311841,31.050113677978516,27.526796340942383
drone_000025.pt,1,ben shemen,0,0.005394314881414175,26.032012939453125,15.3329439163208
drone_000026.pt,1,ben shemen,0,0.004297549370676279,23.46478271484375,21.02945899963379
drone_000027.pt,1,ben shemen,0,0.002202756470069289,28.403738021850586,0.5518389940261841
drone_000028.pt,1,ben shemen,0,0.0026872456073760986,25.757394790649414,0.8724796772003174
drone_000029.pt,1,ben shemen,0,0.007345180027186871,34.027381896972656,49.9890251159668
drone_000030.pt,1,ben shemen,0,0.0017756662564352155,24.99384307861328,5.937067031860352
drone_000031.pt,1,ben shemen,0,0.0007668628823012114,29.878196716308594,0.7162483930587769
drone_000032.pt,1,ben shemen,0,0.008506452664732933,25.389286041259766,18.90981674194336
drone_000033.pt,1,ben shemen,0,0.02851218916475773,20.539457321166992,5.915050506591797
drone_000034.pt,1,ben shemen,0,0.004802266601473093,25.8705997467041,12.1292142868042
drone_000035.pt,1,ben shemen,0,0.00783850159496069,23.325958251953125,5.091470718383789
drone_000036.pt,1,ben shemen,0,0.025330035015940666,20.08322525024414,7.052852630615234
drone_000037.pt,1,ben shemen,0,0.022379714995622635,23.051193237304688,6.938370227813721
drone_000038.pt,1,ben shemen,0,0.022739654406905174,20.912273406982422,2.000779390335083
drone_000039.pt,1,ben shemen,0,0.026791410520672798,18.437726974487305,0.25202563405036926
drone_000040.pt,1,ben shemen,0,0.028486091643571854,21.12054443359375,6.0517449378967285
drone_000041.pt,1,ben shemen,0,0.02107786387205124,25.12636375427246,10.428940773010254
drone_000042.pt,1,ben shemen,0,0.046121545135974884,18.483078002929688,4.495795726776123
drone_000043.pt,1,ben shemen,0,0.046597402542829514,17.521390914916992,0.6147632598876953
drone_000044.pt,1,ben shemen,0,0.04936594143509865,18.178361892700195,0.4053836464881897
drone_000045.pt,1,ben shemen,0,0.004566454328596592,24.09592056274414,1.0390487909317017
drone_000046.pt,1,ben shemen,0,0.002249624114483595,25.744234085083008,2.637104034423828
drone_000047.pt,1,ben shemen,0,0.0013417256996035576,28.094385147094727,8.61870002746582
drone_000048.pt,1,ben shemen,0,0.013590319082140923,26.90996551513672,15.806770324707031
drone_000049.pt,1,ben shemen,0,0.00901701208204031,21.653444290161133,9.695161819458008
drone_000050.pt,1,ben shemen,0,0.0005409203586168587,26.483261108398438,11.491876602172852
drone_000051.pt,1,ben shemen,0,0.00043165244278497994,31.268983840942383,10.668010711669922
drone_000052.pt,1,ben shemen,0,0.003590177744626999,25.400375366210938,1.262923002243042
drone_000053.pt,1,ben shemen,0,0.011888992041349411,24.08359146118164,7.966805458068848
drone_000054.pt,1,ben shemen,0,0.018633337691426277,27.782291412353516,24.004417419433594
drone_000055.pt,1,ben shemen,0,0.0011766355019062757,28.62116241455078,2.2431607246398926
drone_000056.pt,1,ben shemen,0,0.0019001491600647569,28.376453399658203,0.14870353043079376
drone_000057.pt,1,ben shemen,0,0.006906751077622175,24.391481399536133,0.11260790377855301
drone_000058.pt,1,ben shemen,0,0.00781269371509552,22.840978622436523,0.5069137811660767
drone_000059.pt,1,ben shemen,0,0.001881616422906518,28.012067794799805,3.347658157348633
drone_000060.pt,1,ben shemen,0,0.0009445270989090204,29.7817440032959,1.8237982988357544
drone_000061.pt,1,ben shemen,0,0.00041579100070521235,31.065032958984375,2.272388458251953
drone_000062.pt,1,ben shemen,0,0.0006912113167345524,29.24609375,3.094538927078247
drone_000063.pt,1,ben shemen,0,0.0022916789166629314,28.735937118530273,3.4142327308654785
drone_000064.pt,1,ben shemen,0,0.01893632300198078,22.917373657226562,5.356300354003906
drone_000065.pt,1,ben shemen,0,0.03735531494021416,23.21236801147461,6.0893073081970215
drone_000066.pt,1,ben shemen,0,0.007098037749528885,39.31465530395508,3.747396469116211
drone_000067.pt,1,ben shemen,0,1.016962414723821e-05,45.688899993896484,2.258169174194336
drone_000068.pt,1,ben shemen,0,4.447470928425901e-06,48.34745788574219,6.601512432098389
drone_000069.pt,1,ben shemen,0,4.2875822714449896e-07,48.734588623046875,1.7205766439437866
drone_000070.pt,1,ben shemen,0,1.8940457380267617e-07,49.99110412597656,3.5671932697296143
drone_000071.pt,1,ben shemen,0,7.591336907353252e-05,37.480560302734375,1.117601752281189
drone_000072.pt,1,ben shemen,0,0.0003327118174638599,37.20563507080078,2.706693410873413
drone_000073.pt,1,Yarkon rosh zipor,1,0.025214212015271187,22.53961753845215,1.5615620613098145
drone_000074.pt,1,Yarkon rosh zipor,1,0.03713836893439293,23.416259765625,1.8389959335327148
drone_000075.pt,1,Yarkon rosh zipor,1,0.005319639574736357,22.30004119873047,2.8007471561431885
drone_000076.pt,1,Yarkon rosh zipor,1,0.0034387896303087473,34.974609375,4.38600492477417
drone_000077.pt,1,Yarkon rosh zipor,1,0.01670650765299797,21.89417839050293,3.4341750144958496
drone_000078.pt,1,Yarkon rosh zipor,1,0.0049600074999034405,24.68954086303711,7.069738864898682
drone_000079.pt,1,Yarkon rosh zipor,1,1.2995280485483818e-05,47.62440872192383,6.826567649841309
drone_000080.pt,1,Yarkon rosh zipor,1,0.010630429722368717,21.54570960998535,4.673727512359619
drone_000081.pt,1,Yarkon rosh zipor,1,0.006798556540161371,25.886215209960938,3.4573233127593994
drone_000082.pt,1,Yarkon rosh zipor,1,0.001896534813567996,24.88278579711914,3.743023157119751
drone_000083.pt,1,Yarkon rosh zipor,1,0.00849442183971405,21.14009666442871,4.776951313018799
drone_000084.pt,1,Yarkon rosh zipor,1,0.009975139982998371,22.967876434326172,7.178750514984131
drone_000085.pt,1,Yarkon rosh zipor,1,0.0009648971608839929,26.98050880432129,4.744925022125244
drone_000086.pt,1,Yarkon rosh zipor,1,0.0012640891363844275,25.374618530273438,1.2610403299331665
drone_000087.pt,1,Yarkon rosh zipor,1,0.0020241187885403633,24.15042495727539,2.1915066242218018
drone_000088.pt,1,Yarkon rosh zipor,1,0.0003649583668448031,25.536975860595703,18.202716827392578
drone_000089.pt,1,Yarkon rosh zipor,1,0.002153292763978243,27.621355056762695,9.176009178161621
drone_000090.pt,1,Yarkon rosh zipor,1,0.00030806506401859224,27.75815200805664,1.8539199829101562
drone_000091.pt,1,Yarkon rosh zipor,1,0.00024058460257947445,27.679603576660156,2.6440534591674805
ambience_000000.pt,0,Yarkon rosh zipor,2,0.0008302640053443611,28.62576675415039,7.611126899719238
ambience_000001.pt,0,Yarkon rosh zipor,2,0.0008514764485880733,27.001413345336914,7.42808723449707
ambience_000002.pt,0,Yarkon rosh zipor,2,0.0012769685126841068,24.292423248291016,8.877670288085938
ambience_000003.pt,0,Yarkon rosh zipor,2,0.002716352231800556,24.258663177490234,6.961945056915283
ambience_000004.pt,0,Yarkon rosh zipor,2,0.002895575948059559,24.00260353088379,7.497658729553223
ambience_000005.pt,0,Yarkon rosh zipor,2,0.0027057481929659843,24.523757934570312,6.545517921447754
ambience_000006.pt,0,Yarkon rosh zipor,2,0.002579691354185343,24.905542373657227,7.039468765258789
ambience_000007.pt,0,Yarkon rosh zipor,2,0.00011735674343071878,33.82684326171875,5.10150146484375
ambience_000008.pt,0,Yarkon rosh zipor,2,0.0010913587175309658,26.99009895324707,5.308045864105225
ambience_000009.pt,0,Yarkon rosh zipor,2,0.00419092969968915,24.661457061767578,6.350557804107666
ambience_000010.pt,0,Yarkon rosh zipor,2,0.006456692703068256,24.657278060913086,4.070001125335693
ambience_000011.pt,0,Yarkon rosh zipor,2,0.007183150388300419,23.389141082763672,3.1065313816070557
ambience_000012.pt,0,Yarkon rosh zipor,2,0.009168068878352642,22.72817611694336,1.6178410053253174
ambience_000013.pt,0,Yarkon rosh zipor,2,0.012065793387591839,19.35687255859375,1.1904326677322388
ambience_000014.pt,0,Yarkon rosh zipor,2,0.013353323563933372,18.362253189086914,1.321718454360962
ambience_000015.pt,0,Yarkon rosh zipor,2,0.006057594437152147,23.688573837280273,1.1982189416885376
ambience_000016.pt,0,Yarkon rosh zipor,2,0.004918122664093971,23.627355575561523,1.863115906715393
ambience_000017.pt,0,Yarkon rosh zipor,2,0.005687457975000143,23.477813720703125,2.0942063331604004
ambience_000018.pt,0,Yarkon rosh zipor,2,0.0025163311511278152,26.643110275268555,3.795119524002075
ambience_000019.pt,0,Yarkon rosh zipor,2,0.0017235592240467668,30.218528747558594,2.760863780975342
ambience_000020.pt,0,Yarkon rosh zipor,2,0.00410089734941721,24.458887100219727,2.197007179260254
ambience_000021.pt,0,Yarkon rosh zipor,2,0.0006260614609345794,31.830726623535156,6.85189962387085
ambience_000022.pt,0,Yarkon rosh zipor,2,0.0005751355784013867,31.45998191833496,3.6861791610717773
ambience_000023.pt,0,Yarkon rosh zipor,2,0.000992598244920373,25.0299072265625,0.8705231547355652
ambience_000024.pt,0,Yarkon rosh zipor,2,0.0010907164542004466,25.174545288085938,0.8296463489532471
ambience_000025.pt,0,Yarkon rosh zipor,2,0.0011670355452224612,27.019733428955078,1.185426115989685
ambience_000026.pt,0,Yarkon rosh zipor,2,0.002592592965811491,23.185375213623047,1.6139682531356812
ambience_000027.pt,0,Yarkon rosh zipor,2,0.00151916837785393,27.11346435546875,1.6761826276779175
ambience_000028.pt,0,Yarkon rosh zipor,2,0.0011463762493804097,29.180816650390625,1.9621367454528809
ambience_000029.pt,0,Yarkon rosh zipor,2,0.0007674661464989185,28.24262809753418,1.4659572839736938
ambience_000030.pt,0,Yarkon rosh zipor,2,0.0011830583680421114,26.58098602294922,0.9087898135185242
ambience_000031.pt,0,Yarkon rosh zipor,2,0.0010191190522164106,27.44318389892578,0.9550876617431641
ambience_000032.pt,0,Yarkon rosh zipor,2,0.0005453279591165483,29.431495666503906,0.6357651352882385
ambience_000033.pt,0,Yarkon rosh zipor,2,0.0008741244091652334,32.146278381347656,1.1983835697174072
ambience_000034.pt,0,Yarkon rosh zipor,2,0.0017771824495866895,21.796607971191406,9.984475135803223
ambience_000035.pt,0,Yarkon rosh zipor,2,0.006683262065052986,20.01679039001465,0.9295525550842285
ambience_000036.pt,0,Yarkon rosh zipor,2,0.016265541315078735,16.755674362182617,1.5827946662902832
ambience_000037.pt,0,Yarkon rosh zipor,2,0.005499638617038727,21.196819305419922,4.071395397186279
ambience_000038.pt,0,Yarkon rosh zipor,2,0.005058529321104288,20.895639419555664,1.5283488035202026
ambience_000039.pt,0,Yarkon rosh zipor,2,0.0009102619369514287,26.42850112915039,6.897536754608154
ambience_000040.pt,0,Yarkon rosh zipor,2,0.000958522199653089,25.800125122070312,4.7471842765808105
ambience_000041.pt,0,Yarkon rosh zipor,2,0.0024451653007417917,21.50019073486328,4.235088348388672
ambience_000042.pt,0,Yarkon rosh zipor,2,0.004720907658338547,22.991241455078125,3.5380494594573975
ambience_000043.pt,0,Yarkon rosh zipor,2,0.004614942241460085,21.494056701660156,3.907912492752075
ambience_000044.pt,0,Yarkon rosh zipor,2,0.0032037775963544846,23.601329803466797,2.8687422275543213
ambience_000045.pt,0,Yarkon rosh zipor,2,0.006083708722144365,22.891876220703125,1.4645302295684814
ambience_000046.pt,0,Yarkon rosh zipor,2,0.003087857272475958,23.003440856933594,4.637186050415039
ambience_000047.pt,0,Yarkon rosh zipor,2,0.0027311942540109158,30.1276912689209,3.5109646320343018
ambience_000048.pt,0,Yarkon rosh zipor,2,0.002302818698808551,24.777664184570312,4.625161170959473
ambience_000049.pt,0,Yarkon rosh zipor,2,0.0029916674830019474,22.967693328857422,5.512845993041992
ambience_000050.pt,0,Yarkon rosh zipor,2,0.0015419598203152418,25.717395782470703,7.125479221343994
ambience_000051.pt,0,Yarkon rosh zipor,2,0.0021215975284576416,22.736574172973633,3.8341660499572754
ambience_000052.pt,0,Yarkon rosh zipor,2,0.001274692825973034,23.900569915771484,3.390143871307373
ambience_000053.pt,0,Yarkon rosh zipor,2,0.0016629735473543406,24.433191299438477,7.227211952209473
ambience_000054.pt,0,Yarkon rosh zipor,2,0.002011331496760249,24.665319442749023,2.1870694160461426
ambience_000055.pt,0,Yarkon rosh zipor,2,0.0019023605855181813,24.501930236816406,0.7441346049308777
ambience_000056.pt,0,Yarkon rosh zipor,2,0.005544512532651424,21.53912353515625,0.39156198501586914
ambience_000057.pt,0,Yarkon rosh zipor,2,0.00017543547437526286,32.983924865722656,0.940061628818512
ambience_000058.pt,0,Yarkon rosh zipor,2,0.007284536026418209,22.641998291015625,2.2841475009918213
ambience_000059.pt,0,Yarkon rosh zipor,2,0.010176712647080421,20.27200698852539,3.5456175804138184
ambience_000060.pt,0,Yarkon rosh zipor,2,0.01857566460967064,17.874553680419922,0.7448751330375671
ambience_000061.pt,0,Yarkon rosh zipor,2,0.016262106597423553,17.62552833557129,0.7850316166877747
ambience_000062.pt,0,Yarkon rosh zipor,2,0.007718770299106836,22.188610076904297,0.9956467151641846
ambience_000063.pt,0,Yarkon rosh zipor,2,0.0031819117721170187,27.161781311035156,0.8779879212379456
ambience_000064.pt,0,Yarkon rosh zipor,2,0.016348673030734062,17.776395797729492,0.9855610132217407
ambience_000065.pt,0,Yarkon rosh zipor,2,0.013704066164791584,18.169435501098633,0.8851787447929382
ambience_000066.pt,0,Yarkon rosh zipor,2,0.00548589089885354,23.770469665527344,0.8407866954803467
ambience_000067.pt,0,Yarkon rosh zipor,2,0.002060168655589223,26.907739639282227,0.5431586503982544
ambience_000068.pt,0,Yarkon rosh zipor,2,0.0021249165292829275,26.43594741821289,0.8607510328292847
ambience_000069.pt,0,Yarkon rosh zipor,2,0.001449774019420147,24.965038299560547,0.2453054040670395
ambience_000070.pt,0,Yarkon rosh zipor,2,0.002442744793370366,24.52301788330078,0.844916045665741
ambience_000071.pt,0,Yarkon rosh zipor,2,0.0016171549214050174,22.450511932373047,2.326476812362671
ambience_000072.pt,0,Yarkon rosh zipor,2,0.0012364683207124472,23.865028381347656,1.1433178186416626
ambience_000073.pt,0,Yarkon rosh zipor,2,0.0018974806880578399,22.99896240234375,1.5899715423583984
ambience_000074.pt,0,Yarkon rosh zipor,2,0.001310774590820074,23.997316360473633,1.959142804145813
ambience_000075.pt,0,Yarkon rosh zipor,2,0.001397597836330533,24.273792266845703,2.268979549407959
ambience_000076.pt,0,Yarkon rosh zipor,2,0.001634411048144102,23.6218204498291,1.4740185737609863
ambience_000077.pt,0,Yarkon rosh zipor,2,0.0022798676509410143,22.865833282470703,2.194805860519409
ambience_000078.pt,0,Yarkon rosh zipor,2,0.0009527826332487166,32.24784469604492,9.415324211120605
ambience_000079.pt,0,room,3,0.02015519142150879,18.32985496520996,0.09534478932619095
ambience_000080.pt,0,room,3,0.01780162937939167,18.44418716430664,0.07648874074220657
ambience_000081.pt,0,room,3,0.027492720633745193,18.10144805908203,0.07063855975866318
ambience_000082.pt,0,room,3,0.023032566532492638,18.16895294189453,0.08217785507440567
ambience_000083.pt,0,room,3,0.02024127170443535,18.662593841552734,0.08030471950769424
ambience_000084.pt,0,room,3,0.017902381718158722,18.87913703918457,0.07322279363870621
ambience_000085.pt,0,room,3,0.01426331140100956,19.451244354248047,0.07267842441797256
ambience_000086.pt,0,room,3,0.016537507995963097,18.81631088256836,0.0785118117928505
ambience_000087.pt,0,room,3,0.01770946756005287,18.622047424316406,0.0774490162730217
ambience_000088.pt,0,room,3,0.019694270566105843,18.41485023498535,0.07256621867418289
ambience_000089.pt,0,room,3,0.01655619405210018,19.040666580200195,0.06597232073545456
ambience_000090.pt,0,room,3,0.020973198115825653,18.492076873779297,0.07287390530109406
ambience_000091.pt,0,room,3,0.01721314527094364,18.666736602783203,0.06090964749455452
ambience_000092.pt,0,room,3,0.019277656450867653,18.094959259033203,0.06688099354505539
ambience_000093.pt,0,room,3,0.016808850690722466,18.719680786132812,0.0666087195277214
ambience_000094.pt,0,room,3,0.02056366391479969,18.217851638793945,0.07834120094776154
ambience_000095.pt,0,room,3,0.02221563644707203,17.699663162231445,0.05711914598941803
ambience_000096.pt,0,room,3,0.021346181631088257,18.609973907470703,0.05345433950424194
ambience_000097.pt,0,room,3,0.017793938517570496,18.656810760498047,0.05638241395354271
ambience_000098.pt,0,room,3,0.018564783036708832,18.18431282043457,0.06760445237159729
ambience_000099.pt,0,room,3,0.017638688907027245,18.146732330322266,0.060093946754932404
ambience_000100.pt,0,room,3,0.019615784287452698,17.870838165283203,0.08331739157438278
ambience_000101.pt,0,room,3,0.019174620509147644,18.59528160095215,0.05605779215693474
ambience_000102.pt,0,room,3,0.016213778406381607,18.63350486755371,0.08004691451787949
ambience_000103.pt,0,room,3,0.017213094979524612,18.473073959350586,0.06949574500322342
ambience_000104.pt,0,room,3,0.017527077347040176,18.26655387878418,0.08888919651508331
ambience_000105.pt,0,room,3,0.01639850251376629,18.54212760925293,0.05851835384964943
ambience_000106.pt,0,room,3,0.019902843981981277,18.207347869873047,0.06958678364753723
ambience_000107.pt,0,room,3,0.01907782442867756,18.28728485107422,0.07328802347183228
ambience_000108.pt,0,room,3,0.018390359356999397,19.09269905090332,0.05177765339612961
ambience_000109.pt,0,room,3,0.01555696316063404,18.722639083862305,0.07029692083597183
ambience_000110.pt,0,room,3,0.01613328978419304,18.81998062133789,0.06399943679571152
ambience_000111.pt,0,room,3,0.018327515572309494,18.06117820739746,0.09829208999872208
ambience_000112.pt,0,room,3,0.0163782499730587,18.948787689208984,0.06639969348907471
ambience_000113.pt,0,room,3,0.01534956507384777,18.847135543823242,0.061629313975572586
ambience_000114.pt,0,room,3,0.017689619213342667,18.19251251220703,0.06176255643367767
ambience_000115.pt,0,room,3,0.019067518413066864,18.23630142211914,0.06671525537967682
ambience_000116.pt,0,room,3,0.01796581968665123,18.376174926757812,0.07520069926977158
ambience_000117.pt,0,room,3,0.016298305243253708,18.407718658447266,0.08993302285671234
ambience_000118.pt,0,room,3,0.0179075226187706,18.221893310546875,0.0664500743150711
ambience_000119.pt,0,room,3,0.016624940559267998,18.775224685668945,0.06943732500076294
ambience_000120.pt,0,room,3,0.018041454255580902,18.307525634765625,0.06604830920696259
ambience_000121.pt,0,room,3,0.01854074001312256,18.67877960205078,0.06836415082216263
ambience_000122.pt,0,room,3,0.01730641908943653,18.56490135192871,0.061877984553575516
ambience_000123.pt,0,room,3,0.016581473872065544,18.027313232421875,0.0729309469461441
ambience_000124.pt,0,room,3,0.016407545655965805,18.81137466430664,0.08411378413438797
ambience_000125.pt,0,room,3,0.0166105218231678,18.658889770507812,0.06586021929979324
ambience_000126.pt,0,room,3,0.018923260271549225,17.72834587097168,0.07008596509695053
ambience_000127.pt,0,room,3,0.016512179747223854,18.836185455322266,0.06006588786840439
ambience_000128.pt,0,room,3,0.01473796647042036,19.100299835205078,0.07482798397541046
ambience_000129.pt,0,room,3,0.012995039112865925,19.407485961914062,0.07388991117477417
ambience_000130.pt,0,room,3,0.017869455739855766,18.1411190032959,0.08283162862062454
ambience_000131.pt,0,room,3,0.01580526866018772,18.601428985595703,0.07688943296670914
ambience_000132.pt,0,room,3,0.014447475783526897,19.037405014038086,0.06287555396556854
ambience_000133.pt,0,room,3,0.02265014499425888,18.280731201171875,0.06958645582199097
ambience_000134.pt,0,room,3,0.023313170298933983,17.479904174804688,0.059797536581754684
ambience_000135.pt,0,room,3,0.015810800716280937,18.513490676879883,0.07142900675535202
ambience_000136.pt,0,room,3,0.01842830702662468,18.119701385498047,0.08096830546855927
ambience_000137.pt,0,room,3,0.016105446964502335,18.766530990600586,0.06391412019729614
ambience_000138.pt,0,room,3,0.015484489500522614,18.823566436767578,0.06492346525192261
ambience_000139.pt,0,room,3,0.014529899694025517,18.92681884765625,0.0667336955666542
ambience_000140.pt,0,room,3,0.01625666208565235,18.6239070892334,0.06271801143884659
ambience_000141.pt,0,room,3,0.017597872763872147,18.894588470458984,0.06773459166288376
ambience_000142.pt,0,room,3,0.01639319397509098,18.75978660583496,0.06788944453001022
ambience_000143.pt,0,room,3,0.018540818244218826,18.22083854675293,0.0579657182097435
ambience_000144.pt,0,room,3,0.01638653874397278,18.545848846435547,0.057071369141340256
ambience_000145.pt,0,room,3,0.018779590725898743,18.368146896362305,0.08374951034784317
ambience_000146.pt,0,room,3,0.01834038645029068,18.169431686401367,0.08354148268699646
ambience_000147.pt,0,room,3,0.015434740111231804,19.281055450439453,0.08769185841083527
ambience_000148.pt,0,room,3,0.015598243102431297,18.95499610900879,0.06877726316452026
ambience_000149.pt,0,room,3,0.01960095763206482,18.19683074951172,0.067231185734272
ambience_000150.pt,0,room,3,0.016498267650604248,18.651599884033203,0.0762743428349495
ambience_000151.pt,0,room,3,0.0205755066126585,18.253202438354492,0.07387997955083847
ambience_000152.pt,0,room,3,0.018497807905077934,18.65361785888672,0.08031581342220306
ambience_000153.pt,0,room,3,0.01917397789657116,17.860815048217773,0.06974540650844574
ambience_000154.pt,0,room,4,0.00043041130993515253,30.691497802734375,0.1964978724718094
ambience_000155.pt,0,room,4,0.0003060011367779225,31.647602081298828,0.14541825652122498
ambience_000156.pt,0,room,4,0.0003409055061638355,31.714595794677734,0.09649858623743057
ambience_000157.pt,0,room,4,0.00029269512742757797,31.658323287963867,0.0789525955915451
ambience_000158.pt,0,room,4,0.0003167338145431131,31.375255584716797,0.08563236892223358
ambience_000159.pt,0,room,4,0.0003513868141453713,31.29462432861328,0.08248835802078247
ambience_000160.pt,0,room,4,0.0003160743217449635,31.723268508911133,0.08792804926633835
ambience_000161.pt,0,room,4,0.00034875140408985317,31.483245849609375,0.09135803580284119
ambience_000162.pt,0,room,4,0.0003059750597458333,31.626670837402344,0.07182803004980087
ambience_000163.pt,0,room,4,0.00029972262564115226,31.638813018798828,0.09403287619352341
ambience_000164.pt,0,room,4,0.0002878850500565022,31.968284606933594,0.10097689926624298
ambience_000165.pt,0,room,4,0.00021440305863507092,33.339996337890625,0.09071117639541626
ambience_000166.pt,0,room,4,0.00022564121172763407,32.0440788269043,0.12100879102945328
ambience_000167.pt,0,room,4,0.00025282142451032996,31.934185028076172,0.16164273023605347
ambience_000168.pt,0,room,4,0.0002418946532998234,32.89399719238281,0.08192205429077148
ambience_000169.pt,0,room,4,0.00022160755179356784,32.036231994628906,0.2741682231426239
ambience_000170.pt,0,room,4,0.0002462298725731671,32.28627014160156,0.10267683118581772
ambience_000171.pt,0,room,4,0.00020997469255235046,32.8207893371582,0.07820022106170654
ambience_000172.pt,0,room,4,0.00030223021167330444,31.694263458251953,0.19025281071662903
ambience_000173.pt,0,room,4,0.0003083671326749027,32.26936340332031,0.118414968252182
ambience_000174.pt,0,room,4,0.000276489881798625,32.21653366088867,0.09904011338949203
ambience_000175.pt,0,room,4,0.0002628824731800705,32.23655700683594,0.07456763088703156
ambience_000176.pt,0,room,4,0.00026493804762139916,32.707183837890625,0.15045012533664703
ambience_000177.pt,0,room,4,0.00025719631230458617,32.80738067626953,0.10896874964237213
ambience_000178.pt,0,room,4,0.00022599527437705547,32.57609558105469,0.06337717920541763
ambience_000179.pt,0,room,4,0.00025802431628108025,32.958213806152344,0.08840806782245636
ambience_000180.pt,0,room,4,0.00028624851256608963,31.952838897705078,0.3691021203994751
ambience_000181.pt,0,room,4,0.00030338382930494845,31.589569091796875,0.10098107159137726
ambience_000182.pt,0,room,4,0.0002601805026642978,31.947643280029297,0.1350858211517334
ambience_000183.pt,0,room,4,0.0003278545045759529,31.970090866088867,0.14570361375808716
ambience_000184.pt,0,room,4,0.00028583864332176745,32.339317321777344,0.14307928085327148
ambience_000185.pt,0,room,4,0.00027306197443977,32.03179931640625,0.14387015998363495
ambience_000186.pt,0,room,4,0.0002713036083150655,32.728214263916016,0.09878262877464294
ambience_000187.pt,0,room,4,0.00029340104083530605,31.793636322021484,0.08896946161985397
ambience_000188.pt,0,room,4,0.00027732172748073936,32.87788391113281,0.08481495082378387
ambience_000189.pt,0,room,4,0.0002853284531738609,32.05839920043945,0.696605920791626
ambience_000190.pt,0,room,4,0.00029562573763541877,31.89560317993164,0.5248168110847473
ambience_000191.pt,0,room,4,0.00026812919531948864,31.889596939086914,0.08435647934675217
ambience_000192.pt,0,room,4,0.00026907934807240963,31.918258666992188,0.06287182867527008
ambience_000193.pt,0,room,4,0.00026669734506867826,31.376806259155273,1.3199504613876343
ambience_000194.pt,0,room,4,0.0002765109238680452,32.317039489746094,0.07805921137332916
ambience_000195.pt,0,room,4,0.00029470413574017584,31.675697326660156,0.06540074944496155
ambience_000196.pt,0,room,4,0.0002703350328374654,32.3751220703125,0.08409067988395691
ambience_000197.pt,0,room,4,0.0002585905895102769,32.46946716308594,0.07864649593830109
ambience_000198.pt,0,room,4,0.0002851886674761772,32.16068649291992,0.0952235534787178
ambience_000199.pt,0,room,4,0.00027537255664356053,31.688833236694336,0.10911349207162857
ambience_000200.pt,0,room,4,0.0002962455328088254,31.780349731445312,0.08467809855937958
ambience_000201.pt,0,room,4,0.0003184089146088809,31.660751342773438,0.10009250044822693
ambience_000202.pt,0,room,4,0.0003064303891733289,31.628280639648438,0.10480107367038727
ambience_000203.pt,0,room,4,0.000312987802317366,32.18550491333008,0.08527997136116028
ambience_000204.pt,0,room,4,0.00029659667052328587,31.88552474975586,0.07306522876024246
ambience_000205.pt,0,room,4,0.00024511993979103863,31.768566131591797,0.10998356342315674
ambience_000206.pt,0,room,4,0.000247558782575652,32.92048645019531,0.08465080708265305
ambience_000207.pt,0,room,4,0.00022923202777747065,32.32651901245117,0.22062388062477112
ambience_000208.pt,0,room,4,0.000276886741630733,31.96229362487793,0.48658236861228943
ambience_000209.pt,0,room,4,0.0002378382778260857,32.29478454589844,0.08233015984296799
ambience_000210.pt,0,room,4,0.0002882524859160185,31.963558197021484,0.11149473488330841
ambience_000211.pt,0,room,4,0.0002864614361897111,31.9399356842041,0.07080201804637909
ambience_000212.pt,0,room,4,0.00025451451074332,32.56816864013672,0.06698090583086014
ambience_000213.pt,0,room,4,0.0002730419801082462,31.880783081054688,0.1581275314092636
ambience_000214.pt,0,room,4,0.00026341702323406935,32.34650421142578,0.49465617537498474
ambience_000215.pt,0,room,4,0.00024113939434755594,31.93384552001953,0.06880005449056625
ambience_000216.pt,0,room,4,0.00021927754278294742,32.938690185546875,0.09073891490697861
ambience_000217.pt,0,room,4,0.00022356149565894157,32.401702880859375,0.06424770504236221
ambience_000218.pt,0,room,4,0.00024318839132320136,31.885730743408203,0.07406040281057358
ambience_000219.pt,0,room,4,0.0002842133108060807,32.157012939453125,0.17295166850090027
ambience_000220.pt,0,room,4,0.0002454777422826737,32.390960693359375,0.08204662799835205
ambience_000221.pt,0,room,4,0.0002218096051365137,32.137046813964844,0.0738741084933281
ambience_000222.pt,0,room,4,0.00022830507077742368,32.036773681640625,0.08932361751794815
ambience_000223.pt,0,room,4,0.0002311939897481352,32.376007080078125,0.0772126242518425
ambience_000224.pt,0,room,4,0.00022419913148041815,32.56266784667969,0.07312730699777603
ambience_000225.pt,0,room,4,0.0002815038023982197,32.088043212890625,0.08357547968626022
ambience_000226.pt,0,room,4,0.00023995223455131054,32.41900634765625,0.07851386070251465
ambience_000227.pt,0,room,4,0.00027519004652276635,31.874954223632812,0.11578988283872604
ambience_000228.pt,0,room,4,0.0002690659021027386,32.154293060302734,0.07919292151927948
ambience_000229.pt,0,Yarkon rosh zipor,5,0.00019769805658143014,34.59461975097656,1.3356832265853882
ambience_000230.pt,0,Yarkon rosh zipor,5,2.1726275008404627e-05,37.481719970703125,2.6308813095092773
ambience_000231.pt,0,Yarkon rosh zipor,5,8.235290806624107e-06,41.31790542602539,1.916569709777832
ambience_000232.pt,0,Yarkon rosh zipor,5,3.963718700106256e-05,40.95432662963867,1.2151119709014893
ambience_000233.pt,0,Yarkon rosh zipor,5,3.6300760257290676e-05,39.64224624633789,0.5318863987922668
ambience_000234.pt,0,Yarkon rosh zipor,5,7.680854650971014e-06,37.92851638793945,0.8135486841201782
ambience_000235.pt,0,Yarkon rosh zipor,5,1.5813149730092846e-05,36.792144775390625,0.4017384946346283
ambience_000236.pt,0,Yarkon rosh zipor,5,2.406781459285412e-05,37.12315368652344,0.4063945710659027
ambience_000237.pt,0,Yarkon rosh zipor,5,4.506241748458706e-05,35.72697067260742,0.3109843134880066
ambience_000238.pt,0,Yarkon rosh zipor,5,3.012065644725226e-05,36.304073333740234,0.4795042872428894
ambience_000239.pt,0,Yarkon rosh zipor,5,1.0512771950743627e-05,37.35875701904297,0.17704880237579346
ambience_000240.pt,0,Yarkon rosh zipor,5,1.2407788744894788e-05,37.236263275146484,1.224774718284607
ambience_000241.pt,0,Yarkon rosh zipor,5,1.4637182175647467e-05,36.53657150268555,2.334447145462036
ambience_000242.pt,0,Yarkon rosh zipor,5,1.114793758461019e-05,38.093772888183594,0.7818253636360168
ambience_000243.pt,0,Yarkon rosh zipor,5,1.9231772967032157e-05,37.69892501831055,1.267008900642395
ambience_000244.pt,0,Yarkon rosh zipor,5,1.5657342373742722e-05,38.90457534790039,1.664685606956482
ambience_000245.pt,0,Yarkon rosh zipor,5,1.530752888356801e-05,37.64311599731445,0.33865559101104736
ambience_000246.pt,0,Yarkon rosh zipor,5,1.0684659173421096e-05,37.952327728271484,0.25082728266716003
ambience_000247.pt,0,Yarkon rosh zipor,5,1.2309871635807212e-05,37.55982208251953,0.24313640594482422
ambience_000248.pt,0,Yarkon rosh zipor,5,1.5105842976481654e-05,37.63766098022461,0.32765641808509827
ambience_000249.pt,0,Yarkon rosh zipor,5,2.592492091935128e-05,38.74160385131836,0.6029044389724731
ambience_000250.pt,0,Yarkon rosh zipor,5,1.4406803529709578e-05,39.9970703125,0.234511598944664
ambience_000251.pt,0,Yarkon rosh zipor,5,1.8819677279680036e-05,37.16889953613281,0.29296281933784485
ambience_000252.pt,0,Yarkon rosh zipor,5,1.542034988233354e-05,37.593589782714844,0.8331970572471619
ambience_000253.pt,0,Yarkon rosh zipor,5,4.516717581282137e-06,42.03482437133789,4.706691741943359
ambience_000254.pt,0,Yarkon rosh zipor,5,5.768791652371874e-06,38.63411331176758,0.797127902507782
ambience_000255.pt,0,Yarkon rosh zipor,5,6.408910849131644e-06,38.484283447265625,0.40722566843032837
ambience_000256.pt,0,Yarkon rosh zipor,5,6.998636308708228e-06,37.982215881347656,0.4458852708339691
ambience_000257.pt,0,Yarkon rosh zipor,5,1.804090970836114e-05,37.39402770996094,3.792560577392578
ambience_000258.pt,0,Yarkon rosh zipor,5,1.7316646335530095e-05,37.6563835144043,1.5891530513763428
ambience_000259.pt,0,Yarkon rosh zipor,5,6.736451177857816e-05,36.13895034790039,0.9246917366981506
ambience_000260.pt,0,Yarkon rosh zipor,5,1.544259794172831e-05,37.24713897705078,0.5059242248535156
ambience_000261.pt,0,Yarkon rosh zipor,5,5.762728505942505e-06,39.24244689941406,1.8313844203948975
ambience_000262.pt,0,Yarkon rosh zipor,5,1.3225700058683287e-05,37.62023162841797,1.817099690437317
ambience_000263.pt,0,Yarkon rosh zipor,5,2.2409714802051894e-05,37.451961517333984,0.6323458552360535
ambience_000264.pt,0,Yarkon rosh zipor,5,2.519866029615514e-05,36.803863525390625,0.6210097074508667
ambience_000265.pt,0,Yarkon rosh zipor,5,3.0325947591336444e-05,36.737892150878906,1.0444755554199219
ambience_000266.pt,0,Yarkon rosh zipor,5,2.7733507522498257e-05,36.51495361328125,1.218237042427063
ambience_000267.pt,0,Yarkon rosh zipor,5,4.158258889219724e-06,41.06944274902344,3.7144131660461426
ambience_000268.pt,0,Yarkon rosh zipor,5,7.333609119086759e-06,39.28400421142578,2.5543253421783447
ambience_000269.pt,0,Yarkon rosh zipor,5,1.6831001630635e-05,37.99767303466797,2.0607428550720215
ambience_000270.pt,0,Yarkon rosh zipor,5,1.4528839528793469e-05,39.87731170654297,1.028329610824585
ambience_000271.pt,0,Yarkon rosh zipor,5,5.227802375884494e-06,40.15837860107422,1.4781804084777832
ambience_000272.pt,0,Yarkon rosh zipor,5,1.7370479326928034e-05,37.392539978027344,1.0390921831130981
ambience_000273.pt,0,Yarkon rosh zipor,5,8.196005182981025e-06,39.02299880981445,1.4296092987060547
ambience_000274.pt,0,Yarkon rosh zipor,5,9.58931468630908e-06,38.75489807128906,1.251456379890442
ambience_000275.pt,0,Yarkon rosh zipor,5,1.2110838724765927e-05,38.68988037109375,3.055452823638916
ambience_000276.pt,0,Yarkon rosh zipor,5,3.348042082507163e-05,35.04509353637695,0.6752737164497375
ambience_000277.pt,0,Yarkon rosh zipor,5,3.0122286261757836e-05,34.620567321777344,0.8388934135437012
ambience_000278.pt,0,Yarkon rosh zipor,5,3.3107651688624173e-05,44.83290100097656,2.997213125228882
ambience_000279.pt,0,Yarkon rosh zipor,5,5.081210474600084e-06,39.933719635009766,1.8225386142730713
ambience_000280.pt,0,Yarkon rosh zipor,5,1.2422967301972676e-05,38.98395538330078,2.444066286087036
ambience_000281.pt,0,Yarkon rosh zipor,5,7.429693141602911e-06,41.43843078613281,2.050076484680176
ambience_000282.pt,0,Yarkon rosh zipor,5,9.819383194553666e-06,39.08965301513672,0.32152050733566284
ambience_000283.pt,0,Yarkon rosh zipor,5,1.0322373782400973e-05,38.372196197509766,2.6239030361175537
ambience_000284.pt,0,Yarkon rosh zipor,5,9.498380677541718e-06,38.06945037841797,1.5865364074707031
ambience_000285.pt,0,Yarkon rosh zipor,5,4.668910150940064e-06,40.384979248046875,3.81276798248291
ambience_000286.pt,0,Yarkon rosh zipor,5,7.257165998453274e-05,35.49365997314453,0.4594040513038635
ambience_000287.pt,0,Yarkon rosh zipor,5,3.7524441722780466e-05,35.3541374206543,0.3015892207622528
ambience_000288.pt,0,Yarkon rosh zipor,5,4.29529209213797e-05,34.57944869995117,0.3673841655254364
ambience_000289.pt,0,Yarkon rosh zipor,5,5.0146471039624885e-05,33.79123306274414,1.6297104358673096
ambience_000290.pt,0,Yarkon rosh zipor,5,5.889756357646547e-05,33.062068939208984,1.5551270246505737
ambience_000291.pt,0,Yarkon rosh zipor,5,2.9688721951970365e-06,38.53359603881836,8.290435791015625
ambience_000292.pt,0,Yarkon rosh zipor,5,3.0232720746425912e-05,36.930484771728516,0.4991728365421295
ambience_000293.pt,0,Yarkon rosh zipor,5,4.801292107003974e-06,38.620262145996094,2.4799509048461914
ambience_000294.pt,0,Yarkon rosh zipor,5,6.2656099544255994e-06,38.60299301147461,2.414599657058716
ambience_000295.pt,0,Yarkon rosh zipor,5,3.108409873675555e-05,36.69466018676758,0.2587173879146576
ambience_000296.pt,0,Yarkon rosh zipor,5,2.8608067168534035e-06,41.23426055908203,2.2079052925109863
ambience_000297.pt,0,Yarkon rosh zipor,5,4.6432807721430436e-05,34.19000244140625,1.8292393684387207
ambience_000298.pt,0,Yarkon rosh zipor,5,2.106330794049427e-05,36.66353988647461,0.2660163640975952
ambience_000299.pt,0,Yarkon rosh zipor,5,5.579135631705867e-06,39.5262336730957,2.0505738258361816
ambience_000300.pt,0,Yarkon rosh zipor,5,1.9748993508983403e-05,37.636932373046875,0.8038169145584106
ambience_000301.pt,0,Yarkon rosh zipor,5,3.6169146824249765e-06,39.8468017578125,3.5623443126678467
ambience_000302.pt,0,Yarkon rosh zipor,5,6.0761365602957085e-05,35.33665084838867,1.57204008102417
ambience_000303.pt,0,Yarkon rosh zipor,5,1.3417665286397096e-05,37.89959716796875,1.2326841354370117
drone_000092.pt,1,Yarkon,6,0.0036341871600598097,26.221559524536133,13.782671928405762
drone_000093.pt,1,Yarkon,6,0.01565590687096119,20.475605010986328,6.680217266082764
drone_000094.pt,1,Yarkon,6,0.015270059928297997,26.179046630859375,0.39836201071739197
drone_000095.pt,1,Yarkon,6,0.03358565643429756,25.60977554321289,2.1387362480163574
drone_000096.pt,1,Yarkon,6,0.022535890340805054,25.810461044311523,2.586449146270752
drone_000097.pt,1,Yarkon,6,0.02132439985871315,20.066848754882812,0.18846215307712555
drone_000098.pt,1,Yarkon,6,0.01986721158027649,21.337017059326172,0.21049289405345917
drone_000099.pt,1,Yarkon,6,0.019867774099111557,22.369781494140625,0.3610910475254059
drone_000100.pt,1,Yarkon,6,0.0011784335365518928,30.670190811157227,0.2652089595794678
drone_000101.pt,1,Yarkon,6,9.88959291134961e-05,37.02239227294922,0.1864069104194641
drone_000102.pt,1,Yarkon,6,0.003098954912275076,33.60736083984375,0.28278446197509766
drone_000103.pt,1,Yarkon,6,0.03562562167644501,18.02989959716797,0.13720211386680603
drone_000104.pt,1,Yarkon,6,0.028104595839977264,18.49152374267578,0.2095441371202469
drone_000105.pt,1,Yarkon,6,0.0066104852594435215,22.903057098388672,6.142218112945557
drone_000106.pt,1,Yarkon,6,3.424136957619339e-05,33.087100982666016,19.460004806518555
drone_000107.pt,1,Yarkon,6,4.354683824203676e-06,34.177982330322266,34.90696716308594
drone_000108.pt,1,Yarkon,6,3.676004052977078e-05,37.5088005065918,15.472641944885254
drone_000109.pt,1,Yarkon,6,0.00018609162361826748,30.861536026000977,3.638228178024292
drone_000110.pt,1,Yarkon,6,5.934174623689614e-05,29.721038818359375,27.65468406677246
drone_000111.pt,1,Yarkon,6,8.87717615114525e-05,35.50713348388672,1.069225788116455
drone_000112.pt,1,Yarkon,6,0.00017225457122549415,23.450647354125977,18.822282791137695
drone_000113.pt,1,Yarkon,6,0.0006213164306245744,27.509750366210938,5.349060535430908
drone_000114.pt,1,Yarkon,6,0.0019345359178259969,26.508115768432617,2.96047306060791
drone_000115.pt,1,Yarkon,6,0.004764127545058727,31.7064151763916,29.354995727539062
drone_000116.pt,1,Yarkon,6,4.4386115405359305e-07,45.90172576904297,8.243390083312988
drone_000117.pt,1,Yarkon,6,1.3995077319250981e-09,62.02301025390625,1.21829092502594
drone_000118.pt,1,Yarkon,6,6.550429976215355e-09,53.1240348815918,50.1817741394043
drone_000119.pt,1,Yarkon,6,2.328967685372163e-09,63.04743576049805,38.0927734375
drone_000120.pt,1,Yarkon,6,1.5163592603784082e-11,76.22335815429688,3.104039192199707
drone_000121.pt,1,Yarkon,6,1.0061063093758094e-09,62.17170715332031,9.789196968078613
drone_000122.pt,1,Yarkon,6,4.2220382745483676e-09,66.4783706665039,4.065731048583984
drone_000123.pt,1,Yarkon,6,3.0260443963925354e-06,39.44954299926758,27.271841049194336
drone_000124.pt,1,Yarkon,6,0.02499592863023281,30.278226852416992,6.844811916351318
drone_000125.pt,1,Yarkon,6,0.004334636963903904,35.12218475341797,3.4368839263916016
drone_000126.pt,1,Yarkon,6,0.00012717724894173443,34.344703674316406,15.762031555175781
drone_000127.pt,1,Yarkon,6,0.026164734736084938,23.6131591796875,3.951641798019409
drone_000128.pt,1,Yarkon,6,0.0024708842393010855,28.596271514892578,7.366053581237793
drone_000129.pt,1,Yarkon,6,0.0007187959854491055,29.852325439453125,28.083742141723633
drone_000130.pt,1,Yarkon,6,0.000831578450743109,31.959213256835938,4.645843982696533
drone_000131.pt,1,Yarkon,6,2.844108166755177e-07,48.72117614746094,7.0564703941345215
drone_000132.pt,1,Yarkon,6,1.8485823716218874e-07,51.586002349853516,2.867727756500244
drone_000133.pt,1,Yarkon,6,4.123973485548049e-05,37.410430908203125,12.380277633666992
drone_000134.pt,1,Yarkon,6,6.22080551693216e-05,35.834163665771484,2.9587514400482178
drone_000135.pt,1,Yarkon,6,1.9057941926803323e-06,49.053863525390625,4.680688381195068
drone_000136.pt,1,Yarkon,6,4.7516061840724433e-07,50.689090728759766,1.4494425058364868
drone_000137.pt,1,Yarkon,6,7.437112259367495e-08,54.02165985107422,3.802334785461426
drone_000138.pt,1,Yarkon,6,6.872259650236856e-09,57.984317779541016,2.0027174949645996
drone_000139.pt,1,Yarkon,6,1.6879608821795955e-09,65.48643493652344,1.0883170366287231
drone_000140.pt,1,Yarkon,6,9.332358885671965e-09,61.80741500854492,1.5843844413757324
drone_000141.pt,1,Yarkon,6,1.1965555131610017e-05,38.907108306884766,2.8475024700164795
drone_000142.pt,1,Yarkon,6,8.584423767388216e-07,48.170433044433594,5.208635330200195
drone_000143.pt,1,Yarkon,6,1.1051591286559415e-07,52.21039962768555,2.0955917835235596
drone_000144.pt,1,Yarkon,6,9.282126484322362e-06,46.26415252685547,2.9409713745117188
drone_000145.pt,1,Yarkon,6,1.9279761431789666e-07,52.06117630004883,5.302183151245117
drone_000146.pt,1,Yarkon,6,3.731674098617077e-07,47.506038665771484,6.625080108642578
drone_000147.pt,1,Yarkon,6,3.618840128183365e-05,40.55073928833008,19.922069549560547
drone_000148.pt,1,Yarkon,6,7.134387851692736e-05,38.49175262451172,1.246659517288208
drone_000149.pt,1,Yarkon,6,5.5396263633156195e-05,44.13887405395508,2.33406925201416
drone_000150.pt,1,Yarkon,6,0.0002985274768434465,31.66437530517578,7.758833885192871
drone_000151.pt,1,Yarkon,6,7.441470728508648e-08,58.01593780517578,3.5216054916381836
drone_000152.pt,1,Yarkon,6,9.933690989782917e-07,47.218910217285156,4.716115474700928
drone_000153.pt,1,Yarkon,6,0.00188784534111619,30.935815811157227,70.75627136230469
drone_000154.pt,1,Yarkon,6,0.0023049446754157543,37.49996566772461,19.703693389892578
drone_000155.pt,1,Yarkon,6,0.004326649475842714,25.564090728759766,2.226306676864624
drone_000156.pt,1,Yarkon,6,3.719024243764579e-05,36.057273864746094,12.032429695129395
drone_000157.pt,1,Yarkon,6,4.681299105868675e-05,38.86182403564453,4.04220724105835
drone_000158.pt,1,Yarkon,6,0.00259319762699306,26.383346557617188,3.4892635345458984
drone_000159.pt,1,Yarkon,6,0.001408495707437396,29.309431076049805,6.471033573150635
drone_000160.pt,1,Yarkon,6,0.0008169226348400116,33.62709045410156,8.71607780456543
drone_000161.pt,1,Yarkon,6,7.608262239955366e-05,32.588741302490234,17.56487464904785
drone_000162.pt,1,Yarkon,6,8.729164255782962e-05,43.45172882080078,18.425687789916992
drone_000163.pt,1,Yarkon,6,7.542772436863743e-06,40.95577621459961,9.82151985168457
drone_000164.pt,1,Yarkon,6,6.522820513055194e-06,52.24215316772461,1.2646281719207764
drone_000165.pt,1,Yarkon,6,0.00010372353426646441,36.31417465209961,13.788013458251953
drone_000166.pt,1,Yarkon,6,5.649230661219917e-05,43.23822021484375,22.97701072692871
drone_000167.pt,1,Yarkon,6,6.556296483495316e-08,58.867271423339844,2.5539820194244385
drone_000168.pt,1,Yarkon,6,6.099172367157735e-08,51.62717819213867,4.943512439727783
drone_000169.pt,1,Yarkon,6,5.551487713972847e-09,63.99973678588867,5.352989673614502
drone_000170.pt,1,Yarkon,6,4.547407002064574e-07,51.00059127807617,0.7097833156585693
drone_000171.pt,1,Yarkon rosh zipor,7,0.007664431352168322,24.489120483398438,0.8597227334976196
drone_000172.pt,1,Yarkon rosh zipor,7,0.014558540657162666,24.578960418701172,0.4291381537914276
drone_000173.pt,1,Yarkon rosh zipor,7,0.033189453184604645,19.300735473632812,0.4461260139942169
drone_000174.pt,1,Yarkon rosh zipor,7,0.021222589537501335,19.527606964111328,0.382713258266449
drone_000175.pt,1,Yarkon rosh zipor,7,0.012510023079812527,20.018123626708984,0.23513337969779968
drone_000176.pt,1,Yarkon rosh zipor,7,0.03977138549089432,19.742813110351562,0.5636077523231506
drone_000177.pt,1,Yarkon rosh zipor,7,0.03384587913751602,21.028045654296875,0.7033329606056213
drone_000178.pt,1,Yarkon rosh zipor,7,0.037536099553108215,22.841537475585938,0.4924110770225525
drone_000179.pt,1,Yarkon rosh zipor,7,0.009517171420156956,21.925209045410156,0.48033997416496277
drone_000180.pt,1,Yarkon rosh zipor,7,0.05210522189736366,17.103221893310547,0.30175280570983887
drone_000181.pt,1,Yarkon rosh zipor,7,0.04329182580113411,23.335769653320312,0.21072570979595184
drone_000182.pt,1,Yarkon rosh zipor,7,0.025926770642399788,21.881282806396484,0.5074872374534607
drone_000183.pt,1,Yarkon rosh zipor,7,0.014581057243049145,22.233612060546875,0.4541993737220764
drone_000184.pt,1,Yarkon rosh zipor,7,0.0068169147707521915,24.88235855102539,7.165477752685547
drone_000185.pt,1,Yarkon rosh zipor,7,0.01126535888761282,21.46097183227539,3.108948230743408
drone_000186.pt,1,Yarkon rosh zipor,7,0.0019582321401685476,25.010934829711914,1.1516430377960205
drone_000187.pt,1,Yarkon rosh zipor,7,0.003987173084169626,29.311071395874023,9.461947441101074
drone_000188.pt,1,Yarkon rosh zipor,7,0.002135088900104165,23.344833374023438,2.6435317993164062
drone_000189.pt,1,Yarkon rosh zipor,7,0.00028656289214268327,28.359405517578125,0.7368173003196716
drone_000190.pt,1,Yarkon rosh zipor,7,0.0004848542739637196,24.89054298400879,1.238120436668396
drone_000191.pt,1,Yarkon rosh zipor,7,3.979896428063512e-05,31.171913146972656,4.3335089683532715
drone_000192.pt,1,Yarkon rosh zipor,7,0.0018262057565152645,25.800783157348633,0.6344310641288757
drone_000193.pt,1,Yarkon rosh zipor,7,0.002945496467873454,20.35004425048828,1.0957294702529907
drone_000194.pt,1,Yarkon rosh zipor,7,0.0009843469597399235,29.91354751586914,6.531099319458008
drone_000195.pt,1,Yarkon rosh zipor,7,4.0359420381719247e-05,30.076147079467773,3.290907144546509
drone_000196.pt,1,Yarkon rosh zipor,7,0.0007076180190779269,25.985225677490234,3.28564190864563
drone_000197.pt,1,Yarkon rosh zipor,7,0.0024376194924116135,22.513349533081055,2.8488917350769043
drone_000198.pt,1,Yarkon rosh zipor,7,0.002446975326165557,22.612197875976562,2.3711042404174805
drone_000199.pt,1,Yarkon rosh zipor,7,0.0012168087996542454,25.0399169921875,1.2519134283065796
drone_000200.pt,1,Yarkon rosh zipor,7,0.0005621597520075738,25.457359313964844,3.2465474605560303
drone_000201.pt,1,Yarkon rosh zipor,7,0.00041116619831882417,26.33454704284668,3.442749261856079
drone_000202.pt,1,Yarkon rosh zipor,7,0.00043345175799913704,27.417451858520508,2.3923568725585938
drone_000203.pt,1,Yarkon rosh zipor,7,0.012564652599394321,19.660303115844727,5.7896223068237305
drone_000204.pt,1,Yarkon rosh zipor,7,0.004995845723897219,20.294801712036133,5.162698268890381
drone_000205.pt,1,Yarkon rosh zipor,7,0.001032662345096469,27.05634880065918,1.6386955976486206
drone_000206.pt,1,Yarkon rosh zipor,7,0.0018943350296467543,26.49635124206543,4.341443061828613
drone_000207.pt,1,Yarkon rosh zipor,7,0.0003335726505611092,26.76744842529297,4.376930236816406
drone_000208.pt,1,Yarkon rosh zipor,7,0.0009983819909393787,25.05674171447754,2.6673693656921387
drone_000209.pt,1,Yarkon rosh zipor,7,0.0011201649904251099,27.13494110107422,8.082423210144043
drone_000210.pt,1,Yarkon rosh zipor,7,0.00466513354331255,22.891691207885742,1.111497402191162
drone_000211.pt,1,Yarkon rosh zipor,7,0.00801740400493145,22.962167739868164,4.780752182006836
drone_000212.pt,1,Yarkon rosh zipor,7,0.00014075024228077382,32.208824157714844,2.809164524078369
drone_000213.pt,1,Yarkon rosh zipor,7,2.4930657673394307e-05,35.18892288208008,1.6667715311050415
drone_000214.pt,1,Yarkon rosh zipor,7,8.854828047333285e-05,29.380617141723633,5.23109769821167
drone_000215.pt,1,Yarkon rosh zipor,7,0.00016148595022968948,30.78727149963379,6.024813175201416
drone_000216.pt,1,Yarkon rosh zipor,7,0.0005995417013764381,28.727466583251953,5.283967018127441
drone_000217.pt,1,Yarkon rosh zipor,7,0.00011496893421281129,27.434768676757812,7.649614334106445
drone_000218.pt,1,Yarkon rosh zipor,7,0.00024372620100621134,27.121448516845703,2.3294084072113037
drone_000219.pt,1,Yarkon rosh zipor,7,4.5639739255420864e-05,36.11038589477539,4.25300931930542
drone_000220.pt,1,Yarkon rosh zipor,7,0.00024226984533015639,27.571903228759766,1.227829933166504
drone_000221.pt,1,Yarkon rosh zipor,7,0.0002501776034478098,27.811880111694336,4.746279239654541
drone_000222.pt,1,Yarkon rosh zipor,7,0.002117724856361747,23.833683013916016,1.3078316450119019
drone_000223.pt,1,Yarkon rosh zipor,7,0.0005783916567452252,31.36139678955078,4.520956039428711
drone_000224.pt,1,Yarkon rosh zipor,7,0.001754089375026524,24.098278045654297,2.231161117553711
drone_000225.pt,1,Yarkon rosh zipor,7,7.986037235241383e-05,29.902103424072266,7.369804382324219
drone_000226.pt,1,Yarkon rosh zipor,7,0.00017247158393729478,26.911945343017578,2.3030521869659424
drone_000227.pt,1,Yarkon rosh zipor,7,0.0002494456130079925,29.318593978881836,2.339484453201294
drone_000228.pt,1,Yarkon rosh zipor,7,5.524923835764639e-05,30.12672233581543,2.6165659427642822
drone_000229.pt,1,Yarkon rosh zipor,7,0.0002073332289000973,30.233240127563477,1.2280631065368652
drone_000230.pt,1,Yarkon rosh zipor,7,0.0002463243145029992,28.981800079345703,2.4568886756896973
drone_000231.pt,1,Yarkon rosh zipor,7,3.0381494070752524e-05,32.92902755737305,4.733161926269531
drone_000232.pt,1,Yarkon rosh zipor,7,0.0001052483930834569,26.515445709228516,21.36589241027832
drone_000233.pt,1,Yarkon rosh zipor,7,0.0006538829184137285,27.819091796875,3.664463996887207
drone_000234.pt,1,Yarkon rosh zipor,7,0.0015887947520241141,24.625762939453125,3.3285763263702393
drone_000235.pt,1,Yarkon rosh zipor,7,0.002932540141046047,25.97886085510254,4.992563724517822
drone_000236.pt,1,Yarkon rosh zipor,7,0.0015961084282025695,26.176876068115234,1.178885817527771
drone_000237.pt,1,Yarkon rosh zipor,7,0.0004713998641818762,28.314149856567383,3.922079086303711
drone_000238.pt,1,Yarkon rosh zipor,7,6.265162664931267e-05,30.40387725830078,2.8109025955200195
drone_000239.pt,1,Yarkon rosh zipor,7,0.0008616780396550894,29.43198585510254,19.945676803588867
drone_000240.pt,1,Yarkon rosh zipor,7,0.0009010435314849019,28.848899841308594,1.244279146194458
drone_000241.pt,1,Yarkon rosh zipor,7,0.0007051930879242718,27.544418334960938,2.546457529067993
drone_000242.pt,1,Yarkon rosh zipor,7,0.0003713448822963983,28.806808471679688,3.519986152648926
drone_000243.pt,1,Yarkon rosh zipor,7,0.00043760964763350785,25.839733123779297,3.1988844871520996
drone_000244.pt,1,Yarkon rosh zipor,7,0.0007413401617668569,28.2822265625,4.57547664642334
drone_000245.pt,1,Yarkon rosh zipor,7,0.0010667539900168777,26.20062255859375,2.7474615573883057
drone_000246.pt,1,Yarkon rosh zipor,7,0.0008812934975139797,23.70782470703125,1.471886157989502
drone_000247.pt,1,Yarkon rosh zipor,7,0.00034596980549395084,28.437156677246094,4.2730207443237305
drone_000248.pt,1,Yarkon rosh zipor,7,0.0002332162985112518,26.873878479003906,3.7401318550109863
drone_000249.pt,1,Yarkon rosh zipor,7,1.81382019945886e-05,33.74213409423828,6.486396312713623
drone_000250.pt,1,Yarkon rosh zipor,7,0.002560329157859087,23.800310134887695,3.833160638809204
drone_000251.pt,1,Yarkon rosh zipor,7,0.08337728679180145,29.377010345458984,2.0988543033599854
ambience_000304.pt,0,Yarkon,8,0.00012301922834012657,37.71738052368164,8.177074432373047
ambience_000305.pt,0,Yarkon,8,4.0053077100310475e-05,38.5293083190918,20.64777183532715
ambience_000306.pt,0,Yarkon,8,0.00015724680270068347,43.81486129760742,21.04637336730957
ambience_000307.pt,0,Yarkon,8,0.0011959190014749765,25.127531051635742,2.3795855045318604
ambience_000308.pt,0,Yarkon,8,2.0169363779132254e-05,49.94609069824219,1.146704912185669
ambience_000309.pt,0,Yarkon,8,0.00012823680299334228,31.480777740478516,0.3217400908470154
ambience_000310.pt,0,Yarkon,8,0.00010352821846026927,34.91026306152344,2.2305748462677
ambience_000311.pt,0,Yarkon,8,0.00024748826399445534,31.28304672241211,10.022246360778809
ambience_000312.pt,0,Yarkon,8,0.0016104128444567323,34.47065734863281,14.604497909545898
ambience_000313.pt,0,Yarkon,8,0.0004058366175740957,32.968116760253906,15.634963989257812
ambience_000314.pt,0,Yarkon,8,0.0006719803786836565,25.587238311767578,6.958095073699951
ambience_000315.pt,0,Yarkon,8,0.0009428120101802051,26.494281768798828,16.623737335205078
ambience_000316.pt,0,Yarkon,8,0.001480049337260425,22.806514739990234,5.50639009475708
ambience_000317.pt,0,Yarkon,8,0.0015858222031965852,21.380508422851562,2.7661471366882324
ambience_000318.pt,0,Yarkon,8,0.0008827478741295636,24.064559936523438,9.097918510437012
ambience_000319.pt,0,Yarkon,8,0.0009077765862457454,29.504289627075195,22.586610794067383
ambience_000320.pt,0,Yarkon,8,0.0006964412750676274,25.248130798339844,1.3237202167510986
ambience_000321.pt,0,Yarkon,8,0.0009496695711277425,25.2379150390625,3.576366901397705
ambience_000322.pt,0,Yarkon,8,0.0005560300196520984,25.48899269104004,1.2001193761825562
ambience_000323.pt,0,Yarkon,8,0.000330102804582566,29.064523696899414,0.8807078003883362
ambience_000324.pt,0,Yarkon,8,0.0003977715387009084,37.80956268310547,1.8825550079345703
ambience_000325.pt,0,Yarkon,8,0.000588238297495991,30.225080490112305,1.241922378540039
ambience_000326.pt,0,Yarkon,8,0.00016622128896415234,38.51350402832031,0.41093161702156067
ambience_000327.pt,0,Yarkon,8,0.0007844167994335294,26.405179977416992,0.7549999952316284
ambience_000328.pt,0,Yarkon,8,5.744986265199259e-05,37.01582717895508,2.827296257019043
ambience_000329.pt,0,Yarkon,8,6.920516170794144e-06,45.822391510009766,2.894774913787842
ambience_000330.pt,0,Yarkon,8,8.885356510290876e-05,34.010860443115234,4.285571098327637
ambience_000331.pt,0,Yarkon,8,0.0004907849943265319,28.906108856201172,1.6402963399887085
ambience_000332.pt,0,Yarkon,8,0.0007518779602833092,34.1361198425293,1.8113603591918945
ambience_000333.pt,0,Yarkon,8,0.00010527333506615832,34.31012725830078,1.0254998207092285
ambience_000334.pt,0,Yarkon,8,0.0001576243812451139,33.96813201904297,0.5612004995346069
ambience_000335.pt,0,Yarkon,8,2.391993439232465e-05,43.56940460205078,0.28264352679252625
ambience_000336.pt,0,Yarkon,8,6.817243411205709e-05,34.76687240600586,9.262748718261719
ambience_000337.pt,0,Yarkon,8,5.297899042489007e-05,33.51042938232422,5.603606700897217
ambience_000338.pt,0,Yarkon,8,4.0182269003707916e-05,33.92778015136719,2.5315308570861816
ambience_000339.pt,0,Yarkon,8,0.00010061614739242941,31.20072364807129,1.0711185932159424
ambience_000340.pt,0,Yarkon,8,3.368947363924235e-05,35.36522674560547,2.5026650428771973
ambience_000341.pt,0,Yarkon,8,1.4523108802677598e-05,35.073123931884766,1.4976725578308105
ambience_000342.pt,0,Yarkon,8,5.764899105997756e-05,32.8726806640625,0.2519420087337494
ambience_000343.pt,0,Yarkon,8,0.00024937448324635625,31.949878692626953,0.4429318606853485
ambience_000344.pt,0,Yarkon,8,0.00017997875693254173,29.819622039794922,0.4714837074279785
ambience_000345.pt,0,Yarkon,8,0.001918913796544075,20.879756927490234,1.0378819704055786
ambience_000346.pt,0,Yarkon,8,0.002410795772448182,20.676227569580078,2.149651050567627
ambience_000347.pt,0,Yarkon,8,0.0016940406057983637,22.139631271362305,3.229363441467285
ambience_000348.pt,0,Yarkon,8,0.0012577311135828495,26.451446533203125,1.9865870475769043
ambience_000349.pt,0,Yarkon,8,0.0013926280662417412,26.736328125,0.46447375416755676
ambience_000350.pt,0,Yarkon,8,0.0008486048900522292,24.304784774780273,1.1463292837142944
ambience_000351.pt,0,Yarkon,8,0.0006762553821317852,26.48250961303711,2.6025145053863525
ambience_000352.pt,0,Yarkon,8,0.0008095139637589455,24.192472457885742,1.022607445716858
ambience_000353.pt,0,Yarkon,8,0.0009481310262344778,22.769798278808594,0.6894371509552002
ambience_000354.pt,0,Yarkon,8,0.0013373505789786577,22.761987686157227,3.3750085830688477
ambience_000355.pt,0,Yarkon,8,0.0003339032409712672,27.523487091064453,0.9892881512641907
ambience_000356.pt,0,Yarkon,8,0.00022375088883563876,29.39006805419922,0.7423110604286194
ambience_000357.pt,0,Yarkon,8,0.00020683999173343182,29.472394943237305,0.8390466570854187
ambience_000358.pt,0,Yarkon,8,0.0005763468216173351,26.050098419189453,0.7653323411941528
ambience_000359.pt,0,Yarkon,8,0.0002689329849090427,26.920978546142578,0.5915763974189758
ambience_000360.pt,0,Yarkon,8,6.137832679087296e-05,36.620384216308594,0.28117600083351135
ambience_000361.pt,0,Yarkon,8,2.1255442334222607e-05,37.3001708984375,3.4379708766937256
ambience_000362.pt,0,Yarkon,8,0.00024314128677360713,33.83955383300781,0.25528451800346375
ambience_000363.pt,0,Yarkon,8,0.00047459700726903975,30.10417938232422,0.6812176704406738
ambience_000364.pt,0,Yarkon,8,0.0005670334794558585,27.74798583984375,1.2449108362197876
ambience_000365.pt,0,Yarkon,8,0.0008137885015457869,28.3592472076416,0.42520061135292053
ambience_000366.pt,0,Yarkon,8,0.0009986048098653555,26.363811492919922,0.9442770481109619
ambience_000367.pt,0,Yarkon,8,7.184007699834183e-05,36.58660125732422,0.9163417220115662
ambience_000368.pt,0,Yarkon,8,8.1537218648009e-05,33.27113723754883,2.306609869003296
ambience_000369.pt,0,Yarkon,8,5.951008279225789e-05,36.31880569458008,2.7418723106384277
ambience_000370.pt,0,Yarkon,8,7.811286195646971e-07,47.77476119995117,6.2302398681640625
ambience_000371.pt,0,Yarkon,8,8.874495506461244e-06,40.725093841552734,1.601731300354004
ambience_000372.pt,0,Yarkon,8,2.669507375685498e-05,46.212955474853516,6.145392417907715
ambience_000373.pt,0,Yarkon,8,1.2218031315569533e-06,45.92128372192383,2.054091453552246
ambience_000374.pt,0,Yarkon,8,9.073228284250945e-07,50.31951904296875,1.264064908027649
ambience_000375.pt,0,Yarkon,8,4.575981438392773e-05,39.97999572753906,3.7818961143493652
ambience_000376.pt,0,Yarkon,8,0.0001711406948743388,30.869571685791016,6.848330020904541
ambience_000377.pt,0,Yarkon,8,2.0613530068658292e-05,37.2354621887207,2.289726972579956
ambience_000378.pt,0,Yarkon,8,0.00010173782357014716,36.679649353027344,7.356186389923096
ambience_000379.pt,0,Yarkon,8,0.00032504822593182325,29.404762268066406,3.4957544803619385
ambience_000380.pt,0,Yarkon,8,0.0006539871101267636,26.080276489257812,1.879666805267334
ambience_000381.pt,0,Yarkon,8,0.0008136388496495783,27.97847557067871,0.7275921702384949
ambience_000382.pt,0,Yarkon,8,0.000544393144082278,25.427339553833008,2.984804630279541
ambience_000383.pt,0,Yarkon,8,0.0011661323951557279,20.101070404052734,14.965038299560547
ambience_000384.pt,0,Yarkon,8,0.0008627274655736983,24.74340057373047,5.981378078460693
ambience_000385.pt,0,Yarkon,8,0.0007151298341341317,25.835533142089844,6.587076663970947
ambience_000386.pt,0,Yarkon,8,0.0006514214910566807,33.18285369873047,7.623141288757324
ambience_000387.pt,0,Yarkon,8,0.0007843620842322707,22.011661529541016,0.6312142014503479
ambience_000388.pt,0,Yarkon,8,0.0014117856044322252,20.207508087158203,0.6181117296218872
ambience_000389.pt,0,Yarkon,8,0.0009723278926685452,24.709657669067383,1.1765917539596558
ambience_000390.pt,0,Yarkon,8,0.0007941275835037231,29.83403205871582,1.3530361652374268
ambience_000391.pt,0,Yarkon,8,0.0010240704286843538,22.003971099853516,1.1457624435424805
ambience_000392.pt,0,Yarkon,8,0.0008955793455243111,26.37575340270996,0.5515276193618774
ambience_000393.pt,0,Yarkon,8,0.0009750159224495292,24.529964447021484,1.2122594118118286
ambience_000394.pt,0,Yarkon,8,0.0010493277804926038,22.938739776611328,1.381963849067688
ambience_000395.pt,0,Yarkon,8,0.0008442930993624032,24.655838012695312,1.8352328538894653
ambience_000396.pt,0,Yarkon,8,0.0007432432030327618,25.35032844543457,1.011433720588684
ambience_000397.pt,0,Yarkon,8,0.000761328381486237,25.617969512939453,0.6609818935394287
ambience_000398.pt,0,Yarkon,8,0.00037691465695388615,27.351341247558594,2.680467128753662
ambience_000399.pt,0,Yarkon,8,8.757219234212243e-07,47.91926193237305,2.5853538513183594
ambience_000400.pt,0,Yarkon,8,2.0715258870040998e-05,35.76708221435547,7.223851203918457
ambience_000401.pt,0,Yarkon,8,0.00012433045776560903,39.395111083984375,0.6597604155540466
ambience_000402.pt,0,Yarkon,8,0.00030000723199918866,29.907814025878906,0.37130409479141235
ambience_000403.pt,0,Yarkon,8,0.00043348304461687803,26.23067855834961,0.5719687938690186
ambience_000404.pt,0,Yarkon,8,0.0004936862387694418,30.073862075805664,0.7418740391731262
ambience_000405.pt,0,Yarkon,8,0.0017681644530966878,19.721237182617188,0.6019861102104187
ambience_000406.pt,0,Yarkon,8,0.001917411806061864,20.244277954101562,7.856204986572266
ambience_000407.pt,0,Yarkon,8,0.0013850870309397578,23.38357162475586,9.921623229980469
ambience_000408.pt,0,Yarkon,8,0.001038418267853558,22.90679931640625,4.470330715179443
ambience_000409.pt,0,Yarkon,8,1.1327189895382617e-05,39.84540557861328,4.054660797119141
ambience_000410.pt,0,Yarkon,8,8.702592458575964e-05,32.186546325683594,1.4549102783203125
ambience_000411.pt,0,Yarkon,8,0.00012720961240120232,31.404010772705078,0.9075680375099182
ambience_000412.pt,0,Yarkon,8,8.219669325626455e-06,36.11180877685547,3.401071071624756
ambience_000413.pt,0,Yarkon,8,3.848619144264376e-06,36.98293685913086,10.914950370788574
ambience_000414.pt,0,Yarkon,8,3.7951976992189884e-06,38.41499328613281,6.554840564727783
ambience_000415.pt,0,Yarkon,8,4.783345139003359e-05,30.64590835571289,2.5072343349456787
ambience_000416.pt,0,Yarkon,8,4.732212983071804e-05,31.77003288269043,1.9788557291030884
ambience_000417.pt,0,Yarkon,8,0.00010539146023802459,28.98343276977539,4.726668834686279
ambience_000418.pt,0,Yarkon,8,0.0007399520254693925,23.788942337036133,1.6129924058914185
ambience_000419.pt,0,Yarkon,8,0.0006094904965721071,22.907705307006836,1.5657813549041748
ambience_000420.pt,0,Yarkon,8,0.0006570653058588505,23.65816879272461,0.9078993797302246
ambience_000421.pt,0,Yarkon,8,0.0015770432073622942,18.998552322387695,1.252119541168213
ambience_000422.pt,0,Yarkon,8,0.0005294388975016773,36.23003387451172,1.6647311449050903
ambience_000423.pt,0,Yarkon,8,0.0007542995153926313,25.630088806152344,1.8946349620819092
ambience_000424.pt,0,Yarkon,8,0.0010419799946248531,23.04376220703125,0.6656374335289001
ambience_000425.pt,0,Yarkon,8,0.00014735299919266254,30.476652145385742,0.7952220439910889
ambience_000426.pt,0,Yarkon,8,0.0008683360647410154,27.17928123474121,0.5463389158248901
ambience_000427.pt,0,Yarkon,8,0.0006967225344851613,26.969722747802734,5.671900272369385
ambience_000428.pt,0,Yarkon,8,0.0002319146879017353,32.52836227416992,2.3372113704681396
ambience_000429.pt,0,Yarkon,8,1.5714838809799403e-05,38.5047721862793,7.167964458465576
ambience_000430.pt,0,Yarkon,8,1.3756310181634035e-05,41.4833869934082,16.735992431640625
ambience_000431.pt,0,Yarkon,8,2.5180652301060036e-05,48.64866256713867,0.876732587814331
ambience_000432.pt,0,Yarkon,8,2.4035824708334985e-07,46.98188781738281,7.397997856140137
ambience_000433.pt,0,Yarkon,8,4.1841045117507747e-07,46.732200622558594,1.7310925722122192
ambience_000434.pt,0,Yarkon,8,6.049474450264825e-07,49.14310836791992,1.3696845769882202
ambience_000435.pt,0,Yarkon,8,9.165833944280166e-06,40.2751579284668,1.2433929443359375
ambience_000436.pt,0,Yarkon,8,6.981622573221102e-05,36.29743576049805,0.6007152795791626
ambience_000437.pt,0,Yarkon,8,3.473617482541158e-07,46.64756774902344,5.006471157073975
ambience_000438.pt,0,Yarkon,8,5.162021352589363e-06,39.04392623901367,2.2464418411254883
ambience_000439.pt,0,Yarkon,8,2.3373145552341157e-07,47.18362808227539,3.3901448249816895
ambience_000440.pt,0,Yarkon,8,1.4698413508540398e-07,48.720375061035156,2.7544631958007812
ambience_000441.pt,0,Yarkon,8,4.550217056475958e-07,45.09104537963867,2.9457576274871826
ambience_000442.pt,0,Yarkon,8,6.461382326961029e-06,37.612850189208984,3.84969425201416
ambience_000443.pt,0,Yarkon,8,3.0748076824238524e-05,32.50231170654297,0.9781948924064636
ambience_000444.pt,0,Yarkon,8,1.4983465916884597e-05,37.61854934692383,1.4545947313308716
ambience_000445.pt,0,Yarkon,8,2.6256941509927856e-06,41.565792083740234,1.363681674003601
ambience_000446.pt,0,Yarkon,8,3.1633842922929034e-07,44.67928695678711,1.860285758972168
ambience_000447.pt,0,Yarkon,8,9.04470084606146e-07,43.243587493896484,0.9984038472175598
ambience_000448.pt,0,Yarkon,8,1.4789067790843546e-05,35.03469467163086,1.6087685823440552
ambience_000449.pt,0,Yarkon,8,0.0005064024007879198,35.62023162841797,0.8285140991210938
ambience_000450.pt,0,Yarkon,8,0.0005131339421495795,27.895320892333984,2.4028525352478027
ambience_000451.pt,0,Yarkon,8,0.0005647963262163103,27.149131774902344,3.559903383255005
ambience_000452.pt,0,Yarkon,8,8.187021012417972e-05,39.3403205871582,1.6570408344268799
ambience_000453.pt,0,Yarkon,8,0.0007897794712334871,27.616498947143555,5.3375654220581055
drone_000252.pt,1,Yarkon,9,0.008138371631503105,32.52833557128906,1.333363652229309
drone_000253.pt,1,Yarkon,9,0.00197142013348639,20.318222045898438,3.517972946166992
drone_000254.pt,1,Yarkon,9,0.002220874885097146,21.135202407836914,0.576066255569458
drone_000255.pt,1,Yarkon,9,0.0025268765166401863,20.09557342529297,0.4713192582130432
drone_000256.pt,1,Yarkon,9,3.998150350525975e-05,41.495140075683594,0.5474311709403992
drone_000257.pt,1,Yarkon,9,0.00030435950611718,35.29206085205078,0.7582233548164368
drone_000258.pt,1,Yarkon,9,0.0014087602030485868,25.012311935424805,1.0503301620483398
drone_000259.pt,1,Yarkon,9,0.0015218817861750722,25.773876190185547,0.5134638547897339
drone_000260.pt,1,Yarkon,9,0.002845706418156624,21.097232818603516,0.13655422627925873
drone_000261.pt,1,Yarkon,9,0.00613359222188592,21.274166107177734,0.7427701950073242
drone_000262.pt,1,Yarkon,9,0.015994904562830925,17.524436950683594,1.0254217386245728
drone_000263.pt,1,Yarkon,9,0.0029126061126589775,25.331995010375977,0.24516579508781433
drone_000264.pt,1,Yarkon,9,0.0029177048709243536,23.54302978515625,0.21449752151966095
drone_000265.pt,1,Yarkon,9,0.0021763970144093037,26.56692886352539,0.3192631006240845
drone_000266.pt,1,Yarkon,9,0.00759948929771781,21.015295028686523,0.3854033350944519
drone_000267.pt,1,Yarkon,9,0.0049239518120884895,24.28119659423828,0.2207203209400177
drone_000268.pt,1,Yarkon,9,0.001843041623942554,29.479982376098633,0.26994964480400085
drone_000269.pt,1,Yarkon,9,0.0006259739166125655,33.400909423828125,0.7930004000663757
drone_000270.pt,1,Yarkon,9,0.0017491178587079048,26.633859634399414,1.1748050451278687
drone_000271.pt,1,Yarkon,9,0.0009779956890270114,29.63005828857422,1.5813287496566772
drone_000272.pt,1,Yarkon,9,0.0006610536947846413,31.679290771484375,4.565999507904053
drone_000273.pt,1,Yarkon,9,3.27865855069831e-05,32.788917541503906,2.1453540325164795
drone_000274.pt,1,Yarkon,9,1.4495460618491052e-06,40.15053939819336,2.4907615184783936
drone_000275.pt,1,Yarkon,9,6.583989488717634e-06,34.95352554321289,5.9427900314331055
drone_000276.pt,1,Yarkon,9,2.6254976546624675e-05,31.350406646728516,16.507434844970703
drone_000277.pt,1,Yarkon,9,1.0868851632039878e-06,43.127681732177734,2.266200542449951
drone_000278.pt,1,Yarkon,9,1.4835150977887679e-05,36.94554138183594,2.234835624694824
drone_000279.pt,1,Yarkon,9,0.00019881562911905348,35.847206115722656,1.521346092224121
drone_000280.pt,1,Yarkon,9,6.705823761876673e-05,32.09629440307617,0.7833688855171204
drone_000281.pt,1,Yarkon,9,0.0001262356963707134,30.48752212524414,2.8973186016082764
drone_000282.pt,1,Yarkon,9,1.2416989193297923e-05,41.554054260253906,16.485708236694336
drone_000283.pt,1,Yarkon,9,0.00011966507736360654,30.27136993408203,3.876910448074341
drone_000284.pt,1,Yarkon,9,0.00071243493584916,28.540287017822266,0.6646708846092224
drone_000285.pt,1,Yarkon,9,0.0008701900951564312,27.434001922607422,3.9441652297973633
drone_000286.pt,1,Yarkon,9,0.0008013068581931293,30.368427276611328,2.584481716156006
drone_000287.pt,1,Yarkon,9,0.0014732548734173179,30.811904907226562,9.24516487121582
drone_000288.pt,1,Yarkon,9,0.000869082985445857,31.577171325683594,0.9009451866149902
drone_000289.pt,1,Yarkon,9,0.00019315660756547004,35.489234924316406,2.623563289642334
drone_000290.pt,1,Yarkon,9,0.00011080288095399737,38.59241485595703,7.997647285461426
drone_000291.pt,1,Yarkon,9,0.00044413586147129536,31.342294692993164,0.3337271213531494
drone_000292.pt,1,Yarkon,9,0.00045929980115033686,31.28609848022461,1.3671720027923584
drone_000293.pt,1,Yarkon,9,0.0003271868044976145,33.84779357910156,1.5073955059051514
drone_000294.pt,1,Yarkon,9,0.0010895913001149893,40.73703384399414,2.4004056453704834
drone_000295.pt,1,Yarkon,9,0.000598524056840688,42.66600799560547,0.7493885159492493
drone_000296.pt,1,Yarkon,9,4.158007868682034e-06,43.07749557495117,1.9242630004882812
drone_000297.pt,1,Yarkon,9,1.3831089745508507e-05,40.27976989746094,0.9795051217079163
drone_000298.pt,1,Yarkon,9,0.00012535641144495457,38.40629577636719,1.283700704574585
drone_000299.pt,1,Yarkon,9,3.521698818076402e-05,37.404296875,5.156031131744385
drone_000300.pt,1,Yarkon,9,6.266128912102431e-05,31.93376922607422,8.440155029296875
drone_000301.pt,1,Yarkon,9,2.2033447748981416e-05,36.563926696777344,0.6100378036499023
drone_000302.pt,1,Yarkon,9,0.0006406328757293522,28.473691940307617,0.4413864016532898
drone_000303.pt,1,Yarkon,9,0.0009270518203265965,25.641300201416016,0.6986199021339417
drone_000304.pt,1,Yarkon,9,0.00016605985001660883,34.186195373535156,0.22509482502937317
drone_000305.pt,1,Yarkon,9,0.00010365885100327432,35.962928771972656,3.0445916652679443
drone_000306.pt,1,Yarkon,9,2.258444692415651e-05,31.53350830078125,5.903268337249756
drone_000307.pt,1,Yarkon,9,0.00020270806271582842,34.49238204956055,5.875564098358154
drone_000308.pt,1,Yarkon,9,8.912861085264012e-05,33.82499694824219,1.0340783596038818
drone_000309.pt,1,Yarkon,9,0.00030198597232811153,30.52544593811035,1.0131710767745972
drone_000310.pt,1,Yarkon,9,0.000901070365216583,25.06745147705078,0.4334578514099121
drone_000311.pt,1,Yarkon,9,0.001428711460903287,23.34158706665039,1.9307241439819336
drone_000312.pt,1,Yarkon,9,0.0009703160030767322,29.112987518310547,0.8169528245925903
drone_000313.pt,1,Yarkon,9,0.0007236401434056461,35.25460433959961,3.004809856414795
drone_000314.pt,1,Yarkon,9,8.771625061854138e-07,49.84540557861328,3.2927446365356445
drone_000315.pt,1,Yarkon,9,4.852734491578303e-06,42.31451416015625,11.992844581604004
drone_000316.pt,1,Yarkon,9,0.0011063094716519117,23.569883346557617,2.435541868209839
drone_000317.pt,1,Yarkon,9,2.3333082026510965e-06,44.11526107788086,2.1099965572357178
drone_000318.pt,1,Yarkon,9,0.00011498427193146199,39.4702262878418,1.0500311851501465
drone_000319.pt,1,Yarkon,9,0.00014592622756026685,37.88549041748047,1.337037205696106
drone_000320.pt,1,Yarkon,9,0.0009663903620094061,20.80985450744629,0.7913047671318054
drone_000321.pt,1,Yarkon,9,0.0009230758296325803,21.603668212890625,2.349074125289917
drone_000322.pt,1,Yarkon,9,0.0008842865936458111,25.447105407714844,1.0798133611679077
drone_000323.pt,1,Yarkon,9,0.001549110165797174,21.60811996459961,0.7100145816802979
drone_000324.pt,1,Yarkon,9,0.0011052476475015283,22.59198760986328,0.3627249002456665
drone_000325.pt,1,Yarkon,9,0.0016721704741939902,23.11629867553711,2.3343489170074463
drone_000326.pt,1,Yarkon,9,0.003668150631710887,32.84571075439453,5.328535556793213
drone_000327.pt,1,Yarkon,9,0.0012682914966717362,42.92473602294922,1.974025845527649
drone_000328.pt,1,Yarkon,9,0.00041541719110682607,28.592674255371094,0.30950120091438293
drone_000329.pt,1,Yarkon,9,0.001891738036647439,24.19397735595703,2.1797573566436768
drone_000330.pt,1,Yarkon,9,0.0007535399054177105,29.68199920654297,0.562995970249176
drone_000331.pt,1,Yarkon,9,1.284918994315376e-06,46.623138427734375,2.606018304824829
drone_000332.pt,1,Yarkon,9,1.3723430356549216e-06,46.02016830444336,2.486165761947632
drone_000333.pt,1,Yarkon,9,2.4668493097124156e-06,42.79676055908203,2.153179168701172
drone_000334.pt,1,Yarkon,9,1.2931415767525323e-05,37.411033630371094,5.932470321655273
drone_000335.pt,1,Yarkon,9,0.00032220903085544705,31.8343505859375,11.86598014831543
drone_000336.pt,1,Yarkon,9,0.0006666916888207197,29.876985549926758,3.735313653945923
ambience_000454.pt,0,room,10,0.00027029862394556403,31.155418395996094,1.9630975723266602
ambience_000455.pt,0,room,10,0.0002421160024823621,31.989049911499023,0.08076298236846924
ambience_000456.pt,0,room,10,0.00023061750107444823,32.739707946777344,0.07160916179418564
ambience_000457.pt,0,room,10,0.00023537006927654147,32.24587631225586,0.07900311052799225
ambience_000458.pt,0,room,10,0.00021859275875613093,34.020896911621094,0.09162036329507828
ambience_000459.pt,0,room,10,0.00023991268244571984,33.64181137084961,0.07323777675628662
ambience_000460.pt,0,room,10,0.00021882705914322287,32.71796417236328,0.06867332011461258
ambience_000461.pt,0,room,10,0.0002185682678828016,32.464027404785156,0.0662049949169159
ambience_000462.pt,0,room,10,0.0002498063840903342,32.28654479980469,0.06518915295600891
ambience_000463.pt,0,room,10,0.0002435899805277586,33.03487014770508,0.08639775961637497
ambience_000464.pt,0,room,10,0.00030268263071775436,31.864057540893555,0.07981913536787033
ambience_000465.pt,0,room,10,0.00025605541304685175,31.944061279296875,0.07316939532756805
ambience_000466.pt,0,room,10,0.0002816496416926384,31.98811912536621,0.061350200325250626
ambience_000467.pt,0,room,10,0.00028610724257305264,31.775360107421875,0.09458950906991959
ambience_000468.pt,0,room,10,0.00024362133990507573,32.53759765625,0.4886183738708496
ambience_000469.pt,0,room,10,0.000277210638159886,34.09307098388672,0.5532117486000061
ambience_000470.pt,0,room,10,0.00023238475841935724,32.80180740356445,0.0846841111779213
ambience_000471.pt,0,room,10,0.00023170234635472298,32.782039642333984,0.12126969546079636
ambience_000472.pt,0,room,10,0.00033069687196984887,32.08970642089844,0.13233090937137604
ambience_000473.pt,0,room,10,0.00031271306215785444,32.5999755859375,0.11506728827953339
ambience_000474.pt,0,room,10,0.0002536063257139176,32.8555793762207,0.11331436038017273
ambience_000475.pt,0,room,10,0.00022887405066285282,33.01629638671875,0.06769955158233643
ambience_000476.pt,0,room,10,0.00026328928652219474,33.372596740722656,0.09557460993528366
ambience_000477.pt,0,room,10,0.00023661143495701253,32.40483093261719,0.10155656188726425
ambience_000478.pt,0,room,10,0.00029592844657599926,32.07913589477539,0.10646399855613708
ambience_000479.pt,0,room,10,0.00021802692208439112,33.03825759887695,0.082045778632164
ambience_000480.pt,0,room,10,0.00019929715199396014,33.00114440917969,0.0888911560177803
ambience_000481.pt,0,room,10,0.00022280518896877766,32.710575103759766,0.09012889862060547
ambience_000482.pt,0,room,10,0.00021759864466730505,32.83671569824219,0.0752553939819336
ambience_000483.pt,0,room,10,0.0002588335482869297,32.75830841064453,0.08739261329174042
ambience_000484.pt,0,room,10,0.00022239562531467527,33.93577575683594,0.06118170917034149
ambience_000485.pt,0,room,10,0.000217288252315484,33.500633239746094,0.07500787079334259
ambience_000486.pt,0,room,10,0.00022108889243099838,32.501243591308594,0.05918671563267708
ambience_000487.pt,0,room,10,0.00023247480567079037,32.39579772949219,0.10119298845529556
ambience_000488.pt,0,room,10,0.00024044470046646893,32.52296447753906,0.12513208389282227
ambience_000489.pt,0,room,10,0.00023778794275131077,32.77290344238281,0.08154366165399551
ambience_000490.pt,0,room,10,0.0002283113863086328,32.36689758300781,0.08638844639062881
ambience_000491.pt,0,room,10,0.00020231958478689194,33.14179229736328,0.09639241546392441
ambience_000492.pt,0,room,10,0.00024999422021210194,32.50870895385742,0.08431974053382874
ambience_000493.pt,0,room,10,0.00026750299730338156,32.48851013183594,0.11263226717710495
ambience_000494.pt,0,room,10,0.00027872994542121887,32.68294906616211,0.14320899546146393
ambience_000495.pt,0,room,10,0.00027748828870244324,32.42799758911133,0.1026880294084549
ambience_000496.pt,0,room,10,0.0002615646808408201,32.18949890136719,0.07953812927007675
ambience_000497.pt,0,room,10,0.00018931458180304617,33.38170623779297,0.08471528440713882
ambience_000498.pt,0,room,10,0.00019208791491109878,33.211082458496094,0.09146992862224579
ambience_000499.pt,0,room,10,0.00021114377886988223,33.507720947265625,0.06959221512079239
ambience_000500.pt,0,room,10,0.0002300281630596146,32.20013427734375,0.0824502557516098
ambience_000501.pt,0,room,10,0.0002265581424580887,32.168941497802734,0.08606962859630585
ambience_000502.pt,0,room,10,0.0002715492155402899,31.8974666595459,0.5148110389709473
ambience_000503.pt,0,room,10,0.00019795785192400217,32.857479095458984,0.08128560334444046
ambience_000504.pt,0,room,10,0.0002254501887364313,33.005767822265625,0.18475642800331116
ambience_000505.pt,0,room,10,0.0002845156122930348,32.059017181396484,0.20731046795845032
ambience_000506.pt,0,room,10,0.00022774163517169654,32.02913284301758,0.07663524150848389
ambience_000507.pt,0,room,10,0.0002513669605832547,37.87092971801758,0.20579689741134644
ambience_000508.pt,0,room,10,0.0003483316395431757,30.482955932617188,0.06529112160205841
ambience_000509.pt,0,room,10,0.0005932040512561798,29.517024993896484,0.2585402727127075
ambience_000510.pt,0,room,10,0.0005518384277820587,29.043325424194336,1.0087946653366089
ambience_000511.pt,0,room,10,0.00039504413143731654,30.071678161621094,0.42064839601516724
ambience_000512.pt,0,room,10,0.0003813302319031209,30.73660659790039,0.11302302777767181
ambience_000513.pt,0,room,10,0.0004695278184954077,29.47815704345703,0.3711685240268707
ambience_000514.pt,0,room,10,0.00030349422013387084,31.241701126098633,0.6632264852523804
ambience_000515.pt,0,room,10,0.00021015827951487154,32.06928253173828,0.08579350262880325
ambience_000516.pt,0,room,10,0.00022040799376554787,32.140411376953125,0.10838766396045685
ambience_000517.pt,0,room,10,0.00021170896070543677,33.365211486816406,0.08509542793035507
ambience_000518.pt,0,room,10,0.0001783306652214378,33.16133117675781,0.08035054802894592
ambience_000519.pt,0,room,10,0.00018392811762169003,33.43194580078125,0.08235897868871689
ambience_000520.pt,0,room,10,0.00020505384600255638,32.72386932373047,0.09238854795694351
ambience_000521.pt,0,room,10,0.00018569722305983305,34.15995407104492,0.08485758304595947
ambience_000522.pt,0,room,10,0.00011636054841801524,37.71087646484375,0.12098502367734909
ambience_000523.pt,0,room,10,0.00019603862892836332,33.00431823730469,0.08119986206293106
ambience_000524.pt,0,room,10,0.00019341596635058522,33.26544189453125,0.11324615031480789
ambience_000525.pt,0,room,10,0.0002076534874504432,32.798065185546875,0.09274741262197495
ambience_000526.pt,0,room,10,0.0001654821535339579,39.71916961669922,0.886583149433136
ambience_000527.pt,0,room,10,0.00018636399181559682,33.303375244140625,0.06194962561130524
ambience_000528.pt,0,room,10,0.00021947617642581463,33.700172424316406,0.08711442351341248
drone_000337.pt,1,Yarkon rosh zipor,11,0.00045103125739842653,33.840049743652344,39.573570251464844
drone_000338.pt,1,Yarkon rosh zipor,11,1.412969822922605e-06,52.324710845947266,0.5652276873588562
drone_000339.pt,1,Yarkon rosh zipor,11,1.529500309516152e-06,44.85459518432617,0.5186196565628052
drone_000340.pt,1,Yarkon rosh zipor,11,5.694102966913306e-08,53.45107650756836,1.3759764432907104
drone_000341.pt,1,Yarkon rosh zipor,11,0.01445101946592331,23.502498626708984,0.9449834227561951
drone_000342.pt,1,Yarkon rosh zipor,11,0.005066187586635351,21.28142547607422,4.974175930023193
drone_000343.pt,1,Yarkon rosh zipor,11,0.0015060571022331715,37.863792419433594,0.37920963764190674
drone_000344.pt,1,Yarkon rosh zipor,11,0.006713570561259985,21.358165740966797,7.018507957458496
drone_000345.pt,1,Yarkon rosh zipor,11,0.0012475765543058515,23.485733032226562,4.8748955726623535
drone_000346.pt,1,Yarkon rosh zipor,11,0.0011196236591786146,29.105775833129883,3.0000436305999756
drone_000347.pt,1,Yarkon rosh zipor,11,0.0017101734410971403,26.208494186401367,0.575420081615448
drone_000348.pt,1,Yarkon rosh zipor,11,0.0006948712398298085,31.932653427124023,0.8156479001045227
drone_000349.pt,1,Yarkon rosh zipor,11,0.0009542380576021969,27.768447875976562,1.4235793352127075
drone_000350.pt,1,Yarkon rosh zipor,11,0.013909201137721539,27.341331481933594,11.881455421447754
drone_000351.pt,1,Yarkon rosh zipor,11,0.005625567398965359,28.271398544311523,21.830915451049805
drone_000352.pt,1,Yarkon rosh zipor,11,0.0007157258805818856,27.54383659362793,10.571903228759766
drone_000353.pt,1,Yarkon rosh zipor,11,0.0002645365602802485,30.35638999938965,1.8516300916671753
drone_000354.pt,1,Yarkon rosh zipor,11,0.00021919872961007059,32.35200500488281,1.8182429075241089
drone_000355.pt,1,Yarkon rosh zipor,11,0.0001463859371142462,33.981685638427734,1.2594045400619507
drone_000356.pt,1,Yarkon rosh zipor,11,0.0002909983741119504,29.982851028442383,1.6343568563461304
drone_000357.pt,1,Yarkon rosh zipor,11,0.0026038880459964275,41.82788848876953,44.622493743896484
drone_000358.pt,1,Yarkon rosh zipor,11,0.0002887789742089808,32.49317169189453,2.867110252380371
drone_000359.pt,1,Yarkon rosh zipor,11,9.949282684829086e-05,33.058265686035156,2.253136157989502
drone_000360.pt,1,Yarkon rosh zipor,11,0.0008469908498227596,28.462923049926758,4.0827836990356445
drone_000361.pt,1,Yarkon rosh zipor,11,0.0031044406350702047,23.594985961914062,5.978309631347656
drone_000362.pt,1,Yarkon rosh zipor,11,0.0005165087059140205,27.162744522094727,11.309911727905273
drone_000363.pt,1,Yarkon rosh zipor,11,0.0002949135086964816,29.959749221801758,2.832688093185425
drone_000364.pt,1,Yarkon rosh zipor,11,0.0009911471279338002,28.66621208190918,3.5108017921447754
drone_000365.pt,1,Yarkon rosh zipor,11,0.00028291583294048905,31.331253051757812,1.0941945314407349
drone_000366.pt,1,Yarkon rosh zipor,11,0.00022796093253418803,33.47279739379883,1.8242594003677368
drone_000367.pt,1,Yarkon rosh zipor,11,0.00038982968544587493,29.71105194091797,5.030714988708496
drone_000368.pt,1,Yarkon rosh zipor,11,0.0036017734091728926,23.829063415527344,2.624998092651367
drone_000369.pt,1,Yarkon rosh zipor,11,0.0020379445049911737,26.072784423828125,2.7845377922058105
drone_000370.pt,1,Yarkon rosh zipor,11,0.00027288112323731184,30.2131404876709,2.2947328090667725
drone_000371.pt,1,Yarkon rosh zipor,11,0.00010975481563946232,37.061527252197266,2.187314748764038
drone_000372.pt,1,Yarkon rosh zipor,11,0.00011614110553637147,35.537109375,1.7512460947036743
drone_000373.pt,1,Yarkon rosh zipor,11,7.125755655579269e-05,38.36353302001953,1.715220332145691
drone_000374.pt,1,Yarkon rosh zipor,11,0.0005394374020397663,35.21184539794922,2.240741491317749
drone_000375.pt,1,Yarkon rosh zipor,11,0.0002102542348438874,33.10165023803711,2.191122055053711
drone_000376.pt,1,Yarkon rosh zipor,11,8.498359238728881e-05,37.60117721557617,0.6729241013526917
drone_000377.pt,1,Yarkon rosh zipor,11,0.00017251470126211643,36.42914581298828,1.0827538967132568
drone_000378.pt,1,Yarkon rosh zipor,11,0.0002690724504645914,32.5761833190918,0.8496769666671753
drone_000379.pt,1,Yarkon rosh zipor,11,0.0001765288907336071,40.45181655883789,1.3748884201049805
drone_000380.pt,1,Yarkon rosh zipor,11,0.00017762623610906303,35.865447998046875,1.2126165628433228
drone_000381.pt,1,Yarkon rosh zipor,11,0.0003327734593767673,31.978736877441406,2.1129021644592285
drone_000382.pt,1,Yarkon rosh zipor,11,0.00015802284178789705,35.45717239379883,2.1460325717926025
drone_000383.pt,1,Yarkon rosh zipor,11,0.0007311746594496071,30.684974670410156,1.3099958896636963
drone_000384.pt,1,Yarkon rosh zipor,11,0.0003483655455056578,32.067012786865234,2.5076091289520264
drone_000385.pt,1,Yarkon rosh zipor,11,0.0032513304613530636,28.909671783447266,12.985657691955566
drone_000386.pt,1,Yarkon rosh zipor,11,0.038724783807992935,19.18928337097168,1.0111000537872314
drone_000387.pt,1,Yarkon rosh zipor,11,0.0005134626990184188,38.03776931762695,10.190146446228027
drone_000388.pt,1,Yarkon rosh zipor,11,0.0011479384265840054,32.182655334472656,17.789194107055664
drone_000389.pt,1,Yarkon rosh zipor,11,0.0005270431865938008,26.96288299560547,8.254240989685059
drone_000390.pt,1,Yarkon rosh zipor,11,0.012291483581066132,26.162694931030273,15.874245643615723
drone_000391.pt,1,Yarkon rosh zipor,11,0.010629720985889435,22.842430114746094,2.3004679679870605
drone_000392.pt,1,Yarkon rosh zipor,11,0.001637380220927298,32.68319320678711,12.036754608154297
drone_000393.pt,1,Yarkon rosh zipor,11,0.0004939207574352622,31.43898582458496,6.967050552368164
drone_000394.pt,1,Yarkon rosh zipor,11,0.0027495750691741705,22.481605529785156,8.932653427124023
drone_000395.pt,1,Yarkon rosh zipor,11,0.013754324056208134,25.749534606933594,8.990229606628418
drone_000396.pt,1,Yarkon rosh zipor,11,0.0006173310684971511,41.74278259277344,15.170812606811523
drone_000397.pt,1,Yarkon rosh zipor,11,0.0007376913563348353,29.43153953552246,0.6890637278556824
drone_000398.pt,1,Yarkon rosh zipor,11,0.00044108927249908447,29.874900817871094,1.2040247917175293
drone_000399.pt,1,Yarkon rosh zipor,11,0.00012307328870519996,35.804622650146484,2.101836919784546
drone_000400.pt,1,Yarkon rosh zipor,11,7.539299258496612e-05,36.931480407714844,1.2385551929473877
drone_000401.pt,1,Yarkon rosh zipor,11,0.00019168021390214562,31.874418258666992,1.4867908954620361
drone_000402.pt,1,Yarkon rosh zipor,11,0.0004245943855494261,31.765901565551758,2.067155361175537
drone_000403.pt,1,Yarkon rosh zipor,11,0.0004119852965231985,30.170490264892578,2.579996347427368
drone_000404.pt,1,Yarkon rosh zipor,11,0.0016789007931947708,27.17876625061035,1.0959770679473877
drone_000405.pt,1,Yarkon rosh zipor,11,0.0009671825682744384,28.222164154052734,1.9320796728134155
drone_000406.pt,1,Yarkon rosh zipor,11,0.0006976293516345322,27.895492553710938,0.7153095602989197
drone_000407.pt,1,Yarkon rosh zipor,11,0.001102077541872859,28.091812133789062,2.2923712730407715
drone_000408.pt,1,Yarkon rosh zipor,11,0.0017230348894372582,26.90726661682129,2.2513515949249268
drone_000409.pt,1,Yarkon rosh zipor,11,0.0013090167194604874,27.622230529785156,2.2829205989837646
drone_000410.pt,1,Yarkon rosh zipor,11,0.0034956156741827726,25.12132453918457,2.3996431827545166
drone_000411.pt,1,Yarkon rosh zipor,11,0.00789851788431406,29.291173934936523,19.3858699798584
drone_000412.pt,1,Yarkon rosh zipor,11,9.055253030965105e-05,36.834007263183594,16.37248992919922
drone_000413.pt,1,Yarkon rosh zipor,12,0.008493462577462196,30.030187606811523,36.176815032958984
drone_000414.pt,1,Yarkon rosh zipor,12,0.0035438337363302708,24.47042465209961,0.921782910823822
drone_000415.pt,1,Yarkon rosh zipor,12,0.0015030453214421868,22.985218048095703,7.339892387390137
drone_000416.pt,1,Yarkon rosh zipor,12,0.0014451517490670085,22.206235885620117,16.75896453857422
drone_000417.pt,1,Yarkon rosh zipor,12,0.0005215370911173522,28.66061019897461,1.0386860370635986
drone_000418.pt,1,Yarkon rosh zipor,12,0.00013926530664321035,30.900218963623047,0.7570308446884155
drone_000419.pt,1,Yarkon rosh zipor,12,0.00011832860764116049,33.04593276977539,0.6066012978553772
drone_000420.pt,1,Yarkon rosh zipor,12,0.00014363820082508028,32.001380920410156,0.530400276184082
drone_000421.pt,1,Yarkon rosh zipor,12,3.396147440071218e-05,33.8166389465332,0.9813100695610046
drone_000422.pt,1,Yarkon rosh zipor,12,1.689646342128981e-05,32.819984436035156,0.9360792636871338
drone_000423.pt,1,Yarkon rosh zipor,12,2.3171875000116415e-05,33.39738082885742,0.6523793935775757
drone_000424.pt,1,Yarkon rosh zipor,12,0.0001238836266566068,29.62572479248047,0.7149715423583984
drone_000425.pt,1,Yarkon rosh zipor,12,0.0001965925912372768,33.88337326049805,5.1420464515686035
drone_000426.pt,1,Yarkon rosh zipor,12,0.0019084858940914273,25.828086853027344,4.54118013381958
drone_000427.pt,1,Yarkon rosh zipor,12,0.001921224407851696,23.90021324157715,0.9074844717979431
drone_000428.pt,1,Yarkon rosh zipor,12,0.003814681898802519,23.502792358398438,1.357092261314392
drone_000429.pt,1,Yarkon rosh zipor,12,0.004152616020292044,22.830036163330078,1.0286959409713745
drone_000430.pt,1,Yarkon rosh zipor,12,0.001289499457925558,24.975994110107422,0.8755671977996826
drone_000431.pt,1,Yarkon rosh zipor,12,0.0011870632879436016,28.480939865112305,0.7128681540489197
drone_000432.pt,1,Yarkon rosh zipor,12,0.0013883125502616167,24.93722152709961,1.8920198678970337
drone_000433.pt,1,Yarkon rosh zipor,12,0.0023916279897093773,25.072978973388672,0.8938376307487488
drone_000434.pt,1,Yarkon rosh zipor,12,0.0013701964635401964,25.647098541259766,1.2493813037872314
drone_000435.pt,1,Yarkon rosh zipor,12,0.0016816031420603395,26.528261184692383,1.557583212852478
drone_000436.pt,1,Yarkon rosh zipor,12,0.0008384095854125917,27.324918746948242,0.7896875739097595
drone_000437.pt,1,Yarkon rosh zipor,12,0.0014121890999376774,26.75017547607422,3.4311580657958984
drone_000438.pt,1,Yarkon rosh zipor,12,0.0007824157946743071,34.48892593383789,7.302438735961914
drone_000439.pt,1,Yarkon rosh zipor,12,0.0006923253531567752,25.519515991210938,5.024374485015869
drone_000440.pt,1,Yarkon rosh zipor,12,0.005627932492643595,21.562204360961914,4.210547924041748
drone_000441.pt,1,Yarkon rosh zipor,12,0.005539905279874802,21.78849983215332,5.710678577423096
drone_000442.pt,1,Yarkon rosh zipor,12,0.024382688105106354,20.679691314697266,3.313382625579834
drone_000443.pt,1,Yarkon rosh zipor,12,0.005796854384243488,27.30368423461914,0.7305054068565369
drone_000444.pt,1,Yarkon rosh zipor,12,8.163151505868882e-05,37.60807800292969,1.1960514783859253
drone_000445.pt,1,Yarkon rosh zipor,12,0.00030361913377419114,31.00894546508789,2.870426893234253
drone_000446.pt,1,Yarkon rosh zipor,12,0.004498899448662996,22.036396026611328,4.057188510894775
drone_000447.pt,1,Yarkon rosh zipor,12,0.004517159890383482,30.279396057128906,2.3386471271514893
drone_000448.pt,1,Yarkon rosh zipor,12,0.007254455238580704,20.192049026489258,3.106175184249878
drone_000449.pt,1,Yarkon rosh zipor,12,0.005350279156118631,24.18512725830078,3.9113690853118896
drone_000450.pt,1,Yarkon rosh zipor,12,0.012337550520896912,26.926265716552734,11.729148864746094
drone_000451.pt,1,Yarkon rosh zipor,12,0.005246462766081095,23.272903442382812,4.931692600250244
drone_000452.pt,1,Yarkon rosh zipor,12,0.007395352702587843,20.12363624572754,2.3365869522094727
drone_000453.pt,1,Yarkon rosh zipor,12,0.0027017169632017612,23.160388946533203,5.964493751525879
drone_000454.pt,1,Yarkon rosh zipor,12,0.0031983202788978815,24.52395248413086,5.251093864440918
drone_000455.pt,1,Yarkon rosh zipor,12,0.004671578761190176,25.768817901611328,4.203842639923096
drone_000456.pt,1,Yarkon rosh zipor,12,0.05212165042757988,17.51645851135254,3.656254291534424
drone_000457.pt,1,Yarkon rosh zipor,12,0.027866514399647713,21.916484832763672,0.8371292352676392
drone_000458.pt,1,Yarkon rosh zipor,12,0.00893936026841402,20.363937377929688,3.787414312362671
drone_000459.pt,1,Yarkon rosh zipor,12,0.003938261419534683,21.60255241394043,1.6053515672683716
drone_000460.pt,1,Yarkon rosh zipor,12,0.004640666302293539,20.7945613861084,0.8119626641273499
drone_000461.pt,1,Yarkon rosh zipor,12,0.0025838385336101055,23.59040641784668,2.4696738719940186
drone_000462.pt,1,Yarkon rosh zipor,12,0.0021824806462973356,24.511425018310547,5.103667736053467
drone_000463.pt,1,Yarkon rosh zipor,12,0.0016451893607154489,26.143970489501953,5.581434726715088
ambience_000529.pt,0,room,13,0.002565760863944888,39.529991149902344,3.356045722961426
ambience_000530.pt,0,room,13,0.012291130609810352,23.069129943847656,1.484014630317688
ambience_000531.pt,0,room,13,0.009251687675714493,21.320833206176758,0.15600182116031647
ambience_000532.pt,0,room,13,0.010186558589339256,21.981746673583984,0.35978442430496216
ambience_000533.pt,0,room,13,0.01569453626871109,20.402732849121094,0.2662144601345062
ambience_000534.pt,0,room,13,0.00962392333894968,21.858243942260742,2.2540440559387207
ambience_000535.pt,0,room,13,0.01037651114165783,24.424591064453125,5.000927448272705
ambience_000536.pt,0,room,13,0.007429531309753656,21.270715713500977,6.781092166900635
ambience_000537.pt,0,room,13,0.004430382512509823,21.95379638671875,2.8629398345947266
ambience_000538.pt,0,room,13,0.0012084118789061904,28.640857696533203,1.0190452337265015
ambience_000539.pt,0,room,13,0.0007976788911037147,42.25736618041992,10.601729393005371
ambience_000540.pt,0,room,13,0.0013607214204967022,46.793357849121094,16.829866409301758
ambience_000541.pt,0,room,13,0.0011055504437536001,27.48921012878418,0.1536189317703247
ambience_000542.pt,0,room,13,0.0014863802352920175,26.817235946655273,0.4194253385066986
ambience_000543.pt,0,room,13,0.0006373637588694692,29.48859977722168,0.6510792970657349
ambience_000544.pt,0,room,13,0.0018749894807115197,30.405427932739258,0.4848782420158386
ambience_000545.pt,0,room,13,0.0009338013478554785,29.644100189208984,0.7321213483810425
ambience_000546.pt,0,room,13,0.0021635566372424364,27.721240997314453,0.6361163854598999
ambience_000547.pt,0,room,13,0.0021877808030694723,26.647493362426758,0.14763611555099487
ambience_000548.pt,0,room,13,0.002818724839016795,25.208911895751953,0.6563953161239624
ambience_000549.pt,0,room,13,0.0025539027992635965,25.32636070251465,0.6490641832351685
ambience_000550.pt,0,room,13,0.0020076483488082886,27.868274688720703,0.33817875385284424
ambience_000551.pt,0,room,13,0.0011947698658332229,27.564889907836914,0.452346533536911
ambience_000552.pt,0,room,13,0.0011000961530953646,26.928476333618164,0.5150542855262756
ambience_000553.pt,0,room,13,0.0014578227419406176,26.160268783569336,0.426027774810791
ambience_000554.pt,0,room,13,0.001753424759954214,25.684925079345703,0.877267599105835
ambience_000555.pt,0,room,13,0.0021234778687357903,25.936229705810547,0.6565135717391968
ambience_000556.pt,0,room,13,0.0021967580541968346,26.848533630371094,0.25911134481430054
ambience_000557.pt,0,room,13,0.001626791199669242,26.466876983642578,0.5502381324768066
ambience_000558.pt,0,room,13,0.00148474529851228,26.843347549438477,0.16994580626487732
ambience_000559.pt,0,room,13,0.001501559279859066,29.518640518188477,0.2686786651611328
ambience_000560.pt,0,room,13,0.002252512611448765,26.24850845336914,0.15740229189395905
ambience_000561.pt,0,room,13,0.001471273135393858,26.174219131469727,0.23699365556240082
ambience_000562.pt,0,room,13,0.0012214157031849027,27.99545669555664,0.14043483138084412
ambience_000563.pt,0,room,13,0.0014881719835102558,26.815380096435547,0.14606904983520508
ambience_000564.pt,0,room,13,0.0019369606161490083,26.429180145263672,0.16585387289524078
ambience_000565.pt,0,room,13,0.0011791004799306393,28.608901977539062,0.19791196286678314
ambience_000566.pt,0,room,13,0.0010532684391364455,28.154943466186523,0.3248136341571808
ambience_000567.pt,0,room,13,0.0021883470471948385,26.385204315185547,0.1634945273399353
ambience_000568.pt,0,room,13,0.0011924846330657601,28.343042373657227,0.8258645534515381
ambience_000569.pt,0,room,13,0.0023876032792031765,26.357337951660156,0.2513885200023651
ambience_000570.pt,0,room,13,0.003146136412397027,24.80938148498535,0.5358297824859619
ambience_000571.pt,0,room,13,0.003430270589888096,24.64845848083496,0.9006510972976685
ambience_000572.pt,0,room,13,0.002316002966836095,26.504013061523438,0.2469124048948288
ambience_000573.pt,0,room,13,0.0019472535932436585,27.41451072692871,0.1924622803926468
ambience_000574.pt,0,room,13,0.0017997106770053506,26.45233726501465,0.1278761625289917
ambience_000575.pt,0,room,13,0.001028444734402001,30.431421279907227,0.8255194425582886
ambience_000576.pt,0,room,13,0.001329383929260075,27.235204696655273,2.6875061988830566
ambience_000577.pt,0,room,13,0.001239492674358189,27.630584716796875,0.5541113018989563
ambience_000578.pt,0,room,13,0.00022148680000100285,32.944766998291016,0.4560580253601074
ambience_000579.pt,0,room,13,0.0007653763750568032,30.149702072143555,0.22657860815525055
ambience_000580.pt,0,room,13,0.0004642450367100537,31.314367294311523,0.13202019035816193
ambience_000581.pt,0,room,13,0.00047926141996867955,31.219829559326172,0.3336918354034424
ambience_000582.pt,0,room,13,0.0008824909455142915,29.703475952148438,0.23856019973754883
ambience_000583.pt,0,room,13,0.0002655362768564373,32.81095504760742,0.6388995051383972
ambience_000584.pt,0,room,13,0.0008302633068524301,30.53419303894043,0.8997707962989807
ambience_000585.pt,0,room,13,0.0025094265583902597,26.952774047851562,0.4171186685562134
ambience_000586.pt,0,room,13,0.0032504957634955645,26.464765548706055,0.522648274898529
ambience_000587.pt,0,room,13,0.005629666615277529,23.804576873779297,0.3652671277523041
ambience_000588.pt,0,room,13,0.003319032024592161,24.592058181762695,0.4084906578063965
ambience_000589.pt,0,room,13,0.0015384498983621597,27.374073028564453,0.28266921639442444
ambience_000590.pt,0,room,13,0.0014162934385240078,27.421586990356445,0.22742237150669098
ambience_000591.pt,0,room,13,0.002451416803523898,25.46633529663086,1.1952558755874634
ambience_000592.pt,0,room,13,0.006214115768671036,22.94662094116211,1.0172878503799438
ambience_000593.pt,0,room,13,0.0013200577814131975,36.424808502197266,2.6302289962768555
ambience_000594.pt,0,room,13,0.0008904185378924012,30.246841430664062,0.127229705452919
ambience_000595.pt,0,room,13,0.001086580567061901,27.877559661865234,0.0918518677353859
ambience_000596.pt,0,room,13,0.0011152377119287848,27.97484588623047,0.21952278912067413
ambience_000597.pt,0,room,13,0.0012509982334449887,27.786285400390625,0.21953800320625305
ambience_000598.pt,0,room,13,0.0015230367425829172,26.83445930480957,0.14918355643749237
ambience_000599.pt,0,room,13,0.0019356675911694765,29.957427978515625,0.20901067554950714
ambience_000600.pt,0,room,13,0.0017392499139532447,25.982913970947266,0.18917889893054962
ambience_000601.pt,0,room,13,0.0014963083667680621,26.821557998657227,0.1803314983844757
ambience_000602.pt,0,room,13,0.001308720326051116,27.771013259887695,0.26863396167755127
ambience_000603.pt,0,room,13,0.0013920468045398593,27.57396697998047,0.19099263846874237
ambience_000604.pt,0,room,13,0.001639727153815329,28.57950210571289,0.26202940940856934
ambience_000605.pt,0,room,13,0.0032008818816393614,24.20401382446289,0.8804283738136292
ambience_000606.pt,0,room,13,0.004101266618818045,24.668411254882812,0.29040274024009705
ambience_000607.pt,0,room,13,0.004014530684798956,24.80826759338379,0.2608397901058197
ambience_000608.pt,0,room,13,0.001735788187943399,27.675376892089844,0.22729730606079102
ambience_000609.pt,0,room,13,0.0011258427985012531,32.447479248046875,0.7890774011611938
ambience_000610.pt,0,room,13,0.002354986732825637,26.788328170776367,0.5657600164413452
ambience_000611.pt,0,room,13,0.0017055788775905967,28.842554092407227,1.704697847366333
ambience_000612.pt,0,room,13,0.000978546217083931,34.72346496582031,0.49524354934692383
ambience_000613.pt,0,room,13,0.0009229222196154296,29.475582122802734,0.22688032686710358
ambience_000614.pt,0,room,13,0.0010029678232967854,30.554729461669922,0.4716048836708069
ambience_000615.pt,0,room,13,0.0005448877927847207,32.08970260620117,1.262209415435791
ambience_000616.pt,0,room,13,0.0016526503022760153,26.697223663330078,0.17544345557689667
ambience_000617.pt,0,room,13,0.0008112174109555781,30.342041015625,0.3436433970928192
ambience_000618.pt,0,room,13,0.0009328684536740184,28.567646026611328,0.11818727850914001
ambience_000619.pt,0,room,13,0.0011714398860931396,28.41699981689453,0.15678025782108307
ambience_000620.pt,0,room,13,0.0021206275559961796,27.090221405029297,0.5127227902412415
ambience_000621.pt,0,room,13,0.0030625888612121344,25.602649688720703,0.2850068509578705
ambience_000622.pt,0,room,13,0.0018459198763594031,26.626365661621094,0.17839622497558594
ambience_000623.pt,0,room,13,0.002011779695749283,26.420358657836914,0.13450543582439423
ambience_000624.pt,0,room,13,0.001956348307430744,26.015907287597656,0.2730748951435089
ambience_000625.pt,0,room,13,0.002807699143886566,26.7745304107666,0.16541960835456848
ambience_000626.pt,0,room,13,0.001618958660401404,28.25227928161621,0.13028298318386078
ambience_000627.pt,0,room,13,0.0025913910940289497,26.45734977722168,0.1739075630903244
ambience_000628.pt,0,room,13,0.002033466240391135,26.57944107055664,0.12518158555030823
ambience_000629.pt,0,room,13,0.0017570575000718236,26.994827270507812,0.10518745332956314
ambience_000630.pt,0,room,13,0.002068594563752413,26.197574615478516,0.17722192406654358
ambience_000631.pt,0,room,13,0.002501686569303274,25.627368927001953,0.9380207657814026
ambience_000632.pt,0,room,13,0.0027249003760516644,24.628820419311523,0.6601252555847168
ambience_000633.pt,0,room,13,0.0034040366299450397,23.583965301513672,2.995356559753418
ambience_000634.pt,0,room,13,0.002051106421276927,26.151248931884766,0.14174392819404602
ambience_000635.pt,0,room,13,0.001676591346040368,26.637527465820312,0.42715078592300415
ambience_000636.pt,0,room,13,0.001318566151894629,27.390731811523438,0.09421566873788834
ambience_000637.pt,0,room,13,0.0012645209208130836,27.762588500976562,0.15150156617164612
ambience_000638.pt,0,room,13,0.0010302017908543348,36.00331115722656,2.6321494579315186
ambience_000639.pt,0,room,13,0.0017341607017442584,26.090099334716797,0.2039680778980255
ambience_000640.pt,0,room,13,0.0018332407344132662,27.330707550048828,0.18739557266235352
ambience_000641.pt,0,room,13,0.0023886242415755987,25.29027557373047,0.21233239769935608
ambience_000642.pt,0,room,13,0.002781596966087818,25.586017608642578,0.13943703472614288
ambience_000643.pt,0,room,13,0.0035445941612124443,24.306293487548828,0.4179626405239105
ambience_000644.pt,0,room,13,0.0029240851290524006,24.818456649780273,0.22106210887432098
ambience_000645.pt,0,room,13,0.0018974931444972754,26.287288665771484,0.16945774853229523
ambience_000646.pt,0,room,13,0.0012091740500181913,27.71537971496582,0.43820294737815857
ambience_000647.pt,0,room,13,0.0009486860944889486,28.91597557067871,0.25754010677337646
ambience_000648.pt,0,room,13,0.0012141799088567495,27.277877807617188,0.4160231947898865
ambience_000649.pt,0,room,13,0.0012080378364771605,30.257612228393555,0.2625478506088257
ambience_000650.pt,0,room,13,0.0014048394514247775,29.395198822021484,0.14181865751743317
ambience_000651.pt,0,room,13,0.0008983848383650184,28.339977264404297,0.20640380680561066
ambience_000652.pt,0,room,13,0.0011869057780131698,27.169754028320312,0.2707318365573883
ambience_000653.pt,0,room,13,0.000884073378983885,28.741682052612305,0.24583549797534943
ambience_000654.pt,0,room,13,0.0014445034321397543,26.024986267089844,1.2275159358978271
ambience_000655.pt,0,room,13,0.0017352158902212977,28.00506019592285,0.16954700648784637
ambience_000656.pt,0,room,13,0.00029064295813441277,38.81294250488281,0.1760421097278595
ambience_000657.pt,0,room,13,0.001806609914638102,26.06605339050293,1.6852127313613892
ambience_000658.pt,0,room,13,0.0016942666843533516,26.64166259765625,0.5456696152687073
ambience_000659.pt,0,room,13,0.001605308149009943,26.464834213256836,0.2811845541000366
ambience_000660.pt,0,room,13,0.0016070251585915685,26.377967834472656,0.20433729887008667
ambience_000661.pt,0,room,13,0.0011958322720602155,27.903942108154297,0.157952681183815
ambience_000662.pt,0,room,13,0.0008730560075491667,29.405494689941406,0.19419927895069122
ambience_000663.pt,0,room,13,0.0010105796391144395,28.368488311767578,0.3677661418914795
ambience_000664.pt,0,room,13,0.0018340301467105746,27.41958236694336,0.20672644674777985
ambience_000665.pt,0,room,13,0.0018303487449884415,27.428958892822266,0.38522112369537354
ambience_000666.pt,0,room,13,0.0024170309770852327,25.197845458984375,0.3835698068141937
ambience_000667.pt,0,room,13,0.0032388216350227594,25.457319259643555,0.4177252948284149
ambience_000668.pt,0,room,13,0.0018767714500427246,27.491943359375,0.21375316381454468
ambience_000669.pt,0,room,13,0.0008683981141075492,27.986778259277344,0.30958983302116394
ambience_000670.pt,0,room,13,0.0008282487979158759,30.483009338378906,0.5051154494285583
ambience_000671.pt,0,room,13,0.0011978347320109606,27.574195861816406,0.12593966722488403
ambience_000672.pt,0,room,13,0.0014066844014450908,32.61708068847656,0.2111237794160843
ambience_000673.pt,0,room,13,0.0018633907893672585,25.859329223632812,1.2237294912338257
ambience_000674.pt,0,room,13,0.0043890271335840225,23.944595336914062,0.11590640991926193
ambience_000675.pt,0,room,13,0.0031057039741426706,24.481552124023438,0.2475021779537201
ambience_000676.pt,0,room,13,0.0021088900975883007,26.189231872558594,0.21276627480983734
ambience_000677.pt,0,room,13,0.0026674128603190184,25.61199951171875,0.3853631913661957
ambience_000678.pt,0,room,13,0.002513136714696884,25.00259017944336,0.943106472492218
ambience_000679.pt,0,room,13,0.0027146071661263704,31.123001098632812,0.2323688417673111
ambience_000680.pt,0,room,13,0.0025697415694594383,25.763668060302734,0.8841944336891174
ambience_000681.pt,0,room,13,0.0017028936417773366,26.293224334716797,0.19228272140026093
ambience_000682.pt,0,room,13,0.0011398782953619957,27.644128799438477,0.25975412130355835
ambience_000683.pt,0,room,13,0.0008852537721395493,28.096967697143555,0.2357659488916397
ambience_000684.pt,0,room,13,0.0010958370985463262,27.678327560424805,0.5303924083709717
ambience_000685.pt,0,room,13,0.0019203207921236753,25.333234786987305,0.27850380539894104
ambience_000686.pt,0,room,13,0.001498870668001473,26.770553588867188,0.7562304735183716
ambience_000687.pt,0,room,13,0.0014621112495660782,29.188343048095703,0.31850266456604004
ambience_000688.pt,0,room,13,0.0015317171346396208,26.912315368652344,0.561077892780304
ambience_000689.pt,0,room,13,0.001852731336839497,28.426109313964844,1.4023734331130981
ambience_000690.pt,0,room,13,0.0028488286770880222,26.299991607666016,0.3509753346443176
ambience_000691.pt,0,room,13,0.0025804631877690554,25.16999053955078,0.18207721412181854
ambience_000692.pt,0,room,13,0.0021319391671568155,25.795265197753906,0.20309075713157654
ambience_000693.pt,0,room,13,0.0022882255725562572,26.298568725585938,0.16961894929409027
ambience_000694.pt,0,room,13,0.002400268567726016,34.89882278442383,0.21955378353595734
ambience_000695.pt,0,room,13,0.002568403957411647,27.27855682373047,0.2472500503063202
ambience_000696.pt,0,room,13,0.003491220995783806,23.581283569335938,1.0006771087646484
ambience_000697.pt,0,room,13,0.001314727938733995,27.025508880615234,0.27192190289497375
ambience_000698.pt,0,room,13,0.001132683246396482,29.23712158203125,0.3326495587825775
ambience_000699.pt,0,room,13,0.0016160866944119334,26.584918975830078,0.28056174516677856
ambience_000700.pt,0,room,13,0.0018043376039713621,28.43935775756836,0.8522194623947144
ambience_000701.pt,0,room,13,0.0021863437723368406,25.218387603759766,0.4419619143009186
ambience_000702.pt,0,room,13,0.0020402357913553715,25.255611419677734,0.2807367444038391
ambience_000703.pt,0,room,13,0.0015974079724401236,26.743478775024414,0.3349132239818573
ambience_000704.pt,0,room,13,0.0015823532594367862,26.832611083984375,0.2805621027946472
ambience_000705.pt,0,room,13,0.001000288757495582,26.952110290527344,0.6224185824394226
ambience_000706.pt,0,room,13,0.001086293370462954,28.34910774230957,0.1327570229768753
ambience_000707.pt,0,room,13,0.000539724132977426,30.3758544921875,0.42255720496177673
ambience_000708.pt,0,room,13,0.0007509184652008116,29.47911834716797,0.2517246603965759
ambience_000709.pt,0,room,13,0.0012800937984138727,26.345582962036133,0.22165745496749878
ambience_000710.pt,0,room,13,0.0008867979631759226,27.911632537841797,0.20530574023723602
ambience_000711.pt,0,room,13,0.00108336063567549,27.384357452392578,0.17018269002437592
ambience_000712.pt,0,room,13,0.0018800441175699234,25.930400848388672,0.3828822076320648
ambience_000713.pt,0,room,13,0.0010778876021504402,27.94342803955078,0.2125619500875473
ambience_000714.pt,0,room,13,0.0034053060226142406,25.284101486206055,0.7325318455696106
ambience_000715.pt,0,room,13,0.002333061769604683,25.386924743652344,0.26116833090782166
ambience_000716.pt,0,room,13,0.001121777342632413,28.68557357788086,1.6114031076431274
ambience_000717.pt,0,room,13,0.0011621183948591352,26.939401626586914,0.4807579219341278
ambience_000718.pt,0,room,13,0.0002528611512389034,30.741500854492188,0.7488728761672974
ambience_000719.pt,0,room,13,0.0005326366517692804,30.8173828125,0.13300947844982147
ambience_000720.pt,0,room,13,0.0005938399699516594,38.816078186035156,8.626236915588379
ambience_000721.pt,0,room,13,0.0017723127966746688,29.987279891967773,0.7108140587806702
ambience_000722.pt,0,room,13,0.018073508515954018,19.432321548461914,0.13825219869613647
ambience_000723.pt,0,room,13,0.010027279146015644,21.527515411376953,0.6373469233512878
ambience_000724.pt,0,room,13,0.002777727786451578,23.1885986328125,3.545966863632202
ambience_000725.pt,0,room,13,0.01283018197864294,19.93102264404297,3.4712750911712646
ambience_000726.pt,0,room,13,0.007712477818131447,21.726768493652344,0.09550245106220245
ambience_000727.pt,0,room,13,0.00929206795990467,22.054046630859375,0.0993332713842392
ambience_000728.pt,0,room,13,0.011927831918001175,21.436391830444336,0.08760678768157959
ambience_000729.pt,0,room,13,0.009232936426997185,23.233413696289062,0.5418332815170288
ambience_000730.pt,0,room,13,0.0019014162244275212,22.480091094970703,3.4679994583129883
ambience_000731.pt,0,room,13,0.0004807886143680662,30.012073516845703,0.10064445436000824
ambience_000732.pt,0,room,13,0.0004959744983352721,29.533252716064453,0.1592268943786621
ambience_000733.pt,0,room,13,0.001226642052643001,27.30308723449707,7.2138590812683105
ambience_000734.pt,0,room,13,0.0015525968046858907,26.731306076049805,0.8564553260803223
ambience_000735.pt,0,room,13,0.0012732814066112041,26.873491287231445,0.08207578957080841
ambience_000736.pt,0,room,13,0.001836443436332047,28.21417236328125,0.22461020946502686
ambience_000737.pt,0,room,13,0.00241677463054657,26.1688232421875,0.17331787943840027
ambience_000738.pt,0,room,13,0.0019897585734725,25.840789794921875,0.19066289067268372
ambience_000739.pt,0,room,13,0.0013651244807988405,27.49163818359375,0.4213647246360779
ambience_000740.pt,0,room,13,0.0013728293124586344,27.590293884277344,0.26057034730911255
ambience_000741.pt,0,room,13,0.0010425677755847573,28.023807525634766,0.2430780827999115
ambience_000742.pt,0,room,13,0.0009597720927558839,27.905672073364258,0.19444388151168823
ambience_000743.pt,0,room,13,0.0009597995085641742,27.503814697265625,0.40286341309547424
ambience_000744.pt,0,room,13,0.0010634030913934112,28.206161499023438,0.16961443424224854
ambience_000745.pt,0,room,13,0.0008578522829338908,28.08493423461914,0.2523980736732483
ambience_000746.pt,0,room,13,0.0012656118487939239,25.73067855834961,0.7060083746910095
ambience_000747.pt,0,room,13,0.001506995176896453,26.68149757385254,0.19185319542884827
ambience_000748.pt,0,room,13,0.0006590120028704405,28.447490692138672,0.40036019682884216
ambience_000749.pt,0,room,13,0.0007140707457438111,28.345863342285156,0.2666972577571869
ambience_000750.pt,0,room,13,0.0007613437483087182,27.967878341674805,0.19246047735214233
ambience_000751.pt,0,room,13,0.0006741855177097023,28.620590209960938,0.11015360802412033
ambience_000752.pt,0,room,13,0.0007978917565196753,27.982473373413086,0.24189873039722443
ambience_000753.pt,0,room,13,0.0005460587562993169,29.014678955078125,0.5450989007949829
ambience_000754.pt,0,room,13,0.0006589683471247554,29.059383392333984,0.17377842962741852
ambience_000755.pt,0,room,13,0.0007513583404943347,28.368656158447266,0.3255062997341156
ambience_000756.pt,0,room,13,0.0008142997394315898,28.924034118652344,0.41910088062286377
ambience_000757.pt,0,room,13,0.0016530450666323304,26.00619125366211,0.6431787610054016
ambience_000758.pt,0,room,13,0.0009909530635923147,27.029438018798828,0.3925575315952301
ambience_000759.pt,0,room,13,0.0008072091150097549,27.70888328552246,0.18647469580173492
ambience_000760.pt,0,room,13,0.001405728398822248,26.44098472595215,0.5255080461502075
ambience_000761.pt,0,room,13,0.0012083324836567044,26.177295684814453,0.28397035598754883
ambience_000762.pt,0,room,13,0.0006744868587702513,28.321271896362305,1.0693455934524536
ambience_000763.pt,0,room,13,0.0005724484799429774,29.352447509765625,0.2460957169532776
ambience_000764.pt,0,room,13,0.0006933080148883164,28.128368377685547,0.5514849424362183
ambience_000765.pt,0,room,13,0.000739674549549818,33.025638580322266,0.6616430878639221
ambience_000766.pt,0,room,13,0.0008928130846470594,29.263402938842773,1.326218605041504
ambience_000767.pt,0,room,13,0.0012133045820519328,28.101821899414062,0.1586502343416214
ambience_000768.pt,0,room,13,0.0012168916873633862,27.34217071533203,2.32342267036438
ambience_000769.pt,0,room,13,0.0028343258891254663,25.395719528198242,0.4548470377922058
ambience_000770.pt,0,room,13,0.005383394658565521,23.466718673706055,0.3105732202529907
ambience_000771.pt,0,room,13,0.004872191697359085,23.480056762695312,0.2354082614183426
ambience_000772.pt,0,room,13,0.0023034512996673584,24.791885375976562,0.7258164286613464
ambience_000773.pt,0,room,13,0.0006593679427169263,30.242759704589844,0.45517662167549133
ambience_000774.pt,0,room,13,0.000324507913319394,31.11473846435547,0.29830098152160645
ambience_000775.pt,0,room,13,0.0006470312364399433,28.797521591186523,0.12295088171958923
ambience_000776.pt,0,room,13,0.000926615612115711,27.624181747436523,1.2853012084960938
ambience_000777.pt,0,room,13,0.002678857184946537,26.983028411865234,0.23862433433532715
ambience_000778.pt,0,room,13,0.0019766283221542835,27.369298934936523,0.4670073390007019
ambience_000779.pt,0,room,13,0.000744788849260658,30.8480167388916,0.26453983783721924
ambience_000780.pt,0,room,13,0.00022962229559198022,33.26248550415039,0.6353558897972107
ambience_000781.pt,0,room,13,9.580250480212271e-05,35.9424934387207,0.9862605929374695
ambience_000782.pt,0,room,13,6.987158121773973e-05,37.43359375,0.3000696301460266
ambience_000783.pt,0,room,13,2.3232396415551193e-05,38.043853759765625,0.9342868328094482
ambience_000784.pt,0,room,13,2.7353153200238012e-05,42.271461486816406,1.7492740154266357
ambience_000785.pt,0,room,13,7.320737495319918e-05,35.86122512817383,0.3723652958869934
ambience_000786.pt,0,room,13,0.0003243542741984129,30.64805030822754,0.172092467546463
ambience_000787.pt,0,room,13,0.0005892233457416296,32.2424201965332,1.2083793878555298
ambience_000788.pt,0,room,13,0.0007956139743328094,28.458778381347656,0.2056179791688919
ambience_000789.pt,0,room,13,0.0008581117144785821,28.01418685913086,0.33866560459136963
ambience_000790.pt,0,room,13,0.0011511448537930846,26.449480056762695,1.4189823865890503
ambience_000791.pt,0,room,13,0.0016539187636226416,26.14590072631836,0.1074337586760521
ambience_000792.pt,0,room,13,0.001650160877034068,26.803417205810547,0.4867155849933624
ambience_000793.pt,0,room,13,0.00025605305563658476,30.49681282043457,0.6642992496490479
ambience_000794.pt,0,room,13,0.0002517431857995689,32.017356872558594,0.3892309069633484
ambience_000795.pt,0,room,13,0.00034979087649844587,32.91907501220703,0.16225463151931763
ambience_000796.pt,0,room,13,0.0007381932809948921,28.261844635009766,0.11823892593383789
ambience_000797.pt,0,room,13,0.0015585552901029587,26.413476943969727,0.47299444675445557
ambience_000798.pt,0,room,13,0.0012857691617682576,26.977306365966797,1.2850674390792847
ambience_000799.pt,0,room,13,0.001185770146548748,26.874353408813477,1.7435531616210938
ambience_000800.pt,0,room,13,0.0014171481598168612,26.82901954650879,0.878037691116333
ambience_000801.pt,0,room,13,0.0017840384971350431,26.26874542236328,0.9760779142379761
ambience_000802.pt,0,room,13,0.0012395804515108466,26.99457550048828,0.19769151508808136
ambience_000803.pt,0,room,13,0.0008769790874794126,28.39699935913086,0.24582073092460632
ambience_000804.pt,0,room,13,0.0007632902706973255,28.698030471801758,0.10468390583992004
ambience_000805.pt,0,room,13,0.0007391603430733085,28.554031372070312,0.1618756502866745
ambience_000806.pt,0,room,13,0.00096584961283952,27.913299560546875,0.6336947679519653
ambience_000807.pt,0,room,13,0.0014865564880892634,26.459978103637695,0.6189770698547363
ambience_000808.pt,0,room,13,0.001185087370686233,28.463401794433594,0.31401729583740234
ambience_000809.pt,0,room,13,0.0014333119615912437,26.831050872802734,0.4074453115463257
ambience_000810.pt,0,room,13,0.0008251995895989239,29.104665756225586,0.18244116008281708
ambience_000811.pt,0,room,13,0.0010671280324459076,29.025836944580078,0.22192245721817017
ambience_000812.pt,0,room,13,0.0021212550345808268,25.574752807617188,0.6510183215141296
ambience_000813.pt,0,room,13,0.003574676811695099,24.625244140625,0.18277907371520996
ambience_000814.pt,0,room,13,0.00015861833526287228,33.3863639831543,0.36853834986686707
ambience_000815.pt,0,room,13,0.00025939641636796296,33.29839324951172,0.5663502812385559
ambience_000816.pt,0,room,13,3.3731699659256265e-05,38.040374755859375,0.5326258540153503
ambience_000817.pt,0,room,13,0.0005299911717884243,31.56960678100586,0.12854249775409698
ambience_000818.pt,0,room,13,0.0007797293365001678,29.94125747680664,0.08312378823757172
ambience_000819.pt,0,room,13,0.00100527994800359,29.863937377929688,0.2595841586589813
ambience_000820.pt,0,room,13,0.0017959664110094309,26.5863094329834,0.22247783839702606
ambience_000821.pt,0,room,13,0.0022114436142146587,26.02043914794922,0.5959087014198303
ambience_000822.pt,0,room,13,0.002369056222960353,25.294998168945312,0.25569960474967957
ambience_000823.pt,0,room,13,0.0013429139507934451,26.84780502319336,0.44231492280960083
ambience_000824.pt,0,room,13,0.0015162323834374547,25.78338623046875,0.18341287970542908
ambience_000825.pt,0,room,13,0.0009500942542217672,27.746116638183594,0.22083236277103424
ambience_000826.pt,0,room,13,0.0007799264276400208,28.841026306152344,0.12719672918319702
ambience_000827.pt,0,room,13,0.000800691545009613,28.248291015625,0.14887793362140656
ambience_000828.pt,0,room,13,0.001558373449370265,26.70949363708496,0.5224896669387817
drone_000464.pt,1,ben shemen,14,1.4104794843206037e-07,50.81758117675781,19.6214542388916
drone_000465.pt,1,ben shemen,14,0.0006441301084123552,35.8736457824707,1.4977118968963623
drone_000466.pt,1,ben shemen,14,0.007442309521138668,21.94620132446289,3.6553523540496826
drone_000467.pt,1,ben shemen,14,0.0015818130923435092,31.374683380126953,1.8315590620040894
drone_000468.pt,1,ben shemen,14,0.0003362253773957491,31.377500534057617,2.005676507949829
drone_000469.pt,1,ben shemen,14,0.0010703463340178132,27.38428497314453,0.8787677884101868
drone_000470.pt,1,ben shemen,14,0.0002903830318246037,30.021818161010742,4.184238433837891
drone_000471.pt,1,ben shemen,14,0.0001819669851101935,35.1197509765625,0.5465990900993347
drone_000472.pt,1,ben shemen,14,1.6067695469246246e-05,38.088829040527344,0.8465553522109985
drone_000473.pt,1,ben shemen,14,2.8177673812024295e-05,37.14873123168945,2.099928379058838
drone_000474.pt,1,ben shemen,14,6.887048948556185e-05,35.309898376464844,0.5337778329849243
drone_000475.pt,1,ben shemen,14,3.2832474516908405e-06,42.2044563293457,1.4924027919769287
drone_000476.pt,1,ben shemen,14,1.7449118558943155e-06,45.18670654296875,0.7953270077705383
drone_000477.pt,1,ben shemen,14,3.314076820970513e-05,36.82204818725586,2.2119181156158447
drone_000478.pt,1,ben shemen,14,0.00018936536798719317,27.12429428100586,6.216168403625488
drone_000479.pt,1,ben shemen,14,0.0010569426231086254,26.35409927368164,2.9566335678100586
drone_000480.pt,1,ben shemen,14,0.00026593657094053924,30.405723571777344,1.0384529829025269
drone_000481.pt,1,ben shemen,14,0.00010925178503384814,29.93172264099121,3.696746349334717
drone_000482.pt,1,ben shemen,14,0.00018809613538905978,31.398799896240234,2.0434730052948
drone_000483.pt,1,ben shemen,14,0.00016942809452302754,28.080886840820312,5.445590972900391
drone_000484.pt,1,ben shemen,14,0.003533386392518878,22.860450744628906,1.4909939765930176
drone_000485.pt,1,ben shemen,14,0.005996409337967634,24.003948211669922,6.1983962059021
drone_000486.pt,1,ben shemen,14,0.006398542784154415,22.085098266601562,6.696710109710693
drone_000487.pt,1,ben shemen,14,0.0015890797367319465,24.529563903808594,10.486750602722168
drone_000488.pt,1,ben shemen,14,0.022741742432117462,22.843814849853516,5.4017333984375
drone_000489.pt,1,ben shemen,14,0.044859468936920166,16.44693374633789,2.9263453483581543
drone_000490.pt,1,ben shemen,14,0.0005967195029370487,31.67386817932129,5.39893913269043
drone_000491.pt,1,ben shemen,14,0.0013775686966255307,22.741994857788086,9.595019340515137
drone_000492.pt,1,ben shemen,14,0.00198959419503808,24.18536376953125,5.2092132568359375
drone_000493.pt,1,ben shemen,14,0.00014636786363553256,30.576955795288086,4.991961479187012
drone_000494.pt,1,ben shemen,14,9.272939678339753e-06,37.77138137817383,9.995662689208984
drone_000495.pt,1,ben shemen,14,5.246025011729216e-06,39.86865234375,14.134638786315918
drone_000496.pt,1,ben shemen,14,1.7265881979255937e-05,34.43537902832031,22.370220184326172
drone_000497.pt,1,ben shemen,14,3.963840936194174e-05,32.7841796875,27.231197357177734
drone_000498.pt,1,ben shemen,14,0.0007885825471021235,28.338064193725586,5.055051803588867
drone_000499.pt,1,ben shemen,14,0.004574223887175322,25.748516082763672,1.5098093748092651
drone_000500.pt,1,ben shemen,14,0.001116155181080103,29.147829055786133,3.152236223220825
drone_000501.pt,1,ben shemen,14,0.0022023979108780622,25.7701473236084,0.3900510370731354
drone_000502.pt,1,ben shemen,14,0.007089936640113592,21.887006759643555,3.3585684299468994
drone_000503.pt,1,ben shemen,14,0.04646426811814308,15.867037773132324,0.2501758635044098
drone_000504.pt,1,ben shemen,14,0.03866751492023468,19.62078857421875,5.652783393859863
drone_000505.pt,1,ben shemen,14,0.059343449771404266,16.625534057617188,1.4512852430343628
drone_000506.pt,1,ben shemen,14,0.007251166272908449,21.343748092651367,7.85056734085083
drone_000507.pt,1,ben shemen,14,0.018132677301764488,18.08349609375,4.735737323760986
drone_000508.pt,1,ben shemen,14,0.05074096471071243,19.785137176513672,0.9511920213699341
drone_000509.pt,1,ben shemen,14,0.01761387474834919,22.02466583251953,2.308851718902588
drone_000510.pt,1,ben shemen,14,0.016179721802473068,23.37649917602539,1.2715179920196533
drone_000511.pt,1,ben shemen,14,0.004998335614800453,21.893661499023438,4.083391189575195
drone_000512.pt,1,ben shemen,14,0.014681367203593254,20.512001037597656,2.5289835929870605
drone_000513.pt,1,ben shemen,14,0.04576092213392258,18.95309829711914,4.559011459350586
drone_000514.pt,1,ben shemen,14,0.010227078571915627,21.42584991455078,1.6042598485946655
drone_000515.pt,1,ben shemen,14,0.008500214666128159,22.3463077545166,9.046884536743164
drone_000516.pt,1,ben shemen,14,0.0006478436989709735,30.803373336791992,2.2300710678100586
drone_000517.pt,1,ben shemen,14,0.001556297531351447,29.31338119506836,1.3828229904174805
drone_000518.pt,1,ben shemen,14,0.0032770459074527025,26.7193546295166,2.377533435821533
drone_000519.pt,1,ben shemen,14,0.005468072835355997,28.672815322875977,21.518068313598633
drone_000520.pt,1,ben shemen,14,0.0038657269906252623,26.692564010620117,11.277487754821777
drone_000521.pt,1,ben shemen,14,0.03113996610045433,21.005844116210938,9.084521293640137
drone_000522.pt,1,ben shemen,14,0.02353089489042759,22.776212692260742,7.154198169708252
drone_000523.pt,1,ben shemen,14,0.017847850918769836,23.561643600463867,8.564724922180176
drone_000524.pt,1,ben shemen,14,0.019188309088349342,21.268726348876953,5.112704277038574
drone_000525.pt,1,ben shemen,14,0.013075308874249458,28.441747665405273,2.147246837615967
drone_000526.pt,1,ben shemen,14,0.022069334983825684,21.538928985595703,5.362998008728027
drone_000527.pt,1,ben shemen,14,0.013844476081430912,25.721647262573242,4.181705951690674
drone_000528.pt,1,ben shemen,14,0.005503508727997541,29.5897159576416,23.51466941833496
drone_000529.pt,1,ben shemen,14,0.06194305792450905,16.80280876159668,0.9416886568069458
drone_000530.pt,1,ben shemen,14,0.05864415690302849,27.640827178955078,11.696885108947754
drone_000531.pt,1,ben shemen,14,0.05754794925451279,18.789478302001953,3.594982385635376
drone_000532.pt,1,ben shemen,14,0.12510471045970917,16.249309539794922,1.8256522417068481
drone_000533.pt,1,ben shemen,14,1.3799090083921328e-05,40.559181213378906,0.8240996599197388
drone_000534.pt,1,ben shemen,14,0.00048293013242073357,34.331119537353516,6.442292213439941
drone_000535.pt,1,ben shemen,14,0.0006815858650952578,31.69896697998047,1.0818402767181396
drone_000536.pt,1,ben shemen,14,0.0002468438760843128,33.5656852722168,1.5309343338012695
drone_000537.pt,1,ben shemen,14,7.697582623222843e-05,34.91301727294922,2.9787213802337646
drone_000538.pt,1,ben shemen,14,0.0011208443902432919,33.74106979370117,0.5896034240722656
drone_000539.pt,1,ben shemen,14,0.00015866525063756853,38.26176452636719,1.3766268491744995
drone_000540.pt,1,ben shemen,14,0.0003424540045671165,38.63434600830078,1.2639868259429932
drone_000541.pt,1,ben shemen,14,0.027198854833841324,25.94530487060547,4.302450180053711
drone_000542.pt,1,ben shemen,14,0.00031117306207306683,41.268951416015625,2.939592123031616
drone_000543.pt,1,ben shemen,14,4.973077807335358e-07,46.942893981933594,1.1459236145019531
drone_000544.pt,1,ben shemen,14,2.942086211987771e-05,41.67088317871094,1.6212750673294067
drone_000545.pt,1,ben shemen,14,0.00411900132894516,30.214824676513672,1.2536643743515015
drone_000546.pt,1,ben shemen,14,0.0004907406982965767,35.31139373779297,2.6432065963745117
drone_000547.pt,1,ben shemen,14,0.04053563252091408,15.18838119506836,1.2519890069961548
drone_000548.pt,1,ben shemen,14,8.892074220057111e-06,50.76799774169922,1.9150196313858032
drone_000549.pt,1,ben shemen,14,2.5391466351720737e-06,52.017921447753906,7.157314777374268
drone_000550.pt,1,ben shemen,14,2.8084928999305703e-05,47.72536087036133,8.692537307739258
ambience_000829.pt,0,room,15,0.05540870502591133,15.893204689025879,0.1131778135895729
ambience_000830.pt,0,room,15,0.05108360946178436,16.094093322753906,0.06329585611820221
ambience_000831.pt,0,room,15,0.058869533240795135,16.031694412231445,0.05196060985326767
ambience_000832.pt,0,room,15,0.05619806423783302,16.659072875976562,0.07574870437383652
ambience_000833.pt,0,room,15,0.05712242051959038,24.830453872680664,0.09373253583908081
ambience_000834.pt,0,room,15,0.050510603934526443,16.525476455688477,0.06250345706939697
ambience_000835.pt,0,room,15,0.0604940764605999,16.4022216796875,0.058042529970407486
ambience_000836.pt,0,room,15,0.054778072983026505,16.16191864013672,0.07281151413917542
ambience_000837.pt,0,room,15,0.059021320194005966,16.28974151611328,0.07210105657577515
ambience_000838.pt,0,room,15,0.05215483903884888,16.178878784179688,0.06484447419643402
ambience_000839.pt,0,room,15,0.05804501473903656,15.839363098144531,0.07000988721847534
ambience_000840.pt,0,room,15,0.05589097738265991,16.331148147583008,0.10792884975671768
ambience_000841.pt,0,room,15,0.05814006179571152,15.466238021850586,0.08497531712055206
ambience_000842.pt,0,room,15,0.056996628642082214,15.735330581665039,0.06877770274877548
ambience_000843.pt,0,room,15,0.05402758717536926,15.858742713928223,0.07800757884979248
ambience_000844.pt,0,room,15,0.05195415019989014,15.566751480102539,0.08089309185743332
ambience_000845.pt,0,room,15,0.052373845130205154,16.001346588134766,0.0605497807264328
ambience_000846.pt,0,room,15,0.05295363441109657,25.186979293823242,0.43733423948287964
ambience_000847.pt,0,room,15,0.054096948355436325,24.99864959716797,0.6603409647941589
ambience_000848.pt,0,room,15,0.05295999348163605,19.769733428955078,0.7807009220123291
ambience_000849.pt,0,room,15,0.052171628922224045,18.989316940307617,0.5915440320968628
ambience_000850.pt,0,room,15,0.060561664402484894,18.68199920654297,0.507997453212738
ambience_000851.pt,0,room,15,0.04971587657928467,16.808349609375,0.06368803977966309
ambience_000852.pt,0,room,15,0.06338772922754288,15.607444763183594,0.06383354216814041
ambience_000853.pt,0,room,15,0.055659353733062744,15.938873291015625,0.06985428929328918
ambience_000854.pt,0,room,15,0.0551261268556118,15.99138069152832,0.05881202965974808
ambience_000855.pt,0,room,15,0.05275244638323784,16.373878479003906,0.07474303990602493
ambience_000856.pt,0,room,15,0.05693132057785988,23.79074478149414,0.519408106803894
ambience_000857.pt,0,room,15,0.05794436112046242,18.77010154724121,0.6221530437469482
ambience_000858.pt,0,room,15,0.0609063096344471,18.400230407714844,0.9371954202651978
ambience_000859.pt,0,room,15,0.059516843408346176,20.094905853271484,0.5641732811927795
ambience_000860.pt,0,room,15,0.05280911549925804,17.765117645263672,0.5314843058586121
ambience_000861.pt,0,room,15,0.054967012256383896,18.930320739746094,0.985228419303894
ambience_000862.pt,0,room,15,0.058381784707307816,15.959002494812012,0.06943469494581223
ambience_000863.pt,0,room,15,0.05469899997115135,16.200084686279297,0.058713994920253754
ambience_000864.pt,0,room,15,0.05158717557787895,16.45762062072754,0.081821970641613
ambience_000865.pt,0,room,15,0.06413623690605164,15.555869102478027,0.08688180893659592
ambience_000866.pt,0,room,15,0.05730064958333969,15.726724624633789,0.07122901827096939
ambience_000867.pt,0,room,15,0.058788999915122986,16.505840301513672,0.06300447136163712
ambience_000868.pt,0,room,15,0.05826902389526367,15.861360549926758,0.06933476030826569
ambience_000869.pt,0,room,15,0.05257163196802139,16.26683807373047,0.05744863674044609
ambience_000870.pt,0,room,15,0.061256203800439835,16.041353225708008,0.07268045097589493
ambience_000871.pt,0,room,15,0.06350882351398468,15.8298978805542,0.193266823887825
ambience_000872.pt,0,room,15,0.05429472401738167,16.75412940979004,0.1603366732597351
ambience_000873.pt,0,room,15,0.06180160492658615,18.247943878173828,0.10831698030233383
ambience_000874.pt,0,room,15,0.059347521513700485,16.22559928894043,0.09904202818870544
ambience_000875.pt,0,room,15,0.058781273663043976,15.826400756835938,0.08010142296552658
ambience_000876.pt,0,room,15,0.05670401453971863,16.00381088256836,0.12633351981639862
ambience_000877.pt,0,room,15,0.05826333165168762,15.489995956420898,0.15369479358196259
ambience_000878.pt,0,room,15,0.05211741849780083,17.588762283325195,0.07499483227729797
ambience_000879.pt,0,room,15,0.044716306030750275,16.290164947509766,0.087629534304142
ambience_000880.pt,0,room,15,0.0520734041929245,15.817743301391602,0.060886580497026443
ambience_000881.pt,0,room,15,0.051435429602861404,16.432903289794922,0.06589127331972122
ambience_000882.pt,0,room,15,0.055968597531318665,15.521352767944336,0.08461568504571915
ambience_000883.pt,0,room,15,0.05285174027085304,16.312196731567383,0.07853471487760544
ambience_000884.pt,0,room,15,0.05924316495656967,15.851698875427246,0.06760112196207047
ambience_000885.pt,0,room,15,0.057628508657217026,16.285137176513672,0.06876131147146225
ambience_000886.pt,0,room,15,0.058159686625003815,16.499019622802734,0.07581855356693268
ambience_000887.pt,0,room,15,0.05177730694413185,16.133459091186523,0.06382787227630615
ambience_000888.pt,0,room,15,0.046874016523361206,15.999629974365234,0.068204365670681
ambience_000889.pt,0,room,15,0.05958624184131622,16.28207015991211,0.09311565011739731
ambience_000890.pt,0,room,15,0.05066826567053795,17.16143035888672,0.07634709030389786
ambience_000891.pt,0,room,15,0.04445414990186691,27.03876304626465,0.7494887709617615
ambience_000892.pt,0,room,15,0.05212975665926933,17.54123306274414,0.04597214236855507
ambience_000893.pt,0,room,15,0.05509166419506073,16.78009796142578,0.07860952615737915
ambience_000894.pt,0,room,15,0.044155560433864594,26.929771423339844,1.23500657081604
ambience_000895.pt,0,room,15,0.055184200406074524,15.789996147155762,0.07363524287939072
ambience_000896.pt,0,room,15,0.0562630370259285,15.91209888458252,0.07970684766769409
ambience_000897.pt,0,room,15,0.05129079520702362,16.81439971923828,0.07062060385942459
ambience_000898.pt,0,room,15,0.04584568738937378,16.579343795776367,0.06670145690441132
ambience_000899.pt,0,room,15,0.05581165477633476,16.09425926208496,0.0873354971408844
ambience_000900.pt,0,room,15,0.051416389644145966,15.990949630737305,0.06549430638551712
ambience_000901.pt,0,room,15,0.05065341293811798,16.625009536743164,0.0830226019024849
ambience_000902.pt,0,room,15,0.0510660856962204,16.5181827545166,0.06346063315868378
ambience_000903.pt,0,room,15,0.05929039791226387,16.472423553466797,0.06984081864356995
ambience_000904.pt,0,balcony,16,8.973158401204273e-05,40.20796203613281,6.78262996673584
ambience_000905.pt,0,balcony,16,7.61957053327933e-05,31.95903205871582,1.7489901781082153
ambience_000906.pt,0,balcony,16,6.272645259741694e-05,32.29186248779297,0.8484756946563721
ambience_000907.pt,0,balcony,16,1.7868120266939513e-05,36.27753448486328,0.7674931287765503
ambience_000908.pt,0,balcony,16,3.009603824466467e-05,34.75042724609375,1.146884799003601
ambience_000909.pt,0,balcony,16,1.758208054525312e-05,33.589561462402344,1.5186960697174072
ambience_000910.pt,0,balcony,16,4.0722785342950374e-05,32.41328430175781,3.803463935852051
ambience_000911.pt,0,balcony,16,2.5117291443166323e-05,34.217899322509766,2.5837557315826416
ambience_000912.pt,0,balcony,16,3.4455282730050385e-05,35.083160400390625,0.6619244813919067
ambience_000913.pt,0,balcony,16,3.703223410411738e-05,47.00052261352539,1.0933486223220825
ambience_000914.pt,0,balcony,16,7.56570661906153e-05,33.67744827270508,2.182755708694458
ambience_000915.pt,0,balcony,16,4.685929889092222e-05,36.72513198852539,1.365143895149231
ambience_000916.pt,0,balcony,16,0.0001307677594013512,32.67919158935547,5.977604389190674
ambience_000917.pt,0,balcony,16,0.00020879917428828776,28.387210845947266,12.957590103149414
ambience_000918.pt,0,balcony,16,9.156241867458448e-05,32.04022979736328,2.5026631355285645
ambience_000919.pt,0,balcony,16,0.00011762760550482199,32.77019500732422,1.7438030242919922
ambience_000920.pt,0,balcony,16,0.00013065732491668314,30.260295867919922,0.8950262069702148
ambience_000921.pt,0,balcony,16,8.981014980236068e-05,31.145648956298828,1.0830882787704468
ambience_000922.pt,0,balcony,16,4.033948061987758e-05,32.269927978515625,3.336240291595459
ambience_000923.pt,0,balcony,16,1.0681986168492585e-05,37.76093292236328,0.7277154922485352
ambience_000924.pt,0,balcony,16,8.906899893190712e-06,38.357852935791016,1.8650709390640259
ambience_000925.pt,0,balcony,16,1.369794972561067e-05,36.868446350097656,2.138967752456665
ambience_000926.pt,0,balcony,16,3.7474881537491456e-05,35.51646423339844,1.3773843050003052
ambience_000927.pt,0,balcony,16,5.222187246545218e-05,33.38731384277344,1.9083120822906494
ambience_000928.pt,0,balcony,16,0.00012268417049199343,33.40969467163086,1.0879732370376587
ambience_000929.pt,0,balcony,16,4.5108441554475576e-05,34.182674407958984,2.7774405479431152
ambience_000930.pt,0,balcony,16,4.604270725394599e-05,42.53744888305664,2.182403087615967
ambience_000931.pt,0,balcony,16,9.954439155990258e-05,37.00127029418945,2.231013059616089
ambience_000932.pt,0,balcony,16,0.0001042930016410537,29.05182647705078,1.9247270822525024
ambience_000933.pt,0,balcony,16,4.585375791066326e-05,32.922767639160156,0.7352629899978638
ambience_000934.pt,0,balcony,16,3.395921885385178e-05,33.104854583740234,0.518375039100647
ambience_000935.pt,0,balcony,16,0.0001168483795481734,33.210044860839844,1.1449201107025146
ambience_000936.pt,0,balcony,16,0.00021093162649776787,29.493730545043945,0.6667380928993225
ambience_000937.pt,0,balcony,16,0.0002169084909837693,28.263301849365234,1.0976414680480957
ambience_000938.pt,0,balcony,16,0.00016447532107122242,37.85750198364258,1.7626457214355469
ambience_000939.pt,0,balcony,16,0.0004312066303100437,32.02094268798828,1.1900970935821533
ambience_000940.pt,0,balcony,16,0.0006357993697747588,34.26182174682617,0.9675951600074768
ambience_000941.pt,0,balcony,16,0.00011502260167617351,32.11467742919922,1.519142508506775
ambience_000942.pt,0,balcony,16,0.0006366584566421807,29.067180633544922,0.9735515713691711
ambience_000943.pt,0,balcony,16,0.0002837606880348176,31.883304595947266,3.0571415424346924
ambience_000944.pt,0,balcony,16,4.3550171540118754e-05,34.65251922607422,2.315972328186035
ambience_000945.pt,0,balcony,16,0.00010498438496142626,30.18486785888672,1.051758885383606
ambience_000946.pt,0,balcony,16,0.00011278512101853266,33.59983825683594,2.182664394378662
ambience_000947.pt,0,balcony,16,4.814317435375415e-05,40.064823150634766,1.708472728729248
ambience_000948.pt,0,balcony,16,1.7807871699915268e-05,41.80110168457031,1.6103790998458862
ambience_000949.pt,0,balcony,16,3.6815417843172327e-06,43.824283599853516,2.414181709289551
ambience_000950.pt,0,balcony,16,0.00020159402629360557,37.465415954589844,1.5898433923721313
ambience_000951.pt,0,balcony,16,0.0003098305023740977,36.34318542480469,2.8888537883758545
ambience_000952.pt,0,balcony,16,0.0011432087048888206,32.96848678588867,1.422392725944519
ambience_000953.pt,0,balcony,16,0.0003697547654155642,35.176605224609375,2.368534564971924
ambience_000954.pt,0,balcony,16,0.0001509706926299259,35.02550506591797,3.207684278488159
ambience_000955.pt,0,balcony,16,4.9450096412329e-05,36.78200149536133,2.5847487449645996
ambience_000956.pt,0,balcony,16,0.0006412787479348481,31.683252334594727,2.174042224884033
ambience_000957.pt,0,balcony,16,0.0007850363617762923,33.37058639526367,1.003523826599121
ambience_000958.pt,0,balcony,16,0.0022498308680951595,24.697162628173828,0.7615475654602051
ambience_000959.pt,0,balcony,16,0.001972476253286004,29.058334350585938,0.6202924251556396
ambience_000960.pt,0,balcony,16,0.0012321016984060407,27.48543357849121,0.8075295090675354
ambience_000961.pt,0,balcony,16,0.0005956321256235242,31.82636070251465,1.2057154178619385
ambience_000962.pt,0,balcony,16,0.001512322691269219,35.38667297363281,1.0132580995559692
ambience_000963.pt,0,balcony,16,7.802393156453036e-06,46.933475494384766,1.5887744426727295
ambience_000964.pt,0,balcony,16,0.0014079042011871934,27.12818145751953,1.927227258682251
ambience_000965.pt,0,balcony,16,0.0012441574363037944,33.57632064819336,1.3279067277908325
ambience_000966.pt,0,balcony,16,0.0015018200501799583,30.599998474121094,2.6884565353393555
ambience_000967.pt,0,balcony,16,0.001310837920755148,26.856613159179688,0.914324164390564
ambience_000968.pt,0,balcony,16,0.0007790139061398804,29.522457122802734,1.2880303859710693
ambience_000969.pt,0,balcony,16,0.0011971208732575178,31.90108299255371,1.7377455234527588
ambience_000970.pt,0,balcony,16,0.0015225381357595325,40.73419952392578,0.6728357672691345
ambience_000971.pt,0,balcony,16,1.8288537830812857e-06,44.04243850708008,2.0187957286834717
ambience_000972.pt,0,balcony,16,1.0406131067952629e-08,61.58589172363281,1.8529658317565918
ambience_000973.pt,0,balcony,16,1.8599475737346438e-08,64.04085540771484,1.5682264566421509
ambience_000974.pt,0,balcony,16,1.3948842081390467e-08,58.71892547607422,1.225347638130188
ambience_000975.pt,0,balcony,16,2.1158919061292636e-09,61.437591552734375,1.1602550745010376
ambience_000976.pt,0,balcony,16,7.617632746814706e-08,58.38109588623047,3.3486709594726562
ambience_000977.pt,0,balcony,16,0.00038337960722856224,35.90095520019531,0.8608953952789307
ambience_000978.pt,0,balcony,16,1.5266285117832012e-05,41.46795654296875,1.0279170274734497
drone_000551.pt,1,Yarkon,17,0.003051555249840021,21.362979888916016,1.9290155172348022
drone_000552.pt,1,Yarkon,17,0.00453765457496047,20.866371154785156,0.8953374624252319
drone_000553.pt,1,Yarkon,17,0.006409772671759129,31.640926361083984,0.7639109492301941
drone_000554.pt,1,Yarkon,17,0.007036288734525442,17.697715759277344,0.6575201749801636
drone_000555.pt,1,Yarkon,17,0.0005114072700962424,29.99076271057129,0.44226181507110596
drone_000556.pt,1,Yarkon,17,0.0012383881257846951,28.54209327697754,1.0428192615509033
drone_000557.pt,1,Yarkon,17,3.6133499179413775e-06,42.67922592163086,1.4844051599502563
drone_000558.pt,1,Yarkon,17,2.0836760086240247e-05,38.81556701660156,6.01415491104126
drone_000559.pt,1,Yarkon,17,8.485163220939285e-07,45.1932487487793,4.269491195678711
drone_000560.pt,1,Yarkon,17,6.188074166857405e-06,42.66015625,0.789779782295227
drone_000561.pt,1,Yarkon,17,2.7722364393412136e-05,47.01248550415039,1.047721028327942
drone_000562.pt,1,Yarkon,17,3.074558844673447e-05,37.7965202331543,0.8981311321258545
drone_000563.pt,1,Yarkon,17,4.0934451135399286e-06,49.399436950683594,2.377985715866089
drone_000564.pt,1,Yarkon,17,1.9951090507674962e-05,41.711883544921875,0.9021909832954407
drone_000565.pt,1,Yarkon,17,3.844364618998952e-05,48.375362396240234,0.7688809633255005
drone_000566.pt,1,Yarkon,17,7.076292240526527e-05,33.47902297973633,0.4580881893634796
drone_000567.pt,1,Yarkon,17,0.0014479337260127068,25.6146183013916,22.28104019165039
drone_000568.pt,1,Yarkon,17,0.0010682817082852125,23.34246826171875,1.8341337442398071
drone_000569.pt,1,Yarkon,17,0.0010494380258023739,21.896085739135742,0.6471121311187744
drone_000570.pt,1,Yarkon,17,0.0007376223220489919,23.371295928955078,2.017076253890991
drone_000571.pt,1,Yarkon,17,0.00104540737811476,23.283897399902344,1.3905309438705444
drone_000572.pt,1,Yarkon,17,0.0011084178695455194,22.415668487548828,0.7061706185340881
drone_000573.pt,1,Yarkon,17,0.0018841569544747472,20.94202995300293,0.8411550521850586
drone_000574.pt,1,Yarkon,17,0.006001001689583063,18.898988723754883,0.7435187101364136
drone_000575.pt,1,Yarkon,17,0.008116308599710464,18.984439849853516,0.9993023872375488
drone_000576.pt,1,Yarkon,17,0.003411647630855441,23.197933197021484,10.591482162475586
drone_000577.pt,1,Yarkon,17,0.0011278102174401283,22.749624252319336,2.5735058784484863
drone_000578.pt,1,Yarkon,17,0.0012444755993783474,21.521778106689453,1.1692041158676147
drone_000579.pt,1,Yarkon,17,0.001048012636601925,29.627506256103516,7.18635892868042
drone_000580.pt,1,Yarkon,17,0.000515675637871027,27.544116973876953,3.55350923538208
drone_000581.pt,1,Yarkon,17,0.0007108829449862242,26.930744171142578,0.8487232327461243
drone_000582.pt,1,Yarkon,17,0.0012577160960063338,23.63435935974121,0.8849714994430542
drone_000583.pt,1,Yarkon,17,0.0008580962312407792,27.138940811157227,10.047944068908691
drone_000584.pt,1,Yarkon,17,0.0006369568291120231,29.855194091796875,8.731215476989746
drone_000585.pt,1,Yarkon,17,0.00074000284075737,24.054550170898438,2.3023438453674316
drone_000586.pt,1,Yarkon,17,0.0007047103717923164,27.253223419189453,0.5373108983039856
drone_000587.pt,1,Yarkon,17,0.00031647563446313143,29.7225341796875,0.4315694272518158
drone_000588.pt,1,Yarkon,17,0.00025235983775928617,29.829345703125,3.7334935665130615
drone_000589.pt,1,Yarkon,17,0.000850679527502507,24.419891357421875,3.8320581912994385
drone_000590.pt,1,Yarkon,17,0.0008889728924259543,24.72503662109375,0.5900825262069702
drone_000591.pt,1,Yarkon,17,0.001254132017493248,25.65485382080078,0.39800864458084106
drone_000592.pt,1,Yarkon,17,0.0019684722647070885,23.515783309936523,1.0616364479064941
drone_000593.pt,1,Yarkon,17,0.00028402014868333936,31.11829948425293,0.2801898121833801
drone_000594.pt,1,Yarkon,17,0.0004175991634838283,33.026607513427734,3.0324220657348633
drone_000595.pt,1,Yarkon,17,0.00015647770487703383,29.13154411315918,5.301253318786621
drone_000596.pt,1,Yarkon,17,0.0010430190013721585,27.668067932128906,9.892066955566406
drone_000597.pt,1,Yarkon,17,0.006140400655567646,20.746227264404297,2.2010576725006104
drone_000598.pt,1,Yarkon,17,0.001072448561899364,24.531574249267578,1.5708339214324951
drone_000599.pt,1,Yarkon,17,0.0011068989988416433,25.22646141052246,1.1387921571731567
drone_000600.pt,1,Yarkon,17,0.0023904568515717983,22.390857696533203,0.8070942759513855
drone_000601.pt,1,Yarkon,17,0.0015556045109406114,21.34923553466797,2.1193816661834717
drone_000602.pt,1,Yarkon,17,0.0029839864000678062,20.272518157958984,1.2614470720291138
drone_000603.pt,1,Yarkon,17,0.003656641812995076,22.123558044433594,3.212298631668091
drone_000604.pt,1,Yarkon,17,5.84879562666174e-05,37.50984191894531,2.8498730659484863
drone_000605.pt,1,Yarkon,17,2.5862431357381865e-05,36.0670280456543,2.490537643432617
drone_000606.pt,1,Yarkon,17,0.0003614283341448754,28.094852447509766,1.366919994354248
drone_000607.pt,1,Yarkon,17,0.0015376834198832512,22.761398315429688,6.976088523864746
drone_000608.pt,1,Yarkon,17,0.0009075874113477767,24.54952621459961,4.157172679901123
drone_000609.pt,1,Yarkon,17,0.0013096329057589173,21.64982032775879,1.8626039028167725
drone_000610.pt,1,Yarkon,17,0.0009548302041366696,21.167905807495117,3.1112027168273926
drone_000611.pt,1,Yarkon,17,0.001149155548773706,21.389545440673828,0.9797945618629456
drone_000612.pt,1,Yarkon,17,0.0009978718589991331,21.859296798706055,0.7390773296356201
drone_000613.pt,1,Yarkon,17,0.0009261520463041961,22.590242385864258,2.342785358428955
drone_000614.pt,1,Yarkon,17,0.0015214553568512201,19.974266052246094,4.279261589050293
drone_000615.pt,1,Yarkon,17,0.000923243525903672,23.211748123168945,0.7529805898666382
drone_000616.pt,1,Yarkon,17,9.293664334109053e-05,36.52889633178711,1.0211261510849
drone_000617.pt,1,Yarkon,17,0.0002913157222792506,32.216064453125,1.092069387435913
drone_000618.pt,1,Yarkon,17,4.19081152358558e-06,45.25930404663086,3.3740758895874023
drone_000619.pt,1,Yarkon,17,5.62056120543275e-05,44.27227020263672,1.267789363861084
drone_000620.pt,1,Yarkon,17,0.0005371617153286934,39.73210906982422,1.0527092218399048
drone_000621.pt,1,Yarkon,17,0.0006722200196236372,34.170249938964844,3.3767263889312744
drone_000622.pt,1,Yarkon,17,3.396925194465439e-06,44.08766555786133,6.093532562255859
drone_000623.pt,1,Yarkon,17,5.387915371102281e-05,45.665260314941406,16.040597915649414
drone_000624.pt,1,Yarkon,17,8.602434036220075e-07,47.01926803588867,6.651979446411133
drone_000625.pt,1,Yarkon,17,0.0039002764970064163,23.8380069732666,8.927572250366211
drone_000626.pt,1,Yarkon,17,0.01334304828196764,22.33682632446289,5.267359256744385
drone_000627.pt,1,Yarkon,18,0.002623964101076126,29.410110473632812,7.138119697570801
drone_000628.pt,1,Yarkon,18,0.02909376099705696,23.96841812133789,0.34341660141944885
drone_000629.pt,1,Yarkon,18,0.0016957225743681192,29.586952209472656,0.8218693733215332
drone_000630.pt,1,Yarkon,18,0.00014777001342736185,35.480735778808594,0.7941300272941589
drone_000631.pt,1,Yarkon,18,0.021420961245894432,25.075984954833984,0.26631444692611694
drone_000632.pt,1,Yarkon,18,0.02219488099217415,23.98917579650879,0.398332417011261
drone_000633.pt,1,Yarkon,18,0.00448849331587553,27.292503356933594,0.3757529556751251
drone_000634.pt,1,Yarkon,18,0.0008038839441724122,30.64867401123047,0.8131307363510132
drone_000635.pt,1,Yarkon,18,0.003253389149904251,27.794170379638672,0.5162656903266907
drone_000636.pt,1,Yarkon,18,0.0012833899818360806,32.61924743652344,0.4264974594116211
drone_000637.pt,1,Yarkon,18,0.00011365535465301946,34.635986328125,0.3769459128379822
drone_000638.pt,1,Yarkon,18,0.0006330193136818707,30.19348907470703,0.37412145733833313
drone_000639.pt,1,Yarkon,18,0.00039917038520798087,34.61698913574219,0.41516631841659546
drone_000640.pt,1,Yarkon,18,0.0002852961188182235,30.1329288482666,0.40048789978027344
drone_000641.pt,1,Yarkon,18,0.0002910049806814641,31.92732810974121,0.39759206771850586
drone_000642.pt,1,Yarkon,18,4.458778946059283e-08,50.15619659423828,43.39336395263672
drone_000643.pt,1,Yarkon,18,5.0629498815624174e-08,57.33839416503906,18.652257919311523
drone_000644.pt,1,Yarkon,18,1.911124369868844e-09,65.17821502685547,42.26616287231445
drone_000645.pt,1,Yarkon,18,4.507880291271249e-09,53.74467468261719,47.94586181640625
drone_000646.pt,1,Yarkon,18,9.407603442923573e-07,45.27484893798828,7.194232940673828
drone_000647.pt,1,Yarkon,18,1.966136778719374e-06,53.49224090576172,6.40113639831543
drone_000648.pt,1,Yarkon,18,1.2256055015313905e-07,48.325904846191406,29.436969757080078
drone_000649.pt,1,Yarkon,18,9.291856258641928e-06,46.452911376953125,5.181596755981445
drone_000650.pt,1,Yarkon,18,0.00015114786219783127,35.14873123168945,8.045042037963867
drone_000651.pt,1,Yarkon,18,3.490821427476476e-06,46.62128448486328,15.477459907531738
drone_000652.pt,1,Yarkon,18,0.00013146587298251688,26.32198143005371,42.71222686767578
drone_000653.pt,1,Yarkon,18,7.346453639911488e-05,35.91455078125,7.119988441467285
drone_000654.pt,1,Yarkon,18,0.0007417842862196267,34.76493453979492,7.99475622177124
drone_000655.pt,1,Yarkon,18,0.0030482441652566195,30.710914611816406,24.60211181640625
drone_000656.pt,1,Yarkon,18,1.6228271988438792e-06,48.869747161865234,3.1762914657592773
drone_000657.pt,1,Yarkon,18,0.0003468460345175117,29.495182037353516,10.883223533630371
drone_000658.pt,1,Yarkon,18,0.000993629451841116,28.381853103637695,7.690250396728516
drone_000659.pt,1,Yarkon,18,0.002274464350193739,24.515853881835938,20.436527252197266
drone_000660.pt,1,Yarkon,18,0.07206933945417404,34.64558410644531,13.911843299865723
drone_000661.pt,1,Yarkon,18,1.041436689774855e-06,59.5917854309082,36.40623092651367
drone_000662.pt,1,Yarkon,18,0.03773782029747963,23.5338077545166,15.789018630981445
drone_000663.pt,1,Yarkon,18,3.500207185425097e-06,51.81549072265625,63.28809356689453
drone_000664.pt,1,Yarkon,18,0.003756089136004448,19.927654266357422,25.11070442199707
drone_000665.pt,1,Yarkon,18,0.001960423309355974,43.493072509765625,11.429093360900879
drone_000666.pt,1,Yarkon,18,0.0009529479430057108,49.8738899230957,101.4872055053711
drone_000667.pt,1,Yarkon,18,0.00030966493068262935,34.89349365234375,49.6393928527832
drone_000668.pt,1,Yarkon,18,0.0007251116330735385,31.879310607910156,10.765416145324707
drone_000669.pt,1,Yarkon,18,0.001821728888899088,29.113162994384766,50.46977615356445
drone_000670.pt,1,Yarkon,18,3.635066150309285e-07,49.82908630371094,10.50268268585205
drone_000671.pt,1,Yarkon,18,7.591143912577536e-06,39.574501037597656,31.988555908203125
drone_000672.pt,1,Yarkon,18,0.0014566875761374831,30.869970321655273,4.14916467666626
drone_000673.pt,1,Yarkon,18,0.00010037462197942659,35.607215881347656,6.8920817375183105
drone_000674.pt,1,Yarkon,18,1.1155924539707485e-06,48.654476165771484,3.8849077224731445
drone_000675.pt,1,Yarkon,18,0.00020319494069553912,33.67493438720703,0.4447175860404968
drone_000676.pt,1,Yarkon,18,2.9968216040288098e-05,41.3629035949707,7.971659183502197
drone_000677.pt,1,Yarkon,18,5.426808274933137e-05,41.71284866333008,8.479848861694336
drone_000678.pt,1,Yarkon,18,0.02811221033334732,24.447208404541016,2.008279323577881
drone_000679.pt,1,Yarkon,18,3.0506776965921745e-05,42.127342224121094,1.6552608013153076
drone_000680.pt,1,Yarkon,18,9.262566891266033e-06,45.38410949707031,1.434509515762329
drone_000681.pt,1,Yarkon,18,0.00014217564603313804,37.49160385131836,0.6417389512062073
drone_000682.pt,1,Yarkon,18,3.3634923966019414e-06,45.053680419921875,0.7990037798881531
drone_000683.pt,1,Yarkon,18,1.6269498246401781e-06,44.3359260559082,0.8192669153213501
drone_000684.pt,1,Yarkon,18,2.2187825834407704e-06,49.397911071777344,6.724853992462158
drone_000685.pt,1,Yarkon,18,9.009268069348764e-07,50.94960403442383,28.342342376708984
drone_000686.pt,1,Yarkon,18,7.946959499349759e-07,52.94737243652344,36.70671463012695
drone_000687.pt,1,Yarkon,18,9.790840522327926e-06,37.97547912597656,4.198647499084473
drone_000688.pt,1,Yarkon,18,0.0008389566210098565,29.32764434814453,7.939701557159424
drone_000689.pt,1,Yarkon,18,9.65429514110383e-09,52.52881622314453,71.53128814697266
drone_000690.pt,1,Yarkon,18,4.76082924194543e-08,51.17079544067383,6.855519771575928
drone_000691.pt,1,Yarkon,18,1.2990278719371418e-07,47.35780334472656,29.409147262573242
drone_000692.pt,1,Yarkon,18,5.293444473863929e-07,53.369224548339844,0.7335465550422668
drone_000693.pt,1,Yarkon,18,3.790324143437829e-08,59.639076232910156,2.15987491607666
drone_000694.pt,1,Yarkon,18,2.308097464265302e-06,48.15559005737305,25.06169319152832
drone_000695.pt,1,Yarkon,18,2.4129662961058784e-06,48.713985443115234,9.19287395477295
drone_000696.pt,1,Yarkon,18,1.1675753057716065e-06,45.15675735473633,7.969714164733887
drone_000697.pt,1,Yarkon,18,0.0007367037469521165,29.05024528503418,9.803074836730957
drone_000698.pt,1,Yarkon,18,4.815541979041882e-05,42.976966857910156,5.773461818695068
drone_000699.pt,1,Yarkon,18,7.159738743212074e-06,45.1482048034668,56.18926239013672
drone_000700.pt,1,Yarkon,18,7.90652961768501e-07,50.36800765991211,3.7367546558380127
drone_000701.pt,1,Yarkon,18,2.157957368353891e-08,57.13186264038086,7.7491841316223145
drone_000702.pt,1,Yarkon,18,1.390825321578859e-08,61.73112106323242,0.5475571155548096
drone_000703.pt,1,Yarkon,18,3.964543111578678e-07,49.91971969604492,4.831321716308594
drone_000704.pt,1,Yarkon,18,1.026245740831655e-06,51.54058074951172,2.0795819759368896
drone_000705.pt,1,Yarkon,18,0.00021040646242909133,37.96022415161133,3.3111584186553955
drone_000706.pt,1,Yarkon,18,0.00013547288835979998,31.50885581970215,6.930722236633301
drone_000707.pt,1,Yarkon,18,0.010174045339226723,29.098281860351562,4.954258441925049
drone_000708.pt,1,Yarkon,18,0.0022559440694749355,28.73383331298828,8.977965354919434
ambience_000979.pt,0,room,19,0.019454864785075188,18.72588348388672,0.06089112535119057
ambience_000980.pt,0,room,19,0.017567666247487068,18.813343048095703,0.06808601319789886
ambience_000981.pt,0,room,19,0.0180275347083807,18.73105239868164,0.06015753746032715
ambience_000982.pt,0,room,19,0.014370226301252842,19.25591468811035,0.07536499202251434
ambience_000983.pt,0,room,19,0.01904645748436451,18.39120101928711,0.05614301562309265
ambience_000984.pt,0,room,19,0.019110361114144325,18.177026748657227,0.08453137427568436
ambience_000985.pt,0,room,19,0.017989063635468483,18.68356704711914,0.08000153303146362
ambience_000986.pt,0,room,19,0.0188751183450222,18.374820709228516,0.10532993823289871
ambience_000987.pt,0,room,19,0.01884462870657444,18.489913940429688,0.06552265584468842
ambience_000988.pt,0,room,19,0.01823279820382595,18.294902801513672,0.0699116438627243
ambience_000989.pt,0,room,19,0.01791738159954548,18.226266860961914,0.057318929582834244
ambience_000990.pt,0,room,19,0.017200283706188202,18.54669952392578,0.06975491344928741
ambience_000991.pt,0,room,19,0.015953117981553078,18.687862396240234,0.07952646166086197
ambience_000992.pt,0,room,19,0.018604375422000885,18.346759796142578,0.06728312373161316
ambience_000993.pt,0,room,19,0.018185097724199295,18.415897369384766,0.08184400200843811
ambience_000994.pt,0,room,19,0.01825796067714691,18.818592071533203,0.08054206520318985
ambience_000995.pt,0,room,19,0.022650400176644325,18.05225372314453,0.05959887430071831
ambience_000996.pt,0,room,19,0.016608834266662598,18.475770950317383,0.061091348528862
ambience_000997.pt,0,room,19,0.01875864900648594,18.08792495727539,0.08470851182937622
ambience_000998.pt,0,room,19,0.0189119391143322,18.3558349609375,0.05370723828673363
ambience_000999.pt,0,room,19,0.020388437435030937,18.586944580078125,0.06703101843595505
ambience_001000.pt,0,room,19,0.018605198711156845,18.43056869506836,0.07850264757871628
ambience_001001.pt,0,room,19,0.020730145275592804,17.6742000579834,0.06601513177156448
ambience_001002.pt,0,room,19,0.022167082875967026,18.13094711303711,0.07676620036363602
ambience_001003.pt,0,room,19,0.019734157249331474,18.170921325683594,0.06621630489826202
ambience_001004.pt,0,room,19,0.01933719776570797,18.172876358032227,0.06744693964719772
ambience_001005.pt,0,room,19,0.021536994725465775,18.087120056152344,0.07534601539373398
ambience_001006.pt,0,room,19,0.016719089820981026,18.395263671875,0.09106715023517609
ambience_001007.pt,0,room,19,0.01949765533208847,17.787227630615234,0.11962515115737915
ambience_001008.pt,0,room,19,0.02109784446656704,17.828155517578125,0.08170121163129807
ambience_001009.pt,0,room,19,0.017767829820513725,18.25627899169922,0.0769495889544487
ambience_001010.pt,0,room,19,0.018870217725634575,18.16243553161621,0.06400959938764572
ambience_001011.pt,0,room,19,0.016905566677451134,18.550283432006836,0.06709551811218262
ambience_001012.pt,0,room,19,0.017289740964770317,18.199514389038086,0.060393065214157104
ambience_001013.pt,0,room,19,0.020613938570022583,17.576114654541016,0.07935535907745361
ambience_001014.pt,0,room,19,0.01851823180913925,18.062755584716797,0.06172068789601326
ambience_001015.pt,0,room,19,0.019765647128224373,18.037506103515625,0.06052962318062782
ambience_001016.pt,0,room,19,0.017130272462964058,18.44655990600586,0.08183915168046951
ambience_001017.pt,0,room,19,0.01850065030157566,18.335649490356445,0.07202493399381638
ambience_001018.pt,0,room,19,0.017368996515870094,18.18992805480957,0.07006362080574036
ambience_001019.pt,0,room,19,0.02015279419720173,18.066617965698242,0.049238622188568115
ambience_001020.pt,0,room,19,0.015898345038294792,18.527050018310547,0.07545918971300125
ambience_001021.pt,0,room,19,0.015163753181695938,18.48736000061035,0.0759391263127327
ambience_001022.pt,0,room,19,0.016830923035740852,18.728275299072266,0.061379387974739075
ambience_001023.pt,0,room,19,0.020719187334179878,18.24722671508789,0.06435524672269821
ambience_001024.pt,0,room,19,0.021000618115067482,17.878761291503906,0.07641404867172241
ambience_001025.pt,0,room,19,0.020791461691260338,17.781314849853516,0.10125870257616043
ambience_001026.pt,0,room,19,0.017706988379359245,18.107646942138672,0.06945347040891647
ambience_001027.pt,0,room,19,0.01625906676054001,18.248966217041016,0.07721754163503647
ambience_001028.pt,0,room,19,0.01738758198916912,18.105804443359375,0.06707674264907837
ambience_001029.pt,0,room,19,0.017982972785830498,18.074758529663086,0.07709444314241409
ambience_001030.pt,0,room,19,0.016264257952570915,18.949966430664062,0.062494371086359024
ambience_001031.pt,0,room,19,0.01786051318049431,18.189682006835938,0.07687491923570633
ambience_001032.pt,0,room,19,0.017918387427926064,18.731082916259766,0.07404830306768417
ambience_001033.pt,0,room,19,0.01987164095044136,18.30377197265625,0.06109562888741493
ambience_001034.pt,0,room,19,0.019442148506641388,18.151317596435547,0.07240135222673416
ambience_001035.pt,0,room,19,0.019175076857209206,18.435291290283203,0.0645643100142479
ambience_001036.pt,0,room,19,0.01674612984061241,18.56121063232422,0.06169557943940163
ambience_001037.pt,0,room,19,0.01916367933154106,18.044689178466797,0.06946898996829987
ambience_001038.pt,0,room,19,0.01860366389155388,18.184267044067383,0.07413651049137115
ambience_001039.pt,0,room,19,0.017395207658410072,18.065956115722656,0.07351897656917572
ambience_001040.pt,0,room,19,0.013042056933045387,18.799985885620117,0.0708339661359787
ambience_001041.pt,0,room,19,0.017936332151293755,18.710857391357422,0.08617813140153885
ambience_001042.pt,0,room,19,0.020298130810260773,17.677419662475586,0.08726021647453308
ambience_001043.pt,0,room,19,0.01834758184850216,18.38010025024414,0.07597356289625168
ambience_001044.pt,0,room,19,0.016194162890315056,18.969478607177734,0.06056556478142738
ambience_001045.pt,0,room,19,0.01707228273153305,18.41459846496582,0.08852865546941757
ambience_001046.pt,0,room,19,0.02153434045612812,17.8001708984375,0.07500258833169937
ambience_001047.pt,0,room,19,0.021310167387127876,18.292200088500977,0.043778929859399796
ambience_001048.pt,0,room,19,0.019845955073833466,17.940710067749023,0.0858038067817688
ambience_001049.pt,0,room,19,0.023643838241696358,17.13268280029297,0.054535575211048126
ambience_001050.pt,0,room,19,0.016407590359449387,18.739116668701172,0.07152542471885681
ambience_001051.pt,0,room,19,0.02223282866179943,17.59832000732422,0.08504403382539749
ambience_001052.pt,0,room,19,0.02215137891471386,17.291278839111328,0.06000299006700516
ambience_001053.pt,0,room,19,0.0182435791939497,18.19257354736328,0.08257569372653961
ambience_001054.pt,0,living-room,20,7.956653280416504e-05,35.10368347167969,0.30325958132743835
ambience_001055.pt,0,living-room,20,6.657564517809078e-05,35.34415054321289,1.6711759567260742
ambience_001056.pt,0,living-room,20,0.00030787434661760926,29.06302261352539,5.424463748931885
ambience_001057.pt,0,living-room,20,8.541243732906878e-05,33.000572204589844,4.313476085662842
ambience_001058.pt,0,living-room,20,6.192155706230551e-05,33.10936737060547,3.139148473739624
ambience_001059.pt,0,living-room,20,4.062927109771408e-05,36.26804733276367,0.3470105528831482
ambience_001060.pt,0,living-room,20,3.266766361775808e-05,39.82154846191406,0.28295984864234924
ambience_001061.pt,0,living-room,20,7.987260323716328e-05,35.25375747680664,0.24385888874530792
ambience_001062.pt,0,living-room,20,8.915725629776716e-05,34.9798583984375,0.33613547682762146
ambience_001063.pt,0,living-room,20,7.226201705634594e-05,35.57526779174805,0.22333529591560364
ambience_001064.pt,0,living-room,20,5.292042624205351e-05,38.63772964477539,0.2728372812271118
ambience_001065.pt,0,living-room,20,4.292097219149582e-05,36.6956787109375,0.30831995606422424
ambience_001066.pt,0,living-room,20,8.875272760633379e-05,37.88199996948242,0.4766605794429779
ambience_001067.pt,0,living-room,20,9.734309423947707e-05,34.69221115112305,0.36183950304985046
ambience_001068.pt,0,living-room,20,8.566134783905e-05,35.888946533203125,0.21624942123889923
ambience_001069.pt,0,living-room,20,6.748227315256372e-05,38.58451843261719,0.22618810832500458
ambience_001070.pt,0,living-room,20,7.944325625430793e-05,35.987022399902344,0.3184707760810852
ambience_001071.pt,0,living-room,20,6.833026418462396e-05,38.16532897949219,0.22612226009368896
ambience_001072.pt,0,living-room,20,5.7554116210667416e-05,35.82792282104492,0.18207460641860962
ambience_001073.pt,0,living-room,20,8.038355008466169e-05,34.988548278808594,0.27841416001319885
ambience_001074.pt,0,living-room,20,8.419305231655017e-05,34.38163375854492,0.3272215723991394
ambience_001075.pt,0,living-room,20,7.638795796083286e-05,34.32219696044922,0.36631107330322266
ambience_001076.pt,0,living-room,20,1.1394375178497285e-05,40.37550354003906,0.2590349018573761
ambience_001077.pt,0,living-room,20,8.247997357102577e-06,40.49762725830078,0.16791096329689026
ambience_001078.pt,0,living-room,20,1.2166910892119631e-05,39.34142303466797,0.30936065316200256
ambience_001079.pt,0,living-room,20,8.307215466629714e-06,40.48078536987305,0.2848411500453949
ambience_001080.pt,0,living-room,20,7.789823939674534e-06,40.41509246826172,0.277771532535553
ambience_001081.pt,0,living-room,20,6.808507350797299e-06,40.638797760009766,0.23459044098854065
ambience_001082.pt,0,living-room,20,8.626822818769142e-06,39.78770446777344,0.9760823249816895
ambience_001083.pt,0,living-room,20,6.462195869971765e-06,41.82363510131836,0.31580623984336853
ambience_001084.pt,0,living-room,20,8.722010534256697e-06,40.186012268066406,0.4912944734096527
ambience_001085.pt,0,living-room,20,7.5398215813038405e-06,40.605045318603516,0.8358689546585083
ambience_001086.pt,0,living-room,20,9.128997589868959e-06,40.11617660522461,0.18373674154281616
ambience_001087.pt,0,living-room,20,6.515738277812488e-06,40.645713806152344,0.32061782479286194
ambience_001088.pt,0,living-room,20,5.85908628636389e-06,41.01026916503906,0.4205748438835144
ambience_001089.pt,0,living-room,20,8.164138307620306e-06,41.3038330078125,0.2720682621002197
ambience_001090.pt,0,living-room,20,1.275744398299139e-05,38.89776611328125,5.290533065795898
ambience_001091.pt,0,living-room,20,1.1264215572737157e-05,39.06731414794922,0.6637271046638489
ambience_001092.pt,0,living-room,20,1.2196657735330518e-05,42.54490280151367,0.5340445041656494
ambience_001093.pt,0,living-room,20,1.6206431610044092e-05,38.29179763793945,1.4834074974060059
ambience_001094.pt,0,living-room,20,2.0601522919605486e-05,34.202667236328125,6.591990947723389
ambience_001095.pt,0,living-room,20,2.8667505830526352e-05,49.9202995300293,9.705862045288086
ambience_001096.pt,0,living-room,20,3.525893407640979e-05,33.02687072753906,8.119794845581055
ambience_001097.pt,0,living-room,20,9.05412707652431e-06,42.63861846923828,0.36899617314338684
ambience_001098.pt,0,living-room,20,9.515882084087934e-06,44.7318115234375,0.33442622423171997
ambience_001099.pt,0,living-room,20,1.4213701433618553e-05,39.24266052246094,0.4312354028224945
ambience_001100.pt,0,living-room,20,1.6822985344333574e-05,39.70653533935547,0.39275139570236206
ambience_001101.pt,0,living-room,20,1.7429949366487563e-05,38.724761962890625,0.21071796119213104
ambience_001102.pt,0,living-room,20,1.6501267964486033e-05,38.505332946777344,0.250028520822525
ambience_001103.pt,0,living-room,20,1.6751586372265592e-05,38.98340606689453,0.48113468289375305
ambience_001104.pt,0,living-room,20,3.1023773772176355e-05,40.560874938964844,1.5837992429733276
ambience_001105.pt,0,living-room,20,9.987442899728194e-05,35.26350402832031,0.5822895765304565
ambience_001106.pt,0,living-room,20,7.502434164052829e-05,35.251708984375,0.4181802570819855
ambience_001107.pt,0,living-room,20,8.73904864420183e-05,35.442081451416016,3.7636168003082275
ambience_001108.pt,0,living-room,20,4.824199641006999e-05,35.811546325683594,1.6654537916183472
ambience_001109.pt,0,living-room,20,7.820177415851504e-05,36.95409393310547,0.6684505343437195
ambience_001110.pt,0,living-room,20,7.66290322644636e-05,36.04791259765625,0.3357622027397156
ambience_001111.pt,0,living-room,20,5.278571916278452e-05,35.90742874145508,0.2823396623134613
ambience_001112.pt,0,living-room,20,4.288909622118808e-05,39.207183837890625,0.8382283449172974
ambience_001113.pt,0,living-room,20,6.423012382583693e-05,36.842613220214844,0.9443208575248718
ambience_001114.pt,0,living-room,20,9.263173706131056e-05,39.078285217285156,0.14398643374443054
ambience_001115.pt,0,living-room,20,0.00010643946006894112,34.88629150390625,0.2229355275630951
ambience_001116.pt,0,living-room,20,0.00012828897160943598,33.490150451660156,0.1759614646434784
ambience_001117.pt,0,living-room,20,0.00011669054947560653,33.90945053100586,0.50786954164505
ambience_001118.pt,0,living-room,20,6.52184899081476e-05,38.05616760253906,0.1510680615901947
ambience_001119.pt,0,living-room,20,0.00010971322626573965,33.238548278808594,1.3636103868484497
ambience_001120.pt,0,living-room,20,0.0001158360973931849,33.34843444824219,0.9732338190078735
ambience_001121.pt,0,living-room,20,9.40900354180485e-05,34.28944396972656,0.44076332449913025
ambience_001122.pt,0,living-room,20,0.00011328262189636007,35.18816375732422,1.0603830814361572
ambience_001123.pt,0,living-room,20,8.81403757375665e-05,34.63559341430664,0.3571905791759491
ambience_001124.pt,0,living-room,20,0.00010774687689263374,33.675254821777344,1.7380496263504028
ambience_001125.pt,0,living-room,20,7.101819210220128e-05,38.73173141479492,1.465165376663208
ambience_001126.pt,0,living-room,20,0.0001111749661504291,34.23747634887695,0.5121148228645325
ambience_001127.pt,0,living-room,20,0.00012413803779054433,33.70771789550781,0.8499059677124023
ambience_001128.pt,0,living-room,20,8.967440953711048e-05,34.364593505859375,2.5852510929107666
drone_000709.pt,1,living-room,21,0.020223425701260567,17.7061710357666,0.44749191403388977
drone_000710.pt,1,living-room,21,0.013821878470480442,24.15178680419922,0.247345969080925
drone_000711.pt,1,living-room,21,0.02019132487475872,22.065021514892578,7.456879138946533
drone_000712.pt,1,living-room,21,0.015736067667603493,18.18390655517578,0.3540990650653839
drone_000713.pt,1,living-room,21,0.011974010616540909,19.434492111206055,0.5216043591499329
drone_000714.pt,1,living-room,21,0.014183511026203632,19.141895294189453,0.7740444540977478
drone_000715.pt,1,living-room,21,0.02576545812189579,19.50830078125,1.701561450958252
drone_000716.pt,1,living-room,21,0.0055507090874016285,22.15276336669922,0.7461538314819336
drone_000717.pt,1,living-room,21,0.02902827598154545,17.283681869506836,1.0830602645874023
drone_000718.pt,1,living-room,21,0.011443234980106354,19.447599411010742,1.4761766195297241
drone_000719.pt,1,living-room,21,8.180521399481222e-05,40.310546875,8.979432106018066
drone_000720.pt,1,living-room,21,0.009783699177205563,19.69971466064453,0.5167771577835083
drone_000721.pt,1,living-room,21,0.011561050079762936,19.523401260375977,2.3395626544952393
drone_000722.pt,1,living-room,21,0.02192455530166626,17.50497055053711,0.33634164929389954
drone_000723.pt,1,living-room,21,0.010003124363720417,20.661420822143555,0.8287534117698669
drone_000724.pt,1,living-room,21,0.0051416330970823765,20.307767868041992,0.34016621112823486
drone_000725.pt,1,living-room,21,0.008071872405707836,20.37169647216797,0.6850034594535828
drone_000726.pt,1,living-room,21,0.025968754664063454,15.136000633239746,0.640364408493042
drone_000727.pt,1,living-room,21,3.977603228122462e-06,45.910400390625,3.1286633014678955
drone_000728.pt,1,living-room,21,0.04892124980688095,14.485162734985352,0.1951141655445099
drone_000729.pt,1,living-room,21,0.024238919839262962,14.984983444213867,1.4357881546020508
drone_000730.pt,1,living-room,21,0.02602267824113369,17.852073669433594,0.2330300509929657
drone_000731.pt,1,living-room,21,0.028744034469127655,14.99614143371582,0.3680104613304138
drone_000732.pt,1,living-room,21,0.02489316463470459,16.85063362121582,0.30861300230026245
drone_000733.pt,1,living-room,21,0.021936584264039993,17.524311065673828,0.6030828356742859
drone_000734.pt,1,living-room,21,0.031046008691191673,15.38642692565918,0.17651702463626862
drone_000735.pt,1,living-room,21,0.015645291656255722,18.800947189331055,0.2638368606567383
drone_000736.pt,1,living-room,21,9.458868589717895e-06,43.706912994384766,4.651939868927002
drone_000737.pt,1,living-room,21,0.013663933612406254,20.694690704345703,0.5423580408096313
drone_000738.pt,1,living-room,21,0.02635350078344345,16.728527069091797,0.162285715341568
drone_000739.pt,1,living-room,21,0.02228589728474617,17.632423400878906,0.49430105090141296
drone_000740.pt,1,living-room,21,0.005377860739827156,21.25118064880371,0.20396432280540466
drone_000741.pt,1,living-room,21,0.00685345521196723,21.50625228881836,2.6506147384643555
drone_000742.pt,1,living-room,21,0.011319085024297237,22.304519653320312,1.3328588008880615
drone_000743.pt,1,living-room,21,0.012231947854161263,18.614070892333984,0.17587687075138092
drone_000744.pt,1,living-room,21,0.011186208575963974,19.339611053466797,0.13913078606128693
drone_000745.pt,1,living-room,21,0.023177271708846092,16.766536712646484,0.45422351360321045
drone_000746.pt,1,living-room,21,0.025307081639766693,16.48507308959961,0.31163424253463745
drone_000747.pt,1,living-room,21,0.03456314280629158,14.769115447998047,0.17462146282196045
drone_000748.pt,1,living-room,21,0.017522210255265236,17.961828231811523,0.9975913763046265
drone_000749.pt,1,living-room,21,0.02576584182679653,16.770811080932617,0.3162745535373688
drone_000750.pt,1,living-room,21,0.021346624940633774,17.79840850830078,0.26799291372299194
drone_000751.pt,1,living-room,21,0.02956598997116089,15.801790237426758,0.22175757586956024
drone_000752.pt,1,living-room,21,0.040797509253025055,14.732601165771484,0.22151686251163483
drone_000753.pt,1,living-room,21,0.015645654872059822,17.83271026611328,0.30575597286224365
drone_000754.pt,1,living-room,21,0.022207196801900864,16.714698791503906,0.2976081073284149
drone_000755.pt,1,living-room,21,0.022705288603901863,17.61155891418457,0.31065303087234497
drone_000756.pt,1,living-room,21,0.03669721633195877,15.086105346679688,0.26355040073394775
drone_000757.pt,1,living-room,21,0.028886176645755768,19.091516494750977,0.20462968945503235
drone_000758.pt,1,living-room,21,0.03677254170179367,18.715343475341797,0.6075655817985535
drone_000759.pt,1,living-room,21,0.01937876082956791,18.358518600463867,1.7653253078460693
drone_000760.pt,1,living-room,21,0.0031887060031294823,23.320756912231445,0.2812453508377075
drone_000761.pt,1,living-room,21,0.014122912660241127,18.62914276123047,0.9130050539970398
drone_000762.pt,1,living-room,21,0.01007831934839487,20.667190551757812,0.4531833231449127
drone_000763.pt,1,living-room,21,0.021766485646367073,18.692893981933594,0.8573274612426758
drone_000764.pt,1,living-room,21,0.013227681629359722,19.32061767578125,1.4028420448303223
drone_000765.pt,1,living-room,21,0.027446527034044266,17.361278533935547,0.35624057054519653
drone_000766.pt,1,living-room,21,0.029102129861712456,20.796823501586914,0.6348276734352112
drone_000767.pt,1,living-room,21,0.036267369985580444,16.605318069458008,0.1573357731103897
drone_000768.pt,1,living-room,21,0.016878951340913773,17.949508666992188,0.2614588141441345
drone_000769.pt,1,living-room,21,0.024067630991339684,19.01780891418457,0.38967737555503845
drone_000770.pt,1,living-room,21,0.0574016198515892,14.863653182983398,0.25235715508461
drone_000771.pt,1,living-room,21,0.04786423221230507,15.982412338256836,0.5258983969688416
drone_000772.pt,1,living-room,21,0.04276400804519653,16.487979888916016,0.35835668444633484
drone_000773.pt,1,living-room,21,0.046564213931560516,14.766393661499023,0.26592230796813965
drone_000774.pt,1,living-room,21,0.04278261214494705,16.35728645324707,0.3978741466999054
drone_000775.pt,1,living-room,21,0.0382954478263855,16.529644012451172,0.35207849740982056
drone_000776.pt,1,living-room,21,0.035795580595731735,16.94392204284668,0.16407692432403564
drone_000777.pt,1,living-room,21,0.0707249566912651,15.121334075927734,0.2941844165325165
drone_000778.pt,1,living-room,21,0.03925678879022598,17.274457931518555,0.45076069235801697
drone_000779.pt,1,living-room,21,0.026980381458997726,19.120044708251953,0.9674699902534485
drone_000780.pt,1,living-room,21,0.012336567975580692,19.15120506286621,0.287814199924469
drone_000781.pt,1,living-room,21,0.026936594396829605,19.41126251220703,0.17933544516563416
drone_000782.pt,1,living-room,21,0.011465134099125862,22.452760696411133,0.1934596747159958
drone_000783.pt,1,living-room,21,0.006278236862272024,22.249242782592773,0.14577682316303253
ambience_001129.pt,0,room,22,0.0014618135755881667,26.501270294189453,0.08915897458791733
ambience_001130.pt,0,room,22,0.0006524432101286948,28.936763763427734,0.32657137513160706
ambience_001131.pt,0,room,22,0.00045361602678894997,30.305992126464844,0.06293299049139023
ambience_001132.pt,0,room,22,0.0004979330697096884,30.180191040039062,0.0763150304555893
ambience_001133.pt,0,room,22,0.00037596901529468596,30.665802001953125,0.11141841113567352
ambience_001134.pt,0,room,22,0.00047844607615843415,29.548603057861328,0.43271905183792114
ambience_001135.pt,0,room,22,0.0004623816057574004,29.927309036254883,0.2303515076637268
ambience_001136.pt,0,room,22,0.0005755655583925545,28.48744010925293,0.23953746259212494
ambience_001137.pt,0,room,22,0.00044567472650669515,30.6340274810791,0.14792533218860626
ambience_001138.pt,0,room,22,0.00040286625153385103,30.008264541625977,0.5075035095214844
ambience_001139.pt,0,room,22,0.0004282984882593155,29.93788719177246,0.21328306198120117
ambience_001140.pt,0,room,22,0.0008298704633489251,27.451398849487305,0.9474192261695862
ambience_001141.pt,0,room,22,0.0014144735177978873,26.78628921508789,0.41420742869377136
ambience_001142.pt,0,room,22,0.0014266016660258174,26.423664093017578,0.2126440852880478
ambience_001143.pt,0,room,22,0.0021255991887301207,25.53046226501465,0.2710104286670685
ambience_001144.pt,0,room,22,0.00122110266238451,32.739959716796875,1.2695857286453247
ambience_001145.pt,0,room,22,0.0014471582835540175,27.008451461791992,0.4981204867362976
ambience_001146.pt,0,room,22,0.0011061691911891103,28.195659637451172,0.1828492283821106
ambience_001147.pt,0,room,22,0.001087818294763565,28.32353401184082,0.12189614027738571
ambience_001148.pt,0,room,22,0.0008424894185736775,28.461923599243164,0.7259480953216553
ambience_001149.pt,0,room,22,0.0005401253583841026,33.05518341064453,0.8679166436195374
ambience_001150.pt,0,room,22,0.0005900170654058456,29.065805435180664,0.2752523422241211
ambience_001151.pt,0,room,22,0.0006022444576956332,30.173194885253906,0.5244918465614319
ambience_001152.pt,0,room,22,0.0007384040509350598,28.312807083129883,0.1618586629629135
ambience_001153.pt,0,room,22,0.0009083945187740028,27.739925384521484,0.5834543108940125
ambience_001154.pt,0,room,22,0.0010207886807620525,27.30841827392578,0.34246826171875
ambience_001155.pt,0,room,22,0.0007900299387983978,27.970556259155273,0.26392003893852234
ambience_001156.pt,0,room,22,0.0010933999437838793,26.322994232177734,1.2859994173049927
ambience_001157.pt,0,room,22,0.0007801112369634211,27.277503967285156,2.3299496173858643
ambience_001158.pt,0,room,22,0.0005265702493488789,30.24642562866211,0.16682660579681396
ambience_001159.pt,0,room,22,0.0006751265027560294,28.491443634033203,0.2898874580860138
ambience_001160.pt,0,room,22,0.0007321235025301576,27.9283447265625,1.591350793838501
ambience_001161.pt,0,room,22,0.002137609990313649,26.169971466064453,0.177691251039505
ambience_001162.pt,0,room,22,0.0009542075567878783,28.01722526550293,0.40635204315185547
ambience_001163.pt,0,room,22,0.0008412899333052337,28.919281005859375,0.1560884416103363
ambience_001164.pt,0,room,22,0.001011090469546616,27.100221633911133,0.6463090777397156
ambience_001165.pt,0,room,22,0.0011398803908377886,27.50985336303711,0.17068296670913696
ambience_001166.pt,0,room,22,0.0009771054610610008,27.688549041748047,0.09690720587968826
ambience_001167.pt,0,room,22,0.0006680305814370513,29.027225494384766,0.18647198379039764
ambience_001168.pt,0,room,22,0.000764498661737889,28.797260284423828,0.1656673401594162
ambience_001169.pt,0,room,22,0.0007917512557469308,28.656047821044922,0.5887427926063538
ambience_001170.pt,0,room,22,0.0011816481128335,27.494083404541016,0.1497277170419693
ambience_001171.pt,0,room,22,0.001988482428714633,26.778039932250977,0.42720383405685425
ambience_001172.pt,0,room,22,0.003962722606956959,24.02968406677246,0.31672072410583496
ambience_001173.pt,0,room,22,0.0019813154358416796,25.79883575439453,1.0156276226043701
ambience_001174.pt,0,room,22,0.0012576390290632844,27.44983673095703,0.1602095514535904
ambience_001175.pt,0,room,22,0.001761480001732707,26.560102462768555,0.33410051465034485
ambience_001176.pt,0,room,22,0.0022367483470588923,25.76654815673828,0.34033331274986267
ambience_001177.pt,0,room,22,0.0014231104869395494,28.681594848632812,0.23319268226623535
ambience_001178.pt,0,room,22,0.0025660318788141012,25.522449493408203,0.21874414384365082
ambience_001179.pt,0,room,22,0.0037265755236148834,27.81142807006836,0.4973183572292328
ambience_001180.pt,0,room,22,0.0012670665746554732,27.47844886779785,0.446708619594574
ambience_001181.pt,0,room,22,0.001543046673759818,31.67392921447754,0.5846796631813049
ambience_001182.pt,0,room,22,0.0013627810403704643,27.83368682861328,0.2631451189517975
ambience_001183.pt,0,room,22,0.0012319254456087947,27.08603858947754,0.0977863222360611
ambience_001184.pt,0,room,22,0.0012488936772570014,27.243053436279297,0.27315816283226013
ambience_001185.pt,0,room,22,0.002581898355856538,25.121498107910156,0.13304805755615234
ambience_001186.pt,0,room,22,0.0030240979976952076,25.14183807373047,0.8083969354629517
ambience_001187.pt,0,room,22,0.001964064547792077,26.906780242919922,0.32050883769989014
ambience_001188.pt,0,room,22,0.0012872013030573726,28.150117874145508,0.3762683570384979
ambience_001189.pt,0,room,22,0.0024837818928062916,25.24449348449707,0.8987529277801514
ambience_001190.pt,0,room,22,0.002368983579799533,25.49136734008789,2.0359654426574707
ambience_001191.pt,0,room,22,0.0011562611907720566,26.66070556640625,1.0809266567230225
ambience_001192.pt,0,room,22,0.0011331246932968497,27.206405639648438,0.4886924624443054
ambience_001193.pt,0,room,22,0.0024558899458497763,24.566133499145508,1.5637457370758057
ambience_001194.pt,0,room,22,0.0025693064089864492,27.36992645263672,2.0519025325775146
ambience_001195.pt,0,room,22,0.007551643997430801,21.987815856933594,2.2045085430145264
ambience_001196.pt,0,room,22,0.0031979111954569817,31.163082122802734,0.5924994945526123
ambience_001197.pt,0,room,22,0.0015724897384643555,25.037630081176758,1.1936510801315308
ambience_001198.pt,0,room,22,0.0014991791686043143,27.443395614624023,0.9684004187583923
ambience_001199.pt,0,room,22,0.001480200095102191,27.003490447998047,1.057013988494873
ambience_001200.pt,0,room,22,0.0023442991077899933,26.400489807128906,0.31113797426223755
ambience_001201.pt,0,room,22,0.0012815131340175867,30.719196319580078,1.3103469610214233
ambience_001202.pt,0,room,22,0.0016396071296185255,31.716590881347656,0.9318860769271851
ambience_001203.pt,0,room,22,0.001203066436573863,26.508468627929688,0.4237615466117859
ambience_001204.pt,0,room,22,0.0009736857027746737,30.074220657348633,0.533977746963501
ambience_001205.pt,0,room,22,0.0014376677572727203,29.03106689453125,0.4826832711696625
ambience_001206.pt,0,room,22,0.002746666083112359,27.060749053955078,0.6763362884521484
ambience_001207.pt,0,room,22,0.0018965830095112324,25.260704040527344,0.2567090392112732
ambience_001208.pt,0,room,22,0.0016083918744698167,30.389507293701172,0.5674530863761902
ambience_001209.pt,0,room,22,0.0017481959657743573,26.62012481689453,1.0031267404556274
ambience_001210.pt,0,room,22,0.0017356486059725285,25.729324340820312,0.8167954087257385
ambience_001211.pt,0,room,22,0.0012469911016523838,26.423927307128906,1.3076720237731934
ambience_001212.pt,0,room,22,0.0008179686265066266,29.2569580078125,0.9836220741271973
ambience_001213.pt,0,room,22,0.0006143699865788221,29.760330200195312,0.2228851467370987
ambience_001214.pt,0,room,22,0.0005275077419355512,30.37918472290039,0.7243645787239075
ambience_001215.pt,0,room,22,0.0008665313362143934,30.778026580810547,0.29265162348747253
ambience_001216.pt,0,room,22,0.000764676253311336,32.7776985168457,0.47762176394462585
ambience_001217.pt,0,room,22,0.0008505652076564729,28.710979461669922,0.24034015834331512
ambience_001218.pt,0,room,22,0.0003523398481775075,50.91089630126953,5.222293853759766
ambience_001219.pt,0,room,22,0.000506226671859622,29.458127975463867,0.28017568588256836
ambience_001220.pt,0,room,22,0.0004093910101801157,49.22254180908203,3.477231502532959
ambience_001221.pt,0,room,22,0.00023398909252136946,51.36305618286133,5.522233486175537
ambience_001222.pt,0,room,22,0.0009152634884230793,28.46649932861328,0.2651079595088959
ambience_001223.pt,0,room,22,0.0013082082150503993,26.817588806152344,0.32111668586730957
ambience_001224.pt,0,room,22,0.0009555144933983684,27.541912078857422,0.5901966691017151
ambience_001225.pt,0,room,22,0.0014955359511077404,37.90644836425781,1.7930817604064941
ambience_001226.pt,0,room,22,0.0007128265569917858,28.072303771972656,0.5511314272880554
ambience_001227.pt,0,room,22,0.0008069631876423955,28.143939971923828,0.25674527883529663
ambience_001228.pt,0,room,22,0.0009514541015960276,25.606395721435547,2.5902554988861084
ambience_001229.pt,0,room,22,0.0011105199810117483,25.914358139038086,2.85532283782959
ambience_001230.pt,0,room,22,0.0008084371220320463,28.146896362304688,0.6681992411613464
ambience_001231.pt,0,room,22,0.0005314467125572264,29.72079849243164,0.5086590647697449
ambience_001232.pt,0,room,22,0.0005963016883470118,28.401668548583984,0.2417067587375641
ambience_001233.pt,0,room,22,0.0004991915193386376,29.2589111328125,0.19715529680252075
ambience_001234.pt,0,room,22,0.0007817763253115118,28.555103302001953,0.2758101522922516
ambience_001235.pt,0,room,22,0.000551326316781342,29.17607307434082,0.12366379797458649
ambience_001236.pt,0,room,22,0.001341353403404355,27.780311584472656,2.214132785797119
ambience_001237.pt,0,room,22,0.0009360561380162835,27.967971801757812,0.3342689573764801
ambience_001238.pt,0,room,22,0.000678461801726371,34.691009521484375,3.6417486667633057
ambience_001239.pt,0,room,22,0.0005984475719742477,33.719085693359375,3.447458028793335
ambience_001240.pt,0,room,22,0.0008315038867294788,34.15343475341797,0.5726935863494873
ambience_001241.pt,0,room,22,0.001350689446553588,25.95167350769043,1.1100940704345703
ambience_001242.pt,0,room,22,0.0024473671801388264,24.845949172973633,0.16139757633209229
ambience_001243.pt,0,room,22,0.00107434147503227,26.256311416625977,0.7564677596092224
ambience_001244.pt,0,room,22,0.00036042334977537394,29.911062240600586,0.38914749026298523
ambience_001245.pt,0,room,22,0.0003482900792732835,32.42094039916992,0.524910569190979
ambience_001246.pt,0,room,22,0.0005452497280202806,28.95128631591797,0.563822865486145
ambience_001247.pt,0,room,22,0.0006778513197787106,28.887556076049805,0.15569624304771423
ambience_001248.pt,0,room,22,0.0010238452814519405,27.785001754760742,0.7492874264717102
ambience_001249.pt,0,room,22,0.0007116964552551508,29.13631248474121,1.204066276550293
ambience_001250.pt,0,room,22,0.00037484761560335755,31.147586822509766,0.7804190516471863
ambience_001251.pt,0,room,22,0.00031366210896521807,36.64527893066406,0.3182627260684967
ambience_001252.pt,0,room,22,0.0003633868182078004,30.155670166015625,0.19306054711341858
ambience_001253.pt,0,room,22,0.0008565426105633378,28.453006744384766,0.1358160525560379
ambience_001254.pt,0,room,22,0.0008210897212848067,28.297651290893555,0.3745954632759094
ambience_001255.pt,0,room,22,0.0011109743500128388,28.360919952392578,0.13471341133117676
ambience_001256.pt,0,room,22,0.0013650816399604082,26.921302795410156,0.38505125045776367
ambience_001257.pt,0,room,22,0.0016305200988426805,25.40447998046875,0.8447301387786865
ambience_001258.pt,0,room,22,0.00028067451785318553,40.488285064697266,3.9767508506774902
ambience_001259.pt,0,room,22,0.0003840755671262741,38.07335662841797,2.8646633625030518
ambience_001260.pt,0,room,22,0.0007906488026492298,38.751495361328125,0.7984542846679688
ambience_001261.pt,0,room,22,0.0011106178862974048,27.86624526977539,0.3910166323184967
ambience_001262.pt,0,room,22,0.0013332462403923273,26.25987434387207,0.5461431741714478
ambience_001263.pt,0,room,22,0.0018319913651794195,26.23661994934082,0.5100298523902893
ambience_001264.pt,0,room,22,0.0009243927779607475,29.62575912475586,0.6916053891181946
ambience_001265.pt,0,room,22,0.0006378082325682044,34.75486755371094,0.25341832637786865
ambience_001266.pt,0,room,22,0.0006120973848737776,29.42367935180664,0.41391870379447937
ambience_001267.pt,0,room,22,0.0003716199134942144,32.17464828491211,0.5744086503982544
ambience_001268.pt,0,room,22,0.000590441923122853,31.518756866455078,0.8963620662689209
ambience_001269.pt,0,room,22,0.0008920292602851987,27.389007568359375,1.4772634506225586
ambience_001270.pt,0,room,22,0.0009850075002759695,27.158288955688477,0.7262046933174133
ambience_001271.pt,0,room,22,0.0008182323654182255,29.213136672973633,0.20366159081459045
ambience_001272.pt,0,room,22,0.0009597257012501359,28.7735595703125,0.17529509961605072
ambience_001273.pt,0,room,22,0.001124070375226438,27.515249252319336,0.1208646297454834
ambience_001274.pt,0,room,22,0.0013973450986668468,26.797639846801758,1.1911883354187012
ambience_001275.pt,0,room,22,0.0015106570208445191,27.082778930664062,1.5256752967834473
ambience_001276.pt,0,room,22,0.0012815776281058788,26.785049438476562,0.6437095999717712
ambience_001277.pt,0,room,22,0.0014438510406762362,29.558095932006836,0.1237909123301506
ambience_001278.pt,0,room,22,0.00124078628141433,27.30327033996582,0.45142266154289246
ambience_001279.pt,0,room,22,0.0010253029176965356,27.792617797851562,0.16849882900714874
ambience_001280.pt,0,room,22,0.001208457862958312,28.634246826171875,0.187831848859787
ambience_001281.pt,0,room,22,0.0005088879843242466,30.811552047729492,0.12419591099023819
ambience_001282.pt,0,room,22,0.0008757411851547658,28.589384078979492,0.1360648274421692
ambience_001283.pt,0,room,22,0.0006596085149794817,28.65688705444336,0.2720164358615875
ambience_001284.pt,0,room,22,0.0006316878134384751,29.214614868164062,0.5442236065864563
ambience_001285.pt,0,room,22,0.0006855784449726343,28.700407028198242,0.8208441138267517
ambience_001286.pt,0,room,22,0.0011586769251152873,28.439916610717773,1.000401258468628
ambience_001287.pt,0,room,22,0.0012181384954601526,28.297748565673828,0.41932252049446106
ambience_001288.pt,0,room,22,0.0014055180363357067,30.999141693115234,3.732065439224243
ambience_001289.pt,0,room,22,0.0006649584975093603,28.923023223876953,0.22286127507686615
ambience_001290.pt,0,room,22,0.000685536942910403,29.747943878173828,0.11122362315654755
ambience_001291.pt,0,room,22,0.0009215105674229562,27.55374526977539,1.5995827913284302
ambience_001292.pt,0,room,22,0.0007861501653678715,28.31794548034668,0.24607491493225098
ambience_001293.pt,0,room,22,0.0006075322744436562,29.018749237060547,0.3206041157245636
ambience_001294.pt,0,room,22,0.0010931500000879169,27.941247940063477,0.10750124603509903
ambience_001295.pt,0,room,22,0.0013993136817589402,26.906940460205078,0.18285498023033142
ambience_001296.pt,0,room,22,0.001385658630169928,28.144264221191406,0.2154831439256668
ambience_001297.pt,0,room,22,0.0014241357566788793,27.46648597717285,0.10947811603546143
ambience_001298.pt,0,room,22,0.0013891400303691626,26.945880889892578,0.1845865249633789
ambience_001299.pt,0,room,22,0.0012024948373436928,28.302322387695312,0.4207511246204376
ambience_001300.pt,0,room,22,0.0011593675008043647,30.031356811523438,0.32565125823020935
ambience_001301.pt,0,room,22,0.0007767542265355587,29.159626007080078,0.10196072608232498
ambience_001302.pt,0,room,22,0.0013017284218221903,27.10051727294922,0.12892702221870422
ambience_001303.pt,0,room,22,0.0015356048243120313,27.224609375,0.15629757940769196
ambience_001304.pt,0,room,22,0.0009720214875414968,29.312782287597656,0.30628594756126404
ambience_001305.pt,0,room,22,0.0007920830976217985,28.192914962768555,0.2180713415145874
ambience_001306.pt,0,room,22,0.0006263621617108583,29.342498779296875,0.23940138518810272
ambience_001307.pt,0,room,22,0.0005089290789328516,29.75987434387207,0.13831716775894165
ambience_001308.pt,0,room,22,0.0004917341866530478,29.828907012939453,0.10439934581518173
ambience_001309.pt,0,room,22,0.0005217808065935969,31.9602108001709,0.4211415648460388
ambience_001310.pt,0,room,22,0.0010504741221666336,27.447433471679688,0.16650962829589844
ambience_001311.pt,0,room,22,0.0011675225105136633,27.995227813720703,0.2028065174818039
ambience_001312.pt,0,room,22,0.0011709487298503518,27.46294403076172,0.17976491153240204
ambience_001313.pt,0,room,22,0.0012481416342779994,27.022436141967773,0.17283380031585693
ambience_001314.pt,0,room,22,0.0017764403019100428,25.761070251464844,0.5456640720367432
ambience_001315.pt,0,room,22,0.0021747236605733633,25.410619735717773,0.41358673572540283
ambience_001316.pt,0,room,22,0.001458721817471087,27.504169464111328,0.3174034655094147
ambience_001317.pt,0,room,22,0.0012725105043500662,27.142871856689453,0.13182103633880615
ambience_001318.pt,0,room,22,0.0013099435018375516,27.456661224365234,0.09854193031787872
ambience_001319.pt,0,room,22,0.0016385228373110294,29.156402587890625,0.37119799852371216
ambience_001320.pt,0,room,22,0.0011597828706726432,26.24459457397461,0.6006618142127991
ambience_001321.pt,0,room,22,0.001248026848770678,32.19254684448242,0.23899735510349274
ambience_001322.pt,0,room,22,0.0005758799961768091,28.613548278808594,0.2822486460208893
ambience_001323.pt,0,room,22,0.0005566368345171213,29.3770751953125,0.0963423103094101
ambience_001324.pt,0,room,22,0.0008348681149072945,27.61746597290039,0.5800476670265198
ambience_001325.pt,0,room,22,0.0009077918948605657,27.827117919921875,0.32268866896629333
ambience_001326.pt,0,room,22,0.0008827167912386358,28.091753005981445,0.06124865263700485
ambience_001327.pt,0,room,22,0.0010410035029053688,27.728975296020508,0.2657967507839203
ambience_001328.pt,0,room,22,0.001995856873691082,27.40007972717285,0.6957703232765198
ambience_001329.pt,0,room,22,0.002350110560655594,26.179630279541016,0.24244357645511627
ambience_001330.pt,0,room,22,0.0014616232365369797,28.15346908569336,0.35278964042663574
ambience_001331.pt,0,room,22,0.0008284872747026384,29.89442253112793,0.30303552746772766
ambience_001332.pt,0,room,22,0.00047246276517398655,30.478321075439453,0.6694170832633972
ambience_001333.pt,0,room,22,0.0003695392224472016,31.321331024169922,0.746152400970459
ambience_001334.pt,0,room,22,0.000440457952208817,31.369287490844727,0.4983378052711487
ambience_001335.pt,0,room,22,0.0003557950258255005,32.092201232910156,0.4375309944152832
ambience_001336.pt,0,room,22,0.0007115650805644691,28.9510555267334,0.344228595495224
ambience_001337.pt,0,room,22,0.000622289371676743,28.889087677001953,0.10795627534389496
ambience_001338.pt,0,room,22,0.0007566553540527821,28.61491584777832,0.34356871247291565
ambience_001339.pt,0,room,22,0.0006027471972629428,41.820892333984375,7.0677595138549805
ambience_001340.pt,0,room,22,0.0007960826042108238,42.57920837402344,1.4107290506362915
ambience_001341.pt,0,room,22,0.0013596202479675412,28.221500396728516,0.2724069356918335
ambience_001342.pt,0,room,22,0.0010520366486161947,27.24441909790039,0.17632266879081726
ambience_001343.pt,0,room,22,0.0005647107609547675,29.04189682006836,0.3122978210449219
ambience_001344.pt,0,room,22,0.00045528722694143653,29.48192596435547,0.11011151224374771
ambience_001345.pt,0,room,22,0.0007200057152658701,28.920103073120117,0.20816294848918915
ambience_001346.pt,0,room,22,0.0010631328914314508,27.408329010009766,0.4144960939884186
ambience_001347.pt,0,room,22,0.001696324092335999,26.33564567565918,0.14227627217769623
ambience_001348.pt,0,room,22,0.0009682468953542411,28.761180877685547,0.1822916567325592
ambience_001349.pt,0,room,22,0.0007689883932471275,28.850444793701172,0.5866570472717285
ambience_001350.pt,0,room,22,0.0011245600180700421,27.725406646728516,0.6565783023834229
ambience_001351.pt,0,room,22,0.000854369776789099,27.88121795654297,0.19496013224124908
ambience_001352.pt,0,room,22,0.000570199394132942,30.42274284362793,0.19913913309574127
ambience_001353.pt,0,room,22,0.0007849673856981099,28.302459716796875,0.3460181951522827
ambience_001354.pt,0,room,22,0.0007961736992001534,29.41899299621582,0.1090526357293129
ambience_001355.pt,0,room,22,0.0008247258956544101,29.430248260498047,0.5222521424293518
ambience_001356.pt,0,room,22,0.000736977846827358,28.33069610595703,0.3311429023742676
ambience_001357.pt,0,room,22,0.0017139822011813521,25.179332733154297,0.7831730842590332
ambience_001358.pt,0,room,22,0.001445197151042521,26.25259780883789,0.6565284729003906
ambience_001359.pt,0,room,22,0.0013860203325748444,26.944589614868164,0.5624249577522278
ambience_001360.pt,0,room,22,0.001616481808014214,26.219955444335938,0.4210706055164337
ambience_001361.pt,0,room,22,0.0010247952304780483,28.05431365966797,0.17023950815200806
ambience_001362.pt,0,room,22,0.000962302612606436,29.708789825439453,0.17035670578479767
ambience_001363.pt,0,room,22,0.0011272919364273548,28.53860855102539,0.6726367473602295
ambience_001364.pt,0,room,22,0.001167789683677256,27.109420776367188,0.2179538607597351
ambience_001365.pt,0,room,22,0.001232868991792202,26.708454132080078,0.09269382804632187
ambience_001366.pt,0,room,22,0.0011846964480355382,29.692676544189453,0.3030484914779663
ambience_001367.pt,0,room,22,0.000904877670109272,35.28028869628906,0.16508464515209198
ambience_001368.pt,0,room,22,0.0014912879560142756,26.27515983581543,0.29171836376190186
ambience_001369.pt,0,room,22,0.0012627410469576716,27.246427536010742,0.25453218817710876
ambience_001370.pt,0,room,22,0.0008251074468716979,28.402814865112305,0.20847325026988983
ambience_001371.pt,0,room,22,0.0007711270009167492,28.580791473388672,0.22487522661685944
ambience_001372.pt,0,room,22,0.0007576626958325505,28.028106689453125,0.24601274728775024
ambience_001373.pt,0,room,22,0.0008243729243986309,27.565113067626953,0.2003677636384964
ambience_001374.pt,0,room,22,0.0004375820863060653,29.899749755859375,0.09402819722890854
ambience_001375.pt,0,room,22,0.0003551429836079478,30.610321044921875,0.08399226516485214
ambience_001376.pt,0,room,22,0.0006292453617788851,28.1025390625,0.3806386888027191
ambience_001377.pt,0,room,22,0.0011688267113640904,28.148849487304688,0.4915305972099304
ambience_001378.pt,0,room,22,0.0012991399271413684,30.04692840576172,2.4150638580322266
ambience_001379.pt,0,room,22,0.0009017864940688014,29.837158203125,0.3673732280731201
ambience_001380.pt,0,room,22,0.0008900896646082401,29.144256591796875,0.4437534809112549
ambience_001381.pt,0,room,22,0.0010939356870949268,27.675737380981445,0.1377289742231369
ambience_001382.pt,0,room,22,0.0011142262956127524,27.068336486816406,0.758547306060791
ambience_001383.pt,0,room,22,0.002276425017043948,31.290945053100586,0.2107146829366684
ambience_001384.pt,0,room,22,0.0012442742008715868,29.118183135986328,0.22693085670471191
ambience_001385.pt,0,room,22,0.0012372758937999606,30.730621337890625,0.5801119804382324
ambience_001386.pt,0,room,22,0.0009194788872264326,28.36725616455078,0.19443389773368835
ambience_001387.pt,0,room,22,0.0006630991119891405,29.993085861206055,0.368129700422287
ambience_001388.pt,0,room,22,0.0009030119399540126,30.564556121826172,1.0655369758605957
ambience_001389.pt,0,room,22,0.000712693901732564,28.798315048217773,0.3007952570915222
ambience_001390.pt,0,room,22,0.0005604361067526042,30.306583404541016,0.11096358299255371
ambience_001391.pt,0,room,22,0.0006414109375327826,29.421178817749023,0.1346355378627777
ambience_001392.pt,0,room,22,0.0008984767482616007,27.484832763671875,0.46638038754463196
ambience_001393.pt,0,room,22,0.00042501965072005987,30.99380874633789,0.12430119514465332
ambience_001394.pt,0,room,22,0.000808737357147038,28.302806854248047,0.20172488689422607
ambience_001395.pt,0,room,22,0.0006651287549175322,30.61919403076172,0.34511619806289673
ambience_001396.pt,0,room,22,0.0009428997873328626,28.259235382080078,0.18791349232196808
ambience_001397.pt,0,room,22,0.0014137462712824345,26.141998291015625,0.7301459908485413
ambience_001398.pt,0,room,22,0.0008209202787838876,29.353408813476562,0.5776848793029785
ambience_001399.pt,0,room,22,0.0009226183756254613,28.305217742919922,0.10679913312196732
ambience_001400.pt,0,room,22,0.0009970897808670998,28.28917694091797,0.08634138852357864
ambience_001401.pt,0,room,22,0.0008164650062099099,28.477663040161133,0.11544660478830338
ambience_001402.pt,0,room,22,0.0008601908921264112,28.463024139404297,0.09571877866983414
ambience_001403.pt,0,room,22,0.0008236565627157688,28.956928253173828,0.08805027604103088
ambience_001404.pt,0,room,22,0.001249726046808064,26.910112380981445,0.17361101508140564
ambience_001405.pt,0,room,22,0.0011656167916953564,27.259244918823242,0.13928230106830597
ambience_001406.pt,0,room,22,0.0017913905903697014,27.985788345336914,0.3888942003250122
ambience_001407.pt,0,room,22,0.0013977134367451072,28.322019577026367,0.5893928408622742
ambience_001408.pt,0,room,22,0.0012624477967619896,27.724321365356445,0.19849444925785065
ambience_001409.pt,0,room,22,0.0009367336169816554,28.97793197631836,0.21035932004451752
ambience_001410.pt,0,room,22,0.0006340041873045266,29.687522888183594,0.17843830585479736
ambience_001411.pt,0,room,22,0.0010686590103432536,30.059246063232422,0.9729025363922119
ambience_001412.pt,0,room,22,0.0017116207163780928,27.766460418701172,0.19177719950675964
ambience_001413.pt,0,room,22,0.0024191171396523714,24.30915641784668,0.5577327013015747
ambience_001414.pt,0,room,22,0.0027790882159024477,32.60477828979492,0.8164443969726562
ambience_001415.pt,0,room,22,0.0022766960319131613,24.779497146606445,0.45810121297836304
ambience_001416.pt,0,room,22,0.0014400591608136892,26.73896598815918,0.07522828131914139
ambience_001417.pt,0,room,22,0.0015083880862221122,27.19684410095215,0.1832904815673828
ambience_001418.pt,0,room,22,0.0010391630930826068,27.41751480102539,0.10181915760040283
ambience_001419.pt,0,room,22,0.0017652136739343405,26.098785400390625,0.9355887174606323
ambience_001420.pt,0,room,22,0.0018571397522464395,26.14945411682129,0.09168122708797455
ambience_001421.pt,0,room,22,0.002033783122897148,26.32270050048828,0.1076391413807869
ambience_001422.pt,0,room,22,0.0016076982719823718,27.132469177246094,0.11878874897956848
ambience_001423.pt,0,room,22,0.0018665039679035544,28.633352279663086,0.6751842498779297
ambience_001424.pt,0,room,22,0.0020065761636942625,26.071325302124023,0.09516827017068863
ambience_001425.pt,0,room,22,0.001993795856833458,27.09568214416504,0.13943414390087128
ambience_001426.pt,0,room,22,0.0020869465079158545,27.060531616210938,0.08165083825588226
ambience_001427.pt,0,room,22,0.002688169712200761,26.355621337890625,0.1093207597732544
ambience_001428.pt,0,room,22,0.0020827807020395994,26.893144607543945,0.32393598556518555
