filename,gain,target,location,mean_db,std_db,max_db
ambience_000000.pt,50,0,Yarkon rosh zipor,-1.8396400213241577,11.693967819213867,28.852136611938477
ambience_000001.pt,50,0,Yarkon rosh zipor,-1.6941733360290527,11.570343017578125,30.25533676147461
ambience_000002.pt,50,0,Yarkon rosh zipor,-1.6545151472091675,11.289966583251953,31.829303741455078
ambience_000003.pt,50,0,Yarkon rosh zipor,-0.15595531463623047,11.214508056640625,27.651826858520508
ambience_000004.pt,50,0,Yarkon rosh zipor,-1.3958216905593872,11.439847946166992,28.0616397857666
ambience_000005.pt,50,0,Yarkon rosh zipor,-0.8786788582801819,10.631122589111328,26.446292877197266
ambience_000006.pt,50,0,Yarkon rosh zipor,-0.3872796893119812,11.337306022644043,29.38886833190918
ambience_000007.pt,50,0,Yarkon rosh zipor,-1.440704107284546,11.639938354492188,27.48348045349121
ambience_000008.pt,50,0,Yarkon rosh zipor,-0.8382554650306702,11.295910835266113,27.94127655029297
ambience_000009.pt,50,0,Yarkon rosh zipor,-0.0595170259475708,11.412473678588867,29.283782958984375
ambience_000010.pt,50,0,Yarkon rosh zipor,0.0789494514465332,11.456186294555664,29.504499435424805
ambience_000011.pt,50,0,Yarkon rosh zipor,0.7954883575439453,11.409770011901855,27.0179443359375
ambience_000012.pt,50,0,Yarkon rosh zipor,1.341299295425415,10.908252716064453,28.173744201660156
ambience_000013.pt,50,0,Yarkon rosh zipor,0.902701199054718,10.629241943359375,29.946287155151367
ambience_000014.pt,50,0,Yarkon rosh zipor,0.983238160610199,10.313533782958984,28.06039810180664
ambience_000015.pt,50,0,Yarkon rosh zipor,1.0885461568832397,10.766427993774414,27.854740142822266
ambience_000016.pt,50,0,Yarkon rosh zipor,1.479851484298706,10.655837059020996,27.835693359375
ambience_000017.pt,50,0,Yarkon rosh zipor,1.8400365114212036,10.552597045898438,30.96317481994629
ambience_000018.pt,50,0,Yarkon rosh zipor,0.6602182984352112,11.171004295349121,29.9437255859375
ambience_000019.pt,50,0,Yarkon rosh zipor,1.208340048789978,10.639904022216797,28.179996490478516
ambience_000020.pt,50,0,Yarkon rosh zipor,1.686653971672058,10.52786922454834,26.45665740966797
ambience_000021.pt,50,0,Yarkon rosh zipor,0.9132035970687866,10.794907569885254,31.29015350341797
ambience_000022.pt,50,0,Yarkon rosh zipor,1.3194438219070435,10.72446060180664,27.457380294799805
ambience_000023.pt,50,0,Yarkon rosh zipor,1.5577442646026611,10.362279891967773,27.521522521972656
ambience_000024.pt,50,0,Yarkon rosh zipor,1.9470778703689575,9.935813903808594,26.822555541992188
ambience_000025.pt,50,0,Yarkon rosh zipor,0.6366271376609802,10.777261734008789,30.91226577758789
ambience_000026.pt,50,0,Yarkon rosh zipor,1.7544819116592407,10.080229759216309,32.64425277709961
ambience_000027.pt,50,0,Yarkon rosh zipor,0.48957693576812744,10.569371223449707,29.924434661865234
ambience_000028.pt,50,0,Yarkon rosh zipor,-1.235864520072937,9.975613594055176,25.82158851623535
ambience_000029.pt,50,0,Yarkon rosh zipor,-1.6547352075576782,10.111968994140625,24.33952522277832
ambience_000030.pt,50,0,Yarkon rosh zipor,1.9715533256530762,9.846105575561523,25.20001983642578
ambience_000031.pt,50,0,Yarkon rosh zipor,1.9434658288955688,9.656566619873047,28.664466857910156
ambience_000032.pt,50,0,Yarkon rosh zipor,2.2659170627593994,8.229231834411621,24.409046173095703
ambience_000033.pt,50,0,Yarkon rosh zipor,1.6514477729797363,9.622722625732422,29.85227394104004
ambience_000034.pt,50,0,Yarkon rosh zipor,-0.5266726016998291,10.794819831848145,30.934329986572266
ambience_000035.pt,50,0,Yarkon rosh zipor,0.923862874507904,10.068191528320312,29.104026794433594
ambience_000036.pt,50,0,Yarkon rosh zipor,2.2203047275543213,9.375925064086914,31.03167724609375
ambience_000037.pt,50,0,Yarkon rosh zipor,2.9383676052093506,9.227564811706543,28.872570037841797
ambience_000038.pt,50,0,Yarkon rosh zipor,3.1310529708862305,9.091349601745605,28.475719451904297
ambience_000039.pt,50,0,Yarkon rosh zipor,3.3634519577026367,9.175145149230957,29.606372833251953
ambience_000040.pt,50,0,Yarkon rosh zipor,3.9111924171447754,8.880583763122559,28.99432373046875
ambience_000041.pt,50,0,Yarkon rosh zipor,3.912832736968994,8.622475624084473,32.39590835571289
ambience_000042.pt,50,0,Yarkon rosh zipor,3.887251377105713,8.63323974609375,31.458311080932617
ambience_000043.pt,50,0,Yarkon rosh zipor,3.864630937576294,8.84250545501709,30.2728271484375
ambience_000044.pt,50,0,Yarkon rosh zipor,3.780154228210449,8.661453247070312,30.67160415649414
ambience_000045.pt,50,0,Yarkon rosh zipor,4.547186374664307,8.227330207824707,28.80618667602539
ambience_000046.pt,50,0,Yarkon rosh zipor,3.544647455215454,8.782649040222168,30.312549591064453
ambience_000047.pt,50,0,Yarkon rosh zipor,4.689818382263184,8.145272254943848,27.44936180114746
ambience_000048.pt,50,0,Yarkon rosh zipor,4.542870044708252,8.115582466125488,28.315521240234375
ambience_000049.pt,50,0,Yarkon rosh zipor,5.134548187255859,7.520658016204834,25.91200828552246
ambience_000050.pt,50,0,Yarkon rosh zipor,5.170459270477295,7.532806396484375,28.566707611083984
ambience_000051.pt,50,0,Yarkon rosh zipor,5.118570327758789,7.8456244468688965,27.08507537841797
ambience_000052.pt,50,0,Yarkon rosh zipor,5.722785472869873,7.522241592407227,26.266050338745117
ambience_000053.pt,50,0,Yarkon rosh zipor,5.417747497558594,7.834356307983398,25.534143447875977
ambience_000054.pt,50,0,Yarkon rosh zipor,5.723881244659424,7.65812349319458,25.329496383666992
ambience_000055.pt,50,0,Yarkon rosh zipor,6.06353759765625,7.5010600090026855,28.153942108154297
ambience_000056.pt,50,0,Yarkon rosh zipor,6.481672763824463,7.586267948150635,25.72910499572754
ambience_000057.pt,50,0,Yarkon rosh zipor,6.108999252319336,7.936850070953369,26.102909088134766
ambience_000058.pt,50,0,Yarkon rosh zipor,5.82248067855835,7.954531192779541,26.976139068603516
ambience_000059.pt,50,0,Yarkon rosh zipor,5.064110279083252,8.189126014709473,24.238555908203125
ambience_000060.pt,50,0,Yarkon rosh zipor,5.102302074432373,8.536124229431152,26.159587860107422
ambience_000061.pt,50,0,Yarkon rosh zipor,3.7768471240997314,9.026588439941406,28.353069305419922
ambience_000062.pt,50,0,Yarkon rosh zipor,4.558226108551025,8.555042266845703,28.99969482421875
ambience_000063.pt,50,0,Yarkon rosh zipor,4.3289408683776855,8.676118850708008,26.119430541992188
ambience_000064.pt,50,0,Yarkon rosh zipor,3.6031394004821777,9.454052925109863,25.551971435546875
ambience_000065.pt,50,0,Yarkon rosh zipor,3.5141441822052,9.310891151428223,29.751596450805664
ambience_000066.pt,50,0,Yarkon rosh zipor,4.304579734802246,8.799583435058594,27.74468231201172
ambience_000067.pt,50,0,Yarkon rosh zipor,4.909500598907471,8.38045597076416,26.888065338134766
ambience_000068.pt,50,0,Yarkon rosh zipor,3.7434961795806885,9.325447082519531,28.147287368774414
ambience_000069.pt,50,0,Yarkon rosh zipor,3.776782274246216,9.202200889587402,29.668302536010742
ambience_000070.pt,50,0,Yarkon rosh zipor,4.201977252960205,8.789602279663086,29.19523048400879
ambience_000071.pt,50,0,Yarkon rosh zipor,4.0165534019470215,9.147699356079102,27.507226943969727
ambience_000072.pt,50,0,Yarkon rosh zipor,1.5201115608215332,10.020576477050781,29.769638061523438
ambience_000073.pt,50,0,Yarkon rosh zipor,2.5885579586029053,9.334328651428223,30.98242950439453
ambience_000074.pt,50,0,Yarkon rosh zipor,2.887375593185425,9.242600440979004,30.224567413330078
ambience_000075.pt,50,0,Yarkon rosh zipor,2.4699814319610596,9.468056678771973,30.601741790771484
ambience_000076.pt,50,0,Yarkon rosh zipor,2.4832239151000977,9.811546325683594,31.789915084838867
ambience_000077.pt,50,0,Yarkon rosh zipor,2.6613857746124268,9.607645988464355,28.776037216186523
ambience_000078.pt,50,0,Yarkon rosh zipor,2.5827064514160156,9.539435386657715,29.014493942260742
ambience_000079.pt,50,0,Yarkon rosh zipor,1.1340323686599731,9.913605690002441,34.81938171386719
ambience_000080.pt,50,0,Yarkon rosh zipor,2.194890022277832,9.327325820922852,28.534786224365234
ambience_000081.pt,50,0,Yarkon rosh zipor,4.080341815948486,8.87951374053955,30.13454246520996
ambience_000082.pt,50,0,Yarkon rosh zipor,4.0397629737854,9.016288757324219,29.442922592163086
ambience_000083.pt,50,0,Yarkon rosh zipor,3.0517325401306152,9.66389274597168,30.807645797729492
ambience_000084.pt,50,0,Yarkon rosh zipor,1.2413767576217651,10.308724403381348,31.494274139404297
ambience_000085.pt,50,0,Yarkon rosh zipor,-0.25262001156806946,10.651151657104492,31.13470458984375
ambience_000086.pt,50,0,Yarkon rosh zipor,-1.6941685676574707,11.24431324005127,30.50433349609375
ambience_000087.pt,50,0,Yarkon rosh zipor,-0.864631712436676,10.525874137878418,35.14748001098633
ambience_000088.pt,50,0,Yarkon rosh zipor,-0.7366874814033508,10.676054000854492,33.73935317993164
ambience_000089.pt,50,0,Yarkon rosh zipor,-0.7987483739852905,11.040042877197266,33.59558868408203
ambience_000090.pt,50,0,Yarkon rosh zipor,-0.26713186502456665,11.055265426635742,33.6031494140625
ambience_000091.pt,50,0,Yarkon rosh zipor,1.510413408279419,10.96619987487793,31.727502822875977
ambience_000092.pt,50,0,Yarkon rosh zipor,1.0704255104064941,11.339926719665527,27.26457977294922
ambience_000093.pt,50,0,Yarkon rosh zipor,1.028349757194519,11.775185585021973,28.16799545288086
ambience_000094.pt,50,0,Yarkon rosh zipor,0.9011600017547607,12.075455665588379,26.926368713378906
ambience_000095.pt,50,0,Yarkon rosh zipor,1.0044440031051636,11.861197471618652,25.88841438293457
ambience_000096.pt,50,0,Yarkon rosh zipor,0.3925606608390808,11.590489387512207,25.339149475097656
ambience_000097.pt,50,0,Yarkon rosh zipor,0.47452306747436523,12.199601173400879,25.821592330932617
ambience_000098.pt,50,0,Yarkon rosh zipor,0.8713914752006531,12.102339744567871,28.719364166259766
ambience_000099.pt,50,0,Yarkon rosh zipor,0.1872016340494156,12.395817756652832,26.546016693115234
ambience_000100.pt,50,0,Yarkon rosh zipor,-1.191472053527832,11.765584945678711,29.3123836517334
ambience_000101.pt,50,0,Yarkon rosh zipor,-0.5017774105072021,11.701051712036133,27.152435302734375
ambience_000102.pt,50,0,Yarkon rosh zipor,-0.43899792432785034,11.41066837310791,25.966684341430664
ambience_000103.pt,50,0,Yarkon rosh zipor,-0.2182656228542328,11.07005786895752,25.094982147216797
ambience_000104.pt,50,0,Yarkon rosh zipor,1.154919147491455,10.48584270477295,26.967041015625
ambience_000105.pt,50,0,Yarkon rosh zipor,1.8420288562774658,10.389483451843262,27.930355072021484
ambience_000106.pt,50,0,Yarkon rosh zipor,2.695488452911377,9.981359481811523,26.645566940307617
ambience_000107.pt,50,0,Yarkon rosh zipor,2.1359829902648926,10.573267936706543,28.33090591430664
ambience_000108.pt,50,0,Yarkon rosh zipor,0.8887608051300049,9.903472900390625,25.45017433166504
ambience_000109.pt,50,0,Yarkon rosh zipor,0.5038729310035706,9.635241508483887,25.7819766998291
ambience_000110.pt,50,0,Yarkon rosh zipor,1.041786789894104,9.54010009765625,24.874549865722656
ambience_000111.pt,50,0,Yarkon rosh zipor,-0.4309380352497101,10.670365333557129,30.56605339050293
ambience_000112.pt,50,0,Yarkon rosh zipor,-0.9790363311767578,10.650071144104004,26.968463897705078
ambience_000113.pt,50,0,Yarkon rosh zipor,-0.5583329796791077,10.440850257873535,29.64433479309082
ambience_000114.pt,50,0,Yarkon rosh zipor,-0.0340743213891983,10.738459587097168,27.334884643554688
ambience_000115.pt,50,0,Yarkon rosh zipor,-0.9081588983535767,10.71158218383789,26.451290130615234
ambience_000116.pt,50,0,Yarkon rosh zipor,-1.260732650756836,10.490340232849121,25.329980850219727
ambience_000117.pt,50,0,Yarkon rosh zipor,-1.0676792860031128,10.332120895385742,25.26067352294922
ambience_000118.pt,50,0,Yarkon rosh zipor,-1.8790099620819092,10.718572616577148,27.794485092163086
ambience_000119.pt,50,0,Yarkon rosh zipor,-1.8445202112197876,10.24593448638916,24.67198371887207
ambience_000120.pt,50,0,Yarkon rosh zipor,-0.9392143487930298,9.948745727539062,24.945770263671875
ambience_000121.pt,50,0,Yarkon rosh zipor,-0.5531432628631592,9.80775260925293,24.498077392578125
ambience_000122.pt,50,0,Yarkon rosh zipor,-0.11298239976167679,9.775809288024902,24.628551483154297
ambience_000123.pt,50,0,Yarkon rosh zipor,-0.9328874945640564,10.028995513916016,23.791275024414062
ambience_000124.pt,50,0,Yarkon rosh zipor,-0.7055478692054749,9.518817901611328,24.098217010498047
ambience_000125.pt,50,0,Yarkon rosh zipor,-1.0429011583328247,9.379857063293457,26.142478942871094
ambience_000126.pt,50,0,Yarkon rosh zipor,-0.6745932102203369,9.429136276245117,25.001649856567383
ambience_000127.pt,50,0,Yarkon rosh zipor,-0.18430761992931366,9.723063468933105,23.961641311645508
ambience_000128.pt,50,0,Yarkon rosh zipor,-0.7576135993003845,9.674307823181152,24.916545867919922
ambience_000129.pt,50,0,Yarkon rosh zipor,-0.9229791164398193,9.550786972045898,24.215614318847656
ambience_000130.pt,50,0,Yarkon rosh zipor,-1.237980604171753,9.55956745147705,22.657461166381836
ambience_000131.pt,50,0,Yarkon rosh zipor,-0.44501006603240967,9.488540649414062,25.375816345214844
ambience_000132.pt,50,0,Yarkon rosh zipor,0.19984370470046997,9.027241706848145,26.914968490600586
ambience_000133.pt,50,0,Yarkon rosh zipor,-0.2649737596511841,9.479302406311035,26.06297492980957
ambience_000134.pt,50,0,Yarkon rosh zipor,-0.8483800292015076,9.2931489944458,27.033021926879883
ambience_000135.pt,50,0,Yarkon rosh zipor,-1.1301097869873047,9.57604694366455,26.897459030151367
ambience_000136.pt,50,0,Yarkon rosh zipor,-1.6180733442306519,10.222500801086426,26.37946128845215
ambience_000137.pt,50,0,Yarkon rosh zipor,2.146354913711548,10.824254035949707,26.639503479003906
ambience_000138.pt,50,0,Yarkon rosh zipor,3.2939271926879883,10.651338577270508,24.450023651123047
ambience_000139.pt,50,0,Yarkon rosh zipor,4.2480316162109375,10.101885795593262,24.97757911682129
ambience_000140.pt,50,0,Yarkon rosh zipor,4.45454216003418,9.863205909729004,26.71766471862793
ambience_000141.pt,50,0,Yarkon rosh zipor,4.484869003295898,9.711233139038086,25.868511199951172
ambience_000142.pt,50,0,Yarkon rosh zipor,4.661397933959961,9.21000862121582,27.246810913085938
ambience_000143.pt,50,0,Yarkon rosh zipor,5.5370330810546875,8.361824989318848,26.663227081298828
ambience_000144.pt,50,0,Yarkon rosh zipor,5.5548505783081055,8.652871131896973,26.634784698486328
ambience_000145.pt,50,0,Yarkon rosh zipor,5.953939914703369,8.31806468963623,24.98133659362793
ambience_000146.pt,50,0,Yarkon rosh zipor,5.6070332527160645,8.71609878540039,27.032245635986328
ambience_000147.pt,50,0,Yarkon rosh zipor,5.975714206695557,8.718770027160645,25.779638290405273
ambience_000148.pt,50,0,Yarkon rosh zipor,5.450659275054932,9.18517017364502,26.52178192138672
ambience_000149.pt,50,0,Yarkon rosh zipor,4.046606063842773,10.080093383789062,27.450820922851562
ambience_000150.pt,50,0,Yarkon rosh zipor,3.6801488399505615,9.926860809326172,27.059040069580078
ambience_000151.pt,50,0,Yarkon rosh zipor,2.559792995452881,10.622550010681152,30.078935623168945
ambience_000152.pt,50,0,Yarkon rosh zipor,3.1806960105895996,10.513142585754395,25.908382415771484
ambience_000153.pt,50,0,Yarkon rosh zipor,3.4608418941497803,10.385368347167969,27.835086822509766
ambience_000154.pt,50,0,Yarkon rosh zipor,4.752325057983398,9.33155345916748,27.117084503173828
ambience_000155.pt,50,0,Yarkon rosh zipor,4.66202974319458,9.360825538635254,29.574087142944336
ambience_000156.pt,50,0,Yarkon rosh zipor,2.3240509033203125,10.335677146911621,32.68400573730469
ambience_000157.pt,50,0,Yarkon rosh zipor,0.8670249581336975,10.860001564025879,30.542509078979492
ambience_000158.pt,50,0,Yarkon rosh zipor,-1.6953747272491455,11.397671699523926,31.65447998046875
ambience_000159.pt,50,0,Yarkon rosh zipor,1.10745370388031,10.901658058166504,29.516063690185547
ambience_000160.pt,50,0,Yarkon rosh zipor,0.9036800861358643,11.04966926574707,30.999897003173828
ambience_000161.pt,50,0,Yarkon rosh zipor,0.9587801098823547,11.16619873046875,29.251272201538086
ambience_000162.pt,50,0,Yarkon rosh zipor,-0.03360234200954437,11.205635070800781,31.87511444091797
ambience_000163.pt,50,0,Yarkon rosh zipor,0.721144437789917,11.129676818847656,29.62059211730957
ambience_000164.pt,50,0,Yarkon rosh zipor,1.3639967441558838,10.872464179992676,27.339282989501953
ambience_000165.pt,50,0,Yarkon rosh zipor,2.391568660736084,10.203157424926758,28.025968551635742
ambience_000166.pt,50,0,Yarkon rosh zipor,4.0712890625,9.93602466583252,28.3251953125
ambience_000167.pt,50,0,Yarkon rosh zipor,3.4531431198120117,9.99420166015625,25.4416446685791
ambience_000168.pt,50,0,Yarkon rosh zipor,4.529976844787598,9.602045059204102,27.955238342285156
ambience_000169.pt,50,0,Yarkon rosh zipor,3.088240623474121,9.733262062072754,32.193450927734375
ambience_000170.pt,50,0,Yarkon rosh zipor,2.8878061771392822,10.468857765197754,27.451059341430664
ambience_000171.pt,50,0,Yarkon rosh zipor,2.9730911254882812,10.28207778930664,29.461013793945312
ambience_000172.pt,50,0,Yarkon rosh zipor,2.407651901245117,10.499720573425293,27.589733123779297
ambience_000173.pt,50,0,Yarkon rosh zipor,2.6747636795043945,10.649051666259766,28.499305725097656
ambience_000174.pt,50,0,Yarkon rosh zipor,3.2916479110717773,10.235514640808105,29.056556701660156
ambience_000175.pt,50,0,Yarkon rosh zipor,2.7592642307281494,10.280898094177246,29.20955467224121
ambience_000176.pt,50,0,Yarkon rosh zipor,1.700123906135559,10.629119873046875,30.27519416809082
ambience_000177.pt,50,0,Yarkon rosh zipor,3.0997514724731445,10.664912223815918,31.901762008666992
ambience_000178.pt,50,0,Yarkon rosh zipor,3.522355556488037,10.011474609375,28.234378814697266
ambience_000179.pt,50,0,Yarkon rosh zipor,2.867556571960449,10.165056228637695,29.915483474731445
ambience_000180.pt,50,0,Yarkon rosh zipor,3.9637961387634277,9.798050880432129,29.223308563232422
ambience_000181.pt,50,0,Yarkon rosh zipor,4.391439437866211,9.554430961608887,25.67455291748047
ambience_000182.pt,50,0,Yarkon rosh zipor,4.933330059051514,9.315001487731934,27.570274353027344
ambience_000183.pt,50,0,Yarkon rosh zipor,2.958651065826416,10.393715858459473,27.07676124572754
ambience_000184.pt,50,0,Yarkon rosh zipor,2.600792646408081,10.437768936157227,27.58698272705078
ambience_000185.pt,50,0,Yarkon rosh zipor,2.006077766418457,10.223082542419434,29.129459381103516
ambience_000186.pt,50,0,Yarkon rosh zipor,3.621352434158325,9.430148124694824,29.75723648071289
ambience_000187.pt,50,0,Yarkon rosh zipor,3.7446694374084473,10.12138843536377,28.603973388671875
ambience_000188.pt,50,0,Yarkon rosh zipor,3.373030662536621,10.313582420349121,31.2576961517334
ambience_000189.pt,50,0,Yarkon rosh zipor,2.3621251583099365,10.086524963378906,25.75926971435547
ambience_000190.pt,50,0,Yarkon rosh zipor,3.295423746109009,10.236930847167969,28.998929977416992
ambience_000191.pt,50,0,Yarkon rosh zipor,2.5826213359832764,10.006399154663086,28.808509826660156
ambience_000192.pt,50,0,Yarkon rosh zipor,1.9086216688156128,10.18179702758789,32.038360595703125
ambience_000193.pt,50,0,Yarkon rosh zipor,1.847438097000122,10.898564338684082,27.69781494140625
ambience_000194.pt,50,0,Yarkon rosh zipor,3.9153542518615723,9.796151161193848,26.864173889160156
ambience_000195.pt,50,0,Yarkon rosh zipor,4.2451558113098145,9.470176696777344,27.80740737915039
ambience_000196.pt,50,0,Yarkon rosh zipor,3.025355577468872,9.992433547973633,28.57757568359375
ambience_000197.pt,50,0,Yarkon rosh zipor,1.7098631858825684,10.304577827453613,31.49178695678711
ambience_000198.pt,50,0,Yarkon rosh zipor,1.7420719861984253,10.915996551513672,29.224220275878906
ambience_000199.pt,50,0,Yarkon rosh zipor,2.658982276916504,10.612269401550293,30.348384857177734
ambience_000200.pt,50,0,Yarkon rosh zipor,1.1023716926574707,10.935627937316895,29.81704330444336
ambience_000201.pt,50,0,Yarkon rosh zipor,2.243765354156494,9.367475509643555,30.26787567138672
ambience_000202.pt,50,0,Yarkon rosh zipor,0.2961156964302063,10.864396095275879,28.80829620361328
ambience_000203.pt,50,0,Yarkon rosh zipor,0.28776147961616516,10.879103660583496,29.5418643951416
ambience_000204.pt,50,0,Yarkon rosh zipor,1.1733731031417847,10.775979042053223,27.985519409179688
ambience_000205.pt,50,0,Yarkon rosh zipor,2.619447708129883,10.55478572845459,28.676530838012695
ambience_000206.pt,50,0,Yarkon rosh zipor,1.6084483861923218,10.707350730895996,26.428417205810547
ambience_000207.pt,50,0,Yarkon rosh zipor,1.2049964666366577,10.767441749572754,28.391033172607422
ambience_000208.pt,50,0,Yarkon rosh zipor,0.9953833222389221,10.465381622314453,27.227746963500977
ambience_000209.pt,50,0,Yarkon rosh zipor,0.5025737881660461,10.829751968383789,28.45941162109375
ambience_000210.pt,50,0,Yarkon rosh zipor,-0.3410625159740448,10.523968696594238,27.773910522460938
ambience_000211.pt,50,0,Yarkon rosh zipor,0.3765087127685547,10.736557960510254,29.093860626220703
ambience_000212.pt,50,0,Yarkon rosh zipor,1.910187840461731,10.569604873657227,27.237947463989258
ambience_000213.pt,50,0,Yarkon rosh zipor,1.4459925889968872,11.14259147644043,30.23229217529297
ambience_000214.pt,50,0,Yarkon rosh zipor,0.7789371013641357,11.805621147155762,30.851490020751953
ambience_000215.pt,50,0,Yarkon rosh zipor,-0.6200330257415771,12.302227973937988,27.003707885742188
ambience_000216.pt,50,0,Yarkon rosh zipor,-4.906476974487305,9.798145294189453,20.491992950439453
ambience_000217.pt,50,0,Yarkon rosh zipor,-3.1982767581939697,9.351616859436035,21.322059631347656
ambience_000218.pt,50,0,Yarkon rosh zipor,-2.231245756149292,8.586162567138672,22.74639320373535
ambience_000219.pt,50,0,Yarkon rosh zipor,-1.365651249885559,8.699271202087402,22.318683624267578
ambience_000220.pt,50,0,Yarkon rosh zipor,-1.4064465761184692,8.86496353149414,26.080703735351562
ambience_000221.pt,50,0,Yarkon rosh zipor,-0.8713708519935608,8.645277976989746,23.949663162231445
ambience_000222.pt,50,0,Yarkon rosh zipor,-0.14079491794109344,7.9769768714904785,22.992210388183594
ambience_000223.pt,50,0,Yarkon rosh zipor,0.5252761244773865,7.541390895843506,21.112186431884766
ambience_000224.pt,50,0,Yarkon rosh zipor,0.29120075702667236,8.281837463378906,24.386547088623047
ambience_000225.pt,50,0,Yarkon rosh zipor,0.8172288537025452,7.887055397033691,24.509986877441406
ambience_000226.pt,50,0,Yarkon rosh zipor,0.8810867667198181,7.338238716125488,20.097923278808594
ambience_000227.pt,50,0,Yarkon rosh zipor,1.3383091688156128,8.063931465148926,24.610841751098633
ambience_000228.pt,50,0,Yarkon rosh zipor,0.9482168555259705,8.670353889465332,29.59061050415039
ambience_000229.pt,50,0,Yarkon rosh zipor,-0.21766749024391174,9.01657485961914,33.48871612548828
ambience_000230.pt,50,0,Yarkon rosh zipor,-0.2343604564666748,8.786491394042969,33.032527923583984
ambience_000231.pt,50,0,Yarkon rosh zipor,-0.8278758525848389,7.877100944519043,30.86847496032715
ambience_000232.pt,50,0,Yarkon rosh zipor,-1.5974701642990112,7.200230121612549,23.772258758544922
ambience_000233.pt,50,0,Yarkon rosh zipor,0.07600532472133636,7.030448913574219,20.951583862304688
ambience_000234.pt,50,0,Yarkon rosh zipor,1.4996463060379028,7.1015143394470215,24.63596534729004
ambience_000235.pt,50,0,Yarkon rosh zipor,2.304196357727051,6.48928689956665,23.06389617919922
ambience_000236.pt,50,0,Yarkon rosh zipor,-0.14670129120349884,6.72506046295166,24.79220199584961
ambience_000237.pt,50,0,Yarkon rosh zipor,2.677492141723633,6.481461524963379,22.700664520263672
ambience_000238.pt,50,0,Yarkon rosh zipor,4.030343055725098,6.439931869506836,23.57435417175293
ambience_000239.pt,50,0,Yarkon rosh zipor,4.487890243530273,5.8765997886657715,23.272592544555664
ambience_000240.pt,50,0,Yarkon rosh zipor,3.8656234741210938,6.202813148498535,23.092403411865234
ambience_000241.pt,50,0,Yarkon rosh zipor,3.0077531337738037,6.991398811340332,22.576492309570312
ambience_000242.pt,50,0,Yarkon rosh zipor,4.008779048919678,7.543381214141846,24.018421173095703
ambience_000243.pt,50,0,Yarkon rosh zipor,5.262658596038818,6.7088303565979,22.719989776611328
ambience_000244.pt,50,0,Yarkon rosh zipor,4.6934309005737305,7.173587799072266,23.253768920898438
ambience_000245.pt,50,0,Yarkon rosh zipor,4.5069684982299805,6.899317264556885,23.095304489135742
ambience_000246.pt,50,0,Yarkon rosh zipor,4.754979133605957,6.831669807434082,23.20203971862793
ambience_000247.pt,50,0,Yarkon rosh zipor,5.072614669799805,7.530885696411133,26.38969612121582
ambience_000248.pt,50,0,Yarkon rosh zipor,4.224881172180176,7.767348766326904,25.60884666442871
ambience_000249.pt,50,0,Yarkon rosh zipor,6.165403366088867,7.473315238952637,29.34902000427246
ambience_000250.pt,50,0,Yarkon rosh zipor,4.850657939910889,7.990562438964844,27.666166305541992
ambience_000251.pt,50,0,Yarkon rosh zipor,6.077598571777344,7.314459323883057,27.033782958984375
ambience_000252.pt,50,0,Yarkon rosh zipor,5.537300109863281,7.8594512939453125,26.73394775390625
ambience_000253.pt,50,0,Yarkon rosh zipor,4.638309955596924,8.307687759399414,27.99985122680664
ambience_000254.pt,50,0,Yarkon rosh zipor,5.158640384674072,7.563542366027832,25.72443199157715
ambience_000255.pt,50,0,Yarkon rosh zipor,3.6970880031585693,8.339174270629883,26.572479248046875
ambience_000256.pt,50,0,Yarkon rosh zipor,6.3031229972839355,7.718483924865723,26.827239990234375
ambience_000257.pt,50,0,Yarkon rosh zipor,6.8387980461120605,7.544456481933594,25.940834045410156
ambience_000258.pt,50,0,Yarkon rosh zipor,6.733354091644287,7.8522257804870605,25.633018493652344
ambience_000259.pt,50,0,Yarkon rosh zipor,5.528533458709717,8.720807075500488,24.33292579650879
ambience_000260.pt,50,0,Yarkon rosh zipor,5.2772440910339355,8.823629379272461,25.57990264892578
ambience_000261.pt,50,0,Yarkon rosh zipor,6.3758544921875,7.924980640411377,28.037372589111328
ambience_000262.pt,50,0,Yarkon rosh zipor,5.675846099853516,8.298391342163086,25.033920288085938
ambience_000263.pt,50,0,Yarkon rosh zipor,6.1536173820495605,8.112481117248535,25.416698455810547
ambience_000264.pt,50,0,Yarkon rosh zipor,4.983134746551514,8.565680503845215,29.263896942138672
ambience_000265.pt,50,0,Yarkon rosh zipor,4.6891093254089355,8.619721412658691,26.884525299072266
ambience_000266.pt,50,0,Yarkon rosh zipor,5.075833797454834,8.424847602844238,29.57944107055664
ambience_000267.pt,50,0,Yarkon rosh zipor,5.074085712432861,8.504992485046387,28.365753173828125
ambience_000268.pt,50,0,Yarkon rosh zipor,4.8132734298706055,8.770356178283691,27.657320022583008
ambience_000269.pt,50,0,Yarkon rosh zipor,4.6528849601745605,8.070328712463379,30.718307495117188
ambience_000270.pt,50,0,Yarkon rosh zipor,6.725625514984131,7.385806083679199,28.52680206298828
ambience_000271.pt,50,0,Yarkon rosh zipor,4.797357559204102,8.360957145690918,25.07542610168457
ambience_000272.pt,50,0,Yarkon rosh zipor,3.577770471572876,8.009765625,28.03414535522461
ambience_000273.pt,50,0,Yarkon rosh zipor,3.768683671951294,8.438992500305176,29.855260848999023
ambience_000274.pt,50,0,Yarkon rosh zipor,4.865821838378906,8.424714088439941,28.99986457824707
ambience_000275.pt,50,0,Yarkon rosh zipor,6.324891567230225,7.760231971740723,26.01971435546875
ambience_000276.pt,50,0,Yarkon rosh zipor,5.818291187286377,7.842782497406006,28.480575561523438
ambience_000277.pt,50,0,Yarkon rosh zipor,5.574838638305664,8.145198822021484,28.776432037353516
ambience_000278.pt,50,0,Yarkon rosh zipor,4.198840618133545,8.710987091064453,29.440711975097656
ambience_000279.pt,50,0,Yarkon rosh zipor,4.8040080070495605,8.32075309753418,30.898942947387695
ambience_000280.pt,50,0,Yarkon rosh zipor,4.349865436553955,8.46713924407959,30.623336791992188
ambience_000281.pt,50,0,Yarkon rosh zipor,6.30389404296875,7.872875213623047,25.606901168823242
ambience_000282.pt,50,0,Yarkon rosh zipor,6.98695182800293,7.336055278778076,26.215803146362305
ambience_000283.pt,50,0,Yarkon rosh zipor,5.802459716796875,7.801279544830322,28.964248657226562
ambience_000284.pt,50,0,Yarkon rosh zipor,5.950566291809082,8.208233833312988,26.215774536132812
ambience_000285.pt,50,0,Yarkon rosh zipor,3.609272003173828,9.224934577941895,28.683059692382812
ambience_000286.pt,50,0,Yarkon rosh zipor,1.5425300598144531,11.40224838256836,26.590286254882812
ambience_000287.pt,50,0,Yarkon rosh zipor,1.294347882270813,11.448832511901855,28.11246109008789
ambience_000288.pt,50,0,Yarkon rosh zipor,1.235257625579834,11.318992614746094,26.418790817260742
ambience_000289.pt,50,0,Yarkon rosh zipor,1.6390656232833862,11.146916389465332,27.650653839111328
ambience_000290.pt,50,0,Yarkon rosh zipor,1.2402859926223755,11.009377479553223,27.035778045654297
ambience_000291.pt,50,0,Yarkon rosh zipor,2.0925652980804443,10.90656566619873,28.29903793334961
ambience_000292.pt,50,0,Yarkon rosh zipor,1.659964680671692,11.062424659729004,27.384578704833984
ambience_000293.pt,50,0,Yarkon rosh zipor,1.9345897436141968,10.919681549072266,26.811979293823242
ambience_000294.pt,50,0,Yarkon rosh zipor,2.513381242752075,10.62720775604248,27.149572372436523
ambience_000295.pt,50,0,Yarkon rosh zipor,2.523425340652466,10.393484115600586,26.315114974975586
ambience_000296.pt,50,0,Yarkon rosh zipor,1.8196399211883545,10.961753845214844,28.652650833129883
ambience_000297.pt,50,0,Yarkon rosh zipor,1.6034667491912842,10.697694778442383,27.343421936035156
ambience_000298.pt,50,0,Yarkon rosh zipor,1.1538708209991455,11.266290664672852,27.961956024169922
ambience_000299.pt,50,0,Yarkon rosh zipor,2.146697759628296,10.821128845214844,27.925933837890625
ambience_000300.pt,50,0,Yarkon rosh zipor,1.7692221403121948,11.209617614746094,27.69488525390625
ambience_000301.pt,50,0,Yarkon rosh zipor,1.9145079851150513,11.034914016723633,28.894378662109375
ambience_000302.pt,50,0,Yarkon rosh zipor,1.0954290628433228,11.572778701782227,29.734806060791016
ambience_000303.pt,50,0,Yarkon rosh zipor,2.532022476196289,10.579174041748047,28.510387420654297
ambience_000304.pt,50,0,Yarkon rosh zipor,2.260193109512329,10.500191688537598,28.311866760253906
ambience_000305.pt,50,0,Yarkon rosh zipor,1.6206446886062622,10.7655668258667,28.62468719482422
ambience_000306.pt,50,0,Yarkon rosh zipor,1.7749359607696533,10.78844165802002,26.106861114501953
ambience_000307.pt,50,0,Yarkon rosh zipor,2.7653093338012695,10.264795303344727,26.7655029296875
ambience_000308.pt,50,0,Yarkon rosh zipor,2.0392134189605713,10.640581130981445,27.051773071289062
ambience_000309.pt,50,0,Yarkon rosh zipor,2.1322450637817383,10.660282135009766,27.305362701416016
ambience_000310.pt,50,0,Yarkon rosh zipor,2.26528263092041,10.578034400939941,26.18144989013672
ambience_000311.pt,50,0,Yarkon rosh zipor,2.714294195175171,10.281099319458008,29.671798706054688
ambience_000312.pt,50,0,Yarkon rosh zipor,1.567002534866333,10.723664283752441,27.822002410888672
ambience_000313.pt,50,0,Yarkon rosh zipor,0.056723855435848236,10.965414047241211,29.174427032470703
ambience_000314.pt,50,0,Yarkon rosh zipor,-1.8937596082687378,11.14376449584961,27.29571533203125
ambience_000315.pt,50,0,Yarkon rosh zipor,-2.0314252376556396,11.735140800476074,28.93558120727539
drone_000000.pt,75,1,Yarkon,2.525177001953125,12.13560962677002,26.461685180664062
drone_000001.pt,75,1,Yarkon,3.978708028793335,11.064854621887207,26.70641326904297
drone_000002.pt,75,1,Yarkon,4.803220748901367,10.451302528381348,26.903554916381836
drone_000003.pt,75,1,Yarkon,4.5401105880737305,10.677555084228516,25.782794952392578
drone_000004.pt,75,1,Yarkon,4.667206287384033,10.375164031982422,26.506671905517578
drone_000005.pt,75,1,Yarkon,3.8946237564086914,10.98102855682373,27.07598114013672
drone_000006.pt,75,1,Yarkon,4.653294563293457,10.269740104675293,25.99663543701172
drone_000007.pt,75,1,Yarkon,4.794976711273193,10.219873428344727,25.23891830444336
drone_000008.pt,75,1,Yarkon,4.3301897048950195,9.715069770812988,36.625885009765625
drone_000009.pt,75,1,Yarkon,5.143361568450928,9.371455192565918,26.153657913208008
drone_000010.pt,75,1,Yarkon,5.813834190368652,9.266165733337402,23.888397216796875
drone_000011.pt,75,1,Yarkon,5.238311767578125,9.52855110168457,25.348947525024414
drone_000012.pt,75,1,Yarkon,5.104257583618164,9.65039348602295,23.916595458984375
drone_000013.pt,75,1,Yarkon,4.7239532470703125,9.946073532104492,23.810503005981445
drone_000014.pt,75,1,Yarkon,5.1183600425720215,9.674947738647461,24.886028289794922
drone_000015.pt,75,1,Yarkon,6.018757343292236,9.076234817504883,23.96824836730957
drone_000016.pt,75,1,Yarkon,2.4747893810272217,9.466352462768555,33.3242073059082
drone_000017.pt,75,1,Yarkon,2.7472143173217773,9.814587593078613,33.755210876464844
drone_000018.pt,75,1,Yarkon,3.132612705230713,9.863628387451172,27.460281372070312
drone_000019.pt,75,1,Yarkon,3.6542961597442627,10.00533676147461,28.509201049804688
drone_000020.pt,75,1,Yarkon,3.1645798683166504,9.679559707641602,31.276840209960938
drone_000021.pt,75,1,Yarkon,4.423237323760986,9.722732543945312,27.644460678100586
drone_000022.pt,75,1,Yarkon,4.532140731811523,9.798774719238281,25.818689346313477
drone_000023.pt,75,1,Yarkon,2.951711893081665,9.541749000549316,29.907752990722656
drone_000024.pt,75,1,Yarkon,-1.3376027345657349,10.285435676574707,38.04383087158203
drone_000025.pt,75,1,Yarkon,-5.124919414520264,10.74219799041748,33.96369934082031
drone_000026.pt,75,1,Yarkon,-8.858251571655273,11.315115928649902,34.758968353271484
drone_000027.pt,75,1,Yarkon,-1.5656089782714844,10.053763389587402,32.28044891357422
drone_000028.pt,75,1,Yarkon,-1.428006649017334,9.839424133300781,31.807405471801758
drone_000029.pt,75,1,Yarkon,-1.477077841758728,10.426030158996582,30.456541061401367
drone_000030.pt,75,1,Yarkon,-1.0730496644973755,10.724175453186035,31.437341690063477
drone_000031.pt,75,1,Yarkon,-4.811017990112305,10.830183982849121,38.774559020996094
drone_000032.pt,75,1,Yarkon,0.8312723636627197,9.520723342895508,33.62348556518555
drone_000033.pt,75,1,Yarkon,-8.68415355682373,10.687813758850098,34.97679138183594
drone_000034.pt,75,1,Yarkon,-9.494193077087402,11.808319091796875,34.06325912475586
drone_000035.pt,75,1,Yarkon,-10.596884727478027,10.925274848937988,34.46147537231445
drone_000036.pt,75,1,Yarkon,-5.155099391937256,8.781377792358398,33.09210968017578
drone_000037.pt,75,1,Yarkon,-5.140839576721191,8.627922058105469,32.531822204589844
drone_000038.pt,75,1,Yarkon,-5.2541913986206055,8.435331344604492,36.84699630737305
drone_000039.pt,75,1,Yarkon,0.40264156460762024,7.833423614501953,36.33735275268555
drone_000040.pt,75,1,Yarkon,-8.57456111907959,8.313400268554688,39.39030456542969
drone_000041.pt,75,1,Yarkon,-1.9278355836868286,7.742457389831543,33.77032470703125
drone_000042.pt,75,1,Yarkon,4.133481025695801,7.067615985870361,30.54664421081543
drone_000043.pt,75,1,Yarkon,-0.5690722465515137,7.715684413909912,35.32797622680664
drone_000044.pt,75,1,Yarkon,0.8508501648902893,7.4240336418151855,33.339210510253906
drone_000045.pt,75,1,Yarkon,-4.070952892303467,8.195755958557129,34.171958923339844
drone_000046.pt,75,1,Yarkon,1.4918811321258545,7.227648735046387,31.329265594482422
drone_000047.pt,75,1,Yarkon,0.5236960649490356,7.511795520782471,29.753662109375
drone_000048.pt,75,1,Yarkon,-3.2105469703674316,7.730123996734619,34.54802322387695
drone_000049.pt,75,1,Yarkon,-6.812263488769531,8.510518074035645,38.233131408691406
drone_000050.pt,75,1,Yarkon,-5.038267612457275,8.523860931396484,34.071861267089844
drone_000051.pt,75,1,Yarkon,-11.08803939819336,9.432775497436523,38.628841400146484
drone_000052.pt,75,1,Yarkon,0.3937481939792633,7.700891971588135,31.654577255249023
drone_000053.pt,75,1,Yarkon,-1.816590428352356,7.753494739532471,34.51057815551758
drone_000054.pt,75,1,Yarkon,-3.6904687881469727,8.226457595825195,37.095664978027344
drone_000055.pt,75,1,Yarkon,-5.050169467926025,8.36044692993164,37.3723258972168
drone_000056.pt,75,1,Yarkon,-9.05111026763916,9.07928466796875,39.5254020690918
drone_000057.pt,75,1,Yarkon,-0.13032829761505127,8.458353042602539,32.564064025878906
drone_000058.pt,75,1,Yarkon,-5.570707321166992,8.963042259216309,41.217735290527344
drone_000059.pt,75,1,Yarkon,0.8953529000282288,8.613805770874023,30.900646209716797
drone_000060.pt,75,1,Yarkon,0.618503987789154,8.809579849243164,30.99332046508789
drone_000061.pt,75,1,Yarkon,-0.5813583135604858,9.753009796142578,31.60072135925293
drone_000062.pt,75,1,Yarkon,-0.7481130957603455,9.525700569152832,32.52178955078125
drone_000063.pt,75,1,Yarkon,0.20493477582931519,10.157402992248535,33.39336395263672
drone_000064.pt,75,1,Yarkon,1.8914092779159546,11.056341171264648,28.75990867614746
drone_000065.pt,75,1,Yarkon,4.0789875984191895,10.957661628723145,25.917070388793945
drone_000066.pt,75,1,Yarkon,3.430384635925293,11.849686622619629,26.4950008392334
drone_000067.pt,75,1,Yarkon,3.3440260887145996,12.515605926513672,25.4265193939209
drone_000068.pt,75,1,Yarkon,2.3687784671783447,12.669828414916992,26.021453857421875
drone_000069.pt,75,1,Yarkon,2.061835765838623,12.605234146118164,26.09758186340332
drone_000070.pt,75,1,Yarkon,1.306585431098938,13.286856651306152,24.979145050048828
drone_000071.pt,75,1,Yarkon,1.2322583198547363,13.332046508789062,26.543176651000977
drone_000072.pt,75,1,Yarkon,1.2572230100631714,13.448880195617676,25.069400787353516
drone_000073.pt,75,1,Yarkon,1.170491099357605,13.719781875610352,24.746837615966797
drone_000074.pt,75,1,Yarkon,1.5410475730895996,13.845026016235352,26.225080490112305
drone_000075.pt,75,1,Yarkon,1.2869656085968018,13.966151237487793,24.78673553466797
drone_000076.pt,75,1,Yarkon,0.9493728876113892,14.005193710327148,26.41452980041504
drone_000077.pt,75,1,Yarkon,0.6250070333480835,14.246448516845703,24.99384307861328
drone_000078.pt,75,1,Yarkon,0.4346826672554016,14.079078674316406,26.032407760620117
drone_000079.pt,75,1,Yarkon,0.9249007701873779,13.560689926147461,25.75139617919922
drone_000080.pt,75,1,Yarkon,1.5031356811523438,13.384759902954102,25.123382568359375
drone_000081.pt,75,1,Yarkon,1.0047461986541748,13.563043594360352,26.44579315185547
drone_000082.pt,75,1,Yarkon,1.1793804168701172,13.653087615966797,24.916759490966797
drone_000083.pt,75,1,Yarkon,1.0102566480636597,13.453709602355957,26.48313331604004
drone_000084.pt,75,1,Yarkon,1.55853271484375,13.026623725891113,26.222126007080078
drone_000085.pt,75,1,Yarkon,1.4975688457489014,12.953330993652344,25.719823837280273
drone_000086.pt,75,1,Yarkon,0.9721437692642212,13.461244583129883,25.6312255859375
drone_000087.pt,75,1,Yarkon,1.481894612312317,12.949589729309082,26.42033576965332
drone_000088.pt,75,1,Yarkon,1.8794422149658203,12.604350090026855,24.601444244384766
drone_000089.pt,75,1,Yarkon,1.7648990154266357,12.488153457641602,25.660396575927734
drone_000090.pt,75,1,Yarkon,1.9277688264846802,12.195952415466309,25.750091552734375
drone_000091.pt,75,1,Yarkon,3.283639669418335,11.2836275100708,24.594173431396484
drone_000092.pt,75,1,Yarkon,4.388604640960693,10.329779624938965,26.5169620513916
drone_000093.pt,75,1,Yarkon,4.650235652923584,10.156264305114746,25.17340087890625
drone_000094.pt,75,1,Yarkon,5.305789947509766,9.632769584655762,26.48174285888672
drone_000095.pt,75,1,Yarkon,4.9095683097839355,10.090461730957031,24.72454071044922
drone_000096.pt,75,1,Yarkon,4.983630657196045,10.097827911376953,25.516307830810547
drone_000097.pt,75,1,Yarkon,5.689979076385498,9.551518440246582,24.79313850402832
drone_000098.pt,75,1,Yarkon,6.2184672355651855,9.091730117797852,25.635391235351562
drone_000099.pt,75,1,Yarkon,6.047779560089111,9.149222373962402,24.979572296142578
drone_000100.pt,75,1,Yarkon,5.642070293426514,9.525097846984863,23.784286499023438
drone_000101.pt,75,1,Yarkon,4.32647705078125,10.883153915405273,26.23461151123047
drone_000102.pt,75,1,Yarkon,5.735569000244141,10.067268371582031,25.50289535522461
drone_000103.pt,75,1,Yarkon,3.4092092514038086,11.839454650878906,27.217905044555664
drone_000104.pt,75,1,Yarkon,2.791842460632324,12.239830017089844,26.163265228271484
drone_000105.pt,75,1,Yarkon,1.594955563545227,13.153361320495605,24.588085174560547
drone_000106.pt,75,1,Yarkon,1.1316890716552734,13.325754165649414,26.65106773376465
drone_000107.pt,75,1,Yarkon,1.6027683019638062,13.280623435974121,25.935794830322266
drone_000108.pt,75,1,Yarkon,2.168137788772583,12.96912670135498,25.463233947753906
drone_000109.pt,75,1,Yarkon,1.7653335332870483,13.421870231628418,26.15935516357422
drone_000110.pt,75,1,Yarkon,1.153954267501831,14.07351016998291,25.23240089416504
drone_000111.pt,75,1,Yarkon,1.5442264080047607,13.53390121459961,24.82453155517578
drone_000112.pt,75,1,Yarkon,2.0554122924804688,13.247086524963379,24.821895599365234
drone_000113.pt,75,1,Yarkon,1.4970530271530151,13.488080024719238,26.69584083557129
drone_000114.pt,75,1,Yarkon,2.4099433422088623,12.751232147216797,25.888490676879883
drone_000115.pt,75,1,Yarkon,1.583235502243042,12.7479887008667,30.50408172607422
drone_000116.pt,75,1,Yarkon,0.6140936613082886,13.383855819702148,28.803396224975586
drone_000117.pt,75,1,Yarkon,1.626244068145752,13.342785835266113,29.054182052612305
drone_000118.pt,75,1,Yarkon,1.828916072845459,13.590462684631348,26.478654861450195
drone_000119.pt,75,1,Yarkon,0.8509649038314819,13.732203483581543,27.52100944519043
drone_000120.pt,75,1,Yarkon,0.6826253533363342,13.571070671081543,29.523311614990234
drone_000121.pt,75,1,Yarkon,0.7906293272972107,12.787590026855469,28.790721893310547
drone_000122.pt,75,1,Yarkon,3.059431552886963,11.141275405883789,27.437944412231445
drone_000123.pt,75,1,Yarkon,2.45825457572937,11.941031455993652,26.459562301635742
drone_000124.pt,75,1,Yarkon,1.9115427732467651,12.219574928283691,27.384422302246094
drone_000125.pt,75,1,Yarkon,1.0094213485717773,13.012137413024902,25.268030166625977
drone_000126.pt,75,1,Yarkon,1.4935802221298218,12.439103126525879,26.064464569091797
drone_000127.pt,75,1,Yarkon,1.7713444232940674,12.182328224182129,26.524948120117188
drone_000128.pt,75,1,Yarkon,0.4259394705295563,11.744345664978027,34.528358459472656
drone_000129.pt,75,1,Yarkon,4.9479451179504395,10.302220344543457,30.275346755981445
drone_000130.pt,75,1,Yarkon,3.2372636795043945,11.658628463745117,26.30754852294922
drone_000131.pt,75,1,Yarkon,0.8841009736061096,13.43876838684082,25.834653854370117
drone_000132.pt,75,1,Yarkon,0.1276954710483551,14.279742240905762,27.59624481201172
drone_000133.pt,75,1,Yarkon,0.25718286633491516,14.077676773071289,26.67915153503418
drone_000134.pt,75,1,Yarkon,0.6035776734352112,13.18796157836914,26.6169376373291
drone_000135.pt,75,1,Yarkon,0.7737346887588501,12.859854698181152,25.869060516357422
drone_000136.pt,75,1,Yarkon,0.8569591641426086,12.728442192077637,25.202762603759766
drone_000137.pt,75,1,Yarkon,1.7049123048782349,12.197534561157227,24.434329986572266
drone_000138.pt,75,1,Yarkon,0.17666175961494446,12.483419418334961,26.59222412109375
drone_000139.pt,75,1,Yarkon,0.6642387509346008,12.098838806152344,27.353439331054688
drone_000140.pt,75,1,Yarkon,0.9944320917129517,11.483770370483398,28.43256187438965
drone_000141.pt,75,1,Yarkon,1.9794024229049683,10.868249893188477,26.313772201538086
drone_000142.pt,75,1,Yarkon,1.3572567701339722,10.809288024902344,27.25130844116211
drone_000143.pt,75,1,Yarkon,1.318471908569336,10.261994361877441,27.42538070678711
drone_000144.pt,75,1,Yarkon,1.1307114362716675,10.40213680267334,27.940961837768555
drone_000145.pt,75,1,Yarkon,0.9203474521636963,10.543506622314453,29.59957504272461
drone_000146.pt,75,1,Yarkon,-0.5501492023468018,11.105596542358398,28.388090133666992
drone_000147.pt,75,1,Yarkon,-0.5595459342002869,11.719083786010742,29.006256103515625
drone_000148.pt,75,1,Yarkon,-0.04205279052257538,12.152233123779297,27.11878776550293
drone_000149.pt,75,1,Yarkon,-0.8154581189155579,12.759544372558594,29.469558715820312
drone_000150.pt,75,1,Yarkon,-0.8318944573402405,13.531336784362793,27.314315795898438
drone_000151.pt,75,1,Yarkon,0.2860110104084015,13.364950180053711,26.91555404663086
drone_000152.pt,75,1,Yarkon,1.4336392879486084,12.432223320007324,27.02476692199707
drone_000153.pt,75,1,Yarkon,3.5677101612091064,11.17198371887207,28.601991653442383
drone_000154.pt,75,1,Yarkon,1.5599491596221924,12.65149211883545,26.8758487701416
drone_000155.pt,75,1,Yarkon,0.30661994218826294,13.710418701171875,28.04469871520996
drone_000156.pt,75,1,Yarkon,0.5749029517173767,13.489564895629883,27.07709312438965
drone_000157.pt,75,1,Yarkon,0.7331848740577698,13.608901977539062,25.38252067565918
drone_000158.pt,75,1,Yarkon,0.8145299553871155,13.402923583984375,25.554386138916016
drone_000159.pt,75,1,Yarkon,1.940576434135437,12.58946418762207,25.440387725830078
drone_000160.pt,75,1,Yarkon,0.9606885313987732,13.145874977111816,26.507457733154297
drone_000161.pt,75,1,Yarkon,2.743522882461548,11.46153450012207,26.993310928344727
drone_000162.pt,75,1,Yarkon,3.820965528488159,10.727103233337402,24.39786720275879
drone_000163.pt,75,1,Yarkon,3.305799722671509,11.268514633178711,27.803056716918945
drone_000164.pt,75,1,Yarkon,2.5816004276275635,11.708489418029785,25.308574676513672
drone_000165.pt,75,1,Yarkon,2.4748411178588867,11.605127334594727,25.066946029663086
drone_000166.pt,75,1,Yarkon,2.5153281688690186,11.442586898803711,25.53949737548828
drone_000167.pt,75,1,Yarkon,1.8654351234436035,11.234137535095215,25.825687408447266
drone_000168.pt,75,1,Yarkon,1.5606507062911987,11.230201721191406,26.44251823425293
drone_000169.pt,75,1,Yarkon,0.8142644762992859,11.128146171569824,26.82875633239746
drone_000170.pt,75,1,Yarkon,0.179373636841774,11.283233642578125,28.120792388916016
drone_000171.pt,75,1,Yarkon,0.7230150699615479,10.936816215515137,27.060470581054688
drone_000172.pt,75,1,Yarkon,1.914543628692627,10.02313232421875,29.753204345703125
drone_000173.pt,75,1,Yarkon,1.0476363897323608,10.605574607849121,29.803237915039062
drone_000174.pt,75,1,Yarkon,1.484433650970459,10.423408508300781,30.976259231567383
drone_000175.pt,75,1,Yarkon,3.1670637130737305,9.664467811584473,33.707496643066406
drone_000176.pt,75,1,Yarkon,5.52952766418457,8.450084686279297,29.136959075927734
drone_000177.pt,75,1,Yarkon,1.1599290370941162,10.321417808532715,32.98386001586914
drone_000178.pt,75,1,Yarkon,0.8853132724761963,11.032266616821289,31.666156768798828
drone_000179.pt,75,1,Yarkon,1.0825053453445435,11.486184120178223,30.887962341308594
drone_000180.pt,75,1,Yarkon,0.6395257711410522,12.581220626831055,29.137327194213867
drone_000181.pt,75,1,Yarkon,4.017236232757568,11.006089210510254,24.57076072692871
drone_000182.pt,75,1,Yarkon,4.088772296905518,10.369186401367188,33.19845199584961
drone_000183.pt,75,1,Yarkon,6.310530185699463,9.65695571899414,25.605056762695312
drone_000184.pt,75,1,Yarkon,4.788449764251709,10.404136657714844,26.035972595214844
drone_000185.pt,75,1,Yarkon,5.29862642288208,9.992643356323242,26.815040588378906
drone_000186.pt,75,1,Yarkon,5.42357873916626,9.939034461975098,23.911304473876953
drone_000187.pt,75,1,Yarkon,5.098433971405029,9.971797943115234,26.394426345825195
drone_000188.pt,75,1,Yarkon,4.720219135284424,9.802521705627441,28.562957763671875
drone_000189.pt,75,1,Yarkon,4.9448394775390625,9.449841499328613,29.240646362304688
drone_000190.pt,75,1,Yarkon,3.431739091873169,9.465112686157227,29.616436004638672
drone_000191.pt,75,1,Yarkon,4.240170955657959,9.10999584197998,29.78856658935547
drone_000192.pt,75,1,Yarkon,3.2071282863616943,9.412111282348633,28.81031036376953
drone_000193.pt,75,1,Yarkon,4.022809982299805,9.424881935119629,27.79364013671875
drone_000194.pt,75,1,Yarkon,4.8947978019714355,9.363726615905762,29.371889114379883
drone_000195.pt,75,1,Yarkon,4.480195045471191,10.23414134979248,28.85431480407715
drone_000196.pt,75,1,Yarkon,4.142324447631836,10.651920318603516,26.2675838470459
drone_000197.pt,75,1,Yarkon,3.5013580322265625,11.097098350524902,25.086978912353516
drone_000198.pt,75,1,Yarkon,2.2627081871032715,12.12874984741211,25.600120544433594
drone_000199.pt,75,1,Yarkon,2.2729265689849854,12.542337417602539,27.077007293701172
drone_000200.pt,75,1,Yarkon,1.7377079725265503,12.952603340148926,25.33287239074707
drone_000201.pt,75,1,Yarkon,1.936489462852478,12.882779121398926,25.47445297241211
drone_000202.pt,75,1,Yarkon,3.1465108394622803,11.609015464782715,26.714391708374023
drone_000203.pt,75,1,Yarkon,5.50382137298584,9.739923477172852,27.289478302001953
drone_000204.pt,75,1,Yarkon,5.041101932525635,10.11975383758545,25.15534210205078
drone_000205.pt,75,1,Yarkon,4.823953628540039,10.464704513549805,27.85270881652832
drone_000206.pt,75,1,Yarkon,5.098994731903076,10.237410545349121,25.93903350830078
drone_000207.pt,75,1,Yarkon,3.154805898666382,11.596402168273926,25.424785614013672
drone_000208.pt,75,1,Yarkon,3.369601249694824,11.429306030273438,25.76683807373047
drone_000209.pt,75,1,Yarkon,4.6773786544799805,10.26145076751709,25.330219268798828
drone_000210.pt,75,1,Yarkon,3.8813180923461914,10.370707511901855,27.151872634887695
drone_000211.pt,75,1,Yarkon,4.037045001983643,10.467940330505371,26.454851150512695
drone_000212.pt,75,1,Yarkon,2.101203203201294,10.92273998260498,29.023433685302734
drone_000213.pt,75,1,Yarkon,-1.3872684240341187,12.43211841583252,30.59917449951172
drone_000214.pt,75,1,Yarkon,-0.23677410185337067,12.21634578704834,29.18290901184082
drone_000215.pt,75,1,Yarkon,-4.537893772125244,11.933521270751953,36.63938903808594
drone_000216.pt,75,1,Yarkon,-4.469524383544922,11.6607027053833,32.13853454589844
drone_000217.pt,75,1,Yarkon,-1.7687923908233643,10.416358947753906,33.418663024902344
drone_000218.pt,75,1,Yarkon,-1.377509593963623,10.722890853881836,30.558231353759766
drone_000219.pt,75,1,Yarkon,1.4742871522903442,10.65085220336914,28.732805252075195
drone_000220.pt,75,1,Yarkon,1.1191407442092896,11.414959907531738,29.693281173706055
drone_000221.pt,75,1,Yarkon,0.8909040093421936,12.060675621032715,29.888042449951172
drone_000222.pt,75,1,Yarkon,1.0401091575622559,12.504866600036621,28.03780746459961
drone_000223.pt,75,1,Yarkon,1.293190360069275,11.975690841674805,30.77434539794922
drone_000224.pt,75,1,Yarkon,1.6633387804031372,12.295926094055176,27.2805118560791
drone_000225.pt,75,1,Yarkon,2.9116227626800537,12.592962265014648,26.01548957824707
drone_000226.pt,75,1,Yarkon,1.9472267627716064,13.135705947875977,26.81684684753418
drone_000227.pt,75,1,Yarkon,3.4316904544830322,12.209687232971191,24.86080551147461
drone_000228.pt,75,1,Yarkon,2.885551691055298,12.309531211853027,25.869182586669922
drone_000229.pt,75,1,Yarkon,2.3244473934173584,12.65560245513916,25.721647262573242
drone_000230.pt,75,1,Yarkon,1.6673375368118286,12.456839561462402,26.41209602355957
drone_000231.pt,75,1,Yarkon,1.1093354225158691,13.140056610107422,26.412281036376953
drone_000232.pt,75,1,Yarkon,1.908605694770813,13.198678016662598,25.500337600708008
drone_000233.pt,75,1,Yarkon,2.0374414920806885,13.092754364013672,26.232929229736328
drone_000234.pt,75,1,Yarkon,1.583792805671692,13.997319221496582,25.76951789855957
drone_000235.pt,75,1,Yarkon,1.2993184328079224,14.12243366241455,24.944944381713867
drone_000236.pt,75,1,Yarkon,1.6144906282424927,14.135964393615723,24.677291870117188
drone_000237.pt,75,1,Yarkon,0.7489423751831055,14.65320110321045,25.73980140686035
drone_000238.pt,75,1,Yarkon,-0.13574855029582977,14.951598167419434,25.62877655029297
drone_000239.pt,75,1,Yarkon,1.019404411315918,14.203664779663086,24.535812377929688
drone_000240.pt,75,1,Yarkon,2.085832357406616,13.42090129852295,26.764009475708008
drone_000241.pt,75,1,Yarkon,1.9306640625,13.551304817199707,27.712804794311523
drone_000242.pt,75,1,Yarkon,1.363046646118164,14.139641761779785,27.42498016357422
drone_000243.pt,75,1,Yarkon,1.1515141725540161,14.361419677734375,25.30440330505371
drone_000244.pt,75,1,Yarkon,1.2188518047332764,14.088851928710938,25.61769676208496
drone_000245.pt,75,1,Yarkon,0.9343590140342712,14.13420295715332,25.79686737060547
drone_000246.pt,75,1,Yarkon,1.3839441537857056,13.994462966918945,26.741249084472656
drone_000247.pt,75,1,Yarkon,1.0072665214538574,14.450566291809082,25.56043815612793
drone_000248.pt,75,1,Yarkon,1.5556728839874268,13.965996742248535,26.07634735107422
drone_000249.pt,75,1,Yarkon,0.866568386554718,13.94229793548584,26.07672882080078
drone_000250.pt,75,1,Yarkon,0.8663637042045593,13.79774284362793,25.525001525878906
drone_000251.pt,75,1,Yarkon,0.3972325026988983,14.164536476135254,25.559364318847656
drone_000252.pt,75,1,Yarkon,1.0318135023117065,13.712788581848145,27.06174087524414
drone_000253.pt,75,1,Yarkon,2.753498077392578,12.430224418640137,27.024024963378906
drone_000254.pt,75,1,Yarkon,3.6727523803710938,12.26838493347168,24.476627349853516
drone_000255.pt,75,1,Yarkon,3.374237060546875,12.738302230834961,25.23462677001953
drone_000256.pt,75,1,Yarkon,1.9725035429000854,12.916972160339355,26.20050811767578
drone_000257.pt,75,1,Yarkon,1.9578574895858765,12.847901344299316,24.20608901977539
drone_000258.pt,75,1,Yarkon,2.0220797061920166,12.885113716125488,27.383201599121094
drone_000259.pt,75,1,Yarkon,1.001240849494934,12.934653282165527,28.722225189208984
drone_000260.pt,75,1,Yarkon,0.7476757168769836,12.729170799255371,31.250064849853516
drone_000261.pt,75,1,Yarkon,1.8970900774002075,11.840155601501465,28.91771125793457
drone_000262.pt,75,1,Yarkon,-1.701938509941101,11.802462577819824,34.619384765625
drone_000263.pt,75,1,Yarkon,-0.9084999561309814,11.817517280578613,36.61448287963867
drone_000264.pt,75,1,Yarkon,0.8632482290267944,11.282575607299805,33.61331558227539
drone_000265.pt,75,1,Yarkon,0.5525959134101868,12.528277397155762,27.693880081176758
drone_000266.pt,75,1,Yarkon,-0.3113943338394165,12.63023853302002,32.23189926147461
drone_000267.pt,75,1,Yarkon,0.15552885830402374,12.413554191589355,27.730417251586914
drone_000268.pt,75,1,Yarkon,1.0629603862762451,11.250693321228027,28.752765655517578
drone_000269.pt,75,1,Yarkon,-6.332306385040283,13.006349563598633,36.98029708862305
drone_000270.pt,75,1,Yarkon,-9.926575660705566,12.592421531677246,34.285518646240234
drone_000271.pt,75,1,Yarkon,-2.79677677154541,12.005755424499512,32.30901336669922
drone_000272.pt,75,1,Yarkon,-6.0321736335754395,11.747933387756348,35.98598861694336
drone_000273.pt,75,1,Yarkon,-0.5824549794197083,11.813511848449707,33.35133361816406
drone_000274.pt,75,1,Yarkon,-1.158229112625122,12.175200462341309,31.502357482910156
drone_000275.pt,75,1,Yarkon,-0.40770959854125977,12.392460823059082,28.92784881591797
drone_000276.pt,75,1,Yarkon,-3.341031551361084,12.65457534790039,37.40107727050781
drone_000277.pt,75,1,Yarkon,0.9889256954193115,11.835165023803711,28.065265655517578
drone_000278.pt,75,1,Yarkon,2.167729616165161,10.742630004882812,28.284358978271484
drone_000279.pt,75,1,Yarkon,3.488030195236206,9.697380065917969,25.54215431213379
drone_000280.pt,75,1,Yarkon,1.845228910446167,10.713932037353516,26.6779727935791
drone_000281.pt,75,1,Yarkon,2.0104355812072754,11.534011840820312,24.564619064331055
drone_000282.pt,75,1,Yarkon,2.159274101257324,11.971282005310059,25.152809143066406
drone_000283.pt,75,1,Yarkon,-1.0528172254562378,12.62801742553711,30.93183135986328
drone_000284.pt,75,1,Yarkon,-5.513093948364258,12.771146774291992,34.25188064575195
drone_000285.pt,75,1,Yarkon,-7.46429443359375,11.870366096496582,31.10903549194336
drone_000286.pt,75,1,Yarkon,-5.490387916564941,10.682875633239746,37.135799407958984
drone_000287.pt,75,1,Yarkon,-4.070037364959717,9.938385009765625,34.099365234375
drone_000288.pt,75,1,Yarkon,-2.6837241649627686,8.1592435836792,34.998172760009766
drone_000289.pt,75,1,Yarkon,0.31476619839668274,8.09316635131836,34.099822998046875
drone_000290.pt,75,1,Yarkon,3.4219300746917725,8.3878173828125,31.82332992553711
drone_000291.pt,75,1,Yarkon,0.049237120896577835,8.752384185791016,38.23169708251953
drone_000292.pt,75,1,Yarkon,2.5423872470855713,8.29593276977539,30.931488037109375
drone_000293.pt,75,1,Yarkon,-8.159433364868164,9.906111717224121,32.28278732299805
drone_000294.pt,75,1,Yarkon,-14.52322769165039,11.928179740905762,36.049259185791016
drone_000295.pt,75,1,Yarkon,0.8954353928565979,8.356278419494629,31.316314697265625
drone_000296.pt,75,1,Yarkon,5.869386672973633,7.521101951599121,28.36716079711914
drone_000297.pt,75,1,Yarkon,6.10838508605957,8.152881622314453,28.19565200805664
drone_000298.pt,75,1,Yarkon,4.897039890289307,8.511884689331055,27.349672317504883
drone_000299.pt,75,1,Yarkon,7.031695365905762,8.388875961303711,25.886966705322266
drone_000300.pt,75,1,Yarkon,7.106967449188232,8.470418930053711,24.719951629638672
drone_000301.pt,75,1,Yarkon,7.085214138031006,8.532402038574219,25.85514259338379
drone_000302.pt,75,1,Yarkon,6.822486400604248,9.153459548950195,25.88861656188965
drone_000303.pt,75,1,Yarkon,6.8404221534729,9.124040603637695,27.069082260131836
drone_000304.pt,75,1,Yarkon,5.880295276641846,9.342687606811523,27.6442928314209
drone_000305.pt,75,1,Yarkon,4.154101371765137,10.121752738952637,28.912294387817383
drone_000306.pt,75,1,Yarkon,5.405589580535889,10.739791870117188,28.075916290283203
drone_000307.pt,75,1,living-room,7.2969441413879395,7.806948661804199,27.043426513671875
drone_000308.pt,75,1,living-room,7.816899299621582,7.449368476867676,26.353376388549805
drone_000309.pt,75,1,living-room,7.449019908905029,7.375239849090576,25.787240982055664
drone_000310.pt,75,1,living-room,7.330972671508789,8.050050735473633,25.9407901763916
drone_000311.pt,75,1,living-room,6.440168380737305,7.848912715911865,23.960817337036133
drone_000312.pt,75,1,living-room,7.464395523071289,7.464409351348877,27.697725296020508
drone_000313.pt,75,1,living-room,7.330538749694824,7.778083801269531,25.0760555267334
drone_000314.pt,75,1,living-room,7.220573902130127,7.9182329177856445,26.239622116088867
drone_000315.pt,75,1,living-room,7.555999755859375,7.691816806793213,27.20417022705078
drone_000316.pt,75,1,living-room,7.8093953132629395,7.287962913513184,27.011096954345703
drone_000317.pt,75,1,living-room,7.693260669708252,7.171138763427734,27.273052215576172
drone_000318.pt,75,1,living-room,7.920214653015137,7.364562511444092,25.064647674560547
drone_000319.pt,75,1,living-room,7.633700370788574,7.372774600982666,26.99659538269043
drone_000320.pt,75,1,living-room,7.54231595993042,7.761714935302734,24.687938690185547
drone_000321.pt,75,1,living-room,7.5999836921691895,7.511849403381348,26.20732307434082
drone_000322.pt,75,1,living-room,7.123132228851318,7.643209934234619,26.327903747558594
drone_000323.pt,75,1,living-room,6.932853698730469,7.856358528137207,26.56607437133789
drone_000324.pt,75,1,living-room,7.089747905731201,7.671586036682129,26.218061447143555
drone_000325.pt,75,1,living-room,7.3674702644348145,7.579275608062744,27.8804874420166
drone_000326.pt,75,1,living-room,7.4811787605285645,7.46578311920166,24.869510650634766
drone_000327.pt,75,1,living-room,7.6096110343933105,7.483078956604004,26.70749855041504
drone_000328.pt,75,1,living-room,7.289119243621826,7.957564830780029,28.87813377380371
drone_000329.pt,75,1,living-room,7.259972095489502,8.059855461120605,24.9472599029541
drone_000330.pt,75,1,living-room,7.487697124481201,7.914755821228027,26.535018920898438
drone_000331.pt,75,1,living-room,8.129904747009277,6.954371452331543,25.806575775146484
drone_000332.pt,75,1,living-room,8.356752395629883,7.036983966827393,25.33626365661621
drone_000333.pt,75,1,living-room,8.263029098510742,6.801133632659912,25.566957473754883
drone_000334.pt,75,1,living-room,7.385725021362305,8.004884719848633,27.654664993286133
drone_000335.pt,75,1,living-room,6.725078105926514,8.150774002075195,29.52943992614746
drone_000336.pt,75,1,living-room,6.765068531036377,8.053555488586426,30.67992401123047
drone_000337.pt,75,1,living-room,7.571629047393799,7.419935703277588,29.840137481689453
drone_000338.pt,75,1,living-room,7.9231414794921875,7.414735317230225,25.94794273376465
drone_000339.pt,75,1,living-room,8.393442153930664,7.006025791168213,24.37972068786621
drone_000340.pt,75,1,living-room,8.367505073547363,6.7235426902771,24.93091583251953
drone_000341.pt,75,1,living-room,7.773974418640137,7.239071846008301,27.638916015625
drone_000342.pt,75,1,living-room,8.182201385498047,7.098926544189453,26.491634368896484
drone_000343.pt,75,1,living-room,8.250382423400879,6.945714950561523,25.579113006591797
drone_000344.pt,75,1,living-room,8.074185371398926,6.910264015197754,28.0517578125
drone_000345.pt,75,1,living-room,7.29489278793335,7.6408514976501465,27.610931396484375
drone_000346.pt,75,1,living-room,7.184605121612549,7.9758219718933105,27.373886108398438
drone_000347.pt,75,1,living-room,7.042433261871338,7.811217308044434,26.701549530029297
drone_000348.pt,75,1,living-room,6.998376369476318,7.169368743896484,25.58326530456543
drone_000349.pt,75,1,living-room,-1.7908790111541748,6.971616744995117,15.178030967712402
drone_000350.pt,75,1,living-room,5.624807357788086,7.6342058181762695,22.668479919433594
drone_000351.pt,75,1,living-room,7.792599201202393,7.091370105743408,28.29526138305664
drone_000352.pt,75,1,living-room,7.5118794441223145,7.271717071533203,30.14466094970703
drone_000353.pt,75,1,living-room,7.744485378265381,7.168120384216309,29.53944206237793
drone_000354.pt,75,1,living-room,7.96296501159668,6.907350540161133,25.447132110595703
drone_000355.pt,75,1,living-room,8.443878173828125,6.660979747772217,25.698272705078125
drone_000356.pt,75,1,living-room,7.334361553192139,7.444490432739258,26.691301345825195
drone_000357.pt,75,1,living-room,7.095816135406494,7.882410526275635,28.7069149017334
drone_000358.pt,75,1,living-room,7.259719371795654,7.861450672149658,29.50926971435547
drone_000359.pt,75,1,living-room,7.623999118804932,7.415632247924805,27.785202026367188
drone_000360.pt,75,1,living-room,7.915672302246094,7.393558025360107,23.79291343688965
drone_000361.pt,75,1,living-room,8.124469757080078,7.202037811279297,24.609779357910156
drone_000362.pt,75,1,living-room,8.075860977172852,7.303836345672607,24.789337158203125
drone_000363.pt,75,1,living-room,8.058744430541992,7.384163856506348,23.69388771057129
drone_000364.pt,75,1,living-room,8.163713455200195,7.274746417999268,24.849836349487305
drone_000365.pt,75,1,living-room,7.156011581420898,7.826801300048828,28.344066619873047
drone_000366.pt,75,1,living-room,7.251501560211182,7.763166427612305,31.316726684570312
drone_000367.pt,75,1,living-room,7.183291912078857,8.216904640197754,27.324111938476562
drone_000368.pt,75,1,living-room,6.960803508758545,8.273531913757324,29.292949676513672
drone_000369.pt,75,1,living-room,6.856478691101074,7.925412654876709,29.700048446655273
drone_000370.pt,75,1,living-room,6.909551620483398,8.076393127441406,27.87964630126953
drone_000371.pt,75,1,living-room,6.875830173492432,7.8189473152160645,28.404956817626953
drone_000372.pt,75,1,living-room,7.470654487609863,7.7405548095703125,28.941162109375
drone_000373.pt,75,1,living-room,7.786249160766602,7.179202079772949,27.16516876220703
drone_000374.pt,75,1,living-room,7.152945041656494,7.568116188049316,28.470800399780273
drone_000375.pt,75,1,living-room,7.48762845993042,7.427766799926758,26.162622451782227
drone_000376.pt,75,1,living-room,7.905314922332764,7.514904499053955,26.5335750579834
drone_000377.pt,75,1,living-room,8.145520210266113,7.357152938842773,25.101104736328125
drone_000378.pt,75,1,living-room,7.850366115570068,7.032753944396973,24.162212371826172
drone_000379.pt,75,1,living-room,-9.884177207946777,6.314916610717773,21.431676864624023
drone_000380.pt,75,1,living-room,-0.07171526551246643,6.752376079559326,20.846097946166992
drone_000381.pt,75,1,living-room,7.995348930358887,7.383915424346924,26.158702850341797
drone_000382.pt,75,1,living-room,7.906562328338623,7.50892972946167,22.7728271484375
drone_000383.pt,75,1,living-room,8.063027381896973,7.504438877105713,24.74239158630371
drone_000384.pt,75,1,living-room,8.244422912597656,7.365982532501221,23.99468421936035
drone_000385.pt,75,1,living-room,8.031050682067871,7.73313045501709,25.75436782836914
drone_000386.pt,75,1,living-room,8.177313804626465,7.360690593719482,23.579383850097656
drone_000387.pt,75,1,living-room,8.062241554260254,7.558387279510498,23.431169509887695
drone_000388.pt,75,1,living-room,7.857640266418457,7.808011531829834,24.716415405273438
drone_000389.pt,75,1,living-room,7.884687423706055,7.507148742675781,24.051956176757812
drone_000390.pt,75,1,living-room,7.688362121582031,7.2546820640563965,26.41492462158203
drone_000391.pt,75,1,living-room,8.046321868896484,7.191286563873291,26.05159568786621
drone_000392.pt,75,1,living-room,7.903818130493164,7.3297576904296875,27.583099365234375
drone_000393.pt,75,1,living-room,7.837426662445068,7.373065948486328,27.312175750732422
drone_000394.pt,75,1,living-room,8.054610252380371,7.180094242095947,26.511018753051758
drone_000395.pt,75,1,living-room,7.874094009399414,7.321880340576172,26.436159133911133
drone_000396.pt,75,1,living-room,7.898870944976807,7.398178577423096,25.45214080810547
drone_000397.pt,75,1,living-room,8.177854537963867,7.373559474945068,23.71037483215332
drone_000398.pt,75,1,living-room,7.879293441772461,7.509941577911377,24.65120506286621
drone_000399.pt,75,1,living-room,7.931562900543213,7.39612340927124,25.335186004638672
drone_000400.pt,75,1,living-room,7.724398612976074,7.762660026550293,26.097089767456055
drone_000401.pt,75,1,living-room,7.715850830078125,7.756926536560059,24.129928588867188
drone_000402.pt,75,1,living-room,7.700866222381592,7.248538494110107,27.226150512695312
drone_000403.pt,75,1,living-room,7.449369430541992,7.409955024719238,28.307472229003906
drone_000404.pt,75,1,living-room,7.6083664894104,7.35555362701416,25.3699951171875
drone_000405.pt,75,1,living-room,8.084531784057617,7.017312526702881,25.692535400390625
drone_000406.pt,75,1,living-room,7.814744472503662,7.5262274742126465,24.19752311706543
drone_000407.pt,75,1,living-room,7.967126846313477,7.138932704925537,24.218448638916016
drone_000408.pt,75,1,living-room,7.864558696746826,7.37941837310791,26.196653366088867
drone_000409.pt,75,1,living-room,8.024746894836426,7.1878862380981445,25.761688232421875
drone_000410.pt,75,1,living-room,7.87619161605835,7.350717544555664,26.429443359375
drone_000411.pt,75,1,living-room,7.3765339851379395,7.284046649932861,28.97702407836914
drone_000412.pt,75,1,living-room,7.680865287780762,7.4794392585754395,26.75889778137207
drone_000413.pt,75,1,living-room,7.524409770965576,7.893251419067383,24.053970336914062
drone_000414.pt,75,1,living-room,6.9304094314575195,8.112038612365723,27.51910400390625
drone_000415.pt,75,1,living-room,7.491034984588623,7.799972057342529,26.908519744873047
drone_000416.pt,75,1,living-room,6.882510185241699,8.594096183776855,24.60971450805664
drone_000417.pt,75,1,living-room,-7.974710464477539,7.731723308563232,25.17013168334961
drone_000418.pt,75,1,living-room,-0.07733180373907089,8.02650260925293,20.473535537719727
drone_000419.pt,75,1,living-room,7.368697643280029,7.832077503204346,26.26929473876953
drone_000420.pt,75,1,living-room,7.288218975067139,7.839599132537842,26.8330078125
drone_000421.pt,75,1,living-room,6.916492938995361,7.561087608337402,27.589866638183594
drone_000422.pt,75,1,living-room,7.627478122711182,7.2848711013793945,27.787059783935547
drone_000423.pt,75,1,living-room,8.000685691833496,7.000750541687012,25.982847213745117
drone_000424.pt,75,1,living-room,8.139199256896973,7.019622802734375,26.778484344482422
drone_000425.pt,75,1,living-room,8.211030006408691,7.007320880889893,26.081514358520508
drone_000426.pt,75,1,living-room,8.05884838104248,7.000080585479736,26.464282989501953
drone_000427.pt,75,1,living-room,8.293270111083984,6.6048407554626465,27.10352325439453
drone_000428.pt,75,1,living-room,8.077292442321777,6.951172351837158,25.226848602294922
drone_000429.pt,75,1,living-room,7.9244465827941895,6.881819248199463,26.87616729736328
drone_000430.pt,75,1,living-room,8.24380111694336,6.461956024169922,25.88650894165039
drone_000431.pt,75,1,living-room,8.031804084777832,6.552911758422852,28.870250701904297
drone_000432.pt,75,1,living-room,7.221807956695557,6.771838188171387,30.37645721435547
drone_000433.pt,75,1,living-room,7.177136421203613,7.1264328956604,29.639358520507812
drone_000434.pt,75,1,living-room,7.1429243087768555,7.112472057342529,29.70701026916504
drone_000435.pt,75,1,living-room,7.219929218292236,7.041338920593262,30.533672332763672
drone_000436.pt,75,1,living-room,6.888058185577393,7.256918430328369,29.417510986328125
drone_000437.pt,75,1,living-room,7.840423107147217,6.92167854309082,26.964916229248047
drone_000438.pt,75,1,living-room,7.433462619781494,6.63714599609375,27.76048469543457
drone_000439.pt,75,1,living-room,7.385066509246826,6.755835056304932,30.023353576660156
drone_000440.pt,75,1,living-room,7.886193752288818,7.2592997550964355,26.89171028137207
drone_000441.pt,75,1,living-room,7.9487528800964355,7.261526107788086,27.037750244140625
drone_000442.pt,75,1,living-room,7.907564163208008,7.10610818862915,26.441856384277344
drone_000443.pt,75,1,living-room,7.644967555999756,7.330594062805176,27.018646240234375
drone_000444.pt,75,1,living-room,7.6826677322387695,7.499905109405518,26.39409637451172
drone_000445.pt,75,1,living-room,7.964306354522705,7.037001609802246,27.47333335876465
drone_000446.pt,75,1,living-room,7.645124912261963,7.5487141609191895,26.989938735961914
drone_000447.pt,75,1,living-room,7.421811103820801,7.708067417144775,26.07825469970703
drone_000448.pt,75,1,living-room,7.091712474822998,7.854726314544678,27.048730850219727
drone_000449.pt,75,1,living-room,6.864294528961182,7.76498556137085,28.931684494018555
drone_000450.pt,75,1,living-room,7.321581840515137,7.640727996826172,27.78900146484375
drone_000451.pt,75,1,living-room,7.428524971008301,7.616173267364502,25.619361877441406
drone_000452.pt,75,1,living-room,8.151065826416016,7.202818393707275,25.184722900390625
drone_000453.pt,75,1,living-room,7.984845161437988,7.167346000671387,25.04583168029785
drone_000454.pt,75,1,living-room,8.086926460266113,7.131900787353516,24.904375076293945
drone_000455.pt,75,1,living-room,8.016180992126465,7.678239822387695,23.0715274810791
drone_000456.pt,75,1,living-room,7.981700420379639,7.499823093414307,24.559125900268555
drone_000457.pt,75,1,living-room,7.739899158477783,7.3214921951293945,26.074939727783203
drone_000458.pt,75,1,living-room,7.747354507446289,7.178799629211426,25.378498077392578
drone_000459.pt,75,1,living-room,7.9715166091918945,6.995650768280029,25.32686996459961
drone_000460.pt,75,1,living-room,8.208438873291016,7.066798210144043,24.784345626831055
drone_000461.pt,75,1,living-room,8.12850570678711,7.2199296951293945,24.629608154296875
drone_000462.pt,75,1,living-room,8.187296867370605,7.216821670532227,23.793886184692383
drone_000463.pt,75,1,living-room,7.982943534851074,7.37566614151001,25.918350219726562
drone_000464.pt,75,1,living-room,8.28311538696289,6.5563154220581055,26.647640228271484
drone_000465.pt,75,1,living-room,7.754395961761475,6.6364288330078125,27.76360321044922
drone_000466.pt,75,1,living-room,7.673696517944336,7.12619686126709,27.28227996826172
drone_000467.pt,75,1,living-room,7.9071364402771,7.184885025024414,26.24721336364746
drone_000468.pt,75,1,living-room,7.517066478729248,7.305694580078125,27.526016235351562
drone_000469.pt,75,1,living-room,8.030445098876953,7.091681480407715,24.34735107421875
drone_000470.pt,75,1,living-room,8.230328559875488,7.171210289001465,23.078229904174805
drone_000471.pt,75,1,living-room,7.800279140472412,7.454184532165527,27.578319549560547
drone_000472.pt,75,1,living-room,7.564731121063232,7.823911190032959,26.800500869750977
drone_000473.pt,75,1,living-room,7.924560546875,7.3061418533325195,26.970436096191406
drone_000474.pt,75,1,living-room,7.890397548675537,7.611808776855469,25.439937591552734
drone_000475.pt,75,1,living-room,7.993717670440674,7.246700286865234,25.064682006835938
drone_000476.pt,75,1,living-room,7.909348964691162,7.1331634521484375,24.95826530456543
drone_000477.pt,75,1,living-room,8.01436996459961,7.065878391265869,26.485153198242188
drone_000478.pt,75,1,living-room,8.41690731048584,6.7330217361450195,25.65306854248047
drone_000479.pt,75,1,living-room,8.528565406799316,6.711361885070801,25.00469970703125
drone_000480.pt,75,1,living-room,8.041645050048828,7.26537561416626,23.55950355529785
drone_000481.pt,75,1,living-room,8.221983909606934,7.0566511154174805,25.097198486328125
drone_000482.pt,75,1,living-room,8.12045669555664,7.1998724937438965,24.132184982299805
drone_000483.pt,75,1,living-room,7.6625566482543945,7.635453701019287,25.445547103881836
drone_000484.pt,75,1,living-room,7.720780849456787,7.258812427520752,26.888778686523438
drone_000485.pt,75,1,living-room,7.774322032928467,7.08173942565918,26.0718994140625
drone_000486.pt,75,1,living-room,7.52646017074585,7.576143264770508,25.138973236083984
drone_000487.pt,75,1,living-room,7.828503608703613,7.300821304321289,25.799556732177734
drone_000488.pt,75,1,living-room,7.833508491516113,7.442764759063721,23.491077423095703
drone_000489.pt,75,1,living-room,7.546763896942139,7.611288547515869,25.182741165161133
drone_000490.pt,75,1,living-room,7.617213726043701,7.333617210388184,26.904237747192383
drone_000491.pt,75,1,living-room,7.483750820159912,7.627040386199951,25.469987869262695
drone_000492.pt,75,1,living-room,7.295395374298096,7.310540199279785,27.63467025756836
drone_000493.pt,75,1,living-room,7.920955181121826,6.977856159210205,25.289905548095703
drone_000494.pt,75,1,living-room,8.338092803955078,6.872992515563965,26.41290283203125
drone_000495.pt,75,1,living-room,8.0853853225708,7.018295764923096,25.99220085144043
drone_000496.pt,75,1,living-room,8.006117820739746,7.159775257110596,24.20098876953125
drone_000497.pt,75,1,living-room,7.899812698364258,7.350706100463867,26.548355102539062
drone_000498.pt,75,1,living-room,7.872154712677002,7.530773162841797,25.51060676574707
drone_000499.pt,75,1,living-room,7.906857013702393,7.377615451812744,24.74938201904297
drone_000500.pt,75,1,living-room,7.996171951293945,7.131938457489014,25.1445369720459
drone_000501.pt,75,1,living-room,7.737461566925049,6.6970930099487305,23.99184799194336
drone_000502.pt,75,1,living-room,8.058791160583496,6.852433204650879,24.98230743408203
drone_000503.pt,75,1,living-room,8.239457130432129,6.865349769592285,25.51861572265625
drone_000504.pt,75,1,living-room,8.001094818115234,6.913943290710449,24.420528411865234
drone_000505.pt,75,1,living-room,8.031438827514648,6.5244011878967285,24.136192321777344
drone_000506.pt,75,1,living-room,8.633684158325195,6.309118270874023,24.67904281616211
drone_000507.pt,75,1,living-room,8.172075271606445,6.715185165405273,26.203458786010742
drone_000508.pt,75,1,living-room,7.712039470672607,6.885630130767822,24.375690460205078
drone_000509.pt,75,1,living-room,7.929864406585693,6.9486775398254395,27.701984405517578
drone_000510.pt,75,1,living-room,7.510780334472656,7.002567291259766,28.93214225769043
drone_000511.pt,75,1,living-room,7.513336181640625,6.88031530380249,29.030149459838867
drone_000512.pt,75,1,living-room,7.380126953125,7.089591026306152,30.080663681030273
drone_000513.pt,75,1,living-room,6.211089611053467,7.56007194519043,32.03467559814453
drone_000514.pt,75,1,living-room,7.129400730133057,7.2840094566345215,30.903030395507812
drone_000515.pt,75,1,living-room,8.428985595703125,6.537656307220459,26.52662467956543
drone_000516.pt,75,1,living-room,7.9387898445129395,6.9318647384643555,27.184696197509766
drone_000517.pt,75,1,living-room,8.17749309539795,6.725693225860596,27.009178161621094
drone_000518.pt,75,1,living-room,7.614297389984131,6.748173236846924,27.578624725341797
drone_000519.pt,75,1,living-room,8.24326229095459,6.423915863037109,27.741790771484375
drone_000520.pt,75,1,living-room,7.270788192749023,6.990821361541748,28.55078887939453
drone_000521.pt,75,1,living-room,7.906284809112549,7.122609615325928,26.612775802612305
drone_000522.pt,75,1,living-room,7.742375373840332,7.165609836578369,26.600534439086914
drone_000523.pt,75,1,living-room,7.974675178527832,7.097064018249512,26.905807495117188
drone_000524.pt,75,1,living-room,8.025714874267578,6.790459632873535,28.690391540527344
drone_000525.pt,75,1,living-room,7.982810974121094,6.557255268096924,26.95673370361328
drone_000526.pt,75,1,living-room,7.799407958984375,7.404699802398682,26.892353057861328
drone_000527.pt,75,1,living-room,7.573930740356445,7.062446594238281,28.463584899902344
drone_000528.pt,75,1,living-room,8.453749656677246,6.6505632400512695,27.957717895507812
drone_000529.pt,75,1,living-room,7.838382244110107,7.286110877990723,26.46804428100586
drone_000530.pt,75,1,living-room,7.432539463043213,6.780991554260254,29.666669845581055
drone_000531.pt,75,1,living-room,8.000347137451172,6.8348212242126465,24.030668258666992
drone_000532.pt,75,1,living-room,7.938694953918457,7.459606170654297,24.760841369628906
drone_000533.pt,75,1,living-room,7.847024917602539,7.37946891784668,25.55830192565918
drone_000534.pt,75,1,living-room,7.79209566116333,6.847901821136475,24.992889404296875
drone_000535.pt,75,1,living-room,7.758065700531006,7.0172224044799805,29.18075180053711
drone_000536.pt,75,1,living-room,8.098937034606934,6.85775899887085,25.540267944335938
drone_000537.pt,75,1,living-room,8.063971519470215,6.8850998878479,25.715513229370117
drone_000538.pt,75,1,living-room,7.520047187805176,7.14390230178833,32.90543746948242
drone_000539.pt,75,1,living-room,8.240546226501465,7.253979206085205,22.66656494140625
drone_000540.pt,75,1,living-room,8.386398315429688,7.01814079284668,23.49735450744629
drone_000541.pt,75,1,living-room,8.182295799255371,6.876652240753174,25.383708953857422
drone_000542.pt,75,1,living-room,7.818772792816162,7.229379653930664,27.467491149902344
drone_000543.pt,75,1,living-room,7.381161212921143,7.0621771812438965,26.166061401367188
drone_000544.pt,75,1,living-room,7.385031223297119,6.739011287689209,24.440813064575195
drone_000545.pt,75,1,living-room,7.829824924468994,7.062788963317871,23.398983001708984
drone_000546.pt,75,1,living-room,8.209855079650879,7.012235164642334,24.557727813720703
drone_000547.pt,75,1,living-room,8.194119453430176,7.2227630615234375,23.447078704833984
drone_000548.pt,75,1,living-room,7.865746974945068,7.49755859375,26.191265106201172
drone_000549.pt,75,1,living-room,7.840663433074951,7.309957504272461,27.402278900146484
drone_000550.pt,75,1,living-room,7.622735977172852,7.425992012023926,30.182159423828125
drone_000551.pt,75,1,living-room,8.669699668884277,6.648743152618408,24.714614868164062
drone_000552.pt,75,1,living-room,8.424002647399902,6.806303024291992,24.90520477294922
drone_000553.pt,75,1,living-room,8.27273941040039,6.987265110015869,26.023542404174805
drone_000554.pt,75,1,living-room,8.271313667297363,6.928120136260986,24.360258102416992
drone_000555.pt,75,1,living-room,8.321499824523926,6.799629211425781,24.61690902709961
drone_000556.pt,75,1,living-room,8.017498016357422,7.030749320983887,25.2884464263916
drone_000557.pt,75,1,living-room,8.316686630249023,6.751309394836426,22.902355194091797
drone_000558.pt,75,1,living-room,8.175012588500977,6.862045764923096,24.461471557617188
drone_000559.pt,75,1,living-room,7.936702251434326,7.035674571990967,27.406177520751953
drone_000560.pt,75,1,living-room,8.094277381896973,7.202478885650635,22.83847427368164
drone_000561.pt,75,1,living-room,8.179884910583496,6.8280816078186035,24.369312286376953
drone_000562.pt,75,1,living-room,8.58839225769043,6.5879411697387695,23.364654541015625
drone_000563.pt,75,1,living-room,8.398079872131348,6.675873756408691,24.64195442199707
drone_000564.pt,75,1,living-room,8.354734420776367,6.6381001472473145,23.623767852783203
drone_000565.pt,75,1,living-room,8.135024070739746,7.0216064453125,25.243385314941406
drone_000566.pt,75,1,living-room,8.142050743103027,7.045734405517578,24.764902114868164
drone_000567.pt,75,1,living-room,8.03503704071045,7.1323370933532715,24.470882415771484
drone_000568.pt,75,1,living-room,8.183150291442871,6.932048797607422,24.724157333374023
drone_000569.pt,75,1,living-room,8.14871597290039,7.084136962890625,26.282215118408203
drone_000570.pt,75,1,living-room,8.153080940246582,6.796428203582764,27.60429573059082
drone_000571.pt,75,1,living-room,7.655316352844238,7.339114189147949,26.32425308227539
drone_000572.pt,75,1,living-room,8.147582054138184,6.98817253112793,25.013874053955078
drone_000573.pt,75,1,living-room,8.183869361877441,6.888662338256836,24.026458740234375
drone_000574.pt,75,1,living-room,8.119779586791992,7.018084526062012,23.761444091796875
drone_000575.pt,75,1,living-room,8.025296211242676,6.910947799682617,26.934940338134766
drone_000576.pt,75,1,living-room,7.943987846374512,6.811669826507568,26.488954544067383
drone_000577.pt,75,1,living-room,8.403931617736816,6.664527893066406,24.249305725097656
drone_000578.pt,75,1,living-room,8.375588417053223,6.235294818878174,25.098777770996094
drone_000579.pt,75,1,living-room,8.827962875366211,5.889720916748047,25.159423828125
drone_000580.pt,75,1,living-room,8.675196647644043,6.11171293258667,24.003192901611328
drone_000581.pt,75,1,living-room,8.719917297363281,5.97224760055542,24.145212173461914
drone_000582.pt,75,1,living-room,8.52893352508545,6.128941059112549,25.936403274536133
drone_000583.pt,75,1,living-room,8.612794876098633,5.863804817199707,27.177814483642578
drone_000584.pt,75,1,living-room,8.49440860748291,5.759253978729248,26.85477066040039
drone_000585.pt,75,1,living-room,8.461625099182129,5.891643524169922,26.286636352539062
drone_000586.pt,75,1,living-room,8.602993965148926,5.761216640472412,26.746328353881836
drone_000587.pt,75,1,living-room,7.952813625335693,6.860581398010254,26.415159225463867
drone_000588.pt,75,1,living-room,8.333975791931152,6.708653450012207,24.63779640197754
drone_000589.pt,75,1,living-room,8.91843318939209,5.629947185516357,25.46037483215332
drone_000590.pt,75,1,living-room,7.842010498046875,6.092037677764893,29.803298950195312
drone_000591.pt,75,1,living-room,7.569650650024414,6.489086151123047,27.255035400390625
drone_000592.pt,75,1,living-room,7.512956142425537,6.660441875457764,27.352066040039062
drone_000593.pt,75,1,living-room,7.321958541870117,6.661069393157959,27.263668060302734
drone_000594.pt,75,1,living-room,7.624424934387207,6.474889278411865,26.589099884033203
drone_000595.pt,75,1,living-room,8.140183448791504,6.372278213500977,23.86193084716797
drone_000596.pt,75,1,living-room,7.936422348022461,6.493035793304443,26.37990951538086
drone_000597.pt,75,1,living-room,7.756079196929932,6.470148086547852,29.638139724731445
drone_000598.pt,75,1,living-room,8.195812225341797,6.264540195465088,26.752851486206055
drone_000599.pt,75,1,living-room,8.673196792602539,5.97446870803833,25.63173484802246
drone_000600.pt,75,1,living-room,8.368773460388184,6.0271992683410645,27.287309646606445
drone_000601.pt,75,1,living-room,8.254749298095703,6.1819305419921875,27.291664123535156
drone_000602.pt,75,1,living-room,7.192303657531738,6.574722766876221,30.446029663085938
drone_000603.pt,75,1,living-room,7.709905624389648,6.253591537475586,30.24185562133789
drone_000604.pt,75,1,living-room,7.662047863006592,6.4352617263793945,31.853273391723633
drone_000605.pt,75,1,living-room,7.656089782714844,6.235929012298584,30.98769187927246
drone_000606.pt,75,1,living-room,8.083118438720703,6.296144962310791,29.96860122680664
drone_000607.pt,75,1,living-room,8.077098846435547,6.4967942237854,26.15528106689453
drone_000608.pt,50,1,Yarkon rosh zipor,7.843873977661133,5.656930446624756,26.28919219970703
drone_000609.pt,50,1,Yarkon rosh zipor,6.767587661743164,5.986396789550781,26.91400718688965
drone_000610.pt,50,1,Yarkon rosh zipor,6.316931247711182,5.798630237579346,25.97780990600586
drone_000611.pt,50,1,Yarkon rosh zipor,7.637876987457275,5.570310592651367,23.938922882080078
drone_000612.pt,50,1,Yarkon rosh zipor,6.799371242523193,5.69904088973999,24.053831100463867
drone_000613.pt,50,1,Yarkon rosh zipor,8.01145076751709,5.296799659729004,24.790302276611328
drone_000614.pt,50,1,Yarkon rosh zipor,8.905965805053711,5.228393077850342,24.31755828857422
drone_000615.pt,50,1,Yarkon rosh zipor,8.580303192138672,5.00295877456665,24.090473175048828
drone_000616.pt,50,1,Yarkon rosh zipor,9.061755180358887,4.765429973602295,25.889299392700195
drone_000617.pt,50,1,Yarkon rosh zipor,8.897723197937012,5.017974853515625,23.9657039642334
drone_000618.pt,50,1,Yarkon rosh zipor,8.641284942626953,5.202122211456299,24.983173370361328
drone_000619.pt,50,1,Yarkon rosh zipor,7.992312431335449,5.587961196899414,26.354324340820312
drone_000620.pt,50,1,Yarkon rosh zipor,8.139303207397461,5.642513275146484,24.95838165283203
drone_000621.pt,50,1,Yarkon rosh zipor,8.220065116882324,5.612752914428711,25.692623138427734
drone_000622.pt,50,1,Yarkon rosh zipor,7.930061340332031,5.505844593048096,26.42345428466797
drone_000623.pt,50,1,Yarkon rosh zipor,8.041431427001953,5.4128947257995605,26.706056594848633
drone_000624.pt,50,1,Yarkon rosh zipor,7.7104291915893555,5.514435291290283,27.309864044189453
drone_000625.pt,50,1,Yarkon rosh zipor,7.2509613037109375,5.588595390319824,26.638097763061523
drone_000626.pt,50,1,Yarkon rosh zipor,8.623188018798828,5.2690815925598145,24.43051528930664
drone_000627.pt,50,1,Yarkon rosh zipor,8.557921409606934,5.192536354064941,25.808725357055664
drone_000628.pt,50,1,Yarkon rosh zipor,8.97255802154541,4.991149425506592,26.21040153503418
drone_000629.pt,50,1,Yarkon rosh zipor,9.08512020111084,4.677541732788086,23.12649154663086
drone_000630.pt,50,1,Yarkon rosh zipor,8.620083808898926,4.790719985961914,23.56195068359375
drone_000631.pt,50,1,Yarkon rosh zipor,8.061524391174316,5.196069717407227,27.061473846435547
drone_000632.pt,50,1,Yarkon rosh zipor,7.516709804534912,5.763802528381348,24.724275588989258
drone_000633.pt,50,1,Yarkon rosh zipor,8.447813987731934,5.25669527053833,26.48504066467285
drone_000634.pt,50,1,Yarkon rosh zipor,9.070298194885254,5.021342754364014,23.545654296875
drone_000635.pt,50,1,Yarkon rosh zipor,8.826409339904785,4.9937286376953125,25.153423309326172
drone_000636.pt,50,1,Yarkon rosh zipor,9.24375057220459,4.757030010223389,25.32324981689453
drone_000637.pt,50,1,Yarkon rosh zipor,9.385397911071777,4.757212162017822,24.155864715576172
drone_000638.pt,50,1,Yarkon rosh zipor,8.348045349121094,5.463553428649902,26.556779861450195
drone_000639.pt,50,1,Yarkon rosh zipor,8.29291820526123,5.598857879638672,27.08789825439453
drone_000640.pt,50,1,Yarkon rosh zipor,8.336467742919922,5.774019718170166,24.30391502380371
drone_000641.pt,50,1,Yarkon rosh zipor,8.140018463134766,5.632125377655029,28.912548065185547
drone_000642.pt,50,1,Yarkon rosh zipor,7.731186389923096,5.727668762207031,28.916723251342773
drone_000643.pt,50,1,Yarkon rosh zipor,7.934098720550537,5.54181432723999,29.321758270263672
drone_000644.pt,50,1,Yarkon rosh zipor,8.429595947265625,5.58257532119751,25.16800308227539
drone_000645.pt,50,1,Yarkon rosh zipor,8.863008499145508,5.598198413848877,23.559310913085938
drone_000646.pt,50,1,Yarkon rosh zipor,8.817485809326172,5.593345642089844,24.7458438873291
drone_000647.pt,50,1,Yarkon rosh zipor,9.18050479888916,5.158804416656494,23.68564224243164
drone_000648.pt,50,1,Yarkon rosh zipor,8.954554557800293,5.119673252105713,23.190839767456055
drone_000649.pt,50,1,Yarkon rosh zipor,8.757290840148926,5.38538932800293,24.252511978149414
drone_000650.pt,50,1,Yarkon rosh zipor,8.668153762817383,5.062510967254639,23.67845916748047
drone_000651.pt,50,1,Yarkon rosh zipor,8.0469388961792,5.118069171905518,22.89749526977539
drone_000652.pt,50,1,Yarkon rosh zipor,8.901083946228027,5.0767741203308105,26.315689086914062
drone_000653.pt,50,1,Yarkon rosh zipor,8.226212501525879,5.43170690536499,24.6348934173584
drone_000654.pt,50,1,Yarkon rosh zipor,7.502817153930664,5.2927021980285645,22.16629981994629
drone_000655.pt,50,1,Yarkon rosh zipor,8.85636043548584,5.1882123947143555,23.684663772583008
drone_000656.pt,50,1,Yarkon rosh zipor,8.280467987060547,5.261669158935547,24.393600463867188
drone_000657.pt,50,1,Yarkon rosh zipor,8.057890892028809,5.925433158874512,26.394397735595703
drone_000658.pt,50,1,Yarkon rosh zipor,7.602301120758057,5.5072922706604,23.425334930419922
drone_000659.pt,50,1,Yarkon rosh zipor,7.226741313934326,5.777746200561523,23.421480178833008
drone_000660.pt,50,1,Yarkon rosh zipor,6.737910747528076,5.333749771118164,21.809396743774414
drone_000661.pt,50,1,Yarkon rosh zipor,7.318676471710205,5.379319190979004,23.278030395507812
drone_000662.pt,50,1,Yarkon rosh zipor,5.83758544921875,6.176836967468262,26.785968780517578
drone_000663.pt,50,1,Yarkon rosh zipor,6.485490798950195,6.697539806365967,25.817766189575195
drone_000664.pt,50,1,Yarkon rosh zipor,6.5623250007629395,6.706881046295166,26.668800354003906
drone_000665.pt,50,1,Yarkon rosh zipor,6.698730945587158,6.688199043273926,27.71438217163086
drone_000666.pt,50,1,Yarkon rosh zipor,8.418315887451172,5.264827251434326,22.10892105102539
drone_000667.pt,50,1,Yarkon rosh zipor,8.591522216796875,5.285847187042236,26.893814086914062
drone_000668.pt,50,1,Yarkon rosh zipor,7.269031047821045,6.367293834686279,25.555030822753906
drone_000669.pt,50,1,Yarkon rosh zipor,4.751034736633301,8.847613334655762,28.26421356201172
drone_000670.pt,50,1,Yarkon rosh zipor,4.091808795928955,9.273233413696289,28.791406631469727
drone_000671.pt,50,1,Yarkon rosh zipor,4.050124168395996,8.957950592041016,29.580610275268555
drone_000672.pt,50,1,Yarkon rosh zipor,4.825536727905273,8.46191120147705,30.216312408447266
drone_000673.pt,50,1,Yarkon rosh zipor,4.825488567352295,8.76060962677002,29.017732620239258
drone_000674.pt,50,1,Yarkon rosh zipor,5.95030403137207,7.07834005355835,28.731557846069336
drone_000675.pt,50,1,Yarkon rosh zipor,4.856622695922852,7.6812639236450195,31.87108612060547
drone_000676.pt,50,1,Yarkon rosh zipor,6.024163722991943,7.7528076171875,26.07273292541504
drone_000677.pt,50,1,Yarkon rosh zipor,5.06703519821167,9.060986518859863,25.228588104248047
drone_000678.pt,50,1,Yarkon rosh zipor,2.960421562194824,10.439558982849121,28.807941436767578
drone_000679.pt,50,1,Yarkon rosh zipor,2.97342848777771,10.433860778808594,26.730484008789062
drone_000680.pt,50,1,Yarkon rosh zipor,0.49834564328193665,11.6751070022583,27.345977783203125
drone_000681.pt,50,1,Yarkon rosh zipor,0.3466004729270935,11.609329223632812,29.906932830810547
drone_000682.pt,50,1,Yarkon rosh zipor,-1.132954716682434,13.913443565368652,26.088642120361328
drone_000683.pt,50,1,Yarkon rosh zipor,-0.6235981583595276,13.0294189453125,27.577285766601562
drone_000684.pt,50,1,Yarkon rosh zipor,0.44088780879974365,12.605978965759277,26.98817253112793
drone_000685.pt,50,1,Yarkon rosh zipor,1.3413640260696411,11.392902374267578,27.52695083618164
drone_000686.pt,50,1,Yarkon rosh zipor,1.3543809652328491,11.905675888061523,25.30816650390625
drone_000687.pt,50,1,Yarkon rosh zipor,0.5421876311302185,12.421806335449219,27.112422943115234
drone_000688.pt,50,1,Yarkon rosh zipor,-2.545637845993042,13.504354476928711,30.628612518310547
drone_000689.pt,50,1,Yarkon rosh zipor,-1.833731770515442,14.032432556152344,26.71438980102539
drone_000690.pt,50,1,Yarkon rosh zipor,-1.287936806678772,13.38326644897461,29.084575653076172
drone_000691.pt,50,1,Yarkon rosh zipor,-0.42132073640823364,12.013287544250488,29.648439407348633
drone_000692.pt,50,1,Yarkon rosh zipor,3.502253532409668,8.671256065368652,30.64612579345703
drone_000693.pt,50,1,Yarkon rosh zipor,5.393703460693359,8.048519134521484,26.8648681640625
drone_000694.pt,50,1,Yarkon rosh zipor,4.021577835083008,10.384977340698242,28.06777000427246
drone_000695.pt,50,1,Yarkon rosh zipor,3.3492133617401123,10.580730438232422,29.342573165893555
drone_000696.pt,50,1,Yarkon rosh zipor,3.000494956970215,10.829784393310547,26.137939453125
drone_000697.pt,50,1,Yarkon rosh zipor,3.661992073059082,10.705570220947266,24.763484954833984
drone_000698.pt,50,1,Yarkon rosh zipor,3.8328239917755127,10.555766105651855,26.079673767089844
drone_000699.pt,50,1,Yarkon rosh zipor,5.153273105621338,9.119599342346191,27.801769256591797
drone_000700.pt,50,1,Yarkon rosh zipor,5.567556381225586,8.040629386901855,28.432416915893555
drone_000701.pt,50,1,Yarkon rosh zipor,4.150631427764893,8.669092178344727,29.606769561767578
drone_000702.pt,50,1,Yarkon rosh zipor,2.084181070327759,9.965277671813965,35.64667510986328
drone_000703.pt,50,1,Yarkon rosh zipor,2.9790420532226562,9.523900985717773,28.637500762939453
drone_000704.pt,50,1,Yarkon rosh zipor,4.16188383102417,9.731974601745605,26.263181686401367
drone_000705.pt,50,1,Yarkon rosh zipor,3.4928839206695557,10.359633445739746,29.097373962402344
drone_000706.pt,50,1,Yarkon rosh zipor,-1.5475151538848877,11.693059921264648,30.30945587158203
drone_000707.pt,50,1,Yarkon rosh zipor,-1.7747387886047363,11.901509284973145,28.886526107788086
drone_000708.pt,50,1,Yarkon rosh zipor,1.3310623168945312,11.2062406539917,30.081039428710938
drone_000709.pt,50,1,Yarkon rosh zipor,1.8228423595428467,11.323591232299805,28.302669525146484
drone_000710.pt,50,1,Yarkon rosh zipor,3.8404130935668945,9.980895042419434,26.3248233795166
drone_000711.pt,50,1,Yarkon rosh zipor,4.395735740661621,10.245088577270508,27.525060653686523
drone_000712.pt,50,1,Yarkon rosh zipor,3.787207841873169,10.484227180480957,27.135316848754883
drone_000713.pt,50,1,Yarkon rosh zipor,4.168891906738281,10.471790313720703,27.497737884521484
drone_000714.pt,50,1,Yarkon rosh zipor,3.6465301513671875,10.366138458251953,28.119998931884766
drone_000715.pt,50,1,Yarkon rosh zipor,3.925736904144287,10.041923522949219,28.295574188232422
drone_000716.pt,50,1,Yarkon rosh zipor,5.228498935699463,9.071128845214844,28.97875213623047
drone_000717.pt,50,1,Yarkon rosh zipor,6.328564167022705,7.336767196655273,27.19141387939453
drone_000718.pt,50,1,Yarkon rosh zipor,4.63545560836792,9.40536880493164,27.526920318603516
drone_000719.pt,50,1,Yarkon rosh zipor,3.148178815841675,10.529210090637207,27.977497100830078
drone_000720.pt,50,1,Yarkon rosh zipor,1.8264129161834717,12.018205642700195,29.83733367919922
drone_000721.pt,50,1,Yarkon rosh zipor,2.94378662109375,10.937117576599121,27.065853118896484
drone_000722.pt,50,1,Yarkon rosh zipor,4.2979888916015625,9.12600326538086,30.251968383789062
drone_000723.pt,50,1,Yarkon rosh zipor,6.143198013305664,7.291011810302734,29.78839874267578
drone_000724.pt,50,1,Yarkon rosh zipor,5.474343299865723,7.331069469451904,26.376630783081055
drone_000725.pt,50,1,Yarkon rosh zipor,4.507262229919434,8.366301536560059,27.58262825012207
drone_000726.pt,50,1,Yarkon rosh zipor,0.2761420011520386,11.885077476501465,27.978124618530273
drone_000727.pt,50,1,Yarkon rosh zipor,1.1890565156936646,11.592901229858398,26.98735237121582
drone_000728.pt,50,1,Yarkon rosh zipor,1.5088317394256592,12.007645606994629,28.461700439453125
drone_000729.pt,50,1,Yarkon rosh zipor,0.7400655150413513,12.171613693237305,28.719690322875977
drone_000730.pt,50,1,Yarkon rosh zipor,1.2821003198623657,11.426546096801758,29.819225311279297
drone_000731.pt,50,1,Yarkon rosh zipor,1.683007001876831,11.389816284179688,28.14866065979004
drone_000732.pt,50,1,Yarkon rosh zipor,1.0244779586791992,11.67183780670166,29.915983200073242
drone_000733.pt,50,1,Yarkon rosh zipor,2.7115776538848877,10.49213981628418,31.409259796142578
drone_000734.pt,50,1,Yarkon rosh zipor,3.072896718978882,10.091069221496582,28.83836555480957
drone_000735.pt,50,1,Yarkon rosh zipor,4.2749128341674805,9.65886402130127,27.682703018188477
drone_000736.pt,50,1,Yarkon rosh zipor,6.2775468826293945,7.889429569244385,29.166515350341797
drone_000737.pt,50,1,Yarkon rosh zipor,6.040166854858398,8.106420516967773,26.86546516418457
drone_000738.pt,50,1,Yarkon rosh zipor,7.960809707641602,6.455710411071777,24.474899291992188
drone_000739.pt,50,1,Yarkon rosh zipor,8.51545238494873,5.460766315460205,25.831327438354492
drone_000740.pt,50,1,Yarkon rosh zipor,8.230070114135742,5.629714488983154,26.11648941040039
drone_000741.pt,50,1,Yarkon rosh zipor,8.114195823669434,5.645054340362549,25.296504974365234
drone_000742.pt,50,1,Yarkon rosh zipor,6.025453090667725,7.325740337371826,26.53017234802246
drone_000743.pt,50,1,Yarkon rosh zipor,4.029526710510254,9.48780632019043,27.79632568359375
drone_000744.pt,50,1,Yarkon rosh zipor,2.9417150020599365,10.753767967224121,30.158218383789062
drone_000745.pt,50,1,Yarkon rosh zipor,3.1586952209472656,10.022734642028809,29.849109649658203
drone_000746.pt,50,1,Yarkon rosh zipor,4.223730087280273,9.257274627685547,30.198928833007812
drone_000747.pt,50,1,Yarkon rosh zipor,5.528784275054932,9.635900497436523,29.394405364990234
drone_000748.pt,50,1,Yarkon rosh zipor,4.369836330413818,10.1837158203125,32.11368179321289
drone_000749.pt,50,1,Yarkon rosh zipor,2.775587320327759,11.032257080078125,31.538833618164062
drone_000750.pt,50,1,Yarkon rosh zipor,2.9561307430267334,11.065906524658203,30.564777374267578
drone_000751.pt,50,1,Yarkon rosh zipor,2.5117175579071045,11.736632347106934,26.853933334350586
drone_000752.pt,50,1,Yarkon rosh zipor,-0.5543756484985352,12.73855972290039,30.768447875976562
drone_000753.pt,50,1,Yarkon rosh zipor,2.7152230739593506,11.558259010314941,27.643970489501953
drone_000754.pt,50,1,Yarkon rosh zipor,3.103281259536743,10.713286399841309,27.862934112548828
drone_000755.pt,50,1,Yarkon rosh zipor,1.6909098625183105,10.53470516204834,28.91349983215332
drone_000756.pt,50,1,Yarkon rosh zipor,2.562647819519043,10.592446327209473,29.59168243408203
drone_000757.pt,50,1,Yarkon rosh zipor,3.2487616539001465,10.296087265014648,29.038406372070312
drone_000758.pt,50,1,Yarkon rosh zipor,2.5854387283325195,11.206318855285645,29.624740600585938
drone_000759.pt,50,1,Yarkon rosh zipor,3.924633026123047,9.957381248474121,27.741186141967773
drone_000760.pt,50,1,Yarkon rosh zipor,3.519415855407715,9.207672119140625,29.129188537597656
drone_000761.pt,50,1,Yarkon rosh zipor,6.88697624206543,7.1103363037109375,27.206880569458008
drone_000762.pt,50,1,Yarkon rosh zipor,4.227504253387451,8.001626968383789,29.863052368164062
drone_000763.pt,50,1,Yarkon rosh zipor,6.094863414764404,7.336147308349609,26.954458236694336
drone_000764.pt,50,1,Yarkon rosh zipor,5.320996284484863,8.214818954467773,28.54550552368164
drone_000765.pt,50,1,Yarkon rosh zipor,5.5799336433410645,7.835704803466797,27.730728149414062
drone_000766.pt,50,1,Yarkon rosh zipor,5.847775459289551,6.863669395446777,29.517765045166016
drone_000767.pt,50,1,Yarkon rosh zipor,5.928337574005127,7.005353927612305,27.564743041992188
drone_000768.pt,50,1,Yarkon rosh zipor,6.7122273445129395,6.9236297607421875,26.49786376953125
drone_000769.pt,50,1,Yarkon rosh zipor,6.141117572784424,6.99962043762207,26.514209747314453
drone_000770.pt,50,1,Yarkon rosh zipor,6.017518520355225,7.09049129486084,28.241798400878906
drone_000771.pt,50,1,Yarkon rosh zipor,5.225692272186279,6.847452640533447,27.69202423095703
drone_000772.pt,50,1,Yarkon rosh zipor,3.356646776199341,7.578166484832764,26.421632766723633
drone_000773.pt,50,1,Yarkon rosh zipor,2.4467175006866455,9.333888053894043,29.160058975219727
drone_000774.pt,50,1,Yarkon rosh zipor,3.006225824356079,9.707359313964844,29.76167869567871
drone_000775.pt,50,1,Yarkon rosh zipor,0.11040734499692917,10.668013572692871,32.166908264160156
drone_000776.pt,50,1,Yarkon rosh zipor,-1.0556401014328003,11.212847709655762,33.68403244018555
drone_000777.pt,50,1,Yarkon rosh zipor,-1.9510082006454468,12.504656791687012,32.01123046875
drone_000778.pt,50,1,Yarkon rosh zipor,-1.263319969177246,11.900978088378906,32.33625793457031
drone_000779.pt,50,1,Yarkon rosh zipor,-1.8183166980743408,11.79432201385498,36.293731689453125
drone_000780.pt,50,1,Yarkon rosh zipor,1.992802381515503,10.902754783630371,29.329017639160156
drone_000781.pt,50,1,Yarkon rosh zipor,0.419886976480484,11.260390281677246,28.734981536865234
drone_000782.pt,50,1,Yarkon rosh zipor,-1.9755722284317017,12.335787773132324,29.026031494140625
drone_000783.pt,50,1,Yarkon rosh zipor,2.291423797607422,11.053265571594238,28.418163299560547
drone_000784.pt,50,1,Yarkon rosh zipor,3.426814079284668,10.108735084533691,26.189838409423828
drone_000785.pt,50,1,Yarkon rosh zipor,1.4142299890518188,10.045785903930664,30.608436584472656
drone_000786.pt,50,1,Yarkon rosh zipor,0.9075193405151367,9.902857780456543,31.025440216064453
drone_000787.pt,50,1,Yarkon rosh zipor,1.925238847732544,8.046370506286621,33.697696685791016
drone_000788.pt,50,1,Yarkon rosh zipor,2.775806188583374,8.633359909057617,28.85146713256836
drone_000789.pt,50,1,Yarkon rosh zipor,3.383868455886841,8.871152877807617,29.96889305114746
drone_000790.pt,50,1,Yarkon rosh zipor,2.8851430416107178,9.999430656433105,31.55463218688965
drone_000791.pt,50,1,Yarkon rosh zipor,2.014117956161499,10.312811851501465,27.690114974975586
drone_000792.pt,50,1,Yarkon rosh zipor,-0.43550488352775574,11.547921180725098,27.86978530883789
drone_000793.pt,50,1,Yarkon rosh zipor,-1.2092467546463013,12.326603889465332,28.059511184692383
drone_000794.pt,50,1,Yarkon rosh zipor,-0.546112060546875,12.120705604553223,29.168582916259766
drone_000795.pt,50,1,Yarkon rosh zipor,4.200169086456299,9.60610294342041,27.201465606689453
drone_000796.pt,50,1,Yarkon rosh zipor,2.929198980331421,10.158259391784668,26.23120880126953
drone_000797.pt,50,1,Yarkon rosh zipor,2.644606828689575,10.832242012023926,26.787031173706055
drone_000798.pt,50,1,Yarkon rosh zipor,1.1328598260879517,11.416552543640137,29.13595199584961
drone_000799.pt,50,1,Yarkon rosh zipor,-0.18480563163757324,12.398567199707031,29.53924560546875
drone_000800.pt,50,1,Yarkon rosh zipor,-2.9437155723571777,12.91270637512207,30.05245590209961
drone_000801.pt,50,1,Yarkon rosh zipor,-0.5912765860557556,10.841177940368652,28.368165969848633
drone_000802.pt,50,1,Yarkon rosh zipor,-2.6547677516937256,11.368805885314941,28.243122100830078
drone_000803.pt,50,1,Yarkon rosh zipor,0.993521511554718,10.686786651611328,28.501434326171875
drone_000804.pt,50,1,Yarkon rosh zipor,3.074904441833496,10.530426979064941,29.306669235229492
drone_000805.pt,50,1,Yarkon rosh zipor,2.531104564666748,11.015908241271973,27.273601531982422
drone_000806.pt,50,1,Yarkon rosh zipor,2.9694063663482666,10.57084846496582,30.099414825439453
drone_000807.pt,50,1,Yarkon rosh zipor,0.27267637848854065,10.923094749450684,29.61490249633789
drone_000808.pt,50,1,Yarkon rosh zipor,-0.2815190851688385,11.389967918395996,30.27481460571289
drone_000809.pt,50,1,Yarkon rosh zipor,2.444244146347046,10.691987037658691,28.71738052368164
drone_000810.pt,50,1,Yarkon rosh zipor,4.145791530609131,9.428813934326172,26.798828125
drone_000811.pt,50,1,Yarkon rosh zipor,4.471532821655273,9.088644981384277,26.569499969482422
drone_000812.pt,50,1,Yarkon rosh zipor,4.564639091491699,9.382204055786133,27.936630249023438
drone_000813.pt,50,1,Yarkon rosh zipor,3.4434309005737305,9.804250717163086,28.62859344482422
drone_000814.pt,50,1,Yarkon rosh zipor,4.627748012542725,9.400592803955078,29.305944442749023
drone_000815.pt,50,1,Yarkon rosh zipor,5.221090793609619,9.27929973602295,27.18606185913086
drone_000816.pt,50,1,Yarkon rosh zipor,4.772056579589844,9.4719820022583,24.855960845947266
drone_000817.pt,50,1,Yarkon rosh zipor,4.655945777893066,8.679407119750977,26.098461151123047
drone_000818.pt,50,1,Yarkon rosh zipor,3.0826926231384277,7.610502243041992,22.749244689941406
drone_000819.pt,50,1,Yarkon rosh zipor,2.274703025817871,8.388345718383789,32.72080993652344
drone_000820.pt,50,1,Yarkon rosh zipor,3.275982618331909,10.009224891662598,30.583932876586914
drone_000821.pt,50,1,Yarkon rosh zipor,3.448880195617676,10.888050079345703,27.16718292236328
drone_000822.pt,50,1,Yarkon rosh zipor,4.904338836669922,9.413979530334473,29.73443031311035
drone_000823.pt,50,1,Yarkon rosh zipor,4.044673442840576,9.81712532043457,28.148181915283203
drone_000824.pt,50,1,Yarkon rosh zipor,5.277139663696289,9.166108131408691,26.850345611572266
drone_000825.pt,50,1,Yarkon rosh zipor,4.050454616546631,10.522135734558105,30.017316818237305
drone_000826.pt,50,1,Yarkon rosh zipor,-1.6501929759979248,12.789206504821777,29.299514770507812
drone_000827.pt,50,1,Yarkon rosh zipor,1.3709179162979126,10.715703964233398,32.55440902709961
drone_000828.pt,50,1,Yarkon rosh zipor,2.048509359359741,10.59711742401123,31.864913940429688
drone_000829.pt,50,1,Yarkon rosh zipor,0.23769335448741913,11.668317794799805,30.428802490234375
drone_000830.pt,50,1,Yarkon rosh zipor,1.0742578506469727,11.639628410339355,29.025856018066406
drone_000831.pt,50,1,Yarkon rosh zipor,3.5191566944122314,10.804374694824219,27.39352798461914
drone_000832.pt,50,1,Yarkon rosh zipor,3.997781276702881,10.112979888916016,28.34503936767578
drone_000833.pt,50,1,Yarkon rosh zipor,2.0284783840179443,10.382311820983887,32.99734115600586
drone_000834.pt,50,1,Yarkon rosh zipor,0.9734065532684326,10.892251968383789,30.95697021484375
drone_000835.pt,50,1,Yarkon rosh zipor,2.371058940887451,9.992236137390137,29.725051879882812
drone_000836.pt,50,1,Yarkon rosh zipor,0.4902607798576355,10.213810920715332,28.090007781982422
drone_000837.pt,50,1,Yarkon rosh zipor,-1.2171177864074707,11.477368354797363,28.392410278320312
drone_000838.pt,50,1,Yarkon rosh zipor,-2.491338014602661,12.75341796875,28.34144401550293
drone_000839.pt,50,1,Yarkon rosh zipor,-2.0015408992767334,12.351285934448242,28.32828140258789
drone_000840.pt,50,1,Yarkon rosh zipor,2.1715080738067627,10.1429443359375,26.971912384033203
drone_000841.pt,50,1,Yarkon rosh zipor,0.8122677206993103,9.878847122192383,29.56584930419922
drone_000842.pt,50,1,Yarkon rosh zipor,0.6651498079299927,9.354741096496582,29.540924072265625
drone_000843.pt,50,1,Yarkon rosh zipor,0.6878791451454163,9.313460350036621,27.227401733398438
drone_000844.pt,50,1,Yarkon rosh zipor,0.1819179654121399,9.761042594909668,29.331205368041992
drone_000845.pt,50,1,Yarkon rosh zipor,3.7526137828826904,9.215237617492676,28.324575424194336
drone_000846.pt,50,1,Yarkon rosh zipor,3.2492928504943848,9.506208419799805,26.160287857055664
drone_000847.pt,50,1,Yarkon rosh zipor,1.4819294214248657,10.371406555175781,30.999374389648438
drone_000848.pt,50,1,Yarkon rosh zipor,-0.581932008266449,11.598502159118652,29.70138931274414
drone_000849.pt,50,1,Yarkon rosh zipor,-1.0585603713989258,12.808573722839355,29.312360763549805
drone_000850.pt,50,1,Yarkon rosh zipor,-2.3273229598999023,13.423392295837402,26.878263473510742
drone_000851.pt,50,1,Yarkon rosh zipor,-5.0959858894348145,14.469348907470703,30.850811004638672
drone_000852.pt,50,1,Yarkon rosh zipor,-3.3440163135528564,14.076728820800781,25.442398071289062
drone_000853.pt,50,1,Yarkon rosh zipor,0.27811792492866516,11.52000904083252,28.5921688079834
drone_000854.pt,50,1,Yarkon rosh zipor,5.582376003265381,8.539406776428223,27.29241371154785
drone_000855.pt,50,1,Yarkon rosh zipor,4.952122688293457,8.70545768737793,28.876989364624023
drone_000856.pt,50,1,Yarkon rosh zipor,6.251711845397949,8.282187461853027,25.702381134033203
drone_000857.pt,50,1,Yarkon rosh zipor,5.105170249938965,9.544145584106445,28.817779541015625
drone_000858.pt,50,1,Yarkon rosh zipor,1.8938342332839966,11.260941505432129,30.66543197631836
drone_000859.pt,50,1,Yarkon rosh zipor,3.521557092666626,9.599496841430664,27.2292423248291
drone_000860.pt,50,1,Yarkon rosh zipor,2.482295274734497,7.405272960662842,23.770584106445312
drone_000861.pt,50,1,Yarkon rosh zipor,3.3411664962768555,10.432795524597168,28.935632705688477
drone_000862.pt,50,1,Yarkon rosh zipor,2.3616037368774414,11.488526344299316,28.44668197631836
drone_000863.pt,50,1,Yarkon rosh zipor,2.7812180519104004,10.861735343933105,26.74703598022461
drone_000864.pt,50,1,Yarkon rosh zipor,5.222082138061523,8.397867202758789,26.114046096801758
drone_000865.pt,50,1,Yarkon rosh zipor,8.588298797607422,5.47361421585083,23.86719512939453
drone_000866.pt,50,1,Yarkon rosh zipor,7.259588241577148,6.103988170623779,30.700176239013672
drone_000867.pt,50,1,Yarkon rosh zipor,4.447305679321289,7.8317131996154785,31.226701736450195
drone_000868.pt,50,1,Yarkon rosh zipor,4.338549613952637,8.367362976074219,28.938512802124023
drone_000869.pt,50,1,Yarkon rosh zipor,4.745859146118164,9.47146987915039,26.39690589904785
drone_000870.pt,50,1,Yarkon rosh zipor,4.256147384643555,9.379676818847656,27.278060913085938
drone_000871.pt,50,1,Yarkon rosh zipor,3.5491690635681152,9.77466106414795,30.42009162902832
drone_000872.pt,50,1,Yarkon rosh zipor,4.6929521560668945,9.65981388092041,25.208267211914062
drone_000873.pt,50,1,Yarkon rosh zipor,2.250544548034668,10.70189094543457,28.269065856933594
drone_000874.pt,50,1,Yarkon rosh zipor,2.874802589416504,11.039356231689453,28.72509765625
drone_000875.pt,50,1,Yarkon rosh zipor,0.2770310342311859,11.588550567626953,32.365936279296875
drone_000876.pt,50,1,Yarkon rosh zipor,-1.9107743501663208,12.04394245147705,31.778079986572266
drone_000877.pt,50,1,Yarkon rosh zipor,1.347147822380066,11.6254301071167,31.706645965576172
drone_000878.pt,50,1,Yarkon rosh zipor,1.8454066514968872,11.769774436950684,26.37096405029297
drone_000879.pt,50,1,Yarkon rosh zipor,1.5290141105651855,12.044990539550781,27.185951232910156
drone_000880.pt,50,1,Yarkon rosh zipor,1.0248523950576782,10.69302749633789,30.521034240722656
drone_000881.pt,50,1,Yarkon rosh zipor,1.6638474464416504,10.668848991394043,29.795974731445312
drone_000882.pt,50,1,Yarkon rosh zipor,3.6668922901153564,8.264605522155762,31.584129333496094
drone_000883.pt,50,1,Yarkon rosh zipor,3.6989972591400146,9.732495307922363,28.37164878845215
drone_000884.pt,50,1,Yarkon rosh zipor,3.727316379547119,9.497115135192871,30.604263305664062
drone_000885.pt,50,1,Yarkon rosh zipor,2.6622743606567383,9.635918617248535,31.999595642089844
drone_000886.pt,50,1,Yarkon rosh zipor,3.567568302154541,9.900025367736816,29.846649169921875
drone_000887.pt,50,1,Yarkon rosh zipor,5.063995838165283,9.549431800842285,26.39107894897461
drone_000888.pt,50,1,Yarkon rosh zipor,5.486148834228516,9.760359764099121,26.654056549072266
drone_000889.pt,50,1,Yarkon rosh zipor,2.8458681106567383,11.475358009338379,29.26039695739746
drone_000890.pt,50,1,Yarkon rosh zipor,2.1888132095336914,11.350629806518555,29.561992645263672
drone_000891.pt,50,1,Yarkon rosh zipor,1.8393237590789795,10.957622528076172,30.88159942626953
drone_000892.pt,50,1,Yarkon rosh zipor,4.259402275085449,9.164172172546387,31.20201301574707
drone_000893.pt,50,1,Yarkon rosh zipor,3.95162296295166,7.972469329833984,35.19701385498047
drone_000894.pt,50,1,Yarkon rosh zipor,1.6503030061721802,8.371670722961426,30.743873596191406
drone_000895.pt,50,1,Yarkon rosh zipor,2.712799310684204,10.726058959960938,29.96521759033203
drone_000896.pt,50,1,Yarkon rosh zipor,1.1371580362319946,12.215921401977539,31.421510696411133
drone_000897.pt,50,1,Yarkon rosh zipor,2.4009897708892822,12.025867462158203,27.5606746673584
drone_000898.pt,50,1,Yarkon rosh zipor,2.0631704330444336,11.706578254699707,29.073083877563477
drone_000899.pt,50,1,Yarkon rosh zipor,1.8441230058670044,11.542048454284668,26.95224380493164
drone_000900.pt,50,1,Yarkon rosh zipor,2.8947513103485107,10.20566177368164,30.44713020324707
drone_000901.pt,50,1,Yarkon rosh zipor,4.296609878540039,8.677722930908203,29.050086975097656
drone_000902.pt,50,1,Yarkon rosh zipor,5.718005657196045,7.231971740722656,29.010202407836914
drone_000903.pt,50,1,Yarkon rosh zipor,6.7860612869262695,6.833712577819824,27.89309310913086
drone_000904.pt,50,1,Yarkon rosh zipor,5.140035629272461,9.250598907470703,27.447158813476562
drone_000905.pt,50,1,Yarkon rosh zipor,2.1951136589050293,11.708796501159668,27.32257652282715
drone_000906.pt,50,1,Yarkon rosh zipor,3.1017043590545654,11.379952430725098,28.13823699951172
drone_000907.pt,50,1,Yarkon rosh zipor,1.6911908388137817,12.021315574645996,28.440465927124023
drone_000908.pt,50,1,Yarkon rosh zipor,1.7601836919784546,11.169034004211426,27.966777801513672
drone_000909.pt,50,1,Yarkon rosh zipor,2.7517881393432617,11.102799415588379,26.927242279052734
drone_000910.pt,50,1,Yarkon rosh zipor,3.7482688426971436,10.532675743103027,26.767078399658203
drone_000911.pt,50,1,Yarkon rosh zipor,3.1594529151916504,10.673590660095215,27.884735107421875
drone_000912.pt,50,1,Yarkon rosh zipor,1.7329760789871216,11.425765991210938,29.101871490478516
drone_000913.pt,50,1,Yarkon rosh zipor,3.1832292079925537,11.136493682861328,28.857900619506836
drone_000914.pt,50,1,Yarkon rosh zipor,4.2787065505981445,9.97471809387207,28.90481948852539
drone_000915.pt,50,1,Yarkon rosh zipor,0.5405998826026917,12.506224632263184,30.42840576171875
drone_000916.pt,50,1,Yarkon rosh zipor,2.394782066345215,11.547410011291504,29.649782180786133
drone_000917.pt,50,1,Yarkon rosh zipor,4.214354515075684,10.788476943969727,28.004467010498047
drone_000918.pt,50,1,Yarkon rosh zipor,3.5242958068847656,11.20695686340332,26.04312515258789
drone_000919.pt,50,1,Yarkon rosh zipor,-0.6270549893379211,11.410825729370117,29.526756286621094
drone_000920.pt,50,1,Yarkon rosh zipor,-3.9591293334960938,12.588506698608398,32.64341735839844
drone_000921.pt,50,1,Yarkon rosh zipor,0.17094863951206207,10.011775970458984,28.737899780273438
drone_000922.pt,50,1,Yarkon rosh zipor,0.9266719818115234,8.586836814880371,30.34792709350586
drone_000923.pt,50,1,Yarkon rosh zipor,5.144752025604248,7.828511714935303,27.141422271728516
drone_000924.pt,50,1,Yarkon rosh zipor,6.269443988800049,6.97735071182251,28.521337509155273
drone_000925.pt,50,1,Yarkon rosh zipor,5.543187141418457,7.63446569442749,27.36406135559082
drone_000926.pt,50,1,Yarkon rosh zipor,5.058920860290527,7.1592535972595215,28.15938949584961
drone_000927.pt,50,1,Yarkon rosh zipor,5.695377826690674,7.319924354553223,30.167997360229492
drone_000928.pt,50,1,Yarkon rosh zipor,9.482421875,4.602984428405762,23.7570858001709
drone_000929.pt,50,1,Yarkon rosh zipor,9.306602478027344,4.674826145172119,24.57927894592285
drone_000930.pt,50,1,Yarkon rosh zipor,6.9269561767578125,5.077698707580566,21.8616886138916
drone_000931.pt,50,1,Yarkon rosh zipor,8.902446746826172,4.829328536987305,24.68132209777832
drone_000932.pt,50,1,Yarkon rosh zipor,8.003655433654785,4.836410045623779,24.86406707763672
drone_000933.pt,50,1,Yarkon rosh zipor,7.558999538421631,5.1029276847839355,29.039575576782227
drone_000934.pt,50,1,Yarkon rosh zipor,8.532090187072754,5.693770885467529,25.662452697753906
drone_000935.pt,50,1,Yarkon rosh zipor,8.563333511352539,5.481156826019287,25.250877380371094
drone_000936.pt,50,1,Yarkon rosh zipor,8.361101150512695,5.000588417053223,26.332508087158203
drone_000937.pt,50,1,Yarkon rosh zipor,8.272629737854004,4.876811981201172,23.84644317626953
drone_000938.pt,50,1,Yarkon rosh zipor,8.77659797668457,5.136035442352295,28.15732765197754
drone_000939.pt,50,1,Yarkon rosh zipor,8.169032096862793,5.616519927978516,26.09946060180664
drone_000940.pt,50,1,Yarkon rosh zipor,8.330161094665527,5.796290397644043,26.6855525970459
drone_000941.pt,50,1,Yarkon rosh zipor,7.970675468444824,5.975801467895508,26.27109718322754
drone_000942.pt,50,1,Yarkon rosh zipor,6.3386640548706055,6.580263137817383,26.47515869140625
drone_000943.pt,50,1,Yarkon rosh zipor,5.806899547576904,7.337329387664795,29.10489845275879
drone_000944.pt,50,1,Yarkon rosh zipor,6.520486831665039,7.04529333114624,27.225740432739258
drone_000945.pt,50,1,Yarkon rosh zipor,5.856139659881592,7.202960014343262,27.335906982421875
drone_000946.pt,50,1,Yarkon rosh zipor,3.3740906715393066,7.378491401672363,26.313913345336914
drone_000947.pt,50,1,Yarkon rosh zipor,6.454501152038574,6.066444396972656,28.830862045288086
drone_000948.pt,50,1,Yarkon rosh zipor,7.24152946472168,6.336909294128418,26.20089340209961
drone_000949.pt,50,1,Yarkon rosh zipor,7.531864643096924,5.677809715270996,26.96758460998535
drone_000950.pt,50,1,Yarkon rosh zipor,7.9719743728637695,5.582003593444824,26.123321533203125
drone_000951.pt,50,1,Yarkon rosh zipor,8.18607234954834,5.510197162628174,28.489269256591797
drone_000952.pt,50,1,Yarkon rosh zipor,6.188819885253906,7.230720520019531,25.121814727783203
drone_000953.pt,50,1,Yarkon rosh zipor,4.308250427246094,9.358695030212402,27.71491241455078
drone_000954.pt,50,1,Yarkon rosh zipor,5.521302223205566,8.337035179138184,26.454008102416992
drone_000955.pt,50,1,Yarkon rosh zipor,7.795732021331787,6.293300151824951,24.47148895263672
drone_000956.pt,50,1,Yarkon rosh zipor,6.3325958251953125,6.4806718826293945,30.312116622924805
drone_000957.pt,50,1,Yarkon rosh zipor,2.1221940517425537,6.407040119171143,29.80355453491211
drone_000958.pt,50,1,Yarkon rosh zipor,-8.45957088470459,6.37842321395874,24.5711727142334
drone_000959.pt,50,1,Yarkon rosh zipor,6.298602104187012,6.070343494415283,29.55641746520996
drone_000960.pt,50,1,Yarkon rosh zipor,6.7607316970825195,6.546725749969482,28.428009033203125
drone_000961.pt,50,1,Yarkon rosh zipor,5.205254554748535,7.400774002075195,28.061925888061523
drone_000962.pt,50,1,Yarkon rosh zipor,6.6274333000183105,6.560987949371338,27.200716018676758
drone_000963.pt,50,1,Yarkon rosh zipor,7.535603046417236,5.717056751251221,25.440046310424805
drone_000964.pt,50,1,Yarkon rosh zipor,7.052488803863525,6.203620910644531,25.841018676757812
drone_000965.pt,50,1,Yarkon rosh zipor,5.934243679046631,6.0435309410095215,27.060029983520508
drone_000966.pt,50,1,Yarkon rosh zipor,6.1685471534729,6.2596635818481445,31.748950958251953
drone_000967.pt,50,1,Yarkon rosh zipor,6.009832382202148,6.334496021270752,23.489778518676758
drone_000968.pt,50,1,Yarkon rosh zipor,4.247251510620117,9.733993530273438,27.62789535522461
drone_000969.pt,50,1,Yarkon rosh zipor,5.707508563995361,8.206136703491211,27.32447052001953
drone_000970.pt,50,1,Yarkon rosh zipor,6.747671604156494,7.024476051330566,28.451637268066406
drone_000971.pt,50,1,Yarkon rosh zipor,6.093098163604736,6.923946380615234,26.782268524169922
drone_000972.pt,50,1,Yarkon rosh zipor,3.659461259841919,8.150444984436035,29.361764907836914
drone_000973.pt,50,1,Yarkon rosh zipor,6.1590189933776855,7.316153526306152,27.081148147583008
drone_000974.pt,50,1,Yarkon rosh zipor,5.830508232116699,8.005725860595703,25.54864501953125
drone_000975.pt,50,1,Yarkon rosh zipor,5.868390083312988,8.865938186645508,25.733413696289062
drone_000976.pt,50,1,Yarkon rosh zipor,5.180124282836914,9.53205680847168,23.03251075744629
drone_000977.pt,50,1,Yarkon rosh zipor,5.726000785827637,8.84151840209961,25.43422508239746
drone_000978.pt,50,1,Yarkon rosh zipor,3.2955586910247803,8.277534484863281,20.61912727355957
drone_000979.pt,50,1,Yarkon rosh zipor,1.353830337524414,8.142268180847168,20.909812927246094
drone_000980.pt,50,1,Yarkon rosh zipor,1.7773674726486206,7.884982585906982,27.335430145263672
drone_000981.pt,50,1,Yarkon rosh zipor,4.530689716339111,7.343296051025391,29.91577911376953
drone_000982.pt,50,1,Yarkon rosh zipor,4.205655097961426,8.429959297180176,27.1074275970459
drone_000983.pt,50,1,Yarkon rosh zipor,2.470738172531128,9.579874038696289,27.50387954711914
drone_000984.pt,50,1,Yarkon rosh zipor,3.079049587249756,9.330962181091309,33.05659484863281
drone_000985.pt,50,1,Yarkon rosh zipor,2.200441837310791,9.75291633605957,27.402706146240234
drone_000986.pt,50,1,Yarkon rosh zipor,3.151446580886841,8.669984817504883,27.576725006103516
drone_000987.pt,50,1,Yarkon rosh zipor,3.9103150367736816,8.656258583068848,25.6046142578125
drone_000988.pt,50,1,Yarkon rosh zipor,3.1036055088043213,9.102505683898926,27.466737747192383
drone_000989.pt,50,1,Yarkon rosh zipor,5.404846668243408,7.993714809417725,25.736419677734375
drone_000990.pt,50,1,Yarkon rosh zipor,5.030943393707275,7.998809337615967,26.848896026611328
drone_000991.pt,50,1,Yarkon rosh zipor,4.763240337371826,8.202281951904297,27.676679611206055
drone_000992.pt,50,1,Yarkon rosh zipor,2.8762073516845703,8.948063850402832,27.9014949798584
drone_000993.pt,50,1,Yarkon rosh zipor,6.875033378601074,6.337857723236084,26.862022399902344
drone_000994.pt,50,1,Yarkon rosh zipor,3.020402431488037,9.186580657958984,26.69371795654297
drone_000995.pt,50,1,Yarkon rosh zipor,0.41217973828315735,11.071789741516113,28.297874450683594
drone_000996.pt,50,1,Yarkon rosh zipor,-0.5843163132667542,10.7539701461792,30.59945297241211
drone_000997.pt,50,1,Yarkon rosh zipor,3.397440195083618,8.649200439453125,28.048593521118164
drone_000998.pt,50,1,Yarkon rosh zipor,5.343669414520264,6.842610836029053,27.59688949584961
drone_000999.pt,50,1,Yarkon rosh zipor,7.378933429718018,6.013053894042969,26.11288070678711
drone_001000.pt,50,1,Yarkon rosh zipor,4.282286167144775,7.145722389221191,31.74539566040039
drone_001001.pt,50,1,Yarkon rosh zipor,4.334682464599609,8.186236381530762,26.487741470336914
drone_001002.pt,50,1,Yarkon rosh zipor,3.548902988433838,8.308943748474121,29.047435760498047
drone_001003.pt,50,1,Yarkon rosh zipor,4.196486949920654,8.132634162902832,26.410438537597656
drone_001004.pt,50,1,Yarkon rosh zipor,-0.30613213777542114,10.452529907226562,27.614608764648438
drone_001005.pt,50,1,Yarkon rosh zipor,0.6403375267982483,10.107773780822754,25.82669448852539
drone_001006.pt,50,1,Yarkon rosh zipor,1.0093111991882324,10.128450393676758,26.03428840637207
drone_001007.pt,50,1,Yarkon rosh zipor,-0.3729252815246582,10.073858261108398,26.6094970703125
drone_001008.pt,50,1,Yarkon rosh zipor,-1.0291146039962769,11.139272689819336,26.185285568237305
drone_001009.pt,50,1,Yarkon rosh zipor,0.7617251873016357,10.699528694152832,26.11774444580078
drone_001010.pt,50,1,Yarkon rosh zipor,4.619378566741943,7.337443828582764,27.62017822265625
drone_001011.pt,50,1,Yarkon rosh zipor,1.1654187440872192,8.5914945602417,29.049205780029297
ambience_000316.pt,75,0,Yarkon,-3.767479658126831,16.317230224609375,33.680992126464844
ambience_000317.pt,75,0,Yarkon,-2.6021552085876465,15.798759460449219,26.503341674804688
ambience_000318.pt,75,0,Yarkon,-3.3913214206695557,15.1452054977417,36.743675231933594
ambience_000319.pt,75,0,Yarkon,-1.6545199155807495,14.955493927001953,30.621061325073242
ambience_000320.pt,75,0,Yarkon,-0.3492256999015808,14.154474258422852,27.684749603271484
ambience_000321.pt,75,0,Yarkon,-0.7586807012557983,13.052513122558594,33.54180145263672
ambience_000322.pt,75,0,Yarkon,-4.76974630355835,14.200247764587402,35.2774658203125
ambience_000323.pt,75,0,Yarkon,-4.811899185180664,14.892189979553223,33.2711067199707
ambience_000324.pt,75,0,Yarkon,-6.119286060333252,13.1649169921875,37.137603759765625
ambience_000325.pt,75,0,Yarkon,1.081459879875183,12.254708290100098,33.71718215942383
ambience_000326.pt,75,0,Yarkon,1.2103825807571411,13.238028526306152,27.459091186523438
ambience_000327.pt,75,0,Yarkon,1.1598750352859497,13.475605964660645,27.50360107421875
ambience_000328.pt,75,0,Yarkon,1.026800274848938,13.552952766418457,26.747358322143555
ambience_000329.pt,75,0,Yarkon,1.5410983562469482,13.311235427856445,28.103925704956055
ambience_000330.pt,75,0,Yarkon,0.9870113134384155,13.432250022888184,28.378007888793945
ambience_000331.pt,75,0,Yarkon,1.468834638595581,13.391254425048828,25.23501205444336
ambience_000332.pt,75,0,Yarkon,-11.7116117477417,14.047039985656738,39.20235824584961
ambience_000333.pt,75,0,Yarkon,-4.115515232086182,13.99039077758789,35.26152801513672
ambience_000334.pt,75,0,Yarkon,-2.2185075283050537,13.973318099975586,34.901126861572266
ambience_000335.pt,75,0,Yarkon,-1.3708245754241943,13.723174095153809,31.761438369750977
ambience_000336.pt,75,0,Yarkon,0.5378201007843018,13.628872871398926,27.272724151611328
ambience_000337.pt,75,0,Yarkon,0.14197176694869995,13.72268009185791,28.07665252685547
ambience_000338.pt,75,0,Yarkon,-1.853598713874817,13.92509937286377,30.594663619995117
ambience_000339.pt,75,0,Yarkon,-1.586358904838562,13.869346618652344,32.50237274169922
ambience_000340.pt,75,0,Yarkon,-0.27585136890411377,13.580110549926758,28.659839630126953
ambience_000341.pt,75,0,Yarkon,-2.332235097885132,13.419513702392578,32.221954345703125
ambience_000342.pt,75,0,Yarkon,-1.9440277814865112,13.291403770446777,35.73421096801758
ambience_000343.pt,75,0,Yarkon,0.5964388251304626,12.471096992492676,29.1942138671875
ambience_000344.pt,75,0,Yarkon,-0.9246655106544495,12.624820709228516,29.59905242919922
ambience_000345.pt,75,0,Yarkon,0.7975929379463196,12.318074226379395,30.13935089111328
ambience_000346.pt,75,0,Yarkon,1.0624252557754517,11.881246566772461,30.734970092773438
ambience_000347.pt,75,0,Yarkon,2.069000244140625,11.397031784057617,27.646886825561523
ambience_000348.pt,75,0,Yarkon,-1.089194893836975,11.663424491882324,34.92755126953125
ambience_000349.pt,75,0,Yarkon,2.293482542037964,11.103128433227539,24.67372703552246
ambience_000350.pt,75,0,Yarkon,3.387956142425537,10.912076950073242,28.824174880981445
ambience_000351.pt,75,0,Yarkon,1.7175712585449219,11.139139175415039,28.68178367614746
ambience_000352.pt,75,0,Yarkon,1.9848213195800781,11.129598617553711,26.684986114501953
ambience_000353.pt,75,0,Yarkon,2.2999069690704346,11.165952682495117,27.019149780273438
ambience_000354.pt,75,0,Yarkon,2.5512571334838867,11.144431114196777,29.852476119995117
ambience_000355.pt,75,0,Yarkon,-1.3098974227905273,12.932669639587402,29.12397003173828
ambience_000356.pt,75,0,Yarkon,-0.42179402709007263,13.669299125671387,28.11906623840332
ambience_000357.pt,75,0,Yarkon,1.6353412866592407,13.163176536560059,27.772109985351562
ambience_000358.pt,75,0,Yarkon,1.328183889389038,13.594402313232422,27.29474639892578
ambience_000359.pt,75,0,Yarkon,0.7983623743057251,13.65836238861084,29.706218719482422
ambience_000360.pt,75,0,Yarkon,1.4892452955245972,13.384533882141113,25.962831497192383
ambience_000361.pt,75,0,Yarkon,0.6954112648963928,13.834282875061035,25.803722381591797
ambience_000362.pt,75,0,Yarkon,0.6311954855918884,13.16634750366211,26.133277893066406
ambience_000363.pt,75,0,Yarkon,1.4171406030654907,12.671737670898438,26.42469596862793
ambience_000364.pt,75,0,Yarkon,1.2739195823669434,12.722862243652344,25.25576400756836
ambience_000365.pt,75,0,Yarkon,1.3334341049194336,12.594491958618164,24.780731201171875
ambience_000366.pt,75,0,Yarkon,1.7502285242080688,12.868732452392578,25.697755813598633
ambience_000367.pt,75,0,Yarkon,2.7727537155151367,12.505311965942383,27.093412399291992
ambience_000368.pt,75,0,Yarkon,1.935646891593933,12.839875221252441,25.420045852661133
ambience_000369.pt,75,0,Yarkon,1.2010806798934937,13.52213191986084,26.548683166503906
ambience_000370.pt,75,0,Yarkon,1.3709725141525269,13.691877365112305,23.953380584716797
ambience_000371.pt,75,0,Yarkon,2.0747900009155273,13.504993438720703,26.679874420166016
ambience_000372.pt,75,0,Yarkon,1.4790247678756714,13.704303741455078,27.022525787353516
ambience_000373.pt,75,0,Yarkon,1.2082387208938599,13.86243724822998,27.618257522583008
ambience_000374.pt,75,0,Yarkon,0.5006224513053894,14.046154022216797,27.03129005432129
ambience_000375.pt,75,0,Yarkon,-0.13872331380844116,13.395241737365723,25.861862182617188
ambience_000376.pt,75,0,Yarkon,1.3655365705490112,11.907066345214844,23.975208282470703
ambience_000377.pt,75,0,Yarkon,1.2677220106124878,11.931463241577148,30.452754974365234
ambience_000378.pt,75,0,Yarkon,2.9614274501800537,12.043848037719727,28.864107131958008
ambience_000379.pt,75,0,Yarkon,2.989225149154663,11.741626739501953,29.746702194213867
ambience_000380.pt,75,0,Yarkon,1.9174984693527222,12.161768913269043,25.747859954833984
ambience_000381.pt,75,0,Yarkon,0.7619042992591858,13.223410606384277,26.670177459716797
ambience_000382.pt,75,0,Yarkon,0.5394607186317444,13.227458953857422,27.434375762939453
ambience_000383.pt,75,0,Yarkon,0.23535849153995514,13.74035930633545,27.774234771728516
ambience_000384.pt,75,0,Yarkon,1.159740924835205,13.3014497756958,26.609500885009766
ambience_000385.pt,75,0,Yarkon,0.42869138717651367,13.807160377502441,25.27981948852539
ambience_000386.pt,75,0,Yarkon,1.8463526964187622,13.541780471801758,25.4824275970459
ambience_000387.pt,75,0,Yarkon,0.6831842064857483,14.239631652832031,26.409488677978516
ambience_000388.pt,75,0,Yarkon,1.011460542678833,14.171670913696289,24.49217987060547
ambience_000389.pt,75,0,Yarkon,0.7268798351287842,14.318052291870117,28.776161193847656
ambience_000390.pt,75,0,Yarkon,-0.13821111619472504,14.847854614257812,25.322647094726562
ambience_000391.pt,75,0,Yarkon,-0.6246217489242554,15.132920265197754,29.132957458496094
ambience_000392.pt,75,0,Yarkon,-1.4889845848083496,14.771590232849121,29.74124526977539
ambience_000393.pt,75,0,Yarkon,-0.2767418622970581,14.357131004333496,26.363033294677734
ambience_000394.pt,75,0,Yarkon,0.5533627867698669,13.576552391052246,29.361709594726562
ambience_000395.pt,75,0,Yarkon,-0.26058152318000793,14.292701721191406,29.187944412231445
ambience_000396.pt,75,0,Yarkon,-0.5902599692344666,14.631294250488281,29.78702735900879
ambience_000397.pt,75,0,Yarkon,-0.7389099597930908,14.382156372070312,27.50838851928711
ambience_000398.pt,75,0,Yarkon,-1.835419774055481,14.29538345336914,35.366966247558594
ambience_000399.pt,75,0,Yarkon,0.08713898807764053,13.980996131896973,31.36918830871582
ambience_000400.pt,75,0,Yarkon,0.906109631061554,14.177145004272461,24.636104583740234
ambience_000401.pt,75,0,Yarkon,0.8110790252685547,14.021940231323242,25.440567016601562
ambience_000402.pt,75,0,Yarkon,0.7979616522789001,13.965653419494629,28.371599197387695
ambience_000403.pt,75,0,Yarkon,-1.2837730646133423,14.226875305175781,32.71457290649414
ambience_000404.pt,75,0,Yarkon,-3.5881049633026123,14.583343505859375,34.85082244873047
ambience_000405.pt,75,0,Yarkon,-0.3131276071071625,14.040386199951172,29.057857513427734
ambience_000406.pt,75,0,Yarkon,-0.4709204435348511,14.085541725158691,27.35036849975586
ambience_000407.pt,75,0,Yarkon,-1.4294244050979614,14.267975807189941,31.3482666015625
ambience_000408.pt,75,0,Yarkon,0.5982761383056641,13.86856746673584,25.504199981689453
ambience_000409.pt,75,0,Yarkon,1.0579780340194702,13.994698524475098,26.586498260498047
ambience_000410.pt,75,0,Yarkon,0.5409992337226868,14.229601860046387,24.875282287597656
ambience_000411.pt,75,0,Yarkon,0.04054415225982666,13.83547306060791,26.65765380859375
ambience_000412.pt,75,0,Yarkon,0.6498189568519592,13.282320976257324,28.12015151977539
ambience_000413.pt,75,0,Yarkon,-1.1098536252975464,13.623400688171387,35.76749801635742
ambience_000414.pt,75,0,Yarkon,-1.8268793821334839,13.521072387695312,36.19172668457031
ambience_000415.pt,75,0,Yarkon,-4.470485210418701,13.127890586853027,38.426124572753906
ambience_000416.pt,75,0,Yarkon,-3.039146661758423,13.104439735412598,31.639991760253906
ambience_000417.pt,75,0,Yarkon,-3.7480509281158447,12.599081993103027,32.88926696777344
ambience_000418.pt,75,0,Yarkon,-6.286311149597168,12.692011833190918,35.903289794921875
ambience_000419.pt,75,0,Yarkon,-10.023452758789062,12.765509605407715,37.22515869140625
ambience_000420.pt,75,0,Yarkon,-4.047452449798584,12.923042297363281,33.835662841796875
ambience_000421.pt,75,0,Yarkon,1.09178626537323,12.952488899230957,27.27909278869629
ambience_000422.pt,75,0,Yarkon,2.0274882316589355,12.400322914123535,27.41393280029297
ambience_000423.pt,75,0,Yarkon,1.770055890083313,12.166722297668457,27.88866424560547
ambience_000424.pt,75,0,Yarkon,1.6809496879577637,12.454050064086914,26.529264450073242
ambience_000425.pt,75,0,Yarkon,-0.11676180362701416,13.465043067932129,29.799434661865234
ambience_000426.pt,75,0,Yarkon,0.25085970759391785,13.302081108093262,27.810937881469727
ambience_000427.pt,75,0,Yarkon,0.7484064102172852,13.089628219604492,27.613279342651367
ambience_000428.pt,75,0,Yarkon,-1.4213258028030396,13.764229774475098,35.34309005737305
ambience_000429.pt,75,0,Yarkon,1.0629359483718872,13.201079368591309,27.08770751953125
ambience_000430.pt,75,0,Yarkon,1.1211916208267212,13.203292846679688,26.3612060546875
ambience_000431.pt,75,0,Yarkon,0.9881147146224976,12.948358535766602,27.51104736328125
ambience_000432.pt,75,0,Yarkon,1.3500125408172607,12.25582218170166,25.939424514770508
ambience_000433.pt,75,0,Yarkon,1.6356728076934814,11.472212791442871,27.229358673095703
ambience_000434.pt,75,0,Yarkon,-1.5903682708740234,11.969799041748047,30.491409301757812
ambience_000435.pt,75,0,Yarkon,-1.844393253326416,11.783345222473145,31.19725799560547
ambience_000436.pt,75,0,Yarkon,-0.4889847934246063,11.611077308654785,32.831085205078125
ambience_000437.pt,75,0,Yarkon,-0.10429773479700089,12.06460189819336,28.58362579345703
ambience_000438.pt,75,0,Yarkon,0.35984617471694946,12.270200729370117,30.851463317871094
ambience_000439.pt,75,0,Yarkon,-1.2566936016082764,12.58573055267334,29.70351791381836
ambience_000440.pt,75,0,Yarkon,-6.194774150848389,12.758111000061035,37.333656311035156
ambience_000441.pt,75,0,Yarkon,-2.184616804122925,12.076024055480957,30.702877044677734
ambience_000442.pt,75,0,Yarkon,-2.311547040939331,12.383666038513184,30.117782592773438
ambience_000443.pt,75,0,Yarkon,-3.245936632156372,12.343268394470215,30.989255905151367
ambience_000444.pt,75,0,Yarkon,-1.9602595567703247,12.209311485290527,31.052453994750977
ambience_000445.pt,75,0,Yarkon,-2.7639734745025635,12.881178855895996,33.3431282043457
ambience_000446.pt,75,0,Yarkon,-1.3944514989852905,12.626333236694336,31.230926513671875
ambience_000447.pt,75,0,Yarkon,-0.20521534979343414,12.102984428405762,31.121726989746094
ambience_000448.pt,75,0,Yarkon,2.6366488933563232,10.771389961242676,30.31338119506836
ambience_000449.pt,75,0,Yarkon,-0.055813051760196686,11.762445449829102,32.43342971801758
ambience_000450.pt,75,0,Yarkon,0.32156533002853394,11.530282974243164,32.23576354980469
ambience_000451.pt,75,0,Yarkon,-1.0403794050216675,11.389005661010742,31.577835083007812
ambience_000452.pt,75,0,Yarkon,-1.4210354089736938,11.233596801757812,31.553966522216797
ambience_000453.pt,75,0,Yarkon,0.46938982605934143,10.932744979858398,33.4439811706543
ambience_000454.pt,75,0,Yarkon,0.6188521981239319,11.060049057006836,32.004188537597656
ambience_000455.pt,75,0,Yarkon,-1.1953049898147583,10.742928504943848,32.63860321044922
ambience_000456.pt,75,0,Yarkon,-0.4331836700439453,10.760736465454102,32.33135986328125
ambience_000457.pt,75,0,Yarkon,0.04368055984377861,11.385503768920898,32.74821090698242
ambience_000458.pt,75,0,Yarkon,0.43024495244026184,11.123154640197754,30.832237243652344
ambience_000459.pt,75,0,Yarkon,-0.10378164798021317,11.120628356933594,30.736234664916992
ambience_000460.pt,75,0,Yarkon,-0.39353224635124207,10.97854995727539,33.59001922607422
ambience_000461.pt,75,0,Yarkon,-1.0785332918167114,11.858158111572266,30.4929141998291
ambience_000462.pt,75,0,Yarkon,-2.4648897647857666,12.321982383728027,31.638912200927734
ambience_000463.pt,75,0,Yarkon,-3.0844016075134277,12.790786743164062,30.189849853515625
ambience_000464.pt,75,0,Yarkon,-0.5629481673240662,12.958500862121582,29.70736312866211
ambience_000465.pt,75,0,Yarkon,-0.18625999987125397,13.237970352172852,27.585145950317383
ambience_000466.pt,75,0,Yarkon,-2.690995693206787,13.462687492370605,30.860443115234375
ambience_000467.pt,75,0,Yarkon,-4.720621585845947,14.093128204345703,31.39725685119629
ambience_000468.pt,75,0,Yarkon,-2.9674031734466553,13.842191696166992,30.417312622070312
ambience_000469.pt,75,0,Yarkon,-1.8986865282058716,13.96163558959961,30.80409812927246
ambience_000470.pt,75,0,Yarkon,-0.4512085020542145,13.658556938171387,27.097997665405273
ambience_000471.pt,75,0,Yarkon,-0.04217637702822685,13.591928482055664,26.38888931274414
ambience_000472.pt,75,0,Yarkon,0.05117470398545265,13.722429275512695,26.33631706237793
ambience_000473.pt,75,0,Yarkon,-0.4974503815174103,13.543485641479492,26.97244644165039
ambience_000474.pt,75,0,Yarkon,-0.46311110258102417,13.15757942199707,31.12591552734375
ambience_000475.pt,75,0,Yarkon,-0.6798151731491089,13.214344024658203,29.732349395751953
ambience_000476.pt,75,0,Yarkon,-1.1100821495056152,13.436568260192871,28.43609046936035
ambience_000477.pt,75,0,Yarkon,-0.03914754092693329,12.907126426696777,29.1036434173584
ambience_000478.pt,75,0,Yarkon,-0.5419913530349731,12.958250045776367,29.70244598388672
ambience_000479.pt,75,0,Yarkon,0.4338153600692749,12.890461921691895,28.411319732666016
ambience_000480.pt,75,0,Yarkon,2.7086589336395264,11.697197914123535,26.5126895904541
ambience_000481.pt,75,0,Yarkon,2.9528725147247314,11.743717193603516,26.375905990600586
ambience_000482.pt,75,0,Yarkon,3.041518211364746,11.648625373840332,26.284862518310547
ambience_000483.pt,75,0,Yarkon,3.9575040340423584,11.444121360778809,24.2280216217041
ambience_000484.pt,75,0,Yarkon,2.9691176414489746,11.970754623413086,25.395435333251953
ambience_000485.pt,75,0,Yarkon,2.090911626815796,12.328831672668457,23.248502731323242
ambience_000486.pt,75,0,Yarkon,2.400324821472168,12.193860054016113,28.187253952026367
ambience_000487.pt,75,0,Yarkon,2.2322604656219482,12.22238540649414,25.004135131835938
ambience_000488.pt,75,0,Yarkon,2.7773404121398926,11.90089225769043,25.250864028930664
ambience_000489.pt,75,0,Yarkon,2.8553009033203125,12.359007835388184,24.046228408813477
ambience_000490.pt,75,0,Yarkon,1.945093035697937,13.038994789123535,26.102724075317383
ambience_000491.pt,75,0,Yarkon,1.624786376953125,13.533602714538574,26.817363739013672
ambience_000492.pt,75,0,Yarkon,1.3954540491104126,13.579590797424316,25.45865821838379
ambience_000493.pt,75,0,Yarkon,1.4168435335159302,13.221661567687988,25.18618392944336
ambience_000494.pt,75,0,Yarkon,2.0695505142211914,12.515389442443848,28.37230682373047
ambience_000495.pt,75,0,Yarkon,1.3958359956741333,13.225059509277344,26.313085556030273
ambience_000496.pt,75,0,Yarkon,1.2192692756652832,13.358546257019043,28.47533416748047
ambience_000497.pt,75,0,Yarkon,1.5416443347930908,13.325921058654785,25.97992706298828
ambience_000498.pt,75,0,Yarkon,1.7342438697814941,13.31047248840332,26.557130813598633
ambience_000499.pt,75,0,Yarkon,1.7812165021896362,13.218626022338867,25.547115325927734
ambience_000500.pt,75,0,Yarkon,1.3408375978469849,13.478259086608887,25.750329971313477
ambience_000501.pt,75,0,Yarkon,0.8921230435371399,13.760693550109863,25.926986694335938
ambience_000502.pt,75,0,Yarkon,0.4079802334308624,13.41096019744873,30.400617599487305
ambience_000503.pt,75,0,Yarkon,0.6400169730186462,13.310919761657715,26.904714584350586
ambience_000504.pt,75,0,Yarkon,0.11706545948982239,13.765233039855957,25.444583892822266
ambience_000505.pt,75,0,Yarkon,0.08085525035858154,13.457133293151855,27.766407012939453
ambience_000506.pt,75,0,Yarkon,0.0757136344909668,13.420954704284668,28.052339553833008
ambience_000507.pt,75,0,Yarkon,0.8388111591339111,12.880542755126953,27.947235107421875
ambience_000508.pt,75,0,Yarkon,0.6707446575164795,12.928595542907715,26.305511474609375
ambience_000509.pt,75,0,Yarkon,0.8200403451919556,12.916114807128906,26.74370002746582
ambience_000510.pt,75,0,Yarkon,1.1021653413772583,13.275435447692871,26.23596954345703
ambience_000511.pt,75,0,Yarkon,1.2604016065597534,13.095723152160645,28.181936264038086
ambience_000512.pt,75,0,Yarkon,1.415779709815979,13.025562286376953,26.067974090576172
ambience_000513.pt,75,0,Yarkon,1.2554081678390503,13.004725456237793,25.811960220336914
ambience_000514.pt,75,0,Yarkon,1.0765480995178223,12.918838500976562,26.99081802368164
ambience_000515.pt,75,0,Yarkon,0.9112139344215393,13.015851020812988,25.882089614868164
ambience_000516.pt,75,0,Yarkon,1.5102554559707642,12.6448974609375,25.586193084716797
ambience_000517.pt,75,0,Yarkon,2.737750768661499,12.011040687561035,27.21379280090332
ambience_000518.pt,75,0,Yarkon,3.1005682945251465,11.600031852722168,26.53531837463379
ambience_000519.pt,75,0,Yarkon,3.494249105453491,11.294699668884277,27.243873596191406
ambience_000520.pt,75,0,Yarkon,2.371887445449829,11.401435852050781,29.470993041992188
ambience_000521.pt,75,0,Yarkon,1.144639253616333,11.190519332885742,31.087875366210938
ambience_000522.pt,75,0,Yarkon,0.5891295671463013,11.660089492797852,29.831985473632812
ambience_000523.pt,75,0,Yarkon,0.35557377338409424,12.397565841674805,29.22197151184082
ambience_000524.pt,75,0,Yarkon,0.3000434637069702,12.231794357299805,28.85894012451172
ambience_000525.pt,75,0,Yarkon,0.5752483606338501,10.946847915649414,29.391590118408203
ambience_000526.pt,75,0,Yarkon,-0.48287442326545715,11.351283073425293,28.0461483001709
ambience_000527.pt,75,0,Yarkon,1.1137712001800537,11.098838806152344,29.932870864868164
ambience_000528.pt,75,0,Yarkon,-0.3757757842540741,11.563090324401855,31.823360443115234
ambience_000529.pt,75,0,Yarkon,0.1528514176607132,12.128421783447266,28.827383041381836
ambience_000530.pt,75,0,Yarkon,0.8490676879882812,12.429389953613281,28.99158477783203
ambience_000531.pt,75,0,Yarkon,0.714694082736969,12.466554641723633,26.733863830566406
ambience_000532.pt,75,0,Yarkon,-0.1140238493680954,13.063230514526367,28.483333587646484
ambience_000533.pt,75,0,Yarkon,0.9194332361221313,12.729689598083496,27.309192657470703
ambience_000534.pt,75,0,Yarkon,1.775628924369812,12.457149505615234,26.583852767944336
ambience_000535.pt,75,0,Yarkon,1.4782317876815796,12.654293060302734,25.22660255432129
ambience_000536.pt,75,0,Yarkon,1.4050277471542358,12.684454917907715,26.5909481048584
ambience_000537.pt,75,0,Yarkon,0.992484450340271,12.945823669433594,26.043834686279297
ambience_000538.pt,75,0,Yarkon,-0.2172737568616867,13.60573959350586,27.231159210205078
ambience_000539.pt,75,0,Yarkon,-1.525700330734253,13.924173355102539,26.392436981201172
ambience_000540.pt,75,0,Yarkon,-3.0753870010375977,14.297966957092285,27.706748962402344
ambience_000541.pt,75,0,Yarkon,-3.3921799659729004,14.29671573638916,27.297182083129883
ambience_000542.pt,75,0,Yarkon,-3.520056962966919,14.166590690612793,28.34815216064453
ambience_000543.pt,75,0,Yarkon,-3.5055549144744873,13.908000946044922,29.206850051879883
ambience_000544.pt,75,0,Yarkon,-3.5577805042266846,13.665968894958496,29.613008499145508
ambience_000545.pt,75,0,Yarkon,-3.1193344593048096,13.831985473632812,29.990142822265625
ambience_000546.pt,75,0,Yarkon,-4.653228759765625,13.96650505065918,30.24174690246582
ambience_000547.pt,75,0,Yarkon,-3.15498948097229,13.814242362976074,31.871585845947266
ambience_000548.pt,75,0,Yarkon,-1.7424845695495605,13.513345718383789,31.222169876098633
ambience_000549.pt,75,0,Yarkon,-0.4373755156993866,13.388062477111816,26.948965072631836
ambience_000550.pt,75,0,Yarkon,-0.10516448318958282,13.355778694152832,27.365407943725586
ambience_000551.pt,75,0,Yarkon,0.3956235647201538,13.346429824829102,25.31659698486328
ambience_000552.pt,75,0,Yarkon,0.33731186389923096,12.99448013305664,29.09920883178711
ambience_000553.pt,75,0,Yarkon,0.37111714482307434,13.020763397216797,26.603363037109375
ambience_000554.pt,75,0,Yarkon,0.18232959508895874,13.136935234069824,27.19112777709961
ambience_000555.pt,75,0,Yarkon,-0.04826611652970314,13.080403327941895,27.14566993713379
ambience_000556.pt,75,0,Yarkon,-0.23783007264137268,13.161405563354492,27.587169647216797
ambience_000557.pt,75,0,Yarkon,0.49456313252449036,13.008854866027832,25.405689239501953
ambience_000558.pt,75,0,Yarkon,0.6420083045959473,12.98141860961914,27.05715560913086
ambience_000559.pt,75,0,Yarkon,0.16790753602981567,13.54903793334961,25.855854034423828
ambience_000560.pt,75,0,Yarkon,0.283455491065979,13.266178131103516,29.2880802154541
ambience_000561.pt,75,0,Yarkon,0.48461827635765076,13.0437593460083,24.82181167602539
ambience_000562.pt,75,0,Yarkon,0.6197276711463928,12.825648307800293,26.470338821411133
ambience_000563.pt,75,0,Yarkon,0.5711396932601929,12.510676383972168,24.73626708984375
ambience_000564.pt,75,0,Yarkon,0.9912986159324646,12.55309772491455,26.229129791259766
ambience_000565.pt,75,0,Yarkon,0.7642043828964233,12.69150447845459,27.50726890563965
ambience_000566.pt,75,0,Yarkon,0.7014312148094177,12.599665641784668,26.577621459960938
ambience_000567.pt,75,0,Yarkon,1.2259327173233032,12.116621017456055,26.214099884033203
ambience_000568.pt,75,0,Yarkon,1.0131230354309082,12.007019996643066,27.219921112060547
ambience_000569.pt,75,0,Yarkon,0.8484621644020081,11.779797554016113,26.74728012084961
ambience_000570.pt,75,0,Yarkon,-2.055063009262085,11.814043998718262,35.94648742675781
ambience_000571.pt,75,0,Yarkon,-1.8989460468292236,12.105990409851074,32.71588134765625
ambience_000572.pt,75,0,Yarkon,-1.310457706451416,11.676424980163574,29.27617645263672
ambience_000573.pt,75,0,Yarkon,-0.8897802233695984,12.029850006103516,31.47235679626465
ambience_000574.pt,75,0,Yarkon,-1.2177706956863403,11.454955101013184,29.81808090209961
ambience_000575.pt,75,0,Yarkon,1.0616660118103027,11.487159729003906,30.44743537902832
ambience_000576.pt,75,0,Yarkon,1.3814975023269653,11.470002174377441,27.221851348876953
ambience_000577.pt,75,0,Yarkon,1.6450634002685547,10.300386428833008,29.893285751342773
ambience_000578.pt,75,0,Yarkon,-2.31518292427063,11.282061576843262,31.07528305053711
ambience_000579.pt,75,0,Yarkon,-2.1811881065368652,11.656598091125488,31.712017059326172
ambience_000580.pt,75,0,Yarkon,-2.2389070987701416,10.96863842010498,32.50465774536133
ambience_000581.pt,75,0,Yarkon,-9.506832122802734,12.197360038757324,32.137386322021484
ambience_000582.pt,75,0,Yarkon,-9.887900352478027,12.727997779846191,34.09632873535156
ambience_000583.pt,75,0,Yarkon,-9.742173194885254,12.8099946975708,35.56834030151367
ambience_000584.pt,75,0,Yarkon,-9.012689590454102,13.996920585632324,34.39466094970703
ambience_000585.pt,75,0,Yarkon,0.763444185256958,12.638494491577148,28.922500610351562
ambience_000586.pt,75,0,Yarkon,-1.5246071815490723,13.962051391601562,29.242748260498047
ambience_000587.pt,75,0,Yarkon,-0.7418830394744873,14.008655548095703,26.856781005859375
ambience_000588.pt,75,0,Yarkon,-8.27505111694336,13.936614036560059,39.889320373535156
ambience_000589.pt,75,0,Yarkon,-3.00393009185791,13.670607566833496,36.684974670410156
ambience_000590.pt,75,0,Yarkon,-1.6343075037002563,13.097902297973633,30.728578567504883
ambience_000591.pt,75,0,Yarkon,-1.0639399290084839,12.998225212097168,33.993560791015625
ambience_000592.pt,75,0,Yarkon,-7.426795482635498,12.347230911254883,31.10235595703125
ambience_000593.pt,75,0,Yarkon,-7.48939847946167,11.055915832519531,31.42229461669922
ambience_000594.pt,75,0,Yarkon,-10.970200538635254,11.057035446166992,32.708404541015625
ambience_000595.pt,75,0,Yarkon,-9.187230110168457,10.511757850646973,32.53542709350586
ambience_000596.pt,75,0,Yarkon,-11.440511703491211,10.967594146728516,32.39369201660156
ambience_000597.pt,75,0,Yarkon,-10.294412612915039,10.61273193359375,34.09263229370117
ambience_000598.pt,75,0,Yarkon,-3.878573417663574,10.072977066040039,33.477638244628906
ambience_000599.pt,75,0,Yarkon,-8.001421928405762,11.384984016418457,37.280330657958984
ambience_000600.pt,75,0,Yarkon,-4.142429828643799,11.48344612121582,32.71135330200195
ambience_000601.pt,75,0,Yarkon,-1.5766197443008423,11.776841163635254,28.969022750854492
ambience_000602.pt,75,0,Yarkon,-0.6432230472564697,12.165934562683105,30.360225677490234
ambience_000603.pt,75,0,Yarkon,-2.401912212371826,12.627849578857422,33.55781936645508
ambience_000604.pt,75,0,Yarkon,-0.10583925247192383,13.469817161560059,28.353116989135742
ambience_000605.pt,75,0,Yarkon,0.5559917688369751,13.37995719909668,28.013259887695312
ambience_000606.pt,75,0,Yarkon,-0.47107619047164917,12.8634672164917,31.29755401611328
ambience_000607.pt,75,0,Yarkon,-2.6522674560546875,12.891363143920898,30.519195556640625
ambience_000608.pt,75,0,Yarkon,-1.2997568845748901,12.353693962097168,29.417987823486328
ambience_000609.pt,75,0,Yarkon,-2.2419605255126953,11.917856216430664,32.25800704956055
ambience_000610.pt,75,0,Yarkon,-5.236236095428467,12.217965126037598,36.4610595703125
ambience_000611.pt,75,0,Yarkon,-2.890392303466797,12.131879806518555,29.78244400024414
ambience_000612.pt,75,0,Yarkon,-2.627904176712036,12.40915584564209,29.522785186767578
ambience_000613.pt,75,0,Yarkon,0.15717358887195587,11.211688041687012,32.83929443359375
ambience_000614.pt,75,0,Yarkon,1.2057052850723267,11.421148300170898,28.570350646972656
ambience_000615.pt,75,0,Yarkon,-0.772594690322876,12.70681095123291,31.47035789489746
ambience_000616.pt,75,0,Yarkon,0.7399013638496399,12.987031936645508,31.46634864807129
ambience_000617.pt,75,0,Yarkon,1.8853760957717896,12.490031242370605,27.257211685180664
ambience_000618.pt,75,0,Yarkon,0.26275256276130676,13.183497428894043,29.489105224609375
ambience_000619.pt,75,0,Yarkon,0.332911878824234,13.372515678405762,26.63231086730957
ambience_000620.pt,75,0,Yarkon,0.6900259256362915,13.664647102355957,25.244272232055664
ambience_000621.pt,75,0,Yarkon,0.39601725339889526,13.246821403503418,28.99481964111328
ambience_000622.pt,75,0,Yarkon,0.4557960331439972,13.633398056030273,27.210506439208984
ambience_000623.pt,75,0,Yarkon,0.9449960589408875,13.961328506469727,25.79273223876953
ambience_000624.pt,75,0,Yarkon,1.845896601676941,13.779898643493652,25.160799026489258
ambience_000625.pt,75,0,Yarkon,1.2575949430465698,14.393041610717773,26.51595687866211
ambience_000626.pt,75,0,Yarkon,1.1285653114318848,14.636754989624023,24.821298599243164
ambience_000627.pt,75,0,Yarkon,-0.2580912411212921,14.68959903717041,31.958602905273438
ambience_000628.pt,75,0,Yarkon,-0.013264644891023636,14.074902534484863,27.964895248413086
ambience_000629.pt,75,0,Yarkon,0.6173640489578247,13.8815336227417,27.64571762084961
ambience_000630.pt,75,0,Yarkon,0.8834440112113953,13.86129093170166,26.062885284423828
ambience_000631.pt,75,0,Yarkon,3.3945298194885254,12.241949081420898,25.36321258544922
ambience_000632.pt,75,0,Yarkon,4.9336395263671875,11.210077285766602,24.1435604095459
ambience_000633.pt,75,0,Yarkon,3.218353033065796,12.431666374206543,24.190580368041992
ambience_000634.pt,75,0,Yarkon,1.119078516960144,13.385764122009277,26.15719985961914
ambience_000635.pt,75,0,Yarkon,0.6720542907714844,13.871500015258789,26.328821182250977
ambience_000636.pt,75,0,Yarkon,0.4414428472518921,14.138489723205566,28.55670166015625
ambience_000637.pt,75,0,Yarkon,-0.12329453974962234,14.19156551361084,27.436208724975586
ambience_000638.pt,75,0,Yarkon,2.574059247970581,13.038174629211426,26.09937286376953
ambience_000639.pt,75,0,Yarkon,1.1865941286087036,13.762280464172363,29.353103637695312
ambience_000640.pt,75,0,Yarkon,0.9796743392944336,14.310324668884277,25.688426971435547
ambience_000641.pt,75,0,Yarkon,-0.036788225173950195,14.750536918640137,24.786758422851562
ambience_000642.pt,75,0,Yarkon,-0.3615359365940094,14.299507141113281,31.06895637512207
ambience_000643.pt,75,0,Yarkon,-0.0014439712977036834,14.472614288330078,25.39189910888672
ambience_000644.pt,75,0,Yarkon,-0.6214170455932617,14.865604400634766,24.951250076293945
ambience_000645.pt,75,0,Yarkon,-0.37143489718437195,14.731399536132812,25.130815505981445
ambience_000646.pt,75,0,Yarkon,0.5195626616477966,13.649874687194824,33.72573471069336
ambience_000647.pt,75,0,Yarkon,1.416380524635315,13.850691795349121,27.901165008544922
ambience_000648.pt,75,0,Yarkon,1.5061333179473877,13.97146224975586,26.23103904724121
ambience_000649.pt,75,0,Yarkon,1.048911213874817,14.395625114440918,24.817392349243164
ambience_000650.pt,75,0,Yarkon,0.6971690058708191,14.6400728225708,27.07183074951172
ambience_000651.pt,75,0,Yarkon,1.238377571105957,14.2626953125,26.553449630737305
ambience_000652.pt,75,0,Yarkon,1.211599588394165,14.18756103515625,26.797761917114258
ambience_000653.pt,75,0,Yarkon,2.193560838699341,13.525151252746582,24.82678985595703
ambience_000654.pt,75,0,Yarkon,1.763689398765564,13.671890258789062,26.332916259765625
ambience_000655.pt,75,0,Yarkon,1.513795018196106,13.89586353302002,24.420873641967773
ambience_000656.pt,75,0,Yarkon,0.8768128752708435,14.21591854095459,24.674388885498047
ambience_000657.pt,75,0,Yarkon,0.5240695476531982,14.274477005004883,25.44438934326172
ambience_000658.pt,75,0,Yarkon,1.0963592529296875,14.123062133789062,24.092655181884766
ambience_000659.pt,75,0,Yarkon,2.058082103729248,13.470566749572754,25.821792602539062
ambience_000660.pt,75,0,Yarkon,0.5091351866722107,14.24060344696045,27.103452682495117
ambience_000661.pt,75,0,Yarkon,1.4522408246994019,13.464920043945312,25.437410354614258
ambience_000662.pt,75,0,Yarkon,1.2662138938903809,13.9470853805542,25.263883590698242
ambience_000663.pt,75,0,Yarkon,1.0247846841812134,13.08061695098877,30.20486068725586
ambience_000664.pt,75,0,Yarkon,0.6684347987174988,13.565119743347168,25.476940155029297
ambience_000665.pt,75,0,Yarkon,1.2554301023483276,13.687209129333496,26.310245513916016
ambience_000666.pt,75,0,Yarkon,1.5169930458068848,13.84634017944336,25.42340850830078
ambience_000667.pt,75,0,Yarkon,2.0382962226867676,13.289652824401855,25.980419158935547
ambience_000668.pt,75,0,Yarkon,0.956285834312439,14.235275268554688,26.452423095703125
ambience_000669.pt,75,0,Yarkon,0.786138117313385,14.068582534790039,26.346412658691406
ambience_000670.pt,75,0,Yarkon,0.9787446856498718,13.843419075012207,28.755197525024414
ambience_000671.pt,75,0,Yarkon,1.4534903764724731,13.482589721679688,25.142929077148438
ambience_000672.pt,75,0,Yarkon,1.1367512941360474,13.478032112121582,25.01425552368164
ambience_000673.pt,75,0,Yarkon,0.9077069759368896,13.382246017456055,25.477773666381836
ambience_000674.pt,75,0,Yarkon,1.340813398361206,13.505342483520508,26.323169708251953
ambience_000675.pt,75,0,Yarkon,1.0310711860656738,13.763002395629883,26.42740249633789
ambience_000676.pt,75,0,Yarkon,1.1758379936218262,13.670371055603027,27.270130157470703
ambience_000677.pt,75,0,Yarkon,1.5451174974441528,13.197708129882812,24.54833221435547
ambience_000678.pt,75,0,Yarkon,1.6914092302322388,13.158167839050293,26.100366592407227
ambience_000679.pt,75,0,Yarkon,1.4786442518234253,12.925183296203613,29.549922943115234
ambience_000680.pt,75,0,Yarkon,1.63251531124115,12.788620948791504,27.406225204467773
ambience_000681.pt,75,0,Yarkon,1.4046260118484497,12.665162086486816,26.550617218017578
ambience_000682.pt,75,0,Yarkon,1.5382499694824219,12.375664710998535,26.90725326538086
ambience_000683.pt,75,0,Yarkon,0.6364314556121826,12.432089805603027,28.746036529541016
ambience_000684.pt,75,0,Yarkon,0.5577611327171326,12.609704971313477,27.21364974975586
ambience_000685.pt,75,0,Yarkon,0.7244102954864502,12.527824401855469,26.33605194091797
ambience_000686.pt,75,0,Yarkon,1.0970244407653809,12.74207592010498,26.487972259521484
ambience_000687.pt,75,0,Yarkon,1.8291916847229004,12.261555671691895,26.73556900024414
ambience_000688.pt,75,0,Yarkon,1.4094626903533936,12.410248756408691,28.38798713684082
ambience_000689.pt,75,0,Yarkon,0.9391882419586182,12.229904174804688,29.387128829956055
ambience_000690.pt,75,0,Yarkon,0.9124589562416077,12.847094535827637,26.893558502197266
ambience_000691.pt,75,0,Yarkon,1.426115870475769,12.432455062866211,25.640108108520508
ambience_000692.pt,75,0,Yarkon,2.1415135860443115,11.459117889404297,27.38282012939453
ambience_000693.pt,75,0,Yarkon,2.421386957168579,10.75228214263916,27.775035858154297
ambience_000694.pt,75,0,Yarkon,0.39842188358306885,10.948690414428711,30.01944351196289
ambience_000695.pt,75,0,Yarkon,1.4599038362503052,10.767417907714844,30.62177848815918
ambience_000696.pt,75,0,Yarkon,-4.051376819610596,11.44593620300293,31.106740951538086
ambience_000697.pt,75,0,Yarkon,-11.14577865600586,12.385114669799805,37.89989471435547
ambience_000698.pt,75,0,Yarkon,-8.728959083557129,11.837410926818848,37.31011962890625
ambience_000699.pt,75,0,Yarkon,-9.434569358825684,12.67937183380127,35.967063903808594
ambience_000700.pt,75,0,Yarkon,-3.2519490718841553,12.679980278015137,29.991424560546875
ambience_000701.pt,75,0,Yarkon,-3.7179791927337646,13.469639778137207,32.748321533203125
ambience_000702.pt,75,0,Yarkon,-4.686751365661621,14.336246490478516,34.569705963134766
ambience_000703.pt,75,0,Yarkon,-1.2870523929595947,13.61307430267334,32.10542678833008
ambience_000704.pt,75,0,Yarkon,-4.471471309661865,15.053642272949219,31.1766357421875
ambience_000705.pt,75,0,Yarkon,-2.3944640159606934,14.928876876831055,27.172664642333984
ambience_000706.pt,75,0,Yarkon,-1.6416935920715332,14.713207244873047,28.647235870361328
ambience_000707.pt,75,0,Yarkon,-1.8350296020507812,15.217639923095703,25.49921417236328
ambience_000708.pt,75,0,Yarkon,-1.7331541776657104,15.1777925491333,26.64823341369629
ambience_000709.pt,75,0,Yarkon,-1.4998869895935059,15.148265838623047,26.128917694091797
ambience_000710.pt,75,0,Yarkon,-1.3236273527145386,14.967682838439941,26.09870719909668
ambience_000711.pt,75,0,Yarkon,-0.88702791929245,14.60152816772461,27.2388858795166
ambience_000712.pt,75,0,Yarkon,-0.7486425638198853,14.766863822937012,27.114097595214844
ambience_000713.pt,75,0,Yarkon,-1.2873032093048096,14.906770706176758,29.499881744384766
ambience_000714.pt,75,0,Yarkon,-0.5091714262962341,15.100302696228027,24.407955169677734
ambience_000715.pt,75,0,Yarkon,-0.2379799485206604,15.143915176391602,25.003761291503906
ambience_000716.pt,75,0,Yarkon,-0.017004620283842087,15.043543815612793,23.755836486816406
ambience_000717.pt,75,0,Yarkon,-0.30890464782714844,14.782401084899902,28.812213897705078
ambience_000718.pt,75,0,Yarkon,-0.9297418594360352,14.969856262207031,31.833393096923828
ambience_000719.pt,75,0,Yarkon,0.6608240604400635,14.477263450622559,25.275325775146484
ambience_000720.pt,75,0,Yarkon,1.9702125787734985,13.409584999084473,24.303180694580078
ambience_000721.pt,75,0,Yarkon,1.8025001287460327,14.044944763183594,24.325559616088867
ambience_000722.pt,75,0,Yarkon,2.1183691024780273,13.763143539428711,26.155527114868164
ambience_000723.pt,75,0,Yarkon,2.9344239234924316,12.847463607788086,26.40395736694336
ambience_000724.pt,75,0,Yarkon,3.1983072757720947,12.72130012512207,26.39978790283203
ambience_000725.pt,75,0,Yarkon,3.4589884281158447,12.0404691696167,25.26959991455078
ambience_000726.pt,75,0,Yarkon,2.85845947265625,12.535415649414062,25.161409378051758
ambience_000727.pt,75,0,Yarkon,5.134998798370361,10.700597763061523,26.073503494262695
ambience_000728.pt,75,0,Yarkon,2.623239755630493,12.852850914001465,27.59334373474121
ambience_000729.pt,75,0,Yarkon,3.7628867626190186,11.776396751403809,31.024072647094727
ambience_000730.pt,75,0,Yarkon,3.952498435974121,11.982170104980469,30.917354583740234
ambience_000731.pt,75,0,Yarkon,1.9412742853164673,13.303105354309082,24.456092834472656
ambience_000732.pt,75,0,Yarkon,2.7885494232177734,12.557896614074707,25.541370391845703
ambience_000733.pt,75,0,Yarkon,2.517956018447876,12.622193336486816,25.22027587890625
ambience_000734.pt,75,0,Yarkon,2.584383964538574,12.886195182800293,25.677289962768555
ambience_000735.pt,75,0,Yarkon,2.089921712875366,12.693081855773926,27.892642974853516
ambience_000736.pt,75,0,Yarkon,2.3983154296875,12.60615062713623,28.834993362426758
ambience_000737.pt,75,0,Yarkon,-0.6959909200668335,11.975811004638672,35.32698059082031
ambience_000738.pt,75,0,Yarkon,-2.966356039047241,12.867588996887207,35.27769088745117
ambience_000739.pt,75,0,Yarkon,-6.891446113586426,14.065476417541504,34.70240783691406
ambience_000740.pt,75,0,Yarkon,-1.6596490144729614,13.2848482131958,33.245662689208984
ambience_000741.pt,75,0,Yarkon,1.2095750570297241,13.849573135375977,27.930980682373047
ambience_000742.pt,75,0,Yarkon,1.7200305461883545,13.292923927307129,26.296466827392578
ambience_000743.pt,75,0,Yarkon,-0.8424184918403625,14.18139934539795,33.66514587402344
ambience_000744.pt,75,0,Yarkon,-0.38810837268829346,14.492813110351562,27.87867546081543
ambience_000745.pt,75,0,Yarkon,-0.3348560333251953,14.219844818115234,33.70146179199219
ambience_000746.pt,75,0,Yarkon,-0.3095542788505554,14.613115310668945,28.42247200012207
ambience_000747.pt,75,0,Yarkon,-0.6289777755737305,14.484044075012207,36.473838806152344
ambience_000748.pt,75,0,Yarkon,-5.296568870544434,15.10702896118164,33.64805603027344
ambience_000749.pt,75,0,Yarkon,-5.144409656524658,14.843920707702637,31.998985290527344
ambience_000750.pt,75,0,Yarkon,-3.1294965744018555,14.712770462036133,32.00166320800781
ambience_000751.pt,75,0,Yarkon,-2.086841344833374,14.041377067565918,32.17938995361328
ambience_000752.pt,75,0,Yarkon,-7.25184440612793,13.445192337036133,35.28506088256836
ambience_000753.pt,75,0,Yarkon,-6.754673957824707,12.953256607055664,33.913516998291016
ambience_000754.pt,75,0,Yarkon,-0.9968712329864502,12.951312065124512,29.312759399414062
ambience_000755.pt,75,0,Yarkon,-1.4915554523468018,11.739911079406738,33.02303695678711
ambience_000756.pt,75,0,Yarkon,-4.281709671020508,11.759571075439453,32.597232818603516
ambience_000757.pt,75,0,Yarkon,-4.562821865081787,12.02801513671875,33.48944854736328
ambience_000758.pt,75,0,Yarkon,-4.101632595062256,12.487899780273438,32.206478118896484
ambience_000759.pt,75,0,Yarkon,-3.0272719860076904,12.92137336730957,31.004159927368164
ambience_000760.pt,75,0,Yarkon,-1.080715537071228,12.811776161193848,29.494991302490234
ambience_000761.pt,75,0,Yarkon,1.2697710990905762,12.740340232849121,28.378808975219727
ambience_000762.pt,75,0,Yarkon,1.0923895835876465,13.456825256347656,26.592708587646484
ambience_000763.pt,75,0,Yarkon,-0.21008795499801636,13.04604721069336,27.58405303955078
ambience_000764.pt,75,0,Yarkon,-1.62824547290802,12.628219604492188,29.57036590576172
ambience_000765.pt,75,0,Yarkon,-2.1086981296539307,12.478022575378418,31.6829776763916
ambience_000766.pt,75,0,Yarkon,-1.491204857826233,11.153885841369629,30.148820877075195
ambience_000767.pt,75,0,Yarkon,0.05631566047668457,10.111056327819824,31.98501205444336
ambience_000768.pt,75,0,Yarkon,-0.08303473144769669,10.963248252868652,30.58776092529297
ambience_000769.pt,75,0,Yarkon,0.7422829270362854,10.426362991333008,32.414695739746094
ambience_000770.pt,75,0,Yarkon,1.0270534753799438,12.13222599029541,30.05803680419922
ambience_000771.pt,75,0,Yarkon,1.8382415771484375,12.381433486938477,27.322500228881836
ambience_000772.pt,75,0,Yarkon,1.6054725646972656,12.677290916442871,27.46539878845215
ambience_000773.pt,75,0,Yarkon,1.8533676862716675,13.067410469055176,27.4589900970459
ambience_000774.pt,75,0,Yarkon,1.4015330076217651,13.060803413391113,27.34966278076172
ambience_000775.pt,75,0,Yarkon,1.4038234949111938,13.295943260192871,25.887313842773438
ambience_000776.pt,75,0,Yarkon,0.5388566851615906,13.818526268005371,26.77001953125
ambience_000777.pt,75,0,Yarkon,1.8174175024032593,12.977355003356934,25.30016326904297
ambience_000778.pt,75,0,Yarkon,1.1009341478347778,13.376360893249512,26.307649612426758
ambience_000779.pt,75,0,Yarkon,0.7367042303085327,13.288406372070312,27.371681213378906
ambience_000780.pt,75,0,Yarkon,1.2041951417922974,13.479216575622559,24.63372230529785
ambience_000781.pt,75,0,Yarkon,1.4201067686080933,12.994245529174805,26.556034088134766
ambience_000782.pt,75,0,Yarkon,1.4242055416107178,13.256918907165527,25.972949981689453
ambience_000783.pt,75,0,Yarkon,0.8830261826515198,14.023369789123535,26.34676742553711
ambience_000784.pt,75,0,Yarkon,2.2493627071380615,13.436993598937988,24.787370681762695
ambience_000785.pt,75,0,Yarkon,2.9085044860839844,13.381617546081543,24.731449127197266
ambience_000786.pt,75,0,Yarkon,2.792332410812378,13.18098258972168,25.79033088684082
ambience_000787.pt,75,0,Yarkon,1.5498321056365967,14.092522621154785,25.196744918823242
ambience_000788.pt,75,0,Yarkon,0.6094533801078796,14.651938438415527,24.733341217041016
ambience_000789.pt,75,0,Yarkon,-0.0613468773663044,14.942912101745605,25.170944213867188
ambience_000790.pt,75,0,Yarkon,-1.41428804397583,15.043412208557129,33.06511306762695
ambience_000791.pt,75,0,Yarkon,-1.0561717748641968,14.573472023010254,35.94447326660156
ambience_000792.pt,75,0,Yarkon,1.3010038137435913,13.892129898071289,28.11480712890625
ambience_000793.pt,75,0,Yarkon,0.6857779026031494,14.782873153686523,28.716007232666016
ambience_000794.pt,75,0,Yarkon,0.5500904321670532,14.714410781860352,27.012004852294922
ambience_000795.pt,75,0,Yarkon,1.631068468093872,13.96055793762207,25.479394912719727
ambience_000796.pt,75,0,Yarkon,1.7892330884933472,14.027514457702637,25.969684600830078
ambience_000797.pt,75,0,Yarkon,1.2972958087921143,14.38770580291748,27.128870010375977
ambience_000798.pt,75,0,Yarkon,1.8823730945587158,13.952801704406738,26.143091201782227
ambience_000799.pt,75,0,Yarkon,1.9603008031845093,13.515205383300781,27.91660499572754
ambience_000800.pt,75,0,Yarkon,1.9057743549346924,13.16553783416748,25.759401321411133
ambience_000801.pt,75,0,Yarkon,-0.41520917415618896,13.64494514465332,29.061683654785156
ambience_000802.pt,75,0,Yarkon,-0.5359542965888977,13.824262619018555,32.000244140625
ambience_000803.pt,75,0,Yarkon,-1.1944926977157593,13.97230339050293,28.555204391479492
ambience_000804.pt,75,0,Yarkon,0.31985825300216675,13.797980308532715,30.1197452545166
ambience_000805.pt,75,0,Yarkon,1.1150845289230347,13.768037796020508,26.61878204345703
ambience_000806.pt,75,0,Yarkon,0.987338662147522,14.07371997833252,25.729455947875977
ambience_000807.pt,75,0,Yarkon,1.504729151725769,13.745896339416504,25.576631546020508
ambience_000808.pt,75,0,Yarkon,1.2780189514160156,13.583767890930176,26.777759552001953
ambience_000809.pt,75,0,Yarkon,0.255367249250412,14.145574569702148,25.164703369140625
ambience_000810.pt,75,0,Yarkon,0.20840109884738922,13.838719367980957,25.621049880981445
ambience_000811.pt,75,0,Yarkon,-0.16830839216709137,13.831984519958496,25.591432571411133
ambience_000812.pt,75,0,Yarkon,-0.44715163111686707,13.416302680969238,26.04377555847168
ambience_000813.pt,75,0,Yarkon,0.0749366357922554,12.85865592956543,26.575925827026367
ambience_000814.pt,75,0,Yarkon,-1.8481281995773315,13.439362525939941,27.655534744262695
ambience_000815.pt,75,0,Yarkon,-0.3430615961551666,13.318029403686523,28.62169647216797
ambience_000816.pt,75,0,Yarkon,1.0244923830032349,12.541589736938477,30.173892974853516
ambience_000817.pt,75,0,Yarkon,-0.6177054047584534,13.079519271850586,29.04861831665039
ambience_000818.pt,75,0,Yarkon,-2.8174784183502197,13.825165748596191,33.309173583984375
ambience_000819.pt,75,0,Yarkon,-6.650088310241699,14.877584457397461,32.35947036743164
ambience_000820.pt,75,0,Yarkon,-3.6921989917755127,13.614500045776367,32.34877014160156
ambience_000821.pt,75,0,Yarkon,-2.2791879177093506,12.549250602722168,31.804162979125977
ambience_000822.pt,75,0,Yarkon,-4.904681205749512,13.083022117614746,34.53699493408203
ambience_000823.pt,75,0,Yarkon,-1.863380789756775,12.40258502960205,32.06217956542969
ambience_000824.pt,75,0,Yarkon,-1.262466311454773,11.771696090698242,31.559528350830078
ambience_000825.pt,75,0,Yarkon,-1.6374369859695435,11.275501251220703,29.77825164794922
ambience_000826.pt,75,0,Yarkon,1.173913598060608,10.933128356933594,31.18402099609375
ambience_000827.pt,75,0,Yarkon,-9.166507720947266,11.602067947387695,38.55613327026367
ambience_000828.pt,75,0,Yarkon,-7.540739059448242,12.13118839263916,32.60409927368164
ambience_000829.pt,75,0,Yarkon,-13.740589141845703,15.160149574279785,31.748050689697266
ambience_000830.pt,75,0,Yarkon,-13.49573040008545,14.963759422302246,32.75727844238281
ambience_000831.pt,75,0,Yarkon,-8.841121673583984,14.371113777160645,31.526592254638672
ambience_000832.pt,75,0,Yarkon,-8.7243070602417,14.64830207824707,32.09783172607422
ambience_000833.pt,75,0,Yarkon,-11.866729736328125,14.836694717407227,37.25159454345703
ambience_000834.pt,75,0,Yarkon,-10.424994468688965,14.385859489440918,32.45451354980469
ambience_000835.pt,75,0,Yarkon,-12.578868865966797,13.806262969970703,35.94245529174805
ambience_000836.pt,75,0,Yarkon,-13.450164794921875,14.18490982055664,35.59833908081055
ambience_000837.pt,75,0,Yarkon,-9.107466697692871,11.56740665435791,34.299842834472656
ambience_000838.pt,75,0,Yarkon,-6.684059143066406,10.815092086791992,34.370853424072266
ambience_000839.pt,75,0,Yarkon,-5.122901439666748,10.215790748596191,32.96146774291992
ambience_000840.pt,75,0,Yarkon,-5.958887100219727,10.782098770141602,35.31807327270508
ambience_000841.pt,75,0,Yarkon,-4.234776973724365,10.819085121154785,36.484554290771484
ambience_000842.pt,75,0,Yarkon,-3.1001527309417725,11.31412410736084,35.63285446166992
ambience_000843.pt,75,0,Yarkon,-2.574932098388672,11.342811584472656,32.53327178955078
ambience_000844.pt,75,0,Yarkon,-2.875986099243164,11.3451509475708,34.71793746948242
ambience_000845.pt,75,0,Yarkon,-0.9209697842597961,11.061578750610352,34.534423828125
ambience_000846.pt,75,0,Yarkon,0.9900152087211609,11.4528226852417,30.12925910949707
ambience_000847.pt,75,0,Yarkon,1.2825242280960083,11.25157356262207,28.2680606842041
ambience_000848.pt,75,0,Yarkon,-4.815426826477051,11.401598930358887,34.733985900878906
ambience_000849.pt,75,0,Yarkon,-11.035503387451172,15.101354598999023,34.22259521484375
ambience_000850.pt,75,0,Yarkon,-14.021718978881836,14.2277250289917,32.016510009765625
ambience_000851.pt,75,0,Yarkon,-8.062301635742188,11.742656707763672,31.446582794189453
ambience_000852.pt,75,0,Yarkon,-3.226196527481079,11.36609172821045,34.74489212036133
ambience_000853.pt,75,0,Yarkon,-7.022313117980957,12.301907539367676,32.012027740478516
ambience_000854.pt,75,0,Yarkon,-4.926872730255127,12.679920196533203,32.35918045043945
ambience_000855.pt,75,0,Yarkon,-5.666557312011719,13.374622344970703,31.57341766357422
ambience_000856.pt,75,0,Yarkon,-12.142078399658203,15.151128768920898,30.725391387939453
ambience_000857.pt,75,0,Yarkon,-12.54299259185791,15.903203010559082,32.383827209472656
ambience_000858.pt,75,0,Yarkon,-12.995162010192871,15.05221176147461,32.56037139892578
ambience_000859.pt,75,0,Yarkon,-15.308394432067871,15.998089790344238,32.632293701171875
ambience_000860.pt,75,0,Yarkon,-14.629344940185547,15.966784477233887,32.17626190185547
ambience_000861.pt,75,0,Yarkon,-14.682046890258789,15.115829467773438,32.11693572998047
ambience_000862.pt,75,0,Yarkon,-15.088399887084961,16.01467514038086,31.265230178833008
ambience_000863.pt,75,0,Yarkon,-13.457687377929688,15.456997871398926,30.59060287475586
ambience_000864.pt,75,0,Yarkon,-12.1699800491333,15.019585609436035,33.6440544128418
ambience_000865.pt,75,0,Yarkon,-11.6996488571167,14.946433067321777,32.01596450805664
ambience_000866.pt,75,0,Yarkon,-5.23006010055542,13.799433708190918,35.150177001953125
ambience_000867.pt,75,0,Yarkon,-10.330760955810547,14.959219932556152,32.23974609375
ambience_000868.pt,75,0,Yarkon,-6.454315185546875,14.573521614074707,33.565025329589844
ambience_000869.pt,75,0,Yarkon,-4.1744065284729,14.452194213867188,33.96359634399414
ambience_000870.pt,75,0,Yarkon,-2.0774497985839844,14.22482681274414,32.15172576904297
ambience_000871.pt,75,0,Yarkon,-2.597032308578491,14.786215782165527,33.0128173828125
ambience_000872.pt,75,0,Yarkon,-1.1708948612213135,14.733298301696777,28.956327438354492
ambience_000873.pt,75,0,Yarkon,-0.7974708080291748,14.62793254852295,28.107891082763672
ambience_000874.pt,75,0,Yarkon,-3.7562525272369385,15.26608657836914,31.097549438476562
ambience_000875.pt,75,0,Yarkon,-2.1004111766815186,15.226672172546387,33.12686538696289
ambience_000876.pt,75,0,Yarkon,-2.7161777019500732,15.541701316833496,32.013092041015625
ambience_000877.pt,75,0,Yarkon,-4.732268810272217,15.197639465332031,31.46643829345703
ambience_000878.pt,75,0,Yarkon,-3.8724164962768555,15.010075569152832,30.963552474975586
ambience_000879.pt,75,0,Yarkon,-3.8200316429138184,14.935880661010742,31.314172744750977
ambience_000880.pt,75,0,Yarkon,-6.927389621734619,15.17837905883789,35.66600799560547
ambience_000881.pt,75,0,Yarkon,-3.0303046703338623,14.528878211975098,31.363811492919922
ambience_000882.pt,75,0,Yarkon,-6.393116474151611,14.50700855255127,33.6299934387207
ambience_000883.pt,75,0,Yarkon,-9.386778831481934,15.124307632446289,34.63487243652344
ambience_000884.pt,75,0,Yarkon,-11.891778945922852,15.954627990722656,32.63923263549805
ambience_000885.pt,75,0,Yarkon,-11.026590347290039,15.506356239318848,31.6641845703125
ambience_000886.pt,75,0,Yarkon,-10.454094886779785,14.750589370727539,35.378841400146484
ambience_000887.pt,75,0,Yarkon,-12.894818305969238,15.448320388793945,31.01507568359375
ambience_000888.pt,75,0,Yarkon,-9.858888626098633,14.701803207397461,29.627702713012695
ambience_000889.pt,75,0,Yarkon,-9.026518821716309,14.477038383483887,32.735469818115234
ambience_000890.pt,75,0,Yarkon,-8.56723690032959,14.24549388885498,32.46829605102539
ambience_000891.pt,75,0,Yarkon,-7.454295635223389,13.472237586975098,34.49687957763672
ambience_000892.pt,75,0,Yarkon,-5.364875793457031,13.365900039672852,33.749786376953125
ambience_000893.pt,75,0,Yarkon,-1.2416859865188599,13.178335189819336,33.57050704956055
ambience_000894.pt,75,0,Yarkon,-0.07597272843122482,13.493460655212402,28.965438842773438
ambience_000895.pt,75,0,Yarkon,-0.4060470759868622,13.778780937194824,34.882999420166016
ambience_000896.pt,75,0,Yarkon,1.5900397300720215,13.265694618225098,25.510021209716797
ambience_000897.pt,75,0,Yarkon,1.6139084100723267,12.989789962768555,25.7567195892334
ambience_000898.pt,75,0,Yarkon,0.254445880651474,13.54772663116455,32.35224533081055
ambience_000899.pt,75,0,Yarkon,-2.1882896423339844,14.491755485534668,35.38946533203125
ambience_000900.pt,75,0,Yarkon,0.40393170714378357,13.769438743591309,25.835060119628906
ambience_000901.pt,75,0,Yarkon,0.6793412566184998,13.67512035369873,26.734220504760742
ambience_000902.pt,75,0,Yarkon,0.7046019434928894,13.347264289855957,29.472400665283203
ambience_000903.pt,75,0,Yarkon,0.7127466201782227,13.896513938903809,26.708580017089844
ambience_000904.pt,75,0,Yarkon,1.1526923179626465,13.753864288330078,26.731101989746094
ambience_000905.pt,75,0,Yarkon,1.128512978553772,13.58983039855957,28.493732452392578
ambience_000906.pt,75,0,Yarkon,1.2090765237808228,13.602103233337402,28.87645721435547
ambience_000907.pt,75,0,Yarkon,0.5214994549751282,13.418597221374512,26.262454986572266
ambience_000908.pt,75,0,Yarkon,-0.6096914410591125,13.014863014221191,29.884225845336914
ambience_000909.pt,75,0,Yarkon,0.43355223536491394,12.5818510055542,34.89961242675781
ambience_000910.pt,75,0,Yarkon,-4.252682685852051,12.783418655395508,37.990234375
ambience_000911.pt,75,0,Yarkon,1.417295217514038,12.826273918151855,27.835002899169922
ambience_000912.pt,75,0,Yarkon,0.567121148109436,13.156015396118164,27.809921264648438
ambience_000913.pt,75,0,Yarkon,1.333602786064148,12.77397632598877,28.40106964111328
ambience_000914.pt,75,0,Yarkon,1.4604401588439941,11.894229888916016,27.73712921142578
ambience_000915.pt,75,0,Yarkon,1.2961724996566772,12.23943042755127,26.541587829589844
ambience_000916.pt,75,0,living-room,-16.253318786621094,8.146169662475586,14.332561492919922
ambience_000917.pt,75,0,living-room,-15.826651573181152,8.065228462219238,15.784135818481445
ambience_000918.pt,75,0,living-room,-15.953510284423828,8.095139503479004,14.630416870117188
ambience_000919.pt,75,0,living-room,-16.433622360229492,8.173457145690918,14.331302642822266
ambience_000920.pt,75,0,living-room,-16.49199867248535,7.905523777008057,15.535391807556152
ambience_000921.pt,75,0,living-room,-16.116504669189453,7.833032131195068,13.90261173248291
ambience_000922.pt,75,0,living-room,-16.57300567626953,7.948646068572998,13.271106719970703
ambience_000923.pt,75,0,living-room,-14.68335247039795,7.6025824546813965,13.97499942779541
ambience_000924.pt,75,0,living-room,-9.996625900268555,5.808313369750977,14.919334411621094
ambience_000925.pt,75,0,living-room,-9.910049438476562,6.1202802658081055,14.971750259399414
ambience_000926.pt,75,0,living-room,-13.462570190429688,7.167516708374023,14.416313171386719
ambience_000927.pt,75,0,living-room,-11.683167457580566,7.575063705444336,14.67524528503418
ambience_000928.pt,75,0,living-room,-11.365843772888184,6.554407596588135,16.634138107299805
ambience_000929.pt,75,0,living-room,-13.348651885986328,6.697675704956055,14.426691055297852
ambience_000930.pt,75,0,living-room,-13.338703155517578,7.297141075134277,17.590852737426758
ambience_000931.pt,75,0,living-room,-15.158032417297363,7.729300022125244,15.564216613769531
ambience_000932.pt,75,0,living-room,-11.945148468017578,6.53603458404541,14.987200736999512
ambience_000933.pt,75,0,living-room,-15.54311466217041,7.464066028594971,17.009981155395508
ambience_000934.pt,75,0,living-room,-15.677651405334473,7.786805152893066,17.020828247070312
ambience_000935.pt,75,0,living-room,-15.209583282470703,7.834903240203857,16.58926773071289
ambience_000936.pt,75,0,living-room,-15.211808204650879,7.854380130767822,15.770159721374512
ambience_000937.pt,75,0,living-room,-15.68603229522705,7.754283905029297,14.986770629882812
ambience_000938.pt,75,0,living-room,-15.936513900756836,7.956515789031982,17.71766471862793
ambience_000939.pt,75,0,living-room,-15.849593162536621,7.522493362426758,18.337337493896484
ambience_000940.pt,75,0,living-room,-15.9634370803833,7.8520402908325195,16.344242095947266
ambience_000941.pt,75,0,living-room,-15.824837684631348,8.004791259765625,20.716796875
ambience_000942.pt,75,0,living-room,-16.21202850341797,7.7857747077941895,16.22808837890625
ambience_000943.pt,75,0,living-room,-15.632006645202637,7.648913383483887,15.309599876403809
ambience_000944.pt,75,0,living-room,-15.402108192443848,7.833704471588135,14.072522163391113
ambience_000945.pt,75,0,living-room,-15.68869686126709,8.006601333618164,15.5531005859375
ambience_000946.pt,75,0,living-room,-15.555004119873047,7.6866607666015625,15.032931327819824
ambience_000947.pt,75,0,living-room,-15.6751127243042,7.9528069496154785,15.03644847869873
ambience_000948.pt,75,0,living-room,-16.152814865112305,7.760921001434326,13.966456413269043
ambience_000949.pt,75,0,living-room,-16.034990310668945,7.684617519378662,15.316614151000977
ambience_000950.pt,75,0,living-room,-15.296850204467773,7.877956867218018,14.203277587890625
ambience_000951.pt,75,0,living-room,-15.059586524963379,7.920693397521973,17.483919143676758
ambience_000952.pt,75,0,living-room,-16.134370803833008,7.719119548797607,14.056549072265625
ambience_000953.pt,75,0,living-room,-16.24305534362793,7.80131721496582,15.815214157104492
ambience_000954.pt,75,0,living-room,-15.959866523742676,7.7185378074646,14.512863159179688
ambience_000955.pt,75,0,living-room,-15.752361297607422,7.6672892570495605,14.15307903289795
ambience_000956.pt,75,0,living-room,-15.69430160522461,7.7645440101623535,15.562602996826172
ambience_000957.pt,75,0,living-room,-15.267559051513672,7.749862194061279,18.66712188720703
ambience_000958.pt,75,0,living-room,-14.995870590209961,7.875497817993164,17.173145294189453
ambience_000959.pt,75,0,living-room,-15.538525581359863,7.6343584060668945,14.435464859008789
ambience_000960.pt,75,0,living-room,-15.479998588562012,7.891768455505371,17.779422760009766
ambience_000961.pt,75,0,living-room,-15.138567924499512,7.917525291442871,15.946563720703125
ambience_000962.pt,75,0,living-room,-15.938915252685547,7.954122543334961,16.128856658935547
ambience_000963.pt,75,0,living-room,-15.663034439086914,8.083761215209961,16.202632904052734
ambience_000964.pt,75,0,living-room,-15.287087440490723,8.239021301269531,16.215797424316406
ambience_000965.pt,75,0,living-room,-15.440998077392578,7.883414268493652,13.929709434509277
ambience_000966.pt,75,0,living-room,-15.681876182556152,7.639280796051025,14.832481384277344
ambience_000967.pt,75,0,living-room,-16.191707611083984,7.787211894989014,14.776028633117676
ambience_000968.pt,75,0,living-room,-15.850079536437988,7.831283092498779,13.527299880981445
ambience_000969.pt,75,0,living-room,-16.094419479370117,7.856044292449951,14.846797943115234
ambience_000970.pt,75,0,living-room,-15.996420860290527,7.974991321563721,14.772642135620117
ambience_000971.pt,75,0,living-room,-15.543121337890625,7.844484329223633,15.753019332885742
ambience_000972.pt,75,0,living-room,-15.609170913696289,7.960403919219971,15.238079071044922
ambience_000973.pt,75,0,living-room,-15.751931190490723,7.738898754119873,17.174474716186523
ambience_000974.pt,75,0,living-room,-16.032121658325195,7.844407081604004,13.898449897766113
ambience_000975.pt,75,0,living-room,-15.221356391906738,8.470466613769531,17.316553115844727
ambience_000976.pt,75,0,living-room,-15.371051788330078,8.388455390930176,17.531742095947266
ambience_000977.pt,75,0,living-room,-15.890462875366211,7.862668514251709,13.776021957397461
ambience_000978.pt,75,0,living-room,-15.680737495422363,7.799384593963623,17.35862159729004
ambience_000979.pt,75,0,living-room,-15.683887481689453,7.983914852142334,18.581714630126953
ambience_000980.pt,75,0,living-room,-15.46389389038086,7.950153350830078,14.620096206665039
ambience_000981.pt,75,0,living-room,-16.065086364746094,7.703856945037842,14.298625946044922
ambience_000982.pt,75,0,living-room,-16.479001998901367,7.7216339111328125,13.735441207885742
ambience_000983.pt,75,0,living-room,-15.906295776367188,7.966447830200195,14.285837173461914
ambience_000984.pt,75,0,living-room,-16.11395835876465,7.895543575286865,14.714756965637207
ambience_000985.pt,75,0,living-room,-15.861566543579102,8.036404609680176,17.03752326965332
ambience_000986.pt,75,0,living-room,-15.720391273498535,7.899635314941406,18.282869338989258
ambience_000987.pt,75,0,living-room,-16.146827697753906,7.901643753051758,14.469338417053223
ambience_000988.pt,75,0,living-room,-16.293581008911133,7.785747528076172,14.888925552368164
ambience_000989.pt,75,0,living-room,-16.272693634033203,7.672860622406006,15.573991775512695
ambience_000990.pt,75,0,living-room,-15.909032821655273,8.028450965881348,16.26343536376953
ambience_000991.pt,75,0,living-room,-15.983126640319824,7.954849720001221,15.670682907104492
ambience_000992.pt,75,0,living-room,-16.05127716064453,7.978639602661133,14.38292407989502
ambience_000993.pt,75,0,living-room,-15.919656753540039,7.768999099731445,16.66172981262207
ambience_000994.pt,75,0,living-room,-16.070356369018555,7.780004501342773,13.69952392578125
ambience_000995.pt,75,0,living-room,-16.17865562438965,7.803246021270752,14.710064888000488
ambience_000996.pt,75,0,living-room,-15.936786651611328,7.776651382446289,14.660335540771484
ambience_000997.pt,75,0,living-room,-15.897573471069336,7.791512489318848,15.40406608581543
ambience_000998.pt,75,0,living-room,-15.614226341247559,7.742599010467529,14.795900344848633
ambience_000999.pt,75,0,living-room,-15.537941932678223,7.650479793548584,14.145512580871582
ambience_001000.pt,75,0,living-room,-15.64963436126709,7.803504943847656,14.626797676086426
ambience_001001.pt,75,0,living-room,-15.87302303314209,7.855085372924805,14.538187026977539
ambience_001002.pt,75,0,living-room,-16.02899932861328,7.783209800720215,14.475833892822266
ambience_001003.pt,75,0,living-room,-15.888294219970703,7.8183207511901855,14.151926040649414
ambience_001004.pt,75,0,living-room,-16.082853317260742,7.86435079574585,19.837677001953125
ambience_001005.pt,75,0,living-room,-15.548810005187988,7.947112560272217,18.178936004638672
ambience_001006.pt,75,0,living-room,-15.620502471923828,8.020212173461914,19.058422088623047
ambience_001007.pt,75,0,living-room,-15.706168174743652,8.110692977905273,18.877389907836914
ambience_001008.pt,75,0,living-room,-16.00167465209961,7.914406776428223,19.06305694580078
ambience_001009.pt,75,0,living-room,-16.165756225585938,8.114654541015625,19.268360137939453
ambience_001010.pt,75,0,living-room,-16.07935905456543,8.035762786865234,18.605783462524414
ambience_001011.pt,75,0,living-room,-16.071449279785156,8.093552589416504,19.377281188964844
ambience_001012.pt,75,0,living-room,-15.82812213897705,8.044196128845215,18.79036521911621
ambience_001013.pt,75,0,living-room,-15.757272720336914,7.80283260345459,19.036441802978516
ambience_001014.pt,75,0,living-room,-15.951409339904785,7.778887748718262,19.15744400024414
ambience_001015.pt,75,0,living-room,-15.679229736328125,7.783574104309082,19.408634185791016
ambience_001016.pt,75,0,living-room,-15.348544120788574,8.071335792541504,19.444581985473633
ambience_001017.pt,75,0,living-room,-15.666953086853027,8.115799903869629,18.528507232666016
ambience_001018.pt,75,0,living-room,-15.601248741149902,8.0003662109375,19.605257034301758
ambience_001019.pt,75,0,living-room,-15.89660358428955,8.157526016235352,20.41170883178711
ambience_001020.pt,75,0,living-room,-15.315959930419922,8.049507141113281,20.466938018798828
ambience_001021.pt,75,0,living-room,-15.764862060546875,8.11125659942627,18.87506103515625
ambience_001022.pt,75,0,living-room,-15.558501243591309,8.004963874816895,19.954254150390625
ambience_001023.pt,75,0,living-room,-15.849015235900879,7.8794331550598145,19.29608154296875
ambience_001024.pt,75,0,living-room,-15.822534561157227,8.174215316772461,21.203596115112305
ambience_001025.pt,75,0,living-room,-15.765954971313477,8.06961441040039,18.566429138183594
ambience_001026.pt,75,0,living-room,-15.929864883422852,8.232013702392578,19.474159240722656
ambience_001027.pt,75,0,living-room,-15.798836708068848,8.122770309448242,20.145666122436523
ambience_001028.pt,75,0,living-room,-15.968777656555176,8.040008544921875,20.366403579711914
ambience_001029.pt,75,0,living-room,-16.187070846557617,8.010607719421387,18.413612365722656
ambience_001030.pt,75,0,living-room,-15.238497734069824,8.075414657592773,19.607097625732422
ambience_001031.pt,75,0,living-room,-14.912009239196777,7.814516067504883,19.36256980895996
ambience_001032.pt,75,0,living-room,-16.060457229614258,8.149964332580566,18.568527221679688
ambience_001033.pt,75,0,living-room,-15.736899375915527,8.279833793640137,20.636852264404297
ambience_001034.pt,75,0,living-room,-16.21015167236328,8.138224601745605,19.785921096801758
ambience_001035.pt,75,0,living-room,-16.1422061920166,8.056645393371582,18.438533782958984
ambience_001036.pt,75,0,living-room,-16.118167877197266,7.909911155700684,18.997867584228516
ambience_001037.pt,75,0,living-room,-16.061853408813477,8.056987762451172,20.668251037597656
ambience_001038.pt,75,0,living-room,-15.874856948852539,8.011394500732422,19.212444305419922
ambience_001039.pt,75,0,living-room,-15.832442283630371,7.916477680206299,19.016986846923828
ambience_001040.pt,75,0,living-room,-15.697164535522461,8.272040367126465,22.58594512939453
ambience_001041.pt,75,0,living-room,-14.86447525024414,8.326055526733398,19.149168014526367
ambience_001042.pt,75,0,living-room,-15.74147891998291,8.05894947052002,19.37862777709961
ambience_001043.pt,75,0,living-room,-15.653493881225586,8.111205101013184,19.07832145690918
ambience_001044.pt,75,0,living-room,-16.132261276245117,7.98817253112793,20.563655853271484
ambience_001045.pt,75,0,living-room,-16.1760311126709,8.040143966674805,19.334989547729492
ambience_001046.pt,75,0,living-room,-15.860553741455078,8.026673316955566,19.663808822631836
ambience_001047.pt,75,0,living-room,-16.180883407592773,8.062623977661133,19.274553298950195
ambience_001048.pt,75,0,living-room,-15.763693809509277,8.1611909866333,18.826181411743164
ambience_001049.pt,75,0,living-room,-15.626481056213379,8.132208824157715,18.733604431152344
ambience_001050.pt,75,0,living-room,-16.146041870117188,8.209869384765625,19.46409034729004
ambience_001051.pt,75,0,living-room,-16.417940139770508,8.129618644714355,19.174068450927734
ambience_001052.pt,75,0,living-room,-15.938364028930664,8.206993103027344,20.344236373901367
ambience_001053.pt,75,0,living-room,-16.21324348449707,8.097126960754395,19.471210479736328
ambience_001054.pt,75,0,living-room,-16.427268981933594,8.009010314941406,19.462799072265625
ambience_001055.pt,75,0,living-room,-15.932602882385254,8.030598640441895,20.671518325805664
ambience_001056.pt,75,0,living-room,-15.922036170959473,8.012338638305664,19.36454963684082
ambience_001057.pt,75,0,living-room,-15.903151512145996,8.008995056152344,19.494779586791992
ambience_001058.pt,75,0,living-room,-15.935608863830566,8.190860748291016,18.992372512817383
ambience_001059.pt,75,0,living-room,-16.259065628051758,8.250832557678223,22.77617645263672
ambience_001060.pt,75,0,living-room,-15.913714408874512,8.114706039428711,20.210371017456055
ambience_001061.pt,75,0,living-room,-15.98337459564209,7.893509387969971,18.978622436523438
ambience_001062.pt,75,0,living-room,-14.038237571716309,8.465660095214844,18.979692459106445
ambience_001063.pt,75,0,living-room,-12.57546329498291,7.448906898498535,18.799835205078125
ambience_001064.pt,75,0,living-room,-15.6652193069458,8.084976196289062,20.409645080566406
ambience_001065.pt,75,0,living-room,-15.567638397216797,8.078206062316895,20.38886833190918
ambience_001066.pt,75,0,living-room,-14.911733627319336,8.208152770996094,18.72154426574707
ambience_001067.pt,75,0,living-room,-15.212963104248047,7.647603988647461,19.42772102355957
ambience_001068.pt,75,0,living-room,-15.433144569396973,7.797784328460693,18.854951858520508
ambience_001069.pt,75,0,living-room,-15.444845199584961,8.020740509033203,17.87085723876953
ambience_001070.pt,75,0,living-room,-16.33385467529297,8.188568115234375,18.98171615600586
ambience_001071.pt,75,0,living-room,-16.305622100830078,8.040116310119629,17.52142333984375
ambience_001072.pt,75,0,living-room,-16.47986602783203,8.111552238464355,18.13644790649414
ambience_001073.pt,75,0,living-room,-15.921331405639648,8.053491592407227,17.876073837280273
ambience_001074.pt,75,0,living-room,-14.537958145141602,9.254822731018066,18.893569946289062
ambience_001075.pt,75,0,living-room,-16.18891143798828,8.091647148132324,17.820877075195312
ambience_001076.pt,75,0,living-room,-16.095029830932617,8.080472946166992,18.776676177978516
ambience_001077.pt,75,0,living-room,-15.292996406555176,7.9046101570129395,17.19998550415039
ambience_001078.pt,75,0,living-room,-11.439642906188965,6.336117744445801,19.03584098815918
ambience_001079.pt,75,0,living-room,-10.26528549194336,5.68183708190918,16.444122314453125
ambience_001080.pt,75,0,living-room,-14.166030883789062,7.142496109008789,18.518959045410156
ambience_001081.pt,75,0,living-room,-11.807488441467285,6.816139221191406,18.845149993896484
ambience_001082.pt,75,0,living-room,-9.97922134399414,7.566456317901611,31.451759338378906
ambience_001083.pt,75,0,living-room,-11.20790958404541,7.1456756591796875,22.701025009155273
ambience_001084.pt,75,0,living-room,-8.791275978088379,5.86441707611084,18.76337242126465
ambience_001085.pt,75,0,living-room,-8.985844612121582,6.420587062835693,18.618026733398438
ambience_001086.pt,75,0,living-room,-11.786581993103027,7.211909294128418,19.724658966064453
ambience_001087.pt,75,0,living-room,-14.337655067443848,7.926507472991943,19.47355079650879
ambience_001088.pt,75,0,living-room,-14.848956108093262,7.8013014793396,20.271854400634766
ambience_001089.pt,75,0,living-room,-15.637673377990723,8.14854621887207,20.238319396972656
ambience_001090.pt,75,0,living-room,-14.790240287780762,7.9775071144104,18.384153366088867
ambience_001091.pt,75,0,living-room,-15.273624420166016,8.020035743713379,22.74142074584961
ambience_001092.pt,75,0,living-room,-15.567526817321777,8.065269470214844,19.733322143554688
ambience_001093.pt,75,0,living-room,-15.814580917358398,8.130243301391602,19.054719924926758
ambience_001094.pt,75,0,living-room,-15.562591552734375,7.99860954284668,18.96165657043457
ambience_001095.pt,75,0,living-room,-15.805954933166504,8.037402153015137,19.535802841186523
ambience_001096.pt,75,0,living-room,-15.99273681640625,7.910951614379883,18.717355728149414
ambience_001097.pt,75,0,living-room,-16.084226608276367,8.027663230895996,18.12820816040039
ambience_001098.pt,75,0,living-room,-15.658129692077637,7.883638858795166,19.680072784423828
ambience_001099.pt,75,0,living-room,-16.248388290405273,8.127655029296875,18.431787490844727
ambience_001100.pt,75,0,living-room,-16.238262176513672,8.073220252990723,18.321067810058594
ambience_001101.pt,75,0,living-room,-15.96856689453125,7.8181538581848145,17.13799285888672
ambience_001102.pt,75,0,living-room,-15.323135375976562,7.994168281555176,18.820955276489258
ambience_001103.pt,75,0,living-room,-16.08661460876465,7.952683448791504,18.090164184570312
ambience_001104.pt,75,0,living-room,-16.153173446655273,7.981072902679443,18.258251190185547
ambience_001105.pt,75,0,living-room,-15.843276023864746,7.8157958984375,17.737834930419922
ambience_001106.pt,75,0,living-room,-16.268896102905273,7.870856285095215,17.87074851989746
ambience_001107.pt,75,0,living-room,-16.400686264038086,7.946865081787109,18.38140106201172
ambience_001108.pt,75,0,living-room,-15.855550765991211,7.956656455993652,18.417375564575195
ambience_001109.pt,75,0,living-room,-15.6885986328125,7.8970208168029785,16.623031616210938
ambience_001110.pt,75,0,living-room,-16.273561477661133,7.878138542175293,18.159194946289062
ambience_001111.pt,75,0,living-room,-15.7808198928833,7.968822002410889,17.728641510009766
ambience_001112.pt,75,0,living-room,-16.22604751586914,7.973464012145996,18.013036727905273
ambience_001113.pt,75,0,living-room,-15.364690780639648,8.072661399841309,18.80384063720703
ambience_001114.pt,75,0,living-room,-15.206567764282227,8.20412826538086,17.9709415435791
ambience_001115.pt,75,0,living-room,-15.271463394165039,8.207624435424805,17.678638458251953
ambience_001116.pt,75,0,living-room,-15.419784545898438,8.02566909790039,16.571727752685547
ambience_001117.pt,75,0,living-room,-15.072290420532227,7.645342826843262,18.335866928100586
ambience_001118.pt,75,0,living-room,-13.077615737915039,8.611471176147461,20.47394561767578
ambience_001119.pt,75,0,living-room,-15.037643432617188,7.857666969299316,17.986326217651367
ambience_001120.pt,75,0,living-room,-15.172884941101074,7.9363627433776855,14.598075866699219
ambience_001121.pt,75,0,living-room,-15.033218383789062,7.752732753753662,15.62840461730957
ambience_001122.pt,75,0,living-room,-14.85216999053955,7.8811821937561035,14.37021255493164
ambience_001123.pt,75,0,living-room,-16.434194564819336,7.855052471160889,13.696364402770996
ambience_001124.pt,75,0,living-room,-16.118804931640625,7.758994102478027,14.294519424438477
ambience_001125.pt,75,0,living-room,-15.164031028747559,7.552163600921631,14.044361114501953
ambience_001126.pt,75,0,living-room,-16.02151870727539,7.874770641326904,15.029926300048828
ambience_001127.pt,75,0,living-room,-15.38635540008545,7.622592449188232,14.36073112487793
ambience_001128.pt,75,0,living-room,-13.977860450744629,8.302017211914062,20.151044845581055
ambience_001129.pt,75,0,living-room,-14.856800079345703,8.336605072021484,14.64626693725586
ambience_001130.pt,75,0,living-room,-15.981103897094727,7.894366264343262,15.114070892333984
ambience_001131.pt,75,0,living-room,-15.776455879211426,7.9616475105285645,14.625310897827148
ambience_001132.pt,75,0,living-room,-15.570099830627441,8.431397438049316,22.54376220703125
ambience_001133.pt,75,0,living-room,-15.681979179382324,8.1231107711792,14.662360191345215
ambience_001134.pt,75,0,living-room,-13.24092960357666,8.104018211364746,16.684858322143555
ambience_001135.pt,75,0,living-room,-15.387903213500977,8.001388549804688,14.916430473327637
ambience_001136.pt,75,0,living-room,-15.258544921875,7.725507736206055,16.301916122436523
ambience_001137.pt,75,0,living-room,-16.00850486755371,7.973785400390625,14.804241180419922
ambience_001138.pt,75,0,living-room,-16.148088455200195,8.081350326538086,13.860782623291016
ambience_001139.pt,75,0,living-room,-15.25314712524414,8.349173545837402,17.010040283203125
ambience_001140.pt,75,0,living-room,-16.311735153198242,7.897634983062744,14.283523559570312
ambience_001141.pt,75,0,living-room,-15.860193252563477,7.942288875579834,15.545830726623535
ambience_001142.pt,75,0,living-room,-15.747690200805664,8.145129203796387,14.86868953704834
ambience_001143.pt,75,0,living-room,-15.03582763671875,7.932451248168945,15.423869132995605
ambience_001144.pt,75,0,living-room,-15.478301048278809,7.84843111038208,15.367460250854492
ambience_001145.pt,75,0,living-room,-15.534161567687988,7.944112300872803,15.140925407409668
ambience_001146.pt,75,0,living-room,-15.694622039794922,7.915619850158691,15.618293762207031
ambience_001147.pt,75,0,living-room,-15.316123008728027,8.732856750488281,20.29874038696289
ambience_001148.pt,75,0,living-room,-14.517160415649414,8.96607780456543,17.68164825439453
ambience_001149.pt,75,0,living-room,-15.629548072814941,8.311646461486816,13.934088706970215
ambience_001150.pt,75,0,living-room,-15.829793930053711,8.123540878295898,19.723819732666016
ambience_001151.pt,75,0,living-room,-16.253402709960938,7.915619850158691,14.749268531799316
ambience_001152.pt,75,0,living-room,-16.422758102416992,7.966986179351807,15.482887268066406
ambience_001153.pt,75,0,living-room,-16.202482223510742,7.785247325897217,14.440651893615723
ambience_001154.pt,75,0,living-room,-16.1202449798584,7.735844612121582,13.590274810791016
ambience_001155.pt,75,0,living-room,-14.299752235412598,8.717209815979004,18.221515655517578
ambience_001156.pt,75,0,living-room,-15.969521522521973,7.814864158630371,14.260421752929688
ambience_001157.pt,75,0,living-room,-15.735321044921875,8.034536361694336,14.971046447753906
ambience_001158.pt,75,0,living-room,-15.672852516174316,7.699110507965088,14.959985733032227
ambience_001159.pt,75,0,living-room,-16.128925323486328,7.765967845916748,13.584444046020508
ambience_001160.pt,75,0,living-room,-15.726532936096191,7.8629631996154785,15.328007698059082
ambience_001161.pt,75,0,living-room,-15.956999778747559,7.785996437072754,13.646255493164062
ambience_001162.pt,75,0,living-room,-15.75722885131836,7.838767051696777,15.404916763305664
ambience_001163.pt,75,0,living-room,-16.354494094848633,7.754635810852051,13.434089660644531
ambience_001164.pt,75,0,living-room,-16.358671188354492,7.842801570892334,13.073770523071289
ambience_001165.pt,75,0,living-room,-15.697554588317871,7.6941657066345215,13.388909339904785
ambience_001166.pt,75,0,living-room,-15.999890327453613,7.840487480163574,14.140039443969727
ambience_001167.pt,75,0,living-room,-15.976000785827637,7.820379257202148,13.539098739624023
ambience_001168.pt,75,0,living-room,-16.12449836730957,7.747228622436523,13.46437931060791
ambience_001169.pt,75,0,living-room,-15.2984619140625,7.845942497253418,12.484598159790039
ambience_001170.pt,75,0,living-room,-14.884291648864746,7.836670398712158,14.930681228637695
ambience_001171.pt,75,0,living-room,-16.227144241333008,7.862905979156494,13.193453788757324
ambience_001172.pt,75,0,living-room,-15.884573936462402,8.152929306030273,17.364137649536133
ambience_001173.pt,75,0,living-room,-16.146501541137695,7.722731113433838,12.13390827178955
ambience_001174.pt,75,0,living-room,-15.925973892211914,7.7751851081848145,13.822124481201172
ambience_001175.pt,75,0,living-room,-16.21186065673828,7.974703788757324,13.587016105651855
ambience_001176.pt,75,0,living-room,-16.07355308532715,7.832840919494629,13.439151763916016
ambience_001177.pt,75,0,living-room,-13.853445053100586,8.232454299926758,17.531984329223633
ambience_001178.pt,75,0,living-room,-14.96331787109375,8.026934623718262,12.818087577819824
ambience_001179.pt,75,0,living-room,-16.333833694458008,7.735569477081299,14.77486801147461
ambience_001180.pt,75,0,living-room,-16.332704544067383,7.753721714019775,14.239969253540039
ambience_001181.pt,75,0,living-room,-16.2742919921875,7.732613563537598,13.538970947265625
ambience_001182.pt,75,0,living-room,-14.798651695251465,8.09489631652832,14.556478500366211
ambience_001183.pt,75,0,living-room,-14.32395076751709,7.590850353240967,11.985512733459473
ambience_001184.pt,75,0,living-room,-15.480072975158691,7.97205924987793,13.898958206176758
ambience_001185.pt,75,0,living-room,-16.253711700439453,7.9718804359436035,13.270545959472656
ambience_001186.pt,75,0,living-room,-16.423341751098633,7.701922416687012,15.297130584716797
ambience_001187.pt,75,0,living-room,-16.138673782348633,7.936252593994141,13.029986381530762
ambience_001188.pt,75,0,living-room,-14.201790809631348,8.195608139038086,13.523412704467773
ambience_001189.pt,75,0,living-room,-16.258350372314453,7.741139888763428,12.061429977416992
ambience_001190.pt,75,0,living-room,-16.415058135986328,7.7301554679870605,13.614242553710938
ambience_001191.pt,75,0,living-room,-16.290369033813477,7.949896812438965,12.858880996704102
ambience_001192.pt,75,0,living-room,-16.277021408081055,8.026331901550293,13.739917755126953
ambience_001193.pt,75,0,living-room,-16.31769371032715,8.112282752990723,14.87423324584961
ambience_001194.pt,75,0,living-room,-16.32510757446289,7.937783718109131,14.355260848999023
ambience_001195.pt,75,0,living-room,-15.352275848388672,8.551302909851074,15.145994186401367
ambience_001196.pt,75,0,living-room,-16.316465377807617,7.767744064331055,12.39657211303711
ambience_001197.pt,75,0,living-room,-16.312055587768555,7.804399013519287,14.654777526855469
ambience_001198.pt,75,0,living-room,-15.491500854492188,8.083260536193848,14.197443962097168
ambience_001199.pt,75,0,living-room,-15.326107025146484,7.762693881988525,12.841350555419922
ambience_001200.pt,75,0,living-room,-15.5958890914917,8.203998565673828,13.68396282196045
ambience_001201.pt,75,0,living-room,-13.582146644592285,9.004158973693848,23.757854461669922
ambience_001202.pt,75,0,living-room,-14.212207794189453,8.550424575805664,19.960142135620117
ambience_001203.pt,75,0,living-room,-16.19318199157715,7.874172687530518,13.178796768188477
ambience_001204.pt,75,0,living-room,-16.131208419799805,7.916138172149658,13.727850914001465
ambience_001205.pt,75,0,living-room,-15.991591453552246,8.045011520385742,14.815973281860352
ambience_001206.pt,75,0,living-room,-15.74758529663086,7.815097808837891,13.442543029785156
ambience_001207.pt,75,0,living-room,-15.346020698547363,7.866272926330566,14.643758773803711
ambience_001208.pt,75,0,living-room,-15.7212495803833,7.961189270019531,16.88251304626465
ambience_001209.pt,75,0,living-room,-16.020313262939453,7.865864276885986,16.268714904785156
ambience_001210.pt,75,0,living-room,-15.939306259155273,7.605214595794678,14.198933601379395
ambience_001211.pt,75,0,living-room,-14.537960052490234,6.945026874542236,14.300649642944336
ambience_001212.pt,75,0,living-room,-13.035030364990234,6.7059006690979,13.397549629211426
ambience_001213.pt,75,0,living-room,-16.141887664794922,7.6810221672058105,13.854253768920898
ambience_001214.pt,75,0,living-room,-16.152685165405273,7.689108848571777,12.530498504638672
ambience_001215.pt,75,0,living-room,-15.842059135437012,7.802929878234863,13.820929527282715
ambience_001216.pt,50,0,room,8.900344848632812,4.739160537719727,25.750886917114258
ambience_001217.pt,50,0,room,8.78961181640625,4.833462238311768,25.817569732666016
ambience_001218.pt,50,0,room,8.82949161529541,4.800432205200195,26.424423217773438
ambience_001219.pt,50,0,room,8.9017333984375,4.742851257324219,25.895631790161133
ambience_001220.pt,50,0,room,8.819695472717285,4.775178909301758,25.7943172454834
ambience_001221.pt,50,0,room,8.852277755737305,4.75302791595459,25.852394104003906
ambience_001222.pt,50,0,room,8.922150611877441,4.743792533874512,26.827098846435547
ambience_001223.pt,50,0,room,8.825928688049316,4.840306758880615,26.904632568359375
ambience_001224.pt,50,0,room,8.952446937561035,4.677364826202393,25.996219635009766
ambience_001225.pt,50,0,room,8.988574028015137,4.708388328552246,25.1445369720459
ambience_001226.pt,50,0,room,8.953682899475098,4.665901184082031,25.784990310668945
ambience_001227.pt,50,0,room,8.890016555786133,4.688759803771973,26.441574096679688
ambience_001228.pt,50,0,room,9.00671100616455,4.652710437774658,24.814538955688477
ambience_001229.pt,50,0,room,8.855563163757324,4.8343505859375,25.56635093688965
ambience_001230.pt,50,0,room,9.005099296569824,4.760463237762451,25.661346435546875
ambience_001231.pt,50,0,room,8.888497352600098,4.626384735107422,26.65723419189453
ambience_001232.pt,50,0,room,8.966631889343262,4.590005874633789,26.71602439880371
ambience_001233.pt,50,0,room,8.42599868774414,4.8427839279174805,35.159278869628906
ambience_001234.pt,50,0,room,8.958847045898438,4.712057113647461,25.537059783935547
ambience_001235.pt,50,0,room,9.030109405517578,4.653255939483643,24.916610717773438
ambience_001236.pt,50,0,room,8.806390762329102,4.7513861656188965,26.14896583557129
ambience_001237.pt,50,0,room,8.708757400512695,4.797758102416992,26.42927360534668
ambience_001238.pt,50,0,room,8.93078899383545,4.644638538360596,26.654823303222656
ambience_001239.pt,50,0,room,9.027926445007324,4.624056339263916,26.037765502929688
ambience_001240.pt,50,0,room,8.98207950592041,4.696968078613281,24.986797332763672
ambience_001241.pt,50,0,room,8.956358909606934,4.6813507080078125,25.627506256103516
ambience_001242.pt,50,0,room,8.878908157348633,4.706602096557617,27.07676887512207
ambience_001243.pt,50,0,room,8.915099143981934,4.696423053741455,25.387622833251953
ambience_001244.pt,50,0,room,8.881336212158203,4.648056507110596,26.102140426635742
ambience_001245.pt,50,0,room,8.930503845214844,4.642192840576172,26.227148056030273
ambience_001246.pt,50,0,room,8.903693199157715,4.828737258911133,25.931190490722656
ambience_001247.pt,50,0,room,8.985601425170898,4.639037609100342,26.28656578063965
ambience_001248.pt,50,0,room,8.973801612854004,4.727726459503174,26.20725440979004
ambience_001249.pt,50,0,room,9.082910537719727,4.612118244171143,25.83655548095703
ambience_001250.pt,50,0,room,8.990220069885254,4.68280553817749,25.261722564697266
ambience_001251.pt,50,0,room,8.828949928283691,4.707577228546143,26.626911163330078
ambience_001252.pt,50,0,room,9.073403358459473,4.519761562347412,25.41352081298828
ambience_001253.pt,50,0,room,8.943411827087402,4.687845230102539,26.35162353515625
ambience_001254.pt,50,0,room,8.732490539550781,4.785482406616211,26.126766204833984
ambience_001255.pt,50,0,room,8.795157432556152,4.737208366394043,26.31464958190918
ambience_001256.pt,50,0,room,8.938764572143555,4.707149505615234,26.31097984313965
ambience_001257.pt,50,0,room,9.054253578186035,4.611936569213867,25.09499740600586
ambience_001258.pt,50,0,room,8.984313011169434,4.685349464416504,25.986282348632812
ambience_001259.pt,50,0,room,8.805075645446777,4.77979040145874,25.710590362548828
ambience_001260.pt,50,0,room,8.853952407836914,4.759056568145752,26.29206657409668
ambience_001261.pt,50,0,room,8.883340835571289,4.7501983642578125,26.647567749023438
ambience_001262.pt,50,0,room,9.027657508850098,4.6674699783325195,25.06208038330078
ambience_001263.pt,50,0,room,8.937629699707031,4.626765251159668,26.08196449279785
ambience_001264.pt,50,0,room,8.893098831176758,4.773582935333252,25.503135681152344
ambience_001265.pt,50,0,room,9.024415969848633,4.715521812438965,25.579931259155273
ambience_001266.pt,50,0,room,8.892457962036133,4.719833850860596,25.854801177978516
ambience_001267.pt,50,0,room,8.945446014404297,4.71693754196167,25.38943099975586
ambience_001268.pt,50,0,room,8.96591854095459,4.723178863525391,25.237455368041992
ambience_001269.pt,50,0,room,9.006107330322266,4.619527339935303,24.458824157714844
ambience_001270.pt,50,0,room,8.935909271240234,4.751580715179443,26.301366806030273
ambience_001271.pt,50,0,room,8.858548164367676,4.736064910888672,26.333343505859375
ambience_001272.pt,50,0,room,8.933914184570312,4.690853118896484,25.862293243408203
ambience_001273.pt,50,0,room,8.855620384216309,4.750478267669678,25.586891174316406
ambience_001274.pt,50,0,room,8.919459342956543,4.651152610778809,26.579238891601562
ambience_001275.pt,50,0,room,8.900443077087402,4.7256903648376465,25.58297348022461
ambience_001276.pt,50,0,room,8.94112491607666,4.722525596618652,25.613412857055664
ambience_001277.pt,50,0,room,8.915085792541504,4.745159149169922,25.589324951171875
ambience_001278.pt,50,0,room,8.877635955810547,4.830690860748291,25.489519119262695
ambience_001279.pt,50,0,room,8.888195037841797,4.697079181671143,25.804668426513672
ambience_001280.pt,50,0,room,8.886404991149902,4.729667663574219,25.690319061279297
ambience_001281.pt,50,0,room,8.780126571655273,4.832746982574463,27.018558502197266
ambience_001282.pt,50,0,room,8.884827613830566,4.737633228302002,25.731510162353516
ambience_001283.pt,50,0,room,9.011321067810059,4.606629848480225,26.10408592224121
ambience_001284.pt,50,0,room,8.85616397857666,4.817462921142578,25.502674102783203
ambience_001285.pt,50,0,room,8.818764686584473,4.803367614746094,26.496932983398438
ambience_001286.pt,50,0,room,8.924051284790039,4.834168434143066,25.463191986083984
ambience_001287.pt,50,0,room,8.247217178344727,4.969064712524414,34.917781829833984
ambience_001288.pt,50,0,room,8.909621238708496,4.742074012756348,25.658260345458984
ambience_001289.pt,50,0,room,8.29899787902832,4.964993953704834,32.260986328125
ambience_001290.pt,50,0,room,8.18913459777832,4.9312052726745605,32.09153747558594
ambience_001291.pt,50,0,room,8.787822723388672,4.856393814086914,25.849098205566406
ambience_001292.pt,50,0,room,8.537546157836914,5.046820163726807,25.93252182006836
ambience_001293.pt,50,0,room,8.903087615966797,4.718026161193848,27.126340866088867
ambience_001294.pt,50,0,room,8.92673397064209,4.681864261627197,25.696502685546875
ambience_001295.pt,50,0,room,8.424506187438965,5.010096549987793,27.92923355102539
ambience_001296.pt,50,0,room,8.566742897033691,4.943780422210693,27.71921157836914
ambience_001297.pt,50,0,room,8.640633583068848,4.9458537101745605,26.48206329345703
ambience_001298.pt,50,0,room,8.617182731628418,4.954973220825195,27.61583709716797
ambience_001299.pt,50,0,room,8.822891235351562,4.819015026092529,26.06067657470703
ambience_001300.pt,50,0,room,8.715638160705566,4.872283935546875,29.33355712890625
ambience_001301.pt,50,0,room,8.813395500183105,4.9008307456970215,25.349702835083008
ambience_001302.pt,50,0,room,8.94286823272705,4.695222854614258,25.46828842163086
ambience_001303.pt,50,0,room,8.977272033691406,4.634625434875488,25.72965431213379
ambience_001304.pt,50,0,room,8.785576820373535,4.848412990570068,26.177358627319336
ambience_001305.pt,50,0,room,8.758251190185547,4.788683891296387,26.028757095336914
ambience_001306.pt,50,0,room,8.803689956665039,4.763679504394531,26.341354370117188
ambience_001307.pt,50,0,room,8.88971996307373,4.690917491912842,26.13405418395996
ambience_001308.pt,50,0,room,9.09005069732666,4.6109442710876465,24.948598861694336
ambience_001309.pt,50,0,room,9.029800415039062,4.551957130432129,25.072355270385742
ambience_001310.pt,50,0,room,8.901823997497559,4.66024923324585,26.0178165435791
ambience_001311.pt,50,0,room,9.026236534118652,4.621212482452393,26.037843704223633
ambience_001312.pt,50,0,room,8.891033172607422,4.632932186126709,25.547298431396484
ambience_001313.pt,50,0,room,8.896724700927734,4.695509433746338,25.99850845336914
ambience_001314.pt,50,0,room,9.00013542175293,4.680341720581055,25.087337493896484
ambience_001315.pt,50,0,room,8.960856437683105,4.705725193023682,25.731935501098633
ambience_001316.pt,50,0,room,8.951903343200684,4.691387176513672,24.99263572692871
ambience_001317.pt,50,0,room,8.80672550201416,4.741751670837402,26.334232330322266
ambience_001318.pt,50,0,room,8.916988372802734,4.708399295806885,26.616649627685547
ambience_001319.pt,50,0,room,8.970100402832031,4.691463947296143,25.57758140563965
ambience_001320.pt,50,0,room,8.951449394226074,4.6400651931762695,25.47733497619629
ambience_001321.pt,50,0,room,8.729570388793945,4.81218957901001,26.342479705810547
ambience_001322.pt,50,0,room,8.997681617736816,4.638681888580322,25.725292205810547
ambience_001323.pt,50,0,room,8.813434600830078,4.745296001434326,26.172122955322266
ambience_001324.pt,50,0,room,8.866684913635254,4.645999431610107,25.868419647216797
ambience_001325.pt,50,0,room,8.929351806640625,4.710043430328369,25.24793243408203
ambience_001326.pt,50,0,room,8.876067161560059,4.804389476776123,25.516164779663086
ambience_001327.pt,50,0,room,8.53219223022461,4.78997802734375,33.725093841552734
ambience_001328.pt,50,0,room,8.746627807617188,4.869436740875244,28.182832717895508
ambience_001329.pt,50,0,room,8.913565635681152,4.807581424713135,25.626943588256836
ambience_001330.pt,50,0,room,8.979559898376465,4.621417999267578,26.462867736816406
ambience_001331.pt,50,0,room,8.695645332336426,4.7261528968811035,29.856822967529297
ambience_001332.pt,50,0,room,8.882922172546387,4.800361633300781,26.179737091064453
ambience_001333.pt,50,0,room,8.831208229064941,4.847745418548584,26.38605308532715
ambience_001334.pt,50,0,room,8.864834785461426,4.770474910736084,25.365087509155273
ambience_001335.pt,50,0,room,8.318277359008789,4.9750213623046875,28.222244262695312
ambience_001336.pt,50,0,room,8.63809871673584,4.870254039764404,29.370967864990234
ambience_001337.pt,50,0,room,9.038272857666016,4.618407249450684,26.55780029296875
ambience_001338.pt,50,0,room,8.667352676391602,4.907865047454834,27.692848205566406
ambience_001339.pt,50,0,room,8.98086166381836,4.701748371124268,26.05816650390625
ambience_001340.pt,50,0,room,8.798081398010254,4.803822040557861,27.304828643798828
ambience_001341.pt,50,0,room,8.867633819580078,4.8180646896362305,25.553050994873047
ambience_001342.pt,50,0,room,8.666512489318848,4.878105640411377,27.470399856567383
ambience_001343.pt,50,0,room,8.872886657714844,4.701777935028076,26.93942642211914
ambience_001344.pt,50,0,room,8.730865478515625,4.870131015777588,26.98045539855957
ambience_001345.pt,50,0,room,8.649308204650879,4.962339878082275,26.909931182861328
ambience_001346.pt,50,0,room,8.500428199768066,5.026427268981934,29.721744537353516
ambience_001347.pt,50,0,room,8.898321151733398,4.79414176940918,25.654428482055664
ambience_001348.pt,50,0,room,8.96702766418457,4.688862323760986,26.412097930908203
ambience_001349.pt,50,0,room,9.080831527709961,4.614677429199219,26.44272804260254
ambience_001350.pt,50,0,room,8.981359481811523,4.690096855163574,25.953388214111328
ambience_001351.pt,50,0,room,8.958346366882324,4.748816967010498,26.068218231201172
ambience_001352.pt,50,0,room,8.95999526977539,4.738587856292725,25.928041458129883
ambience_001353.pt,50,0,room,8.948406219482422,4.6825456619262695,25.383106231689453
ambience_001354.pt,50,0,room,8.922581672668457,4.68272590637207,27.261638641357422
ambience_001355.pt,50,0,room,8.809558868408203,4.760910987854004,26.603008270263672
ambience_001356.pt,50,0,room,9.017964363098145,4.674739360809326,25.704811096191406
ambience_001357.pt,50,0,room,8.871612548828125,4.753580570220947,25.929420471191406
ambience_001358.pt,50,0,room,8.843143463134766,4.815871238708496,26.144798278808594
ambience_001359.pt,50,0,room,8.741057395935059,4.900616645812988,26.35176658630371
ambience_001360.pt,50,0,room,9.06186294555664,4.621533393859863,25.734466552734375
ambience_001361.pt,50,0,room,9.037861824035645,4.655910968780518,25.29509735107422
ambience_001362.pt,50,0,room,9.12935733795166,4.562573432922363,25.308067321777344
ambience_001363.pt,50,0,room,8.947158813476562,4.746691703796387,26.133987426757812
ambience_001364.pt,50,0,room,8.921001434326172,4.697056293487549,26.505634307861328
ambience_001365.pt,50,0,room,9.029152870178223,4.71158504486084,26.138811111450195
ambience_001366.pt,50,0,room,8.93106746673584,4.733214378356934,26.117097854614258
ambience_001367.pt,50,0,room,8.935226440429688,4.716172218322754,26.528051376342773
ambience_001368.pt,50,0,room,9.038336753845215,4.690030574798584,25.793542861938477
ambience_001369.pt,50,0,room,8.912511825561523,4.7284135818481445,26.258695602416992
ambience_001370.pt,50,0,room,8.823113441467285,4.748617649078369,26.67444610595703
ambience_001371.pt,50,0,room,9.028210639953613,4.67115592956543,26.00547981262207
ambience_001372.pt,50,0,room,9.001864433288574,4.72460412979126,26.404855728149414
ambience_001373.pt,50,0,room,9.065421104431152,4.570922374725342,25.851898193359375
ambience_001374.pt,50,0,room,9.110363006591797,4.596071720123291,25.93798065185547
ambience_001375.pt,50,0,room,8.845438003540039,4.718926429748535,25.403959274291992
ambience_001376.pt,50,0,room,8.89425277709961,4.668361186981201,26.28842544555664
ambience_001377.pt,50,0,room,8.87796401977539,4.759393215179443,26.61324691772461
ambience_001378.pt,50,0,room,9.065875053405762,4.676967620849609,26.044620513916016
ambience_001379.pt,50,0,room,8.923295021057129,4.7332844734191895,25.80569839477539
ambience_001380.pt,50,0,room,9.125235557556152,4.591357231140137,25.764026641845703
ambience_001381.pt,50,0,room,9.120232582092285,4.627884864807129,25.237449645996094
ambience_001382.pt,50,0,room,9.012674331665039,4.633700847625732,26.114803314208984
ambience_001383.pt,50,0,room,8.952220916748047,4.697165012359619,25.319374084472656
ambience_001384.pt,50,0,room,8.896851539611816,4.778231143951416,25.57614517211914
ambience_001385.pt,50,0,room,8.959638595581055,4.7340803146362305,25.416906356811523
ambience_001386.pt,50,0,room,9.01974105834961,4.699220657348633,25.18633270263672
ambience_001387.pt,50,0,room,8.893192291259766,4.799156188964844,25.934045791625977
ambience_001388.pt,50,0,room,8.969017028808594,4.6204729080200195,25.73310089111328
ambience_001389.pt,50,0,room,8.862091064453125,4.776041030883789,25.547534942626953
ambience_001390.pt,50,0,room,8.809688568115234,4.778624534606934,26.551555633544922
ambience_001391.pt,50,0,room,8.9288330078125,4.730450630187988,25.798542022705078
ambience_001392.pt,50,0,room,8.810164451599121,4.825851917266846,27.656648635864258
ambience_001393.pt,50,0,room,8.981144905090332,4.706851005554199,25.376113891601562
ambience_001394.pt,50,0,room,8.989182472229004,4.736804008483887,25.740901947021484
ambience_001395.pt,50,0,room,8.842763900756836,4.793377876281738,27.356456756591797
ambience_001396.pt,50,0,room,9.035456657409668,4.690816402435303,26.43977165222168
ambience_001397.pt,50,0,room,8.835834503173828,4.7310614585876465,26.340660095214844
ambience_001398.pt,50,0,room,9.019607543945312,4.624471664428711,25.229339599609375
ambience_001399.pt,50,0,room,8.8795804977417,4.847156524658203,26.33744239807129
ambience_001400.pt,50,0,room,8.86727523803711,4.857749938964844,25.324504852294922
ambience_001401.pt,50,0,room,8.983753204345703,4.744679927825928,25.305326461791992
ambience_001402.pt,50,0,room,8.892287254333496,4.820655345916748,26.00922393798828
ambience_001403.pt,50,0,room,8.89406967163086,4.7788496017456055,26.177663803100586
ambience_001404.pt,50,0,room,9.00687026977539,4.7242431640625,25.879459381103516
ambience_001405.pt,50,0,room,8.753798484802246,4.794453144073486,26.478378295898438
ambience_001406.pt,50,0,room,8.976638793945312,4.632876873016357,25.68402099609375
ambience_001407.pt,50,0,room,8.965248107910156,4.7014336585998535,26.417577743530273
ambience_001408.pt,50,0,room,8.953797340393066,4.719867706298828,25.30763816833496
ambience_001409.pt,50,0,room,8.925863265991211,4.848806858062744,25.634489059448242
ambience_001410.pt,50,0,room,8.891397476196289,4.788218975067139,24.936634063720703
ambience_001411.pt,50,0,room,8.99753475189209,4.7662034034729,26.165111541748047
ambience_001412.pt,50,0,room,8.90560245513916,4.811214447021484,27.41100311279297
ambience_001413.pt,50,0,room,9.091140747070312,4.686893939971924,24.794206619262695
ambience_001414.pt,50,0,room,8.907859802246094,4.694949626922607,26.497880935668945
ambience_001415.pt,50,0,room,8.847588539123535,4.749766826629639,26.422327041625977
ambience_001416.pt,50,0,room,8.735246658325195,4.823599815368652,26.612607955932617
ambience_001417.pt,50,0,room,8.75942611694336,4.792477607727051,26.316791534423828
ambience_001418.pt,50,0,room,8.817917823791504,4.784632682800293,26.736648559570312
ambience_001419.pt,50,0,room,8.887207984924316,4.780354976654053,26.029966354370117
ambience_001420.pt,50,0,room,8.889904975891113,4.696763515472412,25.944446563720703
ambience_001421.pt,50,0,room,8.989564895629883,4.687657833099365,25.362503051757812
ambience_001422.pt,50,0,room,8.906169891357422,4.791833400726318,25.456144332885742
ambience_001423.pt,50,0,room,8.776351928710938,4.811261177062988,25.987873077392578
ambience_001424.pt,50,0,room,8.895636558532715,4.7136359214782715,25.882740020751953
ambience_001425.pt,50,0,room,8.783490180969238,4.850098609924316,26.945199966430664
ambience_001426.pt,50,0,room,9.094019889831543,4.659320831298828,25.802383422851562
ambience_001427.pt,50,0,room,8.924246788024902,4.705672740936279,26.088111877441406
ambience_001428.pt,50,0,room,8.911772727966309,4.770052433013916,26.321096420288086
ambience_001429.pt,50,0,room,9.083827018737793,4.55302095413208,26.037288665771484
ambience_001430.pt,50,0,room,8.980681419372559,4.676397323608398,26.097877502441406
ambience_001431.pt,50,0,room,8.95817756652832,4.679355621337891,25.37390899658203
ambience_001432.pt,50,0,room,8.988324165344238,4.669463157653809,25.52969741821289
ambience_001433.pt,50,0,room,8.984701156616211,4.607801914215088,26.09795570373535
ambience_001434.pt,50,0,room,8.755082130432129,4.877808094024658,27.090177536010742
ambience_001435.pt,50,0,room,8.969364166259766,4.68937873840332,25.75680923461914
ambience_001436.pt,50,0,room,8.930558204650879,4.732970237731934,25.37848472595215
ambience_001437.pt,50,0,room,8.891438484191895,4.753606796264648,26.01639747619629
ambience_001438.pt,50,0,room,8.921175956726074,4.728769302368164,25.951078414916992
ambience_001439.pt,50,0,room,9.017218589782715,4.740883827209473,25.271495819091797
ambience_001440.pt,50,0,room,9.036238670349121,4.7489333152771,25.77943992614746
ambience_001441.pt,50,0,room,9.016819953918457,4.661230564117432,27.222536087036133
ambience_001442.pt,50,0,room,8.833703994750977,4.801209449768066,26.025049209594727
ambience_001443.pt,50,0,room,8.916616439819336,4.719663619995117,26.25983428955078
ambience_001444.pt,50,0,room,8.885666847229004,4.89899206161499,27.39266586303711
ambience_001445.pt,50,0,room,8.868139266967773,4.83554220199585,25.93691635131836
ambience_001446.pt,50,0,room,8.941073417663574,4.720004558563232,25.696535110473633
ambience_001447.pt,50,0,room,8.921695709228516,4.832461833953857,25.656578063964844
ambience_001448.pt,50,0,room,8.838390350341797,4.852993488311768,25.894214630126953
ambience_001449.pt,50,0,room,8.846898078918457,4.790961265563965,26.39432716369629
ambience_001450.pt,50,0,room,8.919800758361816,4.7207417488098145,26.09071922302246
ambience_001451.pt,50,0,room,8.976645469665527,4.699378967285156,25.515499114990234
ambience_001452.pt,50,0,room,8.891324043273926,4.754305839538574,25.616167068481445
ambience_001453.pt,50,0,room,8.87311840057373,4.823631763458252,26.390430450439453
ambience_001454.pt,50,0,room,8.921581268310547,4.646118640899658,26.003543853759766
ambience_001455.pt,50,0,room,8.761368751525879,4.795647621154785,26.011430740356445
ambience_001456.pt,50,0,room,8.916653633117676,4.720698356628418,26.342313766479492
ambience_001457.pt,50,0,room,9.042553901672363,4.631742000579834,25.1915340423584
ambience_001458.pt,50,0,room,8.92861270904541,4.667986869812012,26.412382125854492
ambience_001459.pt,50,0,room,8.945608139038086,4.702303886413574,25.518009185791016
ambience_001460.pt,50,0,room,8.797733306884766,4.8339762687683105,27.211265563964844
ambience_001461.pt,50,0,room,8.907423973083496,4.732612609863281,26.9095401763916
ambience_001462.pt,50,0,room,8.862765312194824,4.756657600402832,26.372859954833984
ambience_001463.pt,50,0,room,8.909184455871582,4.703207492828369,27.433578491210938
ambience_001464.pt,50,0,room,8.8811616897583,4.677761077880859,26.183652877807617
ambience_001465.pt,50,0,room,8.866353034973145,4.8100361824035645,26.23163604736328
ambience_001466.pt,50,0,room,8.76634407043457,4.886984348297119,26.301589965820312
ambience_001467.pt,50,0,room,5.712917327880859,5.596555233001709,34.3569221496582
ambience_001468.pt,50,0,room,8.982040405273438,4.691498279571533,25.672042846679688
ambience_001469.pt,50,0,room,8.952210426330566,4.766324996948242,25.72063446044922
ambience_001470.pt,50,0,room,8.91763687133789,4.7566704750061035,26.716520309448242
ambience_001471.pt,50,0,room,8.812811851501465,4.721307754516602,27.80329132080078
ambience_001472.pt,50,0,room,9.009708404541016,4.690678119659424,25.55573272705078
ambience_001473.pt,50,0,room,8.85854434967041,4.837793350219727,25.829387664794922
ambience_001474.pt,50,0,room,8.997483253479004,4.5910115242004395,27.40586280822754
ambience_001475.pt,50,0,room,8.87736988067627,4.773999214172363,26.485612869262695
ambience_001476.pt,50,0,room,8.778170585632324,4.724593639373779,26.489973068237305
ambience_001477.pt,50,0,room,8.956069946289062,4.693680763244629,26.64173126220703
ambience_001478.pt,50,0,room,6.0423264503479,5.753180503845215,33.43098449707031
ambience_001479.pt,50,0,room,9.013887405395508,4.6719560623168945,25.61131477355957
ambience_001480.pt,50,0,room,8.895089149475098,4.754106521606445,26.24704360961914
ambience_001481.pt,50,0,room,8.937716484069824,4.734536647796631,25.645343780517578
ambience_001482.pt,50,0,room,9.068902015686035,4.593735218048096,26.12424087524414
ambience_001483.pt,50,0,room,8.912120819091797,4.707709789276123,26.3353271484375
ambience_001484.pt,50,0,room,8.959653854370117,4.797184944152832,26.060054779052734
ambience_001485.pt,50,0,room,8.999780654907227,4.711206912994385,25.822227478027344
ambience_001486.pt,50,0,room,8.829703330993652,4.799769878387451,26.749908447265625
ambience_001487.pt,50,0,room,8.993328094482422,4.614491939544678,25.616451263427734
ambience_001488.pt,50,0,room,8.954277038574219,4.820907115936279,27.001821517944336
ambience_001489.pt,50,0,room,8.991578102111816,4.681278228759766,25.756263732910156
ambience_001490.pt,50,0,room,8.829367637634277,4.7490105628967285,27.57309913635254
ambience_001491.pt,50,0,room,8.98786449432373,4.626394748687744,26.236543655395508
ambience_001492.pt,50,0,room,8.89266586303711,4.713277339935303,26.532588958740234
ambience_001493.pt,50,0,room,8.745777130126953,4.810237884521484,26.425434112548828
ambience_001494.pt,50,0,room,8.963723182678223,4.690500259399414,26.19673728942871
ambience_001495.pt,50,0,room,8.835798263549805,4.827186584472656,26.45127296447754
ambience_001496.pt,50,0,room,9.006719589233398,4.6649041175842285,26.21729278564453
ambience_001497.pt,50,0,room,8.94863224029541,4.644812107086182,25.85738754272461
ambience_001498.pt,50,0,room,9.020577430725098,4.628662586212158,26.08885955810547
ambience_001499.pt,50,0,room,8.881784439086914,4.820597171783447,26.900333404541016
ambience_001500.pt,50,0,room,8.877033233642578,4.788413047790527,25.695762634277344
ambience_001501.pt,50,0,room,8.86412525177002,4.701786041259766,26.270000457763672
ambience_001502.pt,50,0,room,8.911881446838379,4.6719865798950195,26.351526260375977
ambience_001503.pt,50,0,room,8.898930549621582,4.705482482910156,25.938940048217773
ambience_001504.pt,50,0,room,8.963708877563477,4.666354656219482,26.762588500976562
ambience_001505.pt,50,0,room,8.857259750366211,4.713630199432373,26.28396224975586
ambience_001506.pt,50,0,room,8.765801429748535,4.784304141998291,26.998586654663086
ambience_001507.pt,50,0,room,9.006612777709961,4.6477885246276855,25.628854751586914
ambience_001508.pt,50,0,room,9.01735782623291,4.687411308288574,25.238136291503906
ambience_001509.pt,50,0,room,8.924600601196289,4.747691631317139,26.161176681518555
ambience_001510.pt,50,0,room,8.967503547668457,4.632185459136963,26.332717895507812
ambience_001511.pt,50,0,room,8.820927619934082,4.727169036865234,26.930233001708984
ambience_001512.pt,50,0,room,8.949039459228516,4.698659896850586,25.24260711669922
ambience_001513.pt,50,0,room,9.057273864746094,4.534709453582764,26.32462501525879
ambience_001514.pt,50,0,room,8.94680404663086,4.692840099334717,25.694122314453125
ambience_001515.pt,50,0,room,8.878070831298828,4.702182292938232,26.15691375732422
drone_001012.pt,50,1,ben shemen,-9.43400764465332,6.797974586486816,21.049488067626953
drone_001013.pt,50,1,ben shemen,-16.77550506591797,7.710782527923584,24.197139739990234
drone_001014.pt,50,1,ben shemen,-11.852919578552246,6.66413688659668,24.922435760498047
drone_001015.pt,50,1,ben shemen,1.7016733884811401,6.078666687011719,18.164813995361328
drone_001016.pt,50,1,ben shemen,0.13879619538784027,5.857536792755127,21.012592315673828
drone_001017.pt,50,1,ben shemen,5.296266078948975,5.942484378814697,22.178218841552734
drone_001018.pt,50,1,ben shemen,7.571624279022217,5.484551429748535,24.692668914794922
drone_001019.pt,50,1,ben shemen,7.613408088684082,6.084712505340576,26.175403594970703
drone_001020.pt,50,1,ben shemen,2.5286173820495605,5.26592493057251,21.50590705871582
drone_001021.pt,50,1,ben shemen,1.2949658632278442,5.75554084777832,22.976375579833984
drone_001022.pt,50,1,ben shemen,5.717158317565918,5.3536882400512695,24.607589721679688
drone_001023.pt,50,1,ben shemen,3.9610543251037598,5.089569091796875,25.54568862915039
drone_001024.pt,50,1,ben shemen,1.6967461109161377,5.436251163482666,26.186683654785156
drone_001025.pt,50,1,ben shemen,0.562141478061676,5.031238555908203,20.958765029907227
drone_001026.pt,50,1,ben shemen,1.6431385278701782,5.108840465545654,22.7395076751709
drone_001027.pt,50,1,ben shemen,2.578244209289551,5.2546305656433105,26.66998291015625
drone_001028.pt,50,1,ben shemen,0.3396277129650116,5.744573593139648,28.379505157470703
drone_001029.pt,50,1,ben shemen,0.5917932987213135,6.163654327392578,30.176231384277344
drone_001030.pt,50,1,ben shemen,-1.0313751697540283,6.0005693435668945,26.43343734741211
drone_001031.pt,50,1,ben shemen,-0.30782365798950195,5.058788776397705,23.27165985107422
drone_001032.pt,50,1,ben shemen,-0.46605169773101807,5.754758358001709,26.762868881225586
drone_001033.pt,50,1,ben shemen,-0.665004312992096,5.616734504699707,25.777585983276367
drone_001034.pt,50,1,ben shemen,-1.1945056915283203,5.0046610832214355,25.84385108947754
drone_001035.pt,50,1,ben shemen,-2.2402796745300293,5.027272701263428,21.112438201904297
drone_001036.pt,50,1,ben shemen,-4.195234775543213,5.526873588562012,19.981077194213867
drone_001037.pt,50,1,ben shemen,-7.343567371368408,6.677035808563232,20.63474464416504
drone_001038.pt,50,1,ben shemen,-8.590008735656738,7.488824367523193,19.89406967163086
drone_001039.pt,50,1,ben shemen,-9.771063804626465,8.734298706054688,18.777225494384766
drone_001040.pt,50,1,ben shemen,-10.380056381225586,9.185857772827148,20.528369903564453
drone_001041.pt,50,1,ben shemen,-9.327195167541504,7.9697723388671875,17.111156463623047
drone_001042.pt,50,1,ben shemen,-9.51628303527832,8.150811195373535,18.767648696899414
drone_001043.pt,50,1,ben shemen,-9.286776542663574,8.718390464782715,19.849018096923828
drone_001044.pt,50,1,ben shemen,-9.772818565368652,8.3618803024292,17.408222198486328
drone_001045.pt,50,1,ben shemen,-8.898026466369629,8.23774528503418,17.24074935913086
drone_001046.pt,50,1,ben shemen,-9.9821138381958,8.937275886535645,25.998117446899414
drone_001047.pt,50,1,ben shemen,-9.827141761779785,10.051714897155762,28.91017723083496
drone_001048.pt,50,1,ben shemen,-8.824386596679688,9.932053565979004,26.042634963989258
drone_001049.pt,50,1,ben shemen,-9.89273738861084,9.024210929870605,26.78657341003418
drone_001050.pt,50,1,ben shemen,-10.376890182495117,8.712994575500488,20.684654235839844
drone_001051.pt,50,1,ben shemen,-9.156794548034668,11.130800247192383,24.525146484375
drone_001052.pt,50,1,ben shemen,-9.445992469787598,10.803560256958008,23.006675720214844
drone_001053.pt,50,1,ben shemen,-10.38634967803955,10.654229164123535,21.77393913269043
drone_001054.pt,50,1,ben shemen,-9.968443870544434,10.555849075317383,22.171363830566406
drone_001055.pt,50,1,ben shemen,-9.592227935791016,10.3002347946167,21.412466049194336
drone_001056.pt,50,1,ben shemen,-9.28282642364502,10.62094497680664,22.837812423706055
drone_001057.pt,50,1,ben shemen,-9.867396354675293,11.0285005569458,30.550718307495117
drone_001058.pt,50,1,ben shemen,-10.45023250579834,10.990178108215332,31.080358505249023
drone_001059.pt,50,1,ben shemen,-10.097016334533691,10.772383689880371,31.318204879760742
drone_001060.pt,50,1,ben shemen,-9.901116371154785,11.604528427124023,33.050479888916016
drone_001061.pt,50,1,ben shemen,-9.638838768005371,11.67642593383789,31.562000274658203
drone_001062.pt,50,1,ben shemen,-9.747125625610352,10.975157737731934,29.978334426879883
drone_001063.pt,50,1,ben shemen,-9.086068153381348,11.140144348144531,32.2092399597168
drone_001064.pt,50,1,ben shemen,-8.001651763916016,10.423242568969727,29.49506378173828
drone_001065.pt,50,1,ben shemen,-6.904401779174805,8.610274314880371,22.520915985107422
drone_001066.pt,50,1,ben shemen,-7.143590927124023,9.962053298950195,27.086017608642578
drone_001067.pt,50,1,ben shemen,-6.118046283721924,9.135819435119629,26.344074249267578
drone_001068.pt,50,1,ben shemen,-3.8719406127929688,8.059555053710938,26.432693481445312
drone_001069.pt,50,1,ben shemen,-0.15647105872631073,6.986252784729004,23.17365264892578
drone_001070.pt,50,1,ben shemen,1.046129584312439,5.463778972625732,21.365070343017578
drone_001071.pt,50,1,ben shemen,-0.5531814098358154,5.629242897033691,20.770339965820312
drone_001072.pt,50,1,ben shemen,0.47422105073928833,5.549051284790039,22.115318298339844
drone_001073.pt,50,1,ben shemen,2.295530080795288,4.984372615814209,21.280858993530273
drone_001074.pt,50,1,ben shemen,2.112751007080078,5.9191412925720215,23.60040855407715
drone_001075.pt,50,1,ben shemen,-1.2876728773117065,6.752202987670898,20.948698043823242
drone_001076.pt,50,1,ben shemen,0.625877320766449,6.121566295623779,20.96461296081543
drone_001077.pt,50,1,ben shemen,2.026087522506714,5.911258697509766,22.61568260192871
drone_001078.pt,50,1,ben shemen,0.954606294631958,6.2819905281066895,25.097942352294922
drone_001079.pt,50,1,ben shemen,0.7228555679321289,6.195725440979004,21.391010284423828
drone_001080.pt,50,1,ben shemen,0.6335955262184143,6.010507106781006,21.404502868652344
drone_001081.pt,50,1,ben shemen,3.0567376613616943,5.076008319854736,19.768146514892578
drone_001082.pt,50,1,ben shemen,0.27806955575942993,6.365356922149658,26.142576217651367
drone_001083.pt,50,1,ben shemen,-1.080957293510437,6.24008321762085,21.755043029785156
drone_001084.pt,50,1,ben shemen,-0.13340312242507935,6.536920547485352,26.127418518066406
drone_001085.pt,50,1,ben shemen,-0.5565894842147827,6.21157169342041,22.8020076751709
drone_001086.pt,50,1,ben shemen,-0.49490225315093994,6.54402494430542,25.56023597717285
drone_001087.pt,50,1,ben shemen,0.7550447583198547,5.802039623260498,24.00294303894043
drone_001088.pt,50,1,ben shemen,0.028986215591430664,6.065981864929199,21.18570327758789
drone_001089.pt,50,1,ben shemen,-0.7622514963150024,6.201057434082031,20.87710952758789
drone_001090.pt,50,1,ben shemen,3.3401153087615967,5.618361473083496,21.029890060424805
drone_001091.pt,50,1,ben shemen,4.056015491485596,4.8100690841674805,23.762470245361328
drone_001092.pt,50,1,ben shemen,5.0047712326049805,4.864459037780762,21.744041442871094
drone_001093.pt,50,1,ben shemen,6.009850978851318,4.8459367752075195,23.126514434814453
drone_001094.pt,50,1,ben shemen,5.491454601287842,5.539211750030518,25.14153480529785
drone_001095.pt,50,1,ben shemen,6.1806535720825195,5.150570392608643,24.546077728271484
drone_001096.pt,50,1,ben shemen,6.7584228515625,5.067869186401367,30.422990798950195
drone_001097.pt,50,1,ben shemen,5.823803901672363,6.105536460876465,27.455453872680664
drone_001098.pt,50,1,ben shemen,2.3432562351226807,5.966803073883057,26.952129364013672
drone_001099.pt,50,1,ben shemen,2.71283221244812,5.616936683654785,23.346643447875977
drone_001100.pt,50,1,ben shemen,4.619457721710205,5.18056583404541,22.80307388305664
drone_001101.pt,50,1,ben shemen,6.432149887084961,5.042370319366455,21.565847396850586
drone_001102.pt,50,1,ben shemen,3.5913054943084717,4.995663642883301,21.66444969177246
drone_001103.pt,50,1,ben shemen,-0.13159242272377014,6.5119099617004395,27.366329193115234
drone_001104.pt,50,1,ben shemen,-4.975647449493408,7.529471397399902,20.020267486572266
drone_001105.pt,50,1,ben shemen,-5.304859161376953,7.8701395988464355,19.93686294555664
drone_001106.pt,50,1,ben shemen,-1.8525683879852295,7.016424655914307,20.05487632751465
drone_001107.pt,50,1,ben shemen,2.806461811065674,5.655734539031982,22.143932342529297
drone_001108.pt,50,1,ben shemen,6.901641368865967,5.390490531921387,26.911603927612305
drone_001109.pt,50,1,ben shemen,7.472473621368408,5.197653293609619,24.383224487304688
drone_001110.pt,50,1,ben shemen,6.131036758422852,6.257489204406738,30.112503051757812
drone_001111.pt,50,1,ben shemen,6.584248065948486,5.31544303894043,24.91226577758789
drone_001112.pt,50,1,ben shemen,3.607466697692871,5.410109519958496,23.45309066772461
drone_001113.pt,50,1,ben shemen,6.438465595245361,4.798706531524658,23.174034118652344
drone_001114.pt,50,1,ben shemen,7.1458210945129395,4.6859893798828125,22.053672790527344
drone_001115.pt,50,1,ben shemen,7.085846424102783,4.884710311889648,22.385379791259766
drone_001116.pt,50,1,ben shemen,4.559298992156982,5.46010160446167,25.44263458251953
drone_001117.pt,50,1,ben shemen,0.8140212893486023,8.332913398742676,30.00713539123535
drone_001118.pt,50,1,ben shemen,-0.30992209911346436,9.704537391662598,30.889251708984375
drone_001119.pt,50,1,ben shemen,3.369170904159546,7.424314498901367,32.64269256591797
drone_001120.pt,50,1,ben shemen,7.883810043334961,5.29334831237793,25.45271110534668
drone_001121.pt,50,1,ben shemen,7.24366569519043,5.962848663330078,24.761829376220703
drone_001122.pt,50,1,ben shemen,2.544175624847412,8.576519966125488,27.025754928588867
drone_001123.pt,50,1,ben shemen,1.1144744157791138,9.32185173034668,29.58658218383789
drone_001124.pt,50,1,ben shemen,4.483513832092285,7.110508441925049,26.881887435913086
drone_001125.pt,50,1,ben shemen,6.554580211639404,6.257417678833008,26.20787811279297
drone_001126.pt,50,1,ben shemen,3.35809326171875,7.68505859375,27.209396362304688
drone_001127.pt,50,1,ben shemen,2.4550771713256836,8.066553115844727,28.191823959350586
drone_001128.pt,50,1,ben shemen,2.1522281169891357,7.967423915863037,30.220745086669922
drone_001129.pt,50,1,ben shemen,-1.2768776416778564,9.691251754760742,28.985414505004883
drone_001130.pt,50,1,ben shemen,-1.3081111907958984,9.713006973266602,29.529296875
drone_001131.pt,50,1,ben shemen,1.01283597946167,8.626943588256836,27.934608459472656
drone_001132.pt,50,1,ben shemen,-2.577218770980835,8.956097602844238,30.244930267333984
drone_001133.pt,50,1,ben shemen,-4.461287975311279,9.889595031738281,28.93577766418457
drone_001134.pt,50,1,ben shemen,-7.751277446746826,10.804791450500488,31.925085067749023
drone_001135.pt,50,1,ben shemen,-8.235504150390625,11.34772777557373,32.27534103393555
drone_001136.pt,50,1,ben shemen,-9.496081352233887,12.076074600219727,30.08445930480957
drone_001137.pt,50,1,ben shemen,-9.22714614868164,11.329155921936035,31.560100555419922
drone_001138.pt,50,1,ben shemen,-6.7424702644348145,10.528228759765625,29.33580780029297
drone_001139.pt,50,1,ben shemen,-1.2780426740646362,8.929816246032715,32.52234649658203
drone_001140.pt,50,1,ben shemen,0.7591933608055115,8.484569549560547,29.42596435546875
drone_001141.pt,50,1,ben shemen,-4.7918477058410645,9.035063743591309,27.62976837158203
drone_001142.pt,50,1,ben shemen,-2.792018175125122,10.522478103637695,29.98845100402832
drone_001143.pt,50,1,ben shemen,-0.22005900740623474,7.701956272125244,28.053924560546875
drone_001144.pt,50,1,ben shemen,-0.008634436875581741,7.685088157653809,30.99300765991211
drone_001145.pt,50,1,ben shemen,-4.193680286407471,8.8359375,29.313232421875
drone_001146.pt,50,1,ben shemen,-2.618217706680298,8.837005615234375,27.105484008789062
drone_001147.pt,50,1,ben shemen,4.592380046844482,7.138583183288574,26.81545639038086
drone_001148.pt,50,1,ben shemen,2.791059732437134,6.009568691253662,27.563875198364258
drone_001149.pt,50,1,ben shemen,3.1135337352752686,6.032980442047119,31.475894927978516
drone_001150.pt,50,1,ben shemen,2.7661263942718506,6.553056240081787,27.897645950317383
drone_001151.pt,50,1,ben shemen,5.877195358276367,5.714648246765137,25.468822479248047
drone_001152.pt,50,1,ben shemen,6.001235485076904,5.984060287475586,25.373977661132812
drone_001153.pt,50,1,ben shemen,5.213874340057373,6.2934041023254395,28.964292526245117
drone_001154.pt,50,1,ben shemen,5.010497570037842,6.181545257568359,26.055715560913086
drone_001155.pt,50,1,ben shemen,5.145238399505615,6.155578136444092,30.092687606811523
drone_001156.pt,50,1,ben shemen,3.3378663063049316,6.596395969390869,27.574535369873047
drone_001157.pt,50,1,ben shemen,3.289780378341675,6.715285778045654,30.614727020263672
drone_001158.pt,50,1,ben shemen,3.7788710594177246,6.461062908172607,27.9559326171875
drone_001159.pt,50,1,ben shemen,2.7080512046813965,6.38134765625,30.686626434326172
drone_001160.pt,50,1,ben shemen,4.171313762664795,6.064579486846924,28.908771514892578
drone_001161.pt,50,1,ben shemen,4.0554518699646,5.992711544036865,28.527084350585938
drone_001162.pt,50,1,ben shemen,4.042175769805908,6.034578323364258,27.623001098632812
drone_001163.pt,50,1,ben shemen,4.621644973754883,5.732386589050293,28.805843353271484
drone_001164.pt,50,1,ben shemen,5.0211896896362305,5.815154552459717,27.12390899658203
drone_001165.pt,50,1,ben shemen,4.611952781677246,5.742921829223633,25.8309326171875
drone_001166.pt,50,1,ben shemen,6.1847028732299805,5.693686485290527,26.247053146362305
drone_001167.pt,50,1,ben shemen,7.4407958984375,5.552850246429443,24.430044174194336
drone_001168.pt,50,1,ben shemen,7.782874584197998,5.634878635406494,24.72686767578125
drone_001169.pt,50,1,ben shemen,8.018084526062012,5.79660177230835,24.270854949951172
drone_001170.pt,50,1,ben shemen,8.430513381958008,5.296666145324707,25.070629119873047
drone_001171.pt,50,1,ben shemen,8.113831520080566,5.842266082763672,24.346712112426758
drone_001172.pt,50,1,ben shemen,8.245318412780762,5.634978294372559,24.490177154541016
drone_001173.pt,50,1,ben shemen,8.38953971862793,5.309954643249512,27.721921920776367
drone_001174.pt,50,1,ben shemen,8.426692008972168,5.582150459289551,25.65487289428711
drone_001175.pt,50,1,ben shemen,6.000420093536377,7.021901607513428,26.75266456604004
drone_001176.pt,50,1,ben shemen,7.944764614105225,5.560812950134277,25.428199768066406
drone_001177.pt,50,1,ben shemen,7.9325337409973145,6.166903972625732,25.782238006591797
drone_001178.pt,50,1,ben shemen,8.273163795471191,5.6811370849609375,25.325363159179688
drone_001179.pt,50,1,ben shemen,8.220727920532227,5.314577102661133,23.87491226196289
drone_001180.pt,50,1,ben shemen,7.474238872528076,5.857115268707275,28.327425003051758
drone_001181.pt,50,1,ben shemen,6.503208637237549,5.671925067901611,28.529083251953125
drone_001182.pt,50,1,ben shemen,4.151133060455322,6.731591701507568,28.41943359375
drone_001183.pt,50,1,ben shemen,4.665370464324951,6.426309108734131,27.376985549926758
drone_001184.pt,50,1,ben shemen,6.161088466644287,6.942661762237549,25.001094818115234
drone_001185.pt,50,1,ben shemen,8.320549964904785,5.189507961273193,25.51706314086914
drone_001186.pt,50,1,ben shemen,7.688045978546143,5.665247440338135,26.843259811401367
drone_001187.pt,50,1,ben shemen,8.168846130371094,5.2032952308654785,26.571796417236328
drone_001188.pt,50,1,ben shemen,7.860854625701904,5.246346473693848,24.218690872192383
drone_001189.pt,50,1,ben shemen,8.330257415771484,5.267485618591309,24.000699996948242
drone_001190.pt,50,1,ben shemen,8.362016677856445,5.444732189178467,27.976612091064453
drone_001191.pt,50,1,ben shemen,7.302673816680908,5.13577127456665,27.539587020874023
drone_001192.pt,50,1,ben shemen,7.666064262390137,5.352629661560059,26.922061920166016
drone_001193.pt,50,1,ben shemen,7.414342880249023,5.751699924468994,29.52893829345703
drone_001194.pt,50,1,ben shemen,6.703648567199707,5.701535224914551,26.54723358154297
drone_001195.pt,50,1,ben shemen,7.007657051086426,5.582310199737549,26.25145721435547
drone_001196.pt,50,1,ben shemen,6.56376314163208,5.89198112487793,27.509366989135742
drone_001197.pt,50,1,ben shemen,7.6400837898254395,5.574915409088135,30.98680877685547
drone_001198.pt,50,1,ben shemen,8.12263011932373,5.320603370666504,29.9997615814209
drone_001199.pt,50,1,ben shemen,8.044747352600098,5.697750568389893,26.582592010498047
drone_001200.pt,50,1,ben shemen,8.103877067565918,5.5633625984191895,25.035797119140625
drone_001201.pt,50,1,ben shemen,6.781955242156982,5.813814640045166,27.954797744750977
drone_001202.pt,50,1,ben shemen,5.800994396209717,6.430790424346924,29.573650360107422
drone_001203.pt,50,1,ben shemen,5.687256336212158,6.012790679931641,29.235660552978516
drone_001204.pt,50,1,ben shemen,7.17770528793335,5.390195846557617,29.164634704589844
drone_001205.pt,50,1,ben shemen,7.293060779571533,5.949974536895752,26.72797393798828
drone_001206.pt,50,1,ben shemen,7.6999616622924805,6.027032375335693,27.14851188659668
drone_001207.pt,50,1,ben shemen,7.117952346801758,6.010569095611572,27.5186767578125
drone_001208.pt,50,1,ben shemen,7.419086933135986,6.0635833740234375,25.36858367919922
drone_001209.pt,50,1,ben shemen,7.805773735046387,6.106264114379883,22.350872039794922
drone_001210.pt,50,1,ben shemen,6.692937850952148,6.0533623695373535,24.96574592590332
drone_001211.pt,50,1,ben shemen,3.6295762062072754,5.579646110534668,25.05518341064453
drone_001212.pt,50,1,ben shemen,-1.1511540412902832,5.653733730316162,21.316791534423828
drone_001213.pt,50,1,ben shemen,0.8580495715141296,5.193363189697266,19.56037139892578
drone_001214.pt,50,1,ben shemen,-0.0017323277425020933,5.295777797698975,19.683303833007812
drone_001215.pt,50,1,ben shemen,-0.9319465160369873,5.489679336547852,19.733448028564453
drone_001216.pt,50,1,ben shemen,-2.4249982833862305,5.730404853820801,20.832477569580078
drone_001217.pt,50,1,ben shemen,-0.7784386277198792,5.589164733886719,21.570125579833984
drone_001218.pt,50,1,ben shemen,4.046922206878662,5.971334934234619,19.958890914916992
drone_001219.pt,50,1,ben shemen,2.997469425201416,5.704836845397949,21.553983688354492
drone_001220.pt,50,1,ben shemen,-5.937982559204102,6.034125328063965,16.201265335083008
drone_001221.pt,50,1,ben shemen,-7.007469654083252,6.203166484832764,17.83831787109375
drone_001222.pt,50,1,ben shemen,-5.868994235992432,5.694816589355469,18.603221893310547
drone_001223.pt,50,1,ben shemen,-7.362661838531494,6.6931939125061035,16.82847785949707
drone_001224.pt,50,1,ben shemen,-6.333326816558838,6.280850887298584,17.120569229125977
drone_001225.pt,50,1,ben shemen,-4.6940598487854,5.4013543128967285,16.829082489013672
drone_001226.pt,50,1,ben shemen,-4.938397407531738,5.687614440917969,17.500656127929688
drone_001227.pt,50,1,ben shemen,-5.441442489624023,6.383546829223633,17.79412841796875
drone_001228.pt,50,1,ben shemen,-4.116801738739014,6.231363296508789,17.287363052368164
drone_001229.pt,50,1,ben shemen,-1.5985264778137207,6.135542392730713,18.69145965576172
drone_001230.pt,50,1,ben shemen,-4.626409530639648,6.562129020690918,19.803260803222656
drone_001231.pt,50,1,ben shemen,-4.661486625671387,6.089541912078857,16.08930778503418
drone_001232.pt,50,1,ben shemen,-3.7877683639526367,6.227257251739502,16.30840492248535
drone_001233.pt,50,1,ben shemen,1.2122668027877808,6.449934959411621,28.153766632080078
drone_001234.pt,50,1,ben shemen,7.546687126159668,5.508326053619385,31.14845085144043
drone_001235.pt,50,1,ben shemen,5.808677673339844,5.210442066192627,32.48386764526367
drone_001236.pt,50,1,ben shemen,4.484805583953857,4.793773174285889,25.93277931213379
drone_001237.pt,50,1,ben shemen,1.039730429649353,5.71205997467041,22.420284271240234
drone_001238.pt,50,1,ben shemen,-2.3864312171936035,5.779200077056885,18.185400009155273
drone_001239.pt,50,1,ben shemen,-4.134823322296143,5.832391262054443,16.215269088745117
drone_001240.pt,50,1,ben shemen,0.41923436522483826,5.386954307556152,20.776615142822266
drone_001241.pt,50,1,ben shemen,3.141634225845337,4.536431312561035,21.07086181640625
drone_001242.pt,50,1,ben shemen,6.472231864929199,4.967894077301025,23.13162612915039
drone_001243.pt,50,1,ben shemen,4.910881519317627,6.044425010681152,25.260570526123047
drone_001244.pt,50,1,ben shemen,5.869077682495117,5.820730209350586,24.8262996673584
drone_001245.pt,50,1,ben shemen,2.6203296184539795,5.945262908935547,22.47410011291504
drone_001246.pt,50,1,ben shemen,0.7430997490882874,5.204671382904053,19.689224243164062
drone_001247.pt,50,1,ben shemen,0.7759162783622742,4.922823905944824,17.665424346923828
drone_001248.pt,50,1,ben shemen,-0.19578538835048676,4.665116786956787,16.154979705810547
drone_001249.pt,50,1,ben shemen,1.7115317583084106,5.571796417236328,20.330432891845703
drone_001250.pt,50,1,ben shemen,5.22672700881958,5.3910017013549805,23.821718215942383
drone_001251.pt,50,1,ben shemen,5.6643595695495605,5.821433067321777,26.575912475585938
drone_001252.pt,50,1,ben shemen,-2.147379159927368,5.677377223968506,22.137630462646484
drone_001253.pt,50,1,ben shemen,1.1566904783248901,4.997535705566406,19.72263526916504
drone_001254.pt,50,1,ben shemen,2.0859181880950928,4.793322563171387,20.31210708618164
drone_001255.pt,50,1,ben shemen,2.7081809043884277,4.747305393218994,23.539350509643555
drone_001256.pt,50,1,ben shemen,-0.03077782317996025,5.4261860847473145,25.457164764404297
drone_001257.pt,50,1,ben shemen,0.31886613368988037,5.413451194763184,24.925865173339844
drone_001258.pt,50,1,ben shemen,-1.8232978582382202,5.156162738800049,25.54987335205078
drone_001259.pt,50,1,ben shemen,0.1545994132757187,5.545902252197266,26.479896545410156
drone_001260.pt,50,1,ben shemen,0.481087327003479,5.054657936096191,20.078662872314453
drone_001261.pt,50,1,ben shemen,-3.013707160949707,5.641979217529297,20.677310943603516
drone_001262.pt,50,1,ben shemen,-5.152080059051514,5.50986909866333,11.572259902954102
drone_001263.pt,50,1,ben shemen,-3.7515223026275635,5.481943130493164,14.385393142700195
drone_001264.pt,50,1,ben shemen,-1.9929875135421753,5.402907848358154,17.393306732177734
drone_001265.pt,50,1,ben shemen,-3.0176737308502197,5.620523452758789,14.652124404907227
drone_001266.pt,50,1,ben shemen,-5.541257858276367,5.668642044067383,13.57961654663086
drone_001267.pt,50,1,ben shemen,-3.807412624359131,5.767606258392334,23.427621841430664
drone_001268.pt,50,1,ben shemen,0.9113426208496094,5.712227821350098,29.871694564819336
drone_001269.pt,50,1,ben shemen,-1.9653512239456177,7.08774471282959,29.868974685668945
drone_001270.pt,50,1,ben shemen,6.535141468048096,6.484891414642334,32.18267059326172
drone_001271.pt,50,1,ben shemen,5.808484077453613,6.849169731140137,32.09914016723633
drone_001272.pt,50,1,ben shemen,3.9880239963531494,4.6924872398376465,19.067428588867188
drone_001273.pt,50,1,ben shemen,3.138632297515869,4.703893661499023,18.406978607177734
drone_001274.pt,50,1,ben shemen,4.634185314178467,5.071446895599365,21.387577056884766
drone_001275.pt,50,1,ben shemen,4.864602088928223,5.055454730987549,21.368148803710938
drone_001276.pt,50,1,ben shemen,5.125194549560547,4.873741149902344,19.499774932861328
drone_001277.pt,50,1,ben shemen,3.699427843093872,4.669638156890869,20.164756774902344
drone_001278.pt,50,1,ben shemen,8.107590675354004,5.617660999298096,29.126972198486328
drone_001279.pt,50,1,ben shemen,7.4778594970703125,5.980142593383789,32.429405212402344
drone_001280.pt,50,1,ben shemen,7.92832612991333,6.275216102600098,28.43378257751465
drone_001281.pt,50,1,ben shemen,8.40285873413086,5.9849114418029785,23.848703384399414
drone_001282.pt,50,1,ben shemen,8.608134269714355,6.032524585723877,22.899272918701172
drone_001283.pt,50,1,ben shemen,8.685189247131348,5.5768914222717285,23.860130310058594
drone_001284.pt,50,1,ben shemen,8.769546508789062,5.538215637207031,23.692514419555664
drone_001285.pt,50,1,ben shemen,6.099217414855957,5.049348831176758,21.80307388305664
drone_001286.pt,50,1,ben shemen,5.856874465942383,4.901319980621338,21.832178115844727
drone_001287.pt,50,1,ben shemen,5.637502193450928,5.187749862670898,18.540021896362305
drone_001288.pt,50,1,ben shemen,7.097763538360596,5.206770420074463,31.86770248413086
drone_001289.pt,50,1,ben shemen,-4.040952682495117,5.050185680389404,9.430964469909668
drone_001290.pt,50,1,ben shemen,-3.4965314865112305,4.848736763000488,12.972532272338867
drone_001291.pt,50,1,ben shemen,-2.18711256980896,5.1869330406188965,20.311738967895508
drone_001292.pt,50,1,ben shemen,3.1983449459075928,4.876682758331299,23.813716888427734
drone_001293.pt,50,1,ben shemen,3.929690361022949,4.897428035736084,22.04755401611328
drone_001294.pt,50,1,ben shemen,3.079019784927368,5.196516036987305,19.676790237426758
drone_001295.pt,50,1,ben shemen,1.3550283908843994,5.244073390960693,17.182594299316406
drone_001296.pt,50,1,ben shemen,0.156219944357872,5.146421909332275,21.301219940185547
drone_001297.pt,50,1,ben shemen,0.16028255224227905,5.313321113586426,14.451102256774902
drone_001298.pt,50,1,ben shemen,1.4935168027877808,5.9515461921691895,18.08039665222168
drone_001299.pt,50,1,ben shemen,1.6081641912460327,6.294217586517334,20.090965270996094
drone_001300.pt,50,1,ben shemen,2.4980387687683105,6.401793479919434,21.97870635986328
drone_001301.pt,50,1,ben shemen,2.5540122985839844,6.512246608734131,20.337268829345703
drone_001302.pt,50,1,ben shemen,0.8986459374427795,6.12435245513916,16.447179794311523
drone_001303.pt,50,1,ben shemen,2.6208105087280273,6.525594711303711,32.5247802734375
drone_001304.pt,50,1,ben shemen,2.8890347480773926,6.717314720153809,32.68971252441406
drone_001305.pt,50,1,ben shemen,-1.4272774457931519,6.081184387207031,18.272537231445312
drone_001306.pt,50,1,ben shemen,0.6654109358787537,7.316052436828613,31.95911407470703
drone_001307.pt,50,1,ben shemen,4.433427333831787,6.347324848175049,31.151111602783203
drone_001308.pt,50,1,ben shemen,2.6366312503814697,6.07573938369751,24.664939880371094
drone_001309.pt,50,1,ben shemen,1.7564629316329956,5.9876017570495605,17.729835510253906
drone_001310.pt,50,1,ben shemen,2.359372138977051,6.162621021270752,17.413246154785156
drone_001311.pt,50,1,ben shemen,2.9780097007751465,6.231550216674805,19.08238983154297
drone_001312.pt,50,1,ben shemen,4.081509590148926,6.2740397453308105,24.930946350097656
drone_001313.pt,50,1,ben shemen,-0.3593357801437378,6.266333103179932,20.14978790283203
drone_001314.pt,50,1,ben shemen,-1.1979249715805054,6.457817077636719,20.904319763183594
drone_001315.pt,50,1,ben shemen,3.9770078659057617,6.386214733123779,27.450170516967773
drone_001316.pt,50,1,ben shemen,-1.2192448377609253,5.198728561401367,16.073287963867188
drone_001317.pt,50,1,ben shemen,2.477551221847534,5.3098673820495605,18.652462005615234
drone_001318.pt,50,1,ben shemen,2.142486572265625,5.0566020011901855,18.353914260864258
drone_001319.pt,50,1,ben shemen,3.658317804336548,5.457144260406494,29.592618942260742
drone_001320.pt,50,1,ben shemen,8.19434642791748,5.957588195800781,24.24988555908203
drone_001321.pt,50,1,ben shemen,7.775362014770508,5.577582359313965,23.18903160095215
drone_001322.pt,50,1,ben shemen,8.821770668029785,5.571416854858398,24.824981689453125
drone_001323.pt,50,1,ben shemen,6.621824741363525,5.8661017417907715,26.960281372070312
drone_001324.pt,50,1,ben shemen,7.881136894226074,6.380887985229492,23.366512298583984
drone_001325.pt,50,1,ben shemen,7.965698719024658,6.476607799530029,24.727441787719727
drone_001326.pt,50,1,ben shemen,7.081031322479248,6.755207538604736,23.786766052246094
drone_001327.pt,50,1,ben shemen,-4.463598728179932,5.8390655517578125,20.548721313476562
drone_001328.pt,50,1,ben shemen,-11.146809577941895,5.836815357208252,16.973907470703125
drone_001329.pt,50,1,ben shemen,-6.465156078338623,5.912808895111084,18.743385314941406
drone_001330.pt,50,1,ben shemen,-9.694156646728516,6.051764488220215,16.518518447875977
drone_001331.pt,50,1,ben shemen,-10.866701126098633,5.696230411529541,15.348495483398438
drone_001332.pt,50,1,ben shemen,-3.5640909671783447,5.9844794273376465,22.02191925048828
drone_001333.pt,50,1,ben shemen,-2.4608747959136963,6.071609973907471,22.436553955078125
drone_001334.pt,50,1,ben shemen,-1.152795433998108,6.274088382720947,21.641847610473633
drone_001335.pt,50,1,ben shemen,6.310966968536377,5.9501495361328125,22.566511154174805
drone_001336.pt,50,1,ben shemen,7.898580551147461,6.269977569580078,27.96770477294922
drone_001337.pt,50,1,ben shemen,5.414561748504639,6.662228584289551,24.62796401977539
drone_001338.pt,50,1,ben shemen,4.658669471740723,6.38265323638916,21.572105407714844
drone_001339.pt,50,1,ben shemen,7.3876848220825195,6.2208147048950195,30.019851684570312
drone_001340.pt,50,1,ben shemen,0.47750046849250793,6.284824848175049,17.059585571289062
drone_001341.pt,50,1,ben shemen,3.8979530334472656,6.880304336547852,19.498191833496094
drone_001342.pt,50,1,ben shemen,7.823026657104492,6.4765825271606445,26.341371536254883
drone_001343.pt,50,1,ben shemen,7.574840068817139,6.944185733795166,27.237564086914062
drone_001344.pt,50,1,ben shemen,7.736825466156006,7.354547500610352,25.191513061523438
drone_001345.pt,50,1,ben shemen,7.774175643920898,7.2767205238342285,23.92287826538086
drone_001346.pt,50,1,ben shemen,8.38418197631836,6.357273101806641,24.8361873626709
drone_001347.pt,50,1,ben shemen,8.337762832641602,6.495869159698486,25.411758422851562
drone_001348.pt,50,1,ben shemen,-3.908484697341919,6.072441577911377,16.052581787109375
drone_001349.pt,50,1,ben shemen,-11.363536834716797,6.381939888000488,16.367795944213867
drone_001350.pt,50,1,ben shemen,1.096068263053894,6.133596897125244,18.86394500732422
drone_001351.pt,50,1,ben shemen,-2.045966625213623,6.672489643096924,15.904627799987793
drone_001352.pt,50,1,ben shemen,-3.706282138824463,6.85498046875,14.565564155578613
drone_001353.pt,50,1,ben shemen,-13.08743953704834,7.584254741668701,30.836122512817383
drone_001354.pt,50,1,ben shemen,-9.291557312011719,7.157324314117432,28.146865844726562
drone_001355.pt,50,1,ben shemen,7.517143249511719,6.721295356750488,28.994428634643555
drone_001356.pt,50,1,ben shemen,6.7566423416137695,6.501741886138916,29.600711822509766
drone_001357.pt,50,1,ben shemen,3.15305233001709,6.304262161254883,38.9782600402832
drone_001358.pt,50,1,ben shemen,-9.555609703063965,6.928901195526123,17.61808967590332
drone_001359.pt,50,1,ben shemen,1.1906263828277588,7.122231960296631,18.713762283325195
drone_001360.pt,50,1,ben shemen,-7.013746738433838,6.5515828132629395,13.912107467651367
ambience_001516.pt,50,0,Yarkon rosh zipor,-6.577887058258057,8.785027503967285,21.10832405090332
ambience_001517.pt,50,0,Yarkon rosh zipor,-5.924596786499023,9.269865036010742,22.41124153137207
ambience_001518.pt,50,0,Yarkon rosh zipor,-6.486999034881592,9.79938793182373,20.763484954833984
ambience_001519.pt,50,0,Yarkon rosh zipor,-6.00493049621582,10.988680839538574,28.09387969970703
ambience_001520.pt,50,0,Yarkon rosh zipor,-4.977833271026611,12.100607872009277,26.88970184326172
ambience_001521.pt,50,0,Yarkon rosh zipor,-3.8444712162017822,11.644147872924805,26.126052856445312
ambience_001522.pt,50,0,Yarkon rosh zipor,-4.685702800750732,11.274224281311035,28.575878143310547
ambience_001523.pt,50,0,Yarkon rosh zipor,-5.598116874694824,10.851131439208984,29.491178512573242
ambience_001524.pt,50,0,Yarkon rosh zipor,-6.696606636047363,10.525381088256836,30.563167572021484
ambience_001525.pt,50,0,Yarkon rosh zipor,-4.1810712814331055,11.040580749511719,24.374042510986328
ambience_001526.pt,50,0,Yarkon rosh zipor,-4.771604061126709,12.517152786254883,26.349706649780273
ambience_001527.pt,50,0,Yarkon rosh zipor,-6.003021240234375,12.705394744873047,25.192646026611328
ambience_001528.pt,50,0,Yarkon rosh zipor,-5.493111610412598,13.002304077148438,26.384735107421875
ambience_001529.pt,50,0,Yarkon rosh zipor,-5.506359577178955,12.954063415527344,25.60162353515625
ambience_001530.pt,50,0,Yarkon rosh zipor,-4.521640777587891,12.269002914428711,28.115015029907227
ambience_001531.pt,50,0,Yarkon rosh zipor,-3.3082618713378906,11.309554100036621,27.513940811157227
ambience_001532.pt,50,0,Yarkon rosh zipor,-4.533123970031738,12.028848648071289,27.749774932861328
ambience_001533.pt,50,0,Yarkon rosh zipor,-5.0466437339782715,12.331483840942383,26.792219161987305
ambience_001534.pt,50,0,Yarkon rosh zipor,-3.765805721282959,12.232454299926758,27.33953857421875
ambience_001535.pt,50,0,Yarkon rosh zipor,-4.781315803527832,12.582059860229492,28.21718978881836
ambience_001536.pt,50,0,Yarkon rosh zipor,-6.858227729797363,13.90792465209961,28.84121322631836
ambience_001537.pt,50,0,Yarkon rosh zipor,-5.918153762817383,13.4237060546875,29.19816017150879
ambience_001538.pt,50,0,Yarkon rosh zipor,-6.9420366287231445,13.538775444030762,28.31343650817871
ambience_001539.pt,50,0,Yarkon rosh zipor,-5.258823871612549,13.397226333618164,28.012767791748047
ambience_001540.pt,50,0,Yarkon rosh zipor,-5.513967990875244,13.597553253173828,28.517993927001953
ambience_001541.pt,50,0,Yarkon rosh zipor,-5.349763870239258,13.09280014038086,30.523366928100586
ambience_001542.pt,50,0,Yarkon rosh zipor,-4.644481182098389,13.168434143066406,28.745346069335938
ambience_001543.pt,50,0,Yarkon rosh zipor,-5.041797161102295,13.373750686645508,28.508089065551758
ambience_001544.pt,50,0,Yarkon rosh zipor,-5.10807991027832,13.172770500183105,29.9569091796875
ambience_001545.pt,50,0,Yarkon rosh zipor,-4.792937755584717,13.426836967468262,29.887996673583984
ambience_001546.pt,50,0,Yarkon rosh zipor,-4.529122829437256,13.082314491271973,27.55670166015625
ambience_001547.pt,50,0,Yarkon rosh zipor,-4.9476094245910645,13.3152437210083,26.21424674987793
ambience_001548.pt,50,0,Yarkon rosh zipor,-4.043241500854492,12.86207103729248,27.674156188964844
ambience_001549.pt,50,0,Yarkon rosh zipor,-4.823365688323975,13.051254272460938,27.20130157470703
ambience_001550.pt,50,0,Yarkon rosh zipor,-3.8414306640625,12.496843338012695,28.459945678710938
ambience_001551.pt,50,0,Yarkon rosh zipor,-4.673786640167236,13.330501556396484,28.61527442932129
ambience_001552.pt,50,0,Yarkon rosh zipor,-4.442750930786133,13.146991729736328,26.309240341186523
ambience_001553.pt,50,0,Yarkon rosh zipor,-4.763794422149658,13.360660552978516,27.614782333374023
ambience_001554.pt,50,0,Yarkon rosh zipor,-4.75852632522583,13.684061050415039,26.627294540405273
ambience_001555.pt,50,0,Yarkon rosh zipor,-5.647460460662842,13.749080657958984,27.70767593383789
ambience_001556.pt,50,0,Yarkon rosh zipor,-5.988656997680664,13.641578674316406,27.750743865966797
ambience_001557.pt,50,0,Yarkon rosh zipor,-5.727116584777832,13.401884078979492,28.774423599243164
ambience_001558.pt,50,0,Yarkon rosh zipor,-5.7935028076171875,13.436644554138184,28.94992446899414
ambience_001559.pt,50,0,Yarkon rosh zipor,-6.415276050567627,13.525172233581543,29.256818771362305
ambience_001560.pt,50,0,Yarkon rosh zipor,-5.154324054718018,13.248387336730957,29.257381439208984
ambience_001561.pt,50,0,Yarkon rosh zipor,-5.221345901489258,13.206832885742188,29.08956527709961
ambience_001562.pt,50,0,Yarkon rosh zipor,-5.8209028244018555,13.585667610168457,28.73075294494629
ambience_001563.pt,50,0,Yarkon rosh zipor,-5.436016082763672,13.592833518981934,28.556625366210938
ambience_001564.pt,50,0,Yarkon rosh zipor,-5.126694202423096,13.519585609436035,28.156131744384766
ambience_001565.pt,50,0,Yarkon rosh zipor,-4.052058219909668,12.904287338256836,28.12751007080078
ambience_001566.pt,50,0,Yarkon rosh zipor,-5.744129180908203,13.481012344360352,29.130685806274414
ambience_001567.pt,50,0,Yarkon rosh zipor,-6.0320281982421875,13.427557945251465,29.072261810302734
ambience_001568.pt,50,0,Yarkon rosh zipor,-5.307587623596191,13.042997360229492,28.982776641845703
ambience_001569.pt,50,0,Yarkon rosh zipor,-6.372134685516357,13.519221305847168,29.470073699951172
ambience_001570.pt,50,0,Yarkon rosh zipor,-6.223391532897949,13.442445755004883,28.544403076171875
ambience_001571.pt,50,0,Yarkon rosh zipor,-5.640653610229492,13.619683265686035,28.22170066833496
ambience_001572.pt,50,0,Yarkon rosh zipor,-5.2249674797058105,13.02256965637207,28.745031356811523
ambience_001573.pt,50,0,Yarkon rosh zipor,-5.659322261810303,13.536670684814453,28.7276554107666
ambience_001574.pt,50,0,Yarkon rosh zipor,-4.316083908081055,12.358555793762207,28.487438201904297
ambience_001575.pt,50,0,Yarkon rosh zipor,-5.83450174331665,13.204365730285645,30.064228057861328
ambience_001576.pt,50,0,Yarkon rosh zipor,-5.882445812225342,13.659626960754395,29.13018798828125
ambience_001577.pt,50,0,Yarkon rosh zipor,-6.250979900360107,13.592825889587402,28.710296630859375
ambience_001578.pt,50,0,Yarkon rosh zipor,-6.432981491088867,13.706734657287598,28.471675872802734
ambience_001579.pt,50,0,Yarkon rosh zipor,-6.488988876342773,13.12889289855957,31.634159088134766
ambience_001580.pt,50,0,Yarkon rosh zipor,-6.340811252593994,13.543161392211914,28.457603454589844
ambience_001581.pt,50,0,Yarkon rosh zipor,-6.9556779861450195,13.918559074401855,27.922842025756836
ambience_001582.pt,50,0,Yarkon rosh zipor,-6.487653732299805,13.795585632324219,27.65473175048828
ambience_001583.pt,50,0,Yarkon rosh zipor,-6.621705532073975,13.740577697753906,29.05713653564453
ambience_001584.pt,50,0,Yarkon rosh zipor,-6.317993640899658,13.675348281860352,30.25472640991211
ambience_001585.pt,50,0,Yarkon rosh zipor,-6.606671333312988,13.615060806274414,28.735912322998047
ambience_001586.pt,50,0,Yarkon rosh zipor,-6.3224687576293945,13.651947975158691,28.395740509033203
ambience_001587.pt,50,0,Yarkon rosh zipor,-6.630937099456787,13.828540802001953,28.76590347290039
ambience_001588.pt,50,0,Yarkon rosh zipor,-6.151101589202881,13.639524459838867,29.140411376953125
ambience_001589.pt,50,0,Yarkon rosh zipor,-6.310633659362793,14.024459838867188,29.10372543334961
ambience_001590.pt,50,0,Yarkon rosh zipor,-6.009227275848389,13.910703659057617,28.405790328979492
ambience_001591.pt,50,0,Yarkon rosh zipor,-5.969970703125,13.919445037841797,28.840885162353516
ambience_001592.pt,50,0,Yarkon rosh zipor,-6.126527786254883,13.942216873168945,28.58583641052246
ambience_001593.pt,50,0,Yarkon rosh zipor,-5.816405773162842,13.957405090332031,28.53885841369629
ambience_001594.pt,50,0,Yarkon rosh zipor,-5.492580413818359,13.790690422058105,28.799793243408203
ambience_001595.pt,50,0,Yarkon rosh zipor,-5.450517177581787,13.79848861694336,28.961105346679688
ambience_001596.pt,50,0,Yarkon rosh zipor,-5.427061557769775,13.568634033203125,28.84777069091797
ambience_001597.pt,50,0,Yarkon rosh zipor,-5.002965927124023,13.106732368469238,29.978370666503906
ambience_001598.pt,50,0,Yarkon rosh zipor,-5.669560432434082,13.35441780090332,30.618003845214844
ambience_001599.pt,50,0,Yarkon rosh zipor,-6.058105945587158,13.77013874053955,29.092288970947266
ambience_001600.pt,50,0,Yarkon rosh zipor,-6.330570697784424,13.510546684265137,30.512924194335938
ambience_001601.pt,50,0,Yarkon rosh zipor,-7.1735453605651855,13.666865348815918,27.868663787841797
ambience_001602.pt,50,0,Yarkon rosh zipor,-6.666229724884033,13.583721160888672,27.417236328125
ambience_001603.pt,50,0,Yarkon rosh zipor,-6.459813117980957,13.595710754394531,26.99246597290039
ambience_001604.pt,50,0,Yarkon rosh zipor,-6.414982795715332,13.437231063842773,27.405941009521484
ambience_001605.pt,50,0,Yarkon rosh zipor,-6.2307353019714355,13.310744285583496,28.265338897705078
ambience_001606.pt,50,0,Yarkon rosh zipor,-6.424108982086182,13.415138244628906,28.408832550048828
ambience_001607.pt,50,0,Yarkon rosh zipor,-6.435842990875244,13.44809341430664,27.38199234008789
ambience_001608.pt,50,0,Yarkon rosh zipor,-6.589988708496094,13.471545219421387,27.022510528564453
ambience_001609.pt,50,0,Yarkon rosh zipor,-6.647386074066162,13.4918851852417,27.451148986816406
ambience_001610.pt,50,0,Yarkon rosh zipor,-5.943356037139893,13.26270866394043,27.3565673828125
ambience_001611.pt,50,0,Yarkon rosh zipor,-6.4270429611206055,13.217647552490234,28.161109924316406
ambience_001612.pt,50,0,Yarkon rosh zipor,-6.668846130371094,13.288152694702148,29.530675888061523
ambience_001613.pt,50,0,Yarkon rosh zipor,-6.900249004364014,13.409132957458496,31.190946578979492
ambience_001614.pt,50,0,Yarkon rosh zipor,-7.030609130859375,12.65684986114502,31.03045654296875
ambience_001615.pt,50,0,Yarkon rosh zipor,-6.76467752456665,12.509361267089844,29.329238891601562
ambience_001616.pt,50,0,Yarkon rosh zipor,-5.401282787322998,11.751158714294434,30.53130340576172
ambience_001617.pt,50,0,Yarkon rosh zipor,-5.8260722160339355,12.177502632141113,30.299367904663086
ambience_001618.pt,50,0,Yarkon rosh zipor,-6.617430210113525,13.194291114807129,30.168359756469727
ambience_001619.pt,50,0,Yarkon rosh zipor,-6.669153213500977,13.503779411315918,28.553056716918945
ambience_001620.pt,50,0,Yarkon rosh zipor,-6.193471908569336,13.376224517822266,29.46539878845215
ambience_001621.pt,50,0,Yarkon rosh zipor,-6.166072368621826,13.439459800720215,29.65200424194336
ambience_001622.pt,50,0,Yarkon rosh zipor,-6.524304389953613,13.446981430053711,29.99266815185547
ambience_001623.pt,50,0,Yarkon rosh zipor,-6.523820877075195,13.554262161254883,29.406654357910156
ambience_001624.pt,50,0,Yarkon rosh zipor,-5.5578837394714355,13.366814613342285,29.626750946044922
ambience_001625.pt,50,0,Yarkon rosh zipor,-6.198275566101074,13.731322288513184,30.27834129333496
ambience_001626.pt,50,0,Yarkon rosh zipor,-5.57620096206665,14.01504135131836,30.284313201904297
ambience_001627.pt,50,0,Yarkon rosh zipor,-5.100232124328613,13.521039962768555,28.153364181518555
ambience_001628.pt,50,0,Yarkon rosh zipor,-5.316503524780273,13.573173522949219,27.8330020904541
ambience_001629.pt,50,0,Yarkon rosh zipor,-5.2743611335754395,13.632532119750977,29.267969131469727
ambience_001630.pt,50,0,Yarkon rosh zipor,-5.504690647125244,13.534987449645996,31.606225967407227
ambience_001631.pt,50,0,Yarkon rosh zipor,-6.375801086425781,12.879547119140625,28.02606773376465
ambience_001632.pt,50,0,Yarkon rosh zipor,-5.795373916625977,12.395418167114258,29.585458755493164
ambience_001633.pt,50,0,Yarkon rosh zipor,-6.075273036956787,12.017889976501465,31.14434814453125
ambience_001634.pt,50,0,Yarkon rosh zipor,-5.275413990020752,11.68974781036377,30.202550888061523
ambience_001635.pt,50,0,Yarkon rosh zipor,-4.870715618133545,11.547942161560059,31.21905517578125
ambience_001636.pt,50,0,Yarkon rosh zipor,-3.8212392330169678,12.17904281616211,30.7807559967041
ambience_001637.pt,50,0,Yarkon rosh zipor,-4.434750080108643,13.024027824401855,28.781164169311523
ambience_001638.pt,50,0,Yarkon rosh zipor,-4.3717241287231445,12.829843521118164,28.069181442260742
ambience_001639.pt,50,0,Yarkon rosh zipor,-3.8605942726135254,12.612893104553223,27.378559112548828
ambience_001640.pt,50,0,Yarkon rosh zipor,-6.035464763641357,13.438642501831055,27.85752296447754
ambience_001641.pt,50,0,Yarkon rosh zipor,-6.3391265869140625,13.596582412719727,27.64659881591797
ambience_001642.pt,50,0,Yarkon rosh zipor,-6.654320240020752,13.558116912841797,28.374937057495117
ambience_001643.pt,50,0,Yarkon rosh zipor,-6.059352397918701,12.630963325500488,27.108966827392578
ambience_001644.pt,50,0,Yarkon rosh zipor,-5.257523059844971,11.166619300842285,30.042335510253906
ambience_001645.pt,50,0,Yarkon rosh zipor,-6.2435994148254395,11.167274475097656,30.784957885742188
ambience_001646.pt,50,0,Yarkon rosh zipor,-6.557521343231201,10.865288734436035,29.64031982421875
ambience_001647.pt,50,0,Yarkon rosh zipor,-6.794961929321289,10.945351600646973,29.044065475463867
ambience_001648.pt,50,0,Yarkon rosh zipor,-6.286349773406982,10.559548377990723,30.30435562133789
ambience_001649.pt,50,0,Yarkon rosh zipor,-4.515191555023193,10.973328590393066,28.416824340820312
ambience_001650.pt,50,0,Yarkon rosh zipor,-4.676846027374268,11.099674224853516,28.47073745727539
ambience_001651.pt,50,0,Yarkon rosh zipor,-3.9336678981781006,10.23712158203125,27.808395385742188
ambience_001652.pt,50,0,Yarkon rosh zipor,-4.319502353668213,12.005779266357422,27.027462005615234
ambience_001653.pt,50,0,Yarkon rosh zipor,-4.553495407104492,12.129474639892578,28.26581573486328
ambience_001654.pt,50,0,Yarkon rosh zipor,-5.255351543426514,11.753558158874512,27.847209930419922
ambience_001655.pt,50,0,Yarkon rosh zipor,-5.72622013092041,11.140366554260254,28.534582138061523
ambience_001656.pt,50,0,Yarkon rosh zipor,-5.990054607391357,11.424236297607422,29.034587860107422
ambience_001657.pt,50,0,Yarkon rosh zipor,-4.888158321380615,11.193924903869629,29.097427368164062
ambience_001658.pt,50,0,Yarkon rosh zipor,-5.015905857086182,10.79051399230957,30.429288864135742
ambience_001659.pt,50,0,Yarkon rosh zipor,-5.95866584777832,10.962705612182617,28.296977996826172
ambience_001660.pt,50,0,Yarkon rosh zipor,-5.3898844718933105,10.857670783996582,31.117385864257812
ambience_001661.pt,50,0,Yarkon rosh zipor,-6.670712471008301,11.041707992553711,28.38899803161621
ambience_001662.pt,50,0,Yarkon rosh zipor,-5.838673114776611,10.928149223327637,27.788429260253906
ambience_001663.pt,50,0,Yarkon rosh zipor,-4.945580005645752,10.414027214050293,29.8884220123291
ambience_001664.pt,50,0,Yarkon rosh zipor,-5.235095500946045,10.653915405273438,28.627246856689453
ambience_001665.pt,50,0,Yarkon rosh zipor,-4.615908145904541,10.349030494689941,26.90976905822754
ambience_001666.pt,50,0,Yarkon rosh zipor,-5.16064977645874,11.248440742492676,30.227033615112305
ambience_001667.pt,50,0,Yarkon rosh zipor,-6.184595108032227,12.74571704864502,28.466548919677734
ambience_001668.pt,50,0,Yarkon rosh zipor,-6.932229518890381,13.31592082977295,27.05356216430664
ambience_001669.pt,50,0,Yarkon rosh zipor,-7.668661117553711,13.731098175048828,28.856229782104492
ambience_001670.pt,50,0,Yarkon rosh zipor,-7.473543167114258,11.25040340423584,30.442705154418945
ambience_001671.pt,50,0,Yarkon rosh zipor,-7.887232780456543,11.332085609436035,31.862945556640625
ambience_001672.pt,50,0,Yarkon rosh zipor,-6.624475479125977,11.166793823242188,29.390897750854492
ambience_001673.pt,50,0,Yarkon rosh zipor,-6.052514553070068,10.823945045471191,31.587697982788086
ambience_001674.pt,50,0,Yarkon rosh zipor,-5.044713497161865,10.589810371398926,29.95671844482422
ambience_001675.pt,50,0,Yarkon rosh zipor,-5.059267520904541,11.458869934082031,27.233789443969727
ambience_001676.pt,50,0,Yarkon rosh zipor,-5.394471645355225,11.921249389648438,29.16433334350586
ambience_001677.pt,50,0,Yarkon rosh zipor,-4.965753555297852,10.418222427368164,27.1686954498291
ambience_001678.pt,50,0,Yarkon rosh zipor,-6.513882637023926,10.950879096984863,28.836116790771484
ambience_001679.pt,50,0,Yarkon rosh zipor,-7.4867753982543945,10.847765922546387,30.154645919799805
ambience_001680.pt,50,0,Yarkon rosh zipor,-5.43681526184082,12.015215873718262,29.534744262695312
ambience_001681.pt,50,0,Yarkon rosh zipor,-6.033233165740967,12.962895393371582,27.473175048828125
ambience_001682.pt,50,0,Yarkon rosh zipor,-5.811185836791992,12.653346061706543,30.569316864013672
ambience_001683.pt,50,0,Yarkon rosh zipor,-4.110728740692139,11.617204666137695,31.80354881286621
ambience_001684.pt,50,0,Yarkon rosh zipor,-7.359913349151611,10.286905288696289,29.811552047729492
ambience_001685.pt,50,0,Yarkon rosh zipor,-6.360964775085449,10.335515022277832,31.37018394470215
ambience_001686.pt,50,0,Yarkon rosh zipor,-5.692317962646484,10.511517524719238,26.86217498779297
ambience_001687.pt,50,0,Yarkon rosh zipor,-6.113684177398682,10.472349166870117,27.03064727783203
ambience_001688.pt,50,0,Yarkon rosh zipor,-5.8232340812683105,11.39665412902832,30.549766540527344
ambience_001689.pt,50,0,Yarkon rosh zipor,-5.476620197296143,11.656033515930176,28.5598087310791
ambience_001690.pt,50,0,Yarkon rosh zipor,-4.7038254737854,11.88102912902832,26.62401008605957
ambience_001691.pt,50,0,Yarkon rosh zipor,-5.42496919631958,12.526058197021484,27.947589874267578
ambience_001692.pt,50,0,Yarkon rosh zipor,-6.020384311676025,10.551342964172363,30.934181213378906
ambience_001693.pt,50,0,Yarkon rosh zipor,-7.079258918762207,10.633596420288086,27.99411392211914
ambience_001694.pt,50,0,Yarkon rosh zipor,-7.4040422439575195,11.253153800964355,27.2685546875
ambience_001695.pt,50,0,Yarkon rosh zipor,-6.503596782684326,12.226883888244629,29.107301712036133
ambience_001696.pt,50,0,Yarkon rosh zipor,-6.500857830047607,12.29151725769043,28.919330596923828
ambience_001697.pt,50,0,Yarkon rosh zipor,-5.818620681762695,12.58594799041748,27.768648147583008
ambience_001698.pt,50,0,Yarkon rosh zipor,-7.345529556274414,13.497903823852539,26.24655532836914
ambience_001699.pt,50,0,Yarkon rosh zipor,-5.839498519897461,10.585735321044922,29.80302619934082
ambience_001700.pt,50,0,Yarkon rosh zipor,-4.9225616455078125,10.541244506835938,31.67449951171875
ambience_001701.pt,50,0,Yarkon rosh zipor,-6.656318664550781,10.156181335449219,28.402748107910156
ambience_001702.pt,50,0,Yarkon rosh zipor,-6.356600761413574,10.649442672729492,27.791393280029297
ambience_001703.pt,50,0,Yarkon rosh zipor,-3.860297441482544,12.116247177124023,26.702726364135742
ambience_001704.pt,50,0,Yarkon rosh zipor,-4.069901943206787,12.096095085144043,27.501895904541016
ambience_001705.pt,50,0,Yarkon rosh zipor,-5.325592041015625,11.47153377532959,26.126787185668945
ambience_001706.pt,50,0,Yarkon rosh zipor,-5.363073348999023,11.208828926086426,27.19324493408203
ambience_001707.pt,50,0,Yarkon rosh zipor,-5.844334602355957,10.819230079650879,30.021793365478516
ambience_001708.pt,50,0,Yarkon rosh zipor,-7.379926681518555,9.731497764587402,26.29768180847168
ambience_001709.pt,50,0,Yarkon rosh zipor,-7.479674816131592,10.310577392578125,28.9992733001709
ambience_001710.pt,50,0,Yarkon rosh zipor,-7.35992431640625,10.377701759338379,27.867958068847656
ambience_001711.pt,50,0,Yarkon rosh zipor,-6.201135635375977,10.890262603759766,28.66726303100586
ambience_001712.pt,50,0,Yarkon rosh zipor,-4.886292457580566,10.271714210510254,27.240182876586914
ambience_001713.pt,50,0,Yarkon rosh zipor,-5.317877292633057,10.748763084411621,36.343589782714844
ambience_001714.pt,50,0,Yarkon rosh zipor,-7.018594264984131,10.188809394836426,28.54102325439453
ambience_001715.pt,50,0,Yarkon rosh zipor,-6.020866394042969,9.860918998718262,28.040706634521484
ambience_001716.pt,50,0,Yarkon rosh zipor,-5.266258716583252,10.446282386779785,29.68183135986328
ambience_001717.pt,50,0,Yarkon rosh zipor,-6.284095764160156,12.195844650268555,30.625045776367188
ambience_001718.pt,50,0,Yarkon rosh zipor,-7.9217305183410645,12.342647552490234,28.972068786621094
ambience_001719.pt,50,0,Yarkon rosh zipor,-8.267756462097168,11.966071128845215,29.93505859375
ambience_001720.pt,50,0,Yarkon rosh zipor,-6.4674763679504395,12.598634719848633,28.532846450805664
ambience_001721.pt,50,0,Yarkon rosh zipor,-6.526591777801514,12.866450309753418,27.854476928710938
ambience_001722.pt,50,0,Yarkon rosh zipor,-5.899858474731445,12.390458106994629,28.31415367126465
ambience_001723.pt,50,0,Yarkon rosh zipor,-5.544785976409912,13.214508056640625,27.53299903869629
ambience_001724.pt,50,0,Yarkon rosh zipor,-5.337702751159668,12.844426155090332,29.70079231262207
ambience_001725.pt,50,0,Yarkon rosh zipor,-6.480323314666748,13.137961387634277,30.013568878173828
ambience_001726.pt,50,0,Yarkon rosh zipor,-5.311344623565674,12.750991821289062,26.868122100830078
ambience_001727.pt,50,0,Yarkon rosh zipor,-6.7072601318359375,11.282610893249512,31.731414794921875
ambience_001728.pt,50,0,Yarkon rosh zipor,-3.646934747695923,11.795434951782227,28.533361434936523
ambience_001729.pt,50,0,Yarkon rosh zipor,-6.435265064239502,12.91538143157959,28.827741622924805
ambience_001730.pt,50,0,Yarkon rosh zipor,-7.042029857635498,13.276817321777344,28.69817352294922
ambience_001731.pt,50,0,Yarkon rosh zipor,-5.586751937866211,12.85379695892334,26.31943702697754
ambience_001732.pt,50,0,Yarkon rosh zipor,-4.961211681365967,11.903984069824219,28.983919143676758
ambience_001733.pt,50,0,Yarkon rosh zipor,-6.671012878417969,11.513616561889648,30.259523391723633
ambience_001734.pt,50,0,Yarkon rosh zipor,-5.764509677886963,12.563318252563477,28.162649154663086
ambience_001735.pt,50,0,Yarkon rosh zipor,-4.288197040557861,12.37140941619873,27.174888610839844
ambience_001736.pt,50,0,Yarkon rosh zipor,-4.857786655426025,11.722088813781738,30.429887771606445
ambience_001737.pt,50,0,Yarkon rosh zipor,-5.613783359527588,12.070758819580078,29.532752990722656
ambience_001738.pt,50,0,Yarkon rosh zipor,-5.392657279968262,12.681170463562012,27.583017349243164
ambience_001739.pt,50,0,Yarkon rosh zipor,-6.210438251495361,11.815343856811523,29.916362762451172
ambience_001740.pt,50,0,Yarkon rosh zipor,-6.7851948738098145,11.327235221862793,29.29723358154297
ambience_001741.pt,50,0,Yarkon rosh zipor,-7.8924560546875,11.054256439208984,30.882667541503906
ambience_001742.pt,50,0,Yarkon rosh zipor,-7.906315803527832,10.616035461425781,30.98087501525879
ambience_001743.pt,50,0,Yarkon rosh zipor,-6.3987650871276855,10.539999961853027,27.42069435119629
ambience_001744.pt,50,0,Yarkon rosh zipor,-5.426819324493408,10.531999588012695,25.734956741333008
ambience_001745.pt,50,0,Yarkon rosh zipor,-4.05518913269043,11.909576416015625,25.047039031982422
ambience_001746.pt,50,0,Yarkon rosh zipor,-4.1209187507629395,12.085897445678711,26.12305450439453
ambience_001747.pt,50,0,Yarkon rosh zipor,-4.434154987335205,12.18096923828125,25.791845321655273
ambience_001748.pt,50,0,Yarkon rosh zipor,-4.3876729011535645,12.247093200683594,25.798110961914062
ambience_001749.pt,50,0,Yarkon rosh zipor,-5.185004711151123,12.441868782043457,26.4412841796875
ambience_001750.pt,50,0,Yarkon rosh zipor,-5.199902534484863,12.412591934204102,27.61735725402832
ambience_001751.pt,50,0,Yarkon rosh zipor,-4.488778591156006,12.285237312316895,28.119476318359375
ambience_001752.pt,50,0,Yarkon rosh zipor,-5.093597888946533,12.580949783325195,26.695533752441406
ambience_001753.pt,50,0,Yarkon rosh zipor,-5.102413654327393,12.518908500671387,25.424890518188477
ambience_001754.pt,50,0,Yarkon rosh zipor,-4.877879619598389,12.456337928771973,28.31723403930664
ambience_001755.pt,50,0,Yarkon rosh zipor,-3.8924996852874756,11.875164985656738,26.44558334350586
ambience_001756.pt,50,0,Yarkon rosh zipor,-3.477959632873535,11.273519515991211,27.169647216796875
ambience_001757.pt,50,0,Yarkon rosh zipor,-4.33983039855957,12.186367988586426,26.071044921875
ambience_001758.pt,50,0,Yarkon rosh zipor,-4.525141716003418,12.466663360595703,26.229602813720703
ambience_001759.pt,50,0,Yarkon rosh zipor,-3.885531425476074,12.016301155090332,28.87880516052246
ambience_001760.pt,50,0,Yarkon rosh zipor,-3.7737810611724854,12.160452842712402,25.53070831298828
ambience_001761.pt,50,0,Yarkon rosh zipor,-4.335052967071533,12.40501594543457,25.7900447845459
ambience_001762.pt,50,0,Yarkon rosh zipor,-3.067258358001709,11.874027252197266,26.513559341430664
ambience_001763.pt,50,0,Yarkon rosh zipor,-4.497115612030029,12.025511741638184,27.63674545288086
ambience_001764.pt,50,0,Yarkon rosh zipor,-5.246501445770264,12.390880584716797,28.770286560058594
ambience_001765.pt,50,0,Yarkon rosh zipor,-3.0471274852752686,11.026646614074707,30.972373962402344
ambience_001766.pt,50,0,Yarkon rosh zipor,-7.982673168182373,10.449634552001953,31.7153377532959
ambience_001767.pt,50,0,Yarkon rosh zipor,-6.342740058898926,10.611584663391113,32.39295196533203
ambience_001768.pt,50,0,Yarkon rosh zipor,-5.477380752563477,11.362116813659668,27.768524169921875
ambience_001769.pt,50,0,Yarkon rosh zipor,-5.657466411590576,12.782575607299805,26.64019775390625
ambience_001770.pt,50,0,Yarkon rosh zipor,-5.717765808105469,12.840553283691406,27.423437118530273
ambience_001771.pt,50,0,Yarkon rosh zipor,-5.400486946105957,12.588262557983398,26.582414627075195
ambience_001772.pt,50,0,Yarkon rosh zipor,-5.343925952911377,12.014671325683594,31.429414749145508
ambience_001773.pt,50,0,Yarkon rosh zipor,-6.718986511230469,10.9970121383667,30.416364669799805
ambience_001774.pt,50,0,Yarkon rosh zipor,-5.905821323394775,10.816000938415527,31.241600036621094
ambience_001775.pt,50,0,Yarkon rosh zipor,-4.221728801727295,11.173407554626465,27.049762725830078
ambience_001776.pt,50,0,Yarkon rosh zipor,-4.5217366218566895,12.319942474365234,26.208017349243164
ambience_001777.pt,50,0,Yarkon rosh zipor,-6.2331037521362305,11.187191009521484,30.578208923339844
ambience_001778.pt,50,0,Yarkon rosh zipor,-5.393551349639893,10.497368812561035,29.52193832397461
ambience_001779.pt,50,0,Yarkon rosh zipor,-4.216830730438232,11.0628023147583,28.777809143066406
ambience_001780.pt,50,0,Yarkon rosh zipor,-4.398518085479736,12.06865119934082,28.493457794189453
ambience_001781.pt,50,0,Yarkon rosh zipor,-4.482673168182373,12.259444236755371,26.573087692260742
ambience_001782.pt,50,0,Yarkon rosh zipor,-5.129590034484863,12.342244148254395,29.295658111572266
ambience_001783.pt,50,0,Yarkon rosh zipor,-5.290207386016846,12.516149520874023,27.256309509277344
ambience_001784.pt,50,0,Yarkon rosh zipor,-6.483109951019287,12.790614128112793,27.50187110900879
ambience_001785.pt,50,0,Yarkon rosh zipor,-6.137799263000488,12.521425247192383,29.0512752532959
ambience_001786.pt,50,0,Yarkon rosh zipor,-8.40381145477295,11.390031814575195,31.434906005859375
ambience_001787.pt,50,0,Yarkon rosh zipor,-6.099838733673096,11.135315895080566,31.495302200317383
ambience_001788.pt,50,0,Yarkon rosh zipor,-5.002575397491455,11.649009704589844,29.782024383544922
ambience_001789.pt,50,0,Yarkon rosh zipor,-3.8797006607055664,11.910172462463379,26.429054260253906
ambience_001790.pt,50,0,Yarkon rosh zipor,-3.642595052719116,11.622458457946777,27.675607681274414
ambience_001791.pt,50,0,Yarkon rosh zipor,-4.289674282073975,12.225887298583984,27.71375846862793
ambience_001792.pt,50,0,Yarkon rosh zipor,-4.29091215133667,12.342828750610352,27.150150299072266
ambience_001793.pt,50,0,Yarkon rosh zipor,-3.8753015995025635,11.93457317352295,27.972064971923828
ambience_001794.pt,50,0,Yarkon rosh zipor,-4.339920520782471,12.163748741149902,28.36284828186035
ambience_001795.pt,50,0,Yarkon rosh zipor,-6.113636493682861,12.919672012329102,27.621679306030273
ambience_001796.pt,50,0,Yarkon rosh zipor,-5.35176420211792,12.338254928588867,29.43630027770996
ambience_001797.pt,50,0,Yarkon rosh zipor,-6.600790500640869,11.18658447265625,30.896209716796875
ambience_001798.pt,50,0,Yarkon rosh zipor,-7.061129570007324,11.295950889587402,30.90965461730957
ambience_001799.pt,50,0,Yarkon rosh zipor,-5.989683151245117,10.715137481689453,27.294525146484375
ambience_001800.pt,50,0,Yarkon rosh zipor,-5.426023483276367,11.720088005065918,28.352832794189453
ambience_001801.pt,50,0,Yarkon rosh zipor,-5.059390068054199,12.396668434143066,28.112110137939453
ambience_001802.pt,50,0,Yarkon rosh zipor,-5.201761245727539,12.38922119140625,30.44113540649414
ambience_001803.pt,50,0,Yarkon rosh zipor,-5.695066452026367,12.325104713439941,28.059234619140625
ambience_001804.pt,50,0,Yarkon rosh zipor,-5.829780101776123,11.26282787322998,31.522422790527344
ambience_001805.pt,50,0,Yarkon rosh zipor,-6.82777738571167,10.692265510559082,30.30047607421875
ambience_001806.pt,50,0,Yarkon rosh zipor,-7.3300933837890625,11.195303916931152,30.529191970825195
ambience_001807.pt,50,0,Yarkon rosh zipor,-6.667335510253906,10.669645309448242,30.40116310119629
ambience_001808.pt,50,0,Yarkon rosh zipor,-6.575173854827881,10.123245239257812,25.946331024169922
ambience_001809.pt,50,0,Yarkon rosh zipor,-4.7384796142578125,12.176105499267578,26.147382736206055
ambience_001810.pt,50,0,Yarkon rosh zipor,-3.701275110244751,12.121729850769043,25.577205657958984
ambience_001811.pt,50,0,Yarkon rosh zipor,-3.4639413356781006,11.731857299804688,27.222618103027344
ambience_001812.pt,50,0,Yarkon rosh zipor,-3.905435800552368,11.83112621307373,25.749191284179688
ambience_001813.pt,50,0,Yarkon rosh zipor,-4.659286022186279,11.978259086608887,27.35896110534668
ambience_001814.pt,50,0,Yarkon rosh zipor,-7.0758748054504395,13.085112571716309,28.47095489501953
ambience_001815.pt,50,0,Yarkon rosh zipor,-5.7075910568237305,13.286078453063965,27.937801361083984
ambience_001816.pt,50,0,Yarkon rosh zipor,-4.786133289337158,12.378738403320312,28.716001510620117
ambience_001817.pt,50,0,Yarkon rosh zipor,-4.944302082061768,11.146650314331055,32.120086669921875
ambience_001818.pt,50,0,Yarkon rosh zipor,-5.298040390014648,11.021896362304688,32.70731735229492
drone_001361.pt,75,1,Yarkon,3.1928656101226807,6.627589702606201,24.663183212280273
drone_001362.pt,75,1,Yarkon,3.5173757076263428,5.716896057128906,19.856889724731445
drone_001363.pt,75,1,Yarkon,8.364668846130371,5.609364986419678,26.312374114990234
drone_001364.pt,75,1,Yarkon,8.466089248657227,5.6075758934021,24.026384353637695
drone_001365.pt,75,1,Yarkon,8.593549728393555,5.440479755401611,25.638235092163086
drone_001366.pt,75,1,Yarkon,8.256916046142578,5.243279457092285,25.782093048095703
drone_001367.pt,75,1,Yarkon,5.67005729675293,5.774105548858643,23.114187240600586
drone_001368.pt,75,1,Yarkon,5.132741928100586,5.674407482147217,24.145198822021484
drone_001369.pt,75,1,Yarkon,6.326137065887451,5.520199298858643,21.882083892822266
drone_001370.pt,75,1,Yarkon,6.052603244781494,5.565134048461914,21.616003036499023
drone_001371.pt,75,1,Yarkon,6.054558277130127,5.561212062835693,23.115707397460938
drone_001372.pt,75,1,Yarkon,5.242975234985352,5.692861080169678,25.770732879638672
drone_001373.pt,75,1,Yarkon,5.059167861938477,5.714382648468018,22.52790069580078
drone_001374.pt,75,1,Yarkon,5.8155293464660645,5.584672451019287,21.815631866455078
drone_001375.pt,75,1,Yarkon,5.514822006225586,5.658209800720215,22.458581924438477
drone_001376.pt,75,1,Yarkon,5.454843521118164,6.482992649078369,32.706275939941406
drone_001377.pt,75,1,Yarkon,4.997075080871582,6.890150547027588,34.18415832519531
drone_001378.pt,75,1,Yarkon,5.516119003295898,5.788693428039551,26.780471801757812
drone_001379.pt,75,1,Yarkon,6.599363803863525,5.902483940124512,24.50020980834961
drone_001380.pt,75,1,Yarkon,6.847223281860352,5.735557556152344,25.462730407714844
drone_001381.pt,75,1,Yarkon,6.579949855804443,5.778845310211182,25.493328094482422
drone_001382.pt,75,1,Yarkon,6.060654163360596,5.517001628875732,24.244422912597656
drone_001383.pt,75,1,Yarkon,5.992420673370361,5.574719429016113,25.532438278198242
drone_001384.pt,75,1,Yarkon,6.413812637329102,5.292632102966309,22.93829345703125
drone_001385.pt,75,1,Yarkon,6.452341079711914,5.470678806304932,24.583282470703125
drone_001386.pt,75,1,Yarkon,5.952108383178711,5.700198173522949,24.912357330322266
drone_001387.pt,75,1,Yarkon,5.683659553527832,5.6584391593933105,24.1820068359375
drone_001388.pt,75,1,Yarkon,5.932001113891602,5.820558071136475,23.601476669311523
drone_001389.pt,75,1,Yarkon,5.724911212921143,5.6727728843688965,23.59269142150879
drone_001390.pt,75,1,Yarkon,6.294314384460449,5.674345016479492,23.93160629272461
drone_001391.pt,75,1,Yarkon,7.109910488128662,5.474475860595703,25.294721603393555
drone_001392.pt,75,1,Yarkon,6.608404159545898,5.585748672485352,23.651065826416016
drone_001393.pt,75,1,Yarkon,6.005860805511475,5.515866756439209,23.221208572387695
drone_001394.pt,75,1,Yarkon,6.494569301605225,5.467633247375488,23.84107208251953
drone_001395.pt,75,1,Yarkon,4.974686145782471,5.4921770095825195,21.677108764648438
drone_001396.pt,75,1,Yarkon,3.4293389320373535,5.652800559997559,19.97235870361328
drone_001397.pt,75,1,Yarkon,-0.08309431374073029,5.5587310791015625,16.92364501953125
drone_001398.pt,75,1,Yarkon,0.5250409841537476,5.605068683624268,18.24155616760254
drone_001399.pt,75,1,Yarkon,3.7606041431427,5.7288007736206055,21.321535110473633
drone_001400.pt,75,1,Yarkon,1.1648730039596558,5.732354164123535,21.591793060302734
drone_001401.pt,75,1,Yarkon,5.719391345977783,5.660281658172607,23.301433563232422
drone_001402.pt,75,1,Yarkon,2.4293792247772217,5.801788330078125,18.646875381469727
drone_001403.pt,75,1,Yarkon,5.756732940673828,5.744064807891846,24.49069595336914
drone_001404.pt,75,1,Yarkon,5.139998912811279,5.775981903076172,23.564369201660156
drone_001405.pt,75,1,Yarkon,4.634213924407959,5.578251838684082,22.24362564086914
drone_001406.pt,75,1,Yarkon,4.814101696014404,5.693496227264404,21.35017204284668
drone_001407.pt,75,1,Yarkon,4.8007659912109375,5.798778057098389,23.91019058227539
drone_001408.pt,75,1,Yarkon,4.999850273132324,5.687257289886475,22.656633377075195
drone_001409.pt,75,1,Yarkon,5.143864631652832,5.944922924041748,22.653282165527344
drone_001410.pt,75,1,Yarkon,4.916711330413818,5.870910167694092,22.791412353515625
drone_001411.pt,75,1,Yarkon,4.912220478057861,5.832482814788818,21.82712173461914
drone_001412.pt,75,1,Yarkon,5.373126983642578,5.748717784881592,23.507396697998047
drone_001413.pt,75,1,Yarkon,5.451614856719971,5.6955461502075195,22.10224151611328
drone_001414.pt,75,1,Yarkon,5.025354385375977,6.170866012573242,22.8787841796875
drone_001415.pt,75,1,Yarkon,0.22765260934829712,7.035488128662109,24.550207138061523
drone_001416.pt,75,1,Yarkon,5.596775531768799,6.148374557495117,26.907718658447266
drone_001417.pt,75,1,Yarkon,2.3886566162109375,6.581740379333496,23.458555221557617
drone_001418.pt,75,1,Yarkon,-4.29732084274292,8.206835746765137,25.5231876373291
drone_001419.pt,75,1,Yarkon,-6.316986083984375,9.365687370300293,27.631933212280273
drone_001420.pt,75,1,Yarkon,-9.05117130279541,10.550385475158691,28.856992721557617
drone_001421.pt,75,1,Yarkon,-7.606292724609375,10.88318157196045,34.47372055053711
drone_001422.pt,75,1,Yarkon,-9.019614219665527,10.839094161987305,29.53701400756836
drone_001423.pt,75,1,Yarkon,-1.3451589345932007,8.672059059143066,30.507816314697266
drone_001424.pt,75,1,Yarkon,3.8669779300689697,6.301895618438721,31.19534683227539
drone_001425.pt,75,1,Yarkon,-0.4769022762775421,8.297124862670898,31.33692741394043
drone_001426.pt,75,1,Yarkon,-5.112890720367432,10.336482048034668,34.05084991455078
drone_001427.pt,75,1,Yarkon,-5.3510661125183105,10.256916999816895,28.98267936706543
drone_001428.pt,75,1,Yarkon,-4.063052177429199,8.889663696289062,26.552278518676758
drone_001429.pt,75,1,Yarkon,-5.4428391456604,9.255833625793457,24.72283935546875
drone_001430.pt,75,1,Yarkon,-4.186232566833496,8.6259126663208,26.562602996826172
drone_001431.pt,75,1,Yarkon,-3.0596206188201904,8.174598693847656,27.625076293945312
drone_001432.pt,75,1,Yarkon,-1.0091627836227417,7.9683756828308105,24.683528900146484
drone_001433.pt,75,1,Yarkon,2.884620428085327,7.638016700744629,27.65996551513672
drone_001434.pt,75,1,Yarkon,1.1186963319778442,7.807734966278076,28.639375686645508
drone_001435.pt,75,1,Yarkon,-5.103818893432617,9.099115371704102,28.214866638183594
drone_001436.pt,75,1,Yarkon,-9.058817863464355,9.714244842529297,25.849594116210938
drone_001437.pt,75,1,Yarkon,-9.407930374145508,9.428770065307617,24.16832733154297
drone_001438.pt,75,1,Yarkon,-8.051787376403809,8.884007453918457,21.74867820739746
drone_001439.pt,75,1,Yarkon,-9.566654205322266,9.44681167602539,22.397682189941406
drone_001440.pt,75,1,Yarkon,-8.998054504394531,9.44454288482666,24.753765106201172
drone_001441.pt,75,1,Yarkon,-7.869367599487305,8.777544021606445,22.924833297729492
drone_001442.pt,75,1,Yarkon,-1.0413742065429688,6.534286975860596,21.903125762939453
drone_001443.pt,75,1,Yarkon,3.994631052017212,5.580346584320068,24.24159049987793
drone_001444.pt,75,1,Yarkon,0.8144581317901611,6.816748142242432,22.281982421875
drone_001445.pt,75,1,Yarkon,-4.169300556182861,7.933807373046875,18.253854751586914
drone_001446.pt,75,1,Yarkon,-4.869442939758301,7.600808143615723,18.780147552490234
drone_001447.pt,75,1,Yarkon,-7.861335754394531,8.993902206420898,20.58987808227539
drone_001448.pt,75,1,Yarkon,-7.472169876098633,8.156767845153809,20.187997817993164
drone_001449.pt,75,1,Yarkon,-6.886147975921631,8.372138977050781,21.618253707885742
drone_001450.pt,75,1,Yarkon,-4.593080520629883,7.463275909423828,19.36762237548828
drone_001451.pt,75,1,Yarkon,-5.186232089996338,7.3673577308654785,20.37796974182129
drone_001452.pt,75,1,Yarkon,-2.495425224304199,6.54253625869751,17.44365692138672
drone_001453.pt,75,1,Yarkon,0.21953700482845306,6.471506118774414,23.603315353393555
drone_001454.pt,75,1,Yarkon,5.064849376678467,7.6533098220825195,28.90171241760254
drone_001455.pt,75,1,Yarkon,-4.330420970916748,7.170034408569336,18.129175186157227
drone_001456.pt,75,1,Yarkon,-3.451849937438965,6.396259307861328,16.09249496459961
drone_001457.pt,75,1,Yarkon,-0.7373543381690979,6.337717533111572,17.52266502380371
drone_001458.pt,75,1,Yarkon,-3.0181124210357666,4.805604457855225,17.308290481567383
drone_001459.pt,75,1,Yarkon,-10.243163108825684,6.1426005363464355,12.540477752685547
drone_001460.pt,75,1,Yarkon,-11.043679237365723,7.245790958404541,21.009197235107422
drone_001461.pt,75,1,Yarkon,-23.069507598876953,8.774781227111816,17.074453353881836
drone_001462.pt,75,1,Yarkon,-19.20097541809082,8.579185485839844,18.9706974029541
drone_001463.pt,75,1,Yarkon,-23.31256675720215,8.983868598937988,19.697185516357422
drone_001464.pt,75,1,Yarkon,-24.005023956298828,8.12073802947998,18.71550178527832
drone_001465.pt,75,1,Yarkon,-24.129539489746094,7.744296073913574,13.928703308105469
drone_001466.pt,75,1,Yarkon,-15.719145774841309,6.863644599914551,14.553608894348145
drone_001467.pt,75,1,Yarkon,-8.15310001373291,7.42520809173584,13.972831726074219
drone_001468.pt,75,1,Yarkon,-7.226149082183838,7.499881744384766,20.04776382446289
drone_001469.pt,75,1,Yarkon,-15.60510540008545,8.468866348266602,14.798059463500977
drone_001470.pt,75,1,Yarkon,-24.743330001831055,8.08255672454834,13.973084449768066
drone_001471.pt,75,1,Yarkon,-22.382780075073242,8.79012680053711,16.155109405517578
drone_001472.pt,75,1,Yarkon,-22.045766830444336,9.165253639221191,19.036598205566406
drone_001473.pt,75,1,Yarkon,-27.728288650512695,9.438797950744629,21.253490447998047
drone_001474.pt,75,1,Yarkon,-36.93395233154297,11.592283248901367,14.897735595703125
drone_001475.pt,75,1,Yarkon,-31.965953826904297,9.904024124145508,15.870552062988281
drone_001476.pt,75,1,Yarkon,-33.342567443847656,10.744540214538574,16.24976921081543
drone_001477.pt,75,1,Yarkon,-26.33978843688965,8.742775917053223,20.751575469970703
drone_001478.pt,75,1,Yarkon,-20.004472732543945,8.512598991394043,20.70207405090332
drone_001479.pt,75,1,Yarkon,-24.3251895904541,8.546786308288574,14.962712287902832
drone_001480.pt,75,1,Yarkon,-19.928617477416992,8.463068962097168,20.373332977294922
drone_001481.pt,75,1,Yarkon,-24.926963806152344,8.172052383422852,10.861867904663086
drone_001482.pt,75,1,Yarkon,-21.33586311340332,7.767344951629639,18.495336532592773
drone_001483.pt,75,1,Yarkon,-22.86219596862793,8.421886444091797,18.615482330322266
drone_001484.pt,75,1,Yarkon,-20.596195220947266,7.824316024780273,21.27698516845703
drone_001485.pt,75,1,Yarkon,-9.35872745513916,6.750580787658691,19.23367691040039
drone_001486.pt,75,1,Yarkon,-2.9219610691070557,7.473369121551514,24.27293586730957
drone_001487.pt,75,1,Yarkon,7.140191555023193,5.562688827514648,21.786285400390625
drone_001488.pt,75,1,Yarkon,3.624608039855957,5.841738224029541,21.823974609375
drone_001489.pt,75,1,Yarkon,5.004796028137207,5.344901084899902,19.55535316467285
drone_001490.pt,75,1,Yarkon,7.952367782592773,5.08998441696167,26.092021942138672
drone_001491.pt,75,1,Yarkon,7.70039701461792,6.343811988830566,25.162153244018555
drone_001492.pt,75,1,Yarkon,8.375164985656738,5.754494667053223,24.26569366455078
drone_001493.pt,75,1,Yarkon,3.331822395324707,6.385709762573242,22.554927825927734
drone_001494.pt,75,1,Yarkon,5.901342868804932,6.471394062042236,27.688251495361328
drone_001495.pt,75,1,Yarkon,6.298549175262451,6.418044090270996,29.843883514404297
drone_001496.pt,75,1,Yarkon,5.372293472290039,6.292635917663574,25.88404655456543
drone_001497.pt,75,1,Yarkon,0.062394510954618454,5.8591508865356445,18.027563095092773
drone_001498.pt,75,1,Yarkon,-3.973494052886963,6.954866886138916,22.05548095703125
drone_001499.pt,75,1,Yarkon,-2.8882079124450684,6.829588413238525,19.703540802001953
drone_001500.pt,75,1,Yarkon,5.719731330871582,5.361268997192383,23.974668502807617
drone_001501.pt,75,1,Yarkon,6.988766670227051,4.939810276031494,23.66699981689453
drone_001502.pt,75,1,Yarkon,8.854874610900879,5.249691963195801,24.52766227722168
drone_001503.pt,75,1,Yarkon,8.66915225982666,5.429643630981445,25.730648040771484
drone_001504.pt,75,1,Yarkon,8.262773513793945,5.661367416381836,26.04825210571289
drone_001505.pt,75,1,Yarkon,4.364632606506348,6.038665771484375,26.338136672973633
drone_001506.pt,75,1,Yarkon,5.530585765838623,6.578418731689453,30.61587905883789
drone_001507.pt,75,1,Yarkon,6.6731791496276855,6.339352130889893,28.657333374023438
drone_001508.pt,75,1,Yarkon,6.134203910827637,7.229471683502197,29.290969848632812
drone_001509.pt,75,1,Yarkon,-3.2084763050079346,7.4930524826049805,21.03957748413086
drone_001510.pt,75,1,Yarkon,-2.9799246788024902,7.271826267242432,21.172306060791016
drone_001511.pt,75,1,Yarkon,5.392019748687744,7.263988494873047,25.907032012939453
drone_001512.pt,75,1,Yarkon,6.230162143707275,5.9309983253479,27.079059600830078
drone_001513.pt,75,1,Yarkon,7.3104939460754395,5.837106704711914,26.854671478271484
drone_001514.pt,75,1,Yarkon,5.397380352020264,5.9936347007751465,25.807039260864258
drone_001515.pt,75,1,Yarkon,2.536607503890991,5.94788932800293,23.05069351196289
drone_001516.pt,75,1,Yarkon,3.0150392055511475,6.441706657409668,26.678030014038086
drone_001517.pt,75,1,Yarkon,3.900317907333374,6.401907444000244,26.93505859375
drone_001518.pt,75,1,Yarkon,-2.2767932415008545,6.478442668914795,18.599271774291992
drone_001519.pt,75,1,Yarkon,-11.506382942199707,5.852209568023682,17.33991813659668
drone_001520.pt,75,1,Yarkon,-13.30344009399414,6.399670600891113,14.177385330200195
drone_001521.pt,75,1,Yarkon,-16.020498275756836,7.278721332550049,13.169893264770508
drone_001522.pt,75,1,Yarkon,-8.62918758392334,6.071593284606934,15.419891357421875
drone_001523.pt,75,1,Yarkon,-4.270907878875732,5.741004467010498,21.02822494506836
drone_001524.pt,75,1,Yarkon,-7.2763285636901855,6.148010730743408,14.643777847290039
drone_001525.pt,75,1,Yarkon,-3.703518867492676,7.46087121963501,20.762401580810547
drone_001526.pt,75,1,Yarkon,-5.952518939971924,8.061066627502441,18.176006317138672
drone_001527.pt,75,1,Yarkon,-1.4869205951690674,6.53413200378418,19.1859073638916
drone_001528.pt,75,1,Yarkon,2.77372670173645,5.104736328125,20.57150650024414
drone_001529.pt,75,1,Yarkon,2.1253814697265625,4.7420878410339355,19.161479949951172
drone_001530.pt,75,1,Yarkon,2.5119943618774414,4.81614875793457,17.457279205322266
drone_001531.pt,75,1,Yarkon,3.050595998764038,5.06014347076416,16.82516098022461
drone_001532.pt,75,1,Yarkon,-2.275935411453247,6.120333194732666,16.804244995117188
drone_001533.pt,75,1,Yarkon,-8.404093742370605,6.629209995269775,14.585551261901855
drone_001534.pt,75,1,Yarkon,-5.025429725646973,7.461897850036621,19.859607696533203
drone_001535.pt,75,1,Yarkon,-9.611591339111328,7.82372522354126,16.590124130249023
drone_001536.pt,75,1,Yarkon,-4.656813144683838,7.516077518463135,18.744792938232422
drone_001537.pt,75,1,Yarkon,-0.7982383370399475,5.379709720611572,18.83826446533203
drone_001538.pt,75,1,Yarkon,-6.602394104003906,4.887850284576416,22.54277229309082
drone_001539.pt,75,1,Yarkon,-14.109735488891602,5.758514404296875,19.625988006591797
drone_001540.pt,75,1,Yarkon,-10.684281349182129,5.86893367767334,16.332164764404297
drone_001541.pt,75,1,Yarkon,-8.756956100463867,5.646978855133057,13.899833679199219
drone_001542.pt,75,1,Yarkon,-15.519326210021973,6.155901908874512,14.660883903503418
drone_001543.pt,75,1,Yarkon,-14.348342895507812,5.9919657707214355,12.983718872070312
drone_001544.pt,75,1,Yarkon,-13.62506103515625,5.629114627838135,18.175512313842773
drone_001545.pt,75,1,Yarkon,-14.84781551361084,6.68169641494751,14.446877479553223
drone_001546.pt,75,1,Yarkon,-16.861753463745117,7.269726753234863,15.204888343811035
drone_001547.pt,75,1,Yarkon,-16.02965545654297,7.900951862335205,13.127732276916504
drone_001548.pt,75,1,Yarkon,-23.995018005371094,8.915698051452637,13.516281127929688
drone_001549.pt,75,1,Yarkon,-24.41392707824707,8.778258323669434,14.536551475524902
drone_001550.pt,75,1,Yarkon,-21.006303787231445,8.711727142333984,14.911808013916016
drone_001551.pt,75,1,Yarkon,-24.161954879760742,9.057910919189453,10.83864974975586
drone_001552.pt,75,1,Yarkon,-17.985124588012695,9.446083068847656,14.098217010498047
drone_001553.pt,75,1,Yarkon,-18.216794967651367,9.679913520812988,18.299062728881836
drone_001554.pt,75,1,Yarkon,-21.3363037109375,9.408000946044922,16.983736038208008
drone_001555.pt,75,1,Yarkon,-18.515661239624023,9.129498481750488,16.24993133544922
drone_001556.pt,75,1,Yarkon,-16.582612991333008,8.57177448272705,11.676005363464355
drone_001557.pt,75,1,Yarkon,-5.528843879699707,8.164117813110352,20.32130241394043
drone_001558.pt,75,1,Yarkon,-5.427197456359863,7.29659366607666,18.637367248535156
drone_001559.pt,75,1,Yarkon,-0.9863670468330383,6.689608097076416,21.10460090637207
drone_001560.pt,75,1,Yarkon,0.8073014616966248,6.432941913604736,22.341503143310547
drone_001561.pt,75,1,Yarkon,-1.0621163845062256,6.717674732208252,23.083040237426758
drone_001562.pt,75,1,Yarkon,-8.943477630615234,6.785896301269531,14.758200645446777
drone_001563.pt,75,1,Yarkon,-10.514373779296875,7.054593086242676,16.38979721069336
drone_001564.pt,75,1,Yarkon,-7.6025919914245605,7.942687511444092,17.29092025756836
drone_001565.pt,75,1,Yarkon,-13.795260429382324,8.64981746673584,19.661266326904297
drone_001566.pt,75,1,Yarkon,-15.546277046203613,8.301639556884766,12.715845108032227
drone_001567.pt,75,1,Yarkon,-10.3359956741333,7.697777271270752,17.96708869934082
drone_001568.pt,75,1,Yarkon,-8.440546989440918,7.1329426765441895,16.543685913085938
drone_001569.pt,75,1,Yarkon,-5.703327655792236,7.274388790130615,20.94896697998047
drone_001570.pt,75,1,Yarkon,-7.82012939453125,7.606184959411621,19.742319107055664
drone_001571.pt,75,1,Yarkon,-9.742384910583496,8.311029434204102,18.662120819091797
drone_001572.pt,75,1,Yarkon,-10.024953842163086,7.853976249694824,17.27993392944336
drone_001573.pt,75,1,Yarkon,-8.109603881835938,7.962818145751953,15.570528030395508
drone_001574.pt,75,1,Yarkon,-6.847683429718018,7.068342208862305,17.83565330505371
drone_001575.pt,75,1,Yarkon,-7.195484638214111,7.2577595710754395,15.281623840332031
drone_001576.pt,75,1,Yarkon,-14.832840919494629,7.1906962394714355,15.953407287597656
drone_001577.pt,75,1,Yarkon,-12.606194496154785,7.18178129196167,12.980713844299316
drone_001578.pt,75,1,Yarkon,-12.931090354919434,7.096405506134033,17.5045223236084
drone_001579.pt,75,1,Yarkon,-3.1843652725219727,7.010909557342529,23.150388717651367
drone_001580.pt,75,1,Yarkon,0.2668931782245636,6.204378604888916,24.168041229248047
drone_001581.pt,75,1,Yarkon,-0.12559998035430908,5.2617506980896,19.340972900390625
drone_001582.pt,75,1,Yarkon,0.8117051720619202,5.632460594177246,17.795265197753906
drone_001583.pt,75,1,Yarkon,-2.4507248401641846,6.824883460998535,17.419361114501953
drone_001584.pt,75,1,Yarkon,-5.80619478225708,7.182973861694336,19.99883460998535
drone_001585.pt,75,1,Yarkon,-7.206706523895264,7.247150897979736,18.867088317871094
drone_001586.pt,75,1,Yarkon,-8.670953750610352,7.793438911437988,18.57710075378418
drone_001587.pt,75,1,Yarkon,-8.070014953613281,8.17223072052002,18.61577606201172
drone_001588.pt,75,1,Yarkon,-9.082927703857422,8.420589447021484,18.739704132080078
drone_001589.pt,75,1,Yarkon,-8.375652313232422,8.037121772766113,17.637714385986328
drone_001590.pt,75,1,Yarkon,-7.604852676391602,7.301009178161621,20.140979766845703
drone_001591.pt,75,1,Yarkon,-6.455555438995361,6.955844879150391,17.184093475341797
drone_001592.pt,75,1,Yarkon,-4.859146595001221,6.831398010253906,18.054630279541016
drone_001593.pt,75,1,Yarkon,-1.7091161012649536,6.141942024230957,20.754413604736328
drone_001594.pt,75,1,Yarkon,1.9885506629943848,6.064209461212158,25.77988052368164
drone_001595.pt,75,1,Yarkon,3.77126145362854,6.616886615753174,28.747432708740234
drone_001596.pt,75,1,Yarkon,2.3454980850219727,7.022573471069336,26.47723388671875
drone_001597.pt,75,1,Yarkon,-7.239748001098633,8.132847785949707,19.263874053955078
drone_001598.pt,75,1,Yarkon,-9.063223838806152,8.074981689453125,18.77163314819336
drone_001599.pt,75,1,Yarkon,-19.689315795898438,8.4341459274292,17.756305694580078
drone_001600.pt,75,1,Yarkon,-12.835537910461426,8.233521461486816,15.35850715637207
drone_001601.pt,75,1,Yarkon,-12.827808380126953,8.26236343383789,17.04058074951172
drone_001602.pt,75,1,Yarkon,-8.354046821594238,8.24244213104248,20.694656372070312
drone_001603.pt,75,1,Yarkon,-4.793175220489502,6.896742343902588,17.879369735717773
drone_001604.pt,75,1,Yarkon,-4.898416042327881,7.101682186126709,18.290985107421875
drone_001605.pt,75,1,Yarkon,-5.146523475646973,6.95531702041626,18.015596389770508
drone_001606.pt,75,1,Yarkon,-5.583425045013428,6.996377944946289,18.061349868774414
drone_001607.pt,75,1,Yarkon,0.49204885959625244,7.2241926193237305,20.51158905029297
drone_001608.pt,75,1,Yarkon,7.775951862335205,6.561375141143799,23.858556747436523
drone_001609.pt,75,1,Yarkon,5.603991985321045,7.097249984741211,26.73007583618164
drone_001610.pt,75,1,Yarkon,0.005286498460918665,6.483005046844482,22.796531677246094
drone_001611.pt,75,1,Yarkon,-3.4728500843048096,7.566056251525879,25.427528381347656
drone_001612.pt,75,1,Yarkon,-3.0578482151031494,7.438058853149414,20.295001983642578
drone_001613.pt,75,1,Yarkon,-2.448275089263916,7.058038234710693,20.550952911376953
drone_001614.pt,75,1,Yarkon,-1.1247327327728271,6.926021099090576,22.438026428222656
drone_001615.pt,75,1,Yarkon,-1.8179936408996582,6.837604999542236,20.336307525634766
drone_001616.pt,75,1,Yarkon,-0.4192699193954468,6.50687837600708,23.014713287353516
drone_001617.pt,75,1,Yarkon,2.469759225845337,5.955451965332031,21.492218017578125
drone_001618.pt,75,1,Yarkon,1.5694308280944824,5.4426984786987305,21.32328224182129
drone_001619.pt,75,1,Yarkon,-0.13754591345787048,6.533169269561768,20.034902572631836
drone_001620.pt,75,1,Yarkon,-4.013625621795654,6.671269416809082,12.887269020080566
drone_001621.pt,75,1,Yarkon,-2.4421794414520264,6.554998397827148,18.835908889770508
drone_001622.pt,75,1,Yarkon,-4.71892786026001,6.613797664642334,17.370882034301758
drone_001623.pt,75,1,Yarkon,-5.316170692443848,7.048547744750977,18.61518669128418
drone_001624.pt,75,1,Yarkon,-1.5878127813339233,6.527752876281738,18.001331329345703
drone_001625.pt,75,1,Yarkon,1.7372287511825562,6.595915794372559,21.118045806884766
drone_001626.pt,75,1,Yarkon,4.751182556152344,6.322916507720947,23.569032669067383
drone_001627.pt,75,1,Yarkon,3.7394609451293945,5.573918342590332,23.505781173706055
drone_001628.pt,75,1,Yarkon,0.14429543912410736,5.3872389793396,26.612674713134766
drone_001629.pt,75,1,Yarkon,-2.192216634750366,6.429164886474609,27.319412231445312
drone_001630.pt,75,1,Yarkon,-1.5976628065109253,6.526703834533691,21.126632690429688
drone_001631.pt,75,1,Yarkon,0.6145942211151123,6.57468843460083,21.069610595703125
drone_001632.pt,75,1,Yarkon,4.250396728515625,5.577434062957764,20.850357055664062
drone_001633.pt,75,1,Yarkon,7.238276481628418,5.1831865310668945,22.94767189025879
drone_001634.pt,75,1,Yarkon,6.855508804321289,5.361358165740967,23.99674415588379
drone_001635.pt,75,1,Yarkon,4.3594841957092285,5.418382167816162,22.45400619506836
drone_001636.pt,75,1,Yarkon,-0.16201192140579224,6.258121013641357,21.285255432128906
drone_001637.pt,75,1,Yarkon,-2.6668334007263184,6.970751762390137,20.966506958007812
drone_001638.pt,75,1,Yarkon,2.0126779079437256,6.880242347717285,21.374217987060547
drone_001639.pt,75,1,Yarkon,7.475013732910156,5.42570161819458,25.171855926513672
drone_001640.pt,75,1,Yarkon,-0.32565081119537354,6.684465408325195,20.62187957763672
drone_001641.pt,75,1,Yarkon,-4.492124557495117,8.293290138244629,22.807348251342773
drone_001642.pt,75,1,Yarkon,-4.515014171600342,9.148165702819824,23.98481559753418
drone_001643.pt,75,1,Yarkon,-6.002991199493408,7.7009501457214355,20.409454345703125
drone_001644.pt,75,1,Yarkon,3.108189582824707,5.985913276672363,22.817174911499023
drone_001645.pt,75,1,Yarkon,-2.607805013656616,6.012661457061768,16.362548828125
drone_001646.pt,75,1,Yarkon,-5.468845844268799,6.77317476272583,16.915992736816406
drone_001647.pt,75,1,Yarkon,-4.284522533416748,7.459301471710205,21.156742095947266
drone_001648.pt,75,1,Yarkon,-5.200120449066162,8.123152732849121,19.150672912597656
drone_001649.pt,75,1,Yarkon,-6.250692844390869,8.783760070800781,20.897735595703125
drone_001650.pt,75,1,Yarkon,-7.4944963455200195,9.11187744140625,19.739267349243164
drone_001651.pt,75,1,Yarkon,-7.674615859985352,9.292339324951172,20.876380920410156
drone_001652.pt,75,1,Yarkon,-11.034621238708496,9.109696388244629,19.900920867919922
drone_001653.pt,75,1,Yarkon,-6.663992404937744,8.638970375061035,19.772172927856445
drone_001654.pt,75,1,Yarkon,-4.624032497406006,7.906630992889404,19.79448699951172
drone_001655.pt,75,1,Yarkon,-1.990498661994934,7.634111404418945,21.983238220214844
drone_001656.pt,75,1,Yarkon,2.973101854324341,8.104634284973145,29.533573150634766
drone_001657.pt,75,1,Yarkon,1.9143561124801636,7.601742744445801,28.049022674560547
drone_001658.pt,75,1,Yarkon,-2.2845458984375,7.483076572418213,19.20245361328125
drone_001659.pt,75,1,Yarkon,-6.5185465812683105,8.128345489501953,18.959938049316406
drone_001660.pt,75,1,Yarkon,-10.013569831848145,9.732606887817383,20.937442779541016
drone_001661.pt,75,1,Yarkon,-10.861035346984863,10.134533882141113,19.374635696411133
drone_001662.pt,75,1,Yarkon,-10.482064247131348,9.458154678344727,19.480243682861328
drone_001663.pt,75,1,Yarkon,-15.945531845092773,9.516292572021484,14.320530891418457
drone_001664.pt,75,1,Yarkon,-16.414670944213867,8.301980972290039,14.138895034790039
drone_001665.pt,75,1,Yarkon,-14.586869239807129,8.158928871154785,13.709324836730957
drone_001666.pt,75,1,Yarkon,-1.8157042264938354,6.767918109893799,19.38064193725586
drone_001667.pt,75,1,Yarkon,-2.8157591819763184,6.915687084197998,20.30719566345215
drone_001668.pt,75,1,Yarkon,-16.323631286621094,7.734588623046875,17.844966888427734
drone_001669.pt,75,1,Yarkon,-25.072772979736328,9.213081359863281,14.127521514892578
drone_001670.pt,75,1,Yarkon,-17.928586959838867,8.862814903259277,15.880424499511719
drone_001671.pt,75,1,Yarkon,-16.91297721862793,8.570942878723145,17.993183135986328
drone_001672.pt,75,1,Yarkon,-10.901131629943848,7.948578834533691,15.595823287963867
drone_001673.pt,75,1,Yarkon,-10.679676055908203,8.039724349975586,15.550131797790527
drone_001674.pt,75,1,Yarkon,-9.879623413085938,7.660856246948242,14.871597290039062
drone_001675.pt,75,1,Yarkon,-10.989215850830078,7.799929141998291,15.878186225891113
drone_001676.pt,75,1,Yarkon,-11.818497657775879,7.992437362670898,16.600353240966797
drone_001677.pt,75,1,Yarkon,-12.655890464782715,7.338250160217285,12.116142272949219
drone_001678.pt,75,1,Yarkon,-7.752496719360352,7.511668682098389,16.135408401489258
drone_001679.pt,50,1,Yarkon,5.265876293182373,6.657715797424316,28.99640655517578
drone_001680.pt,50,1,Yarkon,5.016514301300049,5.428854942321777,20.157155990600586
drone_001681.pt,50,1,Yarkon,7.622162342071533,6.076846122741699,25.37713623046875
drone_001682.pt,50,1,Yarkon,7.416141033172607,6.440321922302246,27.261295318603516
drone_001683.pt,50,1,Yarkon,6.751612663269043,6.437222957611084,23.89581871032715
drone_001684.pt,50,1,Yarkon,8.200661659240723,6.185120105743408,24.923053741455078
drone_001685.pt,50,1,Yarkon,7.961765766143799,6.143825054168701,24.70973014831543
drone_001686.pt,50,1,Yarkon,7.871278762817383,6.345283508300781,24.358932495117188
drone_001687.pt,50,1,Yarkon,7.471971035003662,6.277259826660156,25.14747428894043
drone_001688.pt,50,1,Yarkon,6.569126605987549,6.364194869995117,25.21662712097168
drone_001689.pt,50,1,Yarkon,3.60599684715271,6.276800632476807,20.497446060180664
drone_001690.pt,50,1,Yarkon,6.577021598815918,6.537837028503418,23.620075225830078
drone_001691.pt,50,1,Yarkon,2.101841926574707,6.38628625869751,18.88661766052246
drone_001692.pt,50,1,Yarkon,0.7785104513168335,6.523086071014404,18.41083526611328
drone_001693.pt,50,1,Yarkon,3.000180721282959,6.582358360290527,18.88528060913086
drone_001694.pt,50,1,Yarkon,3.755204200744629,6.526586055755615,20.72456169128418
drone_001695.pt,50,1,Yarkon,5.647541522979736,6.925658226013184,22.144433975219727
drone_001696.pt,50,1,Yarkon,7.7650146484375,6.8106513023376465,24.468299865722656
drone_001697.pt,50,1,Yarkon,7.531167984008789,6.945784091949463,26.28801727294922
drone_001698.pt,50,1,Yarkon,7.8521833419799805,6.664580821990967,23.093931198120117
drone_001699.pt,50,1,Yarkon,6.760393142700195,6.593981742858887,22.663402557373047
drone_001700.pt,50,1,Yarkon,7.564182758331299,6.733860492706299,24.210908889770508
drone_001701.pt,50,1,Yarkon,7.8886494636535645,6.983739376068115,24.329341888427734
drone_001702.pt,50,1,Yarkon,8.181506156921387,6.654017448425293,23.229114532470703
drone_001703.pt,50,1,Yarkon,5.527419567108154,6.44274377822876,22.795303344726562
drone_001704.pt,50,1,Yarkon,6.982745170593262,6.632370948791504,23.59092903137207
drone_001705.pt,50,1,Yarkon,7.069029331207275,6.465409755706787,25.190181732177734
drone_001706.pt,50,1,Yarkon,6.430576801300049,6.497250080108643,24.729520797729492
drone_001707.pt,50,1,Yarkon,4.346347332000732,6.419740676879883,20.571372985839844
drone_001708.pt,50,1,Yarkon,3.7611982822418213,6.1950883865356445,20.05657196044922
drone_001709.pt,50,1,Yarkon,4.6796064376831055,6.389969348907471,20.94841194152832
drone_001710.pt,50,1,Yarkon,5.848631381988525,6.78424596786499,23.542633056640625
drone_001711.pt,50,1,Yarkon,8.0342378616333,6.255321979522705,26.334835052490234
drone_001712.pt,50,1,Yarkon,7.693006992340088,6.478582859039307,25.248394012451172
drone_001713.pt,50,1,Yarkon,5.156997203826904,6.38667106628418,23.6934871673584
drone_001714.pt,50,1,Yarkon,5.519633769989014,6.489744186401367,21.34089469909668
drone_001715.pt,50,1,Yarkon,7.464914321899414,6.641448497772217,24.803508758544922
drone_001716.pt,50,1,Yarkon,5.329252243041992,6.474085807800293,21.740209579467773
drone_001717.pt,50,1,Yarkon,7.466947555541992,6.68733024597168,24.150157928466797
drone_001718.pt,50,1,Yarkon,2.941586971282959,6.417782783508301,20.08966064453125
drone_001719.pt,50,1,Yarkon,0.7198474407196045,6.206898212432861,18.188997268676758
drone_001720.pt,50,1,Yarkon,1.3196072578430176,6.143195152282715,18.582664489746094
drone_001721.pt,50,1,Yarkon,4.557241916656494,6.144295692443848,21.71595573425293
drone_001722.pt,50,1,Yarkon,7.325212001800537,6.567965030670166,23.0904598236084
drone_001723.pt,50,1,Yarkon,6.861222743988037,6.3693389892578125,23.587337493896484
drone_001724.pt,50,1,Yarkon,6.99644660949707,6.326936721801758,24.004009246826172
drone_001725.pt,50,1,Yarkon,4.12544059753418,6.240964412689209,19.621736526489258
drone_001726.pt,50,1,Yarkon,2.8927361965179443,6.178046703338623,18.676115036010742
drone_001727.pt,50,1,Yarkon,1.8094775676727295,6.255620002746582,17.51295280456543
drone_001728.pt,50,1,Yarkon,4.3932695388793945,6.121796607971191,19.899463653564453
drone_001729.pt,50,1,Yarkon,5.047224044799805,6.292313575744629,23.15915298461914
drone_001730.pt,50,1,Yarkon,4.129117488861084,6.296947479248047,21.527345657348633
drone_001731.pt,50,1,Yarkon,3.2200775146484375,6.434752464294434,20.859880447387695
drone_001732.pt,50,1,Yarkon,4.919007301330566,6.266397953033447,21.920106887817383
drone_001733.pt,50,1,Yarkon,4.454235553741455,6.39169454574585,20.829517364501953
drone_001734.pt,50,1,Yarkon,1.8038567304611206,6.303069114685059,20.167354583740234
drone_001735.pt,50,1,Yarkon,0.5827732086181641,6.397059917449951,19.40610694885254
drone_001736.pt,50,1,Yarkon,5.632532119750977,6.459769248962402,23.370676040649414
drone_001737.pt,50,1,Yarkon,4.429311752319336,6.130793571472168,21.969640731811523
drone_001738.pt,50,1,Yarkon,5.460371494293213,6.199926376342773,22.32490348815918
drone_001739.pt,50,1,Yarkon,-5.331260681152344,6.8031392097473145,13.087340354919434
drone_001740.pt,50,1,Yarkon,-4.868593215942383,6.770737648010254,17.390663146972656
drone_001741.pt,50,1,Yarkon,-15.043868064880371,6.828606605529785,10.175951957702637
drone_001742.pt,50,1,Yarkon,-18.554309844970703,7.19398307800293,12.259963989257812
drone_001743.pt,50,1,Yarkon,-20.903656005859375,7.146427631378174,11.064501762390137
drone_001744.pt,50,1,Yarkon,-12.074393272399902,6.433859825134277,13.440109252929688
drone_001745.pt,50,1,Yarkon,-8.58637523651123,6.6145524978637695,13.938419342041016
drone_001746.pt,50,1,Yarkon,-6.5044846534729,7.9976911544799805,27.242206573486328
drone_001747.pt,50,1,Yarkon,-10.181862831115723,12.253104209899902,24.580907821655273
drone_001748.pt,50,1,Yarkon,-10.400279998779297,6.376988410949707,14.304725646972656
drone_001749.pt,50,1,Yarkon,-13.168985366821289,7.250467300415039,16.42865562438965
drone_001750.pt,50,1,Yarkon,-28.017854690551758,7.967698097229004,11.120121002197266
drone_001751.pt,50,1,Yarkon,-24.48948860168457,8.209205627441406,12.267709732055664
drone_001752.pt,50,1,Yarkon,-17.751998901367188,9.110089302062988,11.683545112609863
drone_001753.pt,50,1,Yarkon,3.372023582458496,6.371616363525391,22.538402557373047
drone_001754.pt,50,1,Yarkon,4.042271614074707,7.322416305541992,26.576583862304688
drone_001755.pt,50,1,Yarkon,-4.175942897796631,7.0394439697265625,18.184959411621094
drone_001756.pt,50,1,Yarkon,-8.002967834472656,7.205715179443359,16.856538772583008
drone_001757.pt,50,1,Yarkon,-11.819548606872559,7.832110404968262,15.177617073059082
drone_001758.pt,50,1,Yarkon,-8.136396408081055,7.697879791259766,18.863428115844727
drone_001759.pt,50,1,Yarkon,-6.541003227233887,7.240943431854248,16.335779190063477
drone_001760.pt,50,1,Yarkon,-9.123773574829102,7.706790924072266,15.141524314880371
drone_001761.pt,50,1,Yarkon,-7.4717793464660645,7.087730407714844,16.882503509521484
drone_001762.pt,50,1,Yarkon,-12.891613006591797,7.249981880187988,14.156681060791016
drone_001763.pt,50,1,Yarkon,-16.668149948120117,7.2293524742126465,12.859771728515625
drone_001764.pt,50,1,Yarkon,-5.2066874504089355,6.699337005615234,16.4545841217041
drone_001765.pt,50,1,Yarkon,-1.2360663414001465,6.913360595703125,22.137104034423828
drone_001766.pt,50,1,Yarkon,1.7331058979034424,8.97376537322998,29.917543411254883
drone_001767.pt,50,1,Yarkon,-7.627009391784668,7.3684163093566895,17.771228790283203
drone_001768.pt,50,1,Yarkon,-11.198328971862793,8.549821853637695,18.062915802001953
drone_001769.pt,50,1,Yarkon,-9.94487190246582,8.129060745239258,16.016780853271484
drone_001770.pt,50,1,Yarkon,-8.738652229309082,7.348316669464111,16.423629760742188
drone_001771.pt,50,1,Yarkon,-5.630622863769531,6.916816234588623,23.615142822265625
drone_001772.pt,50,1,Yarkon,-1.4677536487579346,5.605262756347656,22.08124542236328
drone_001773.pt,50,1,Yarkon,0.5764763355255127,5.859493255615234,22.973583221435547
drone_001774.pt,50,1,Yarkon,-5.451816558837891,7.324209213256836,21.38824462890625
drone_001775.pt,50,1,Yarkon,-9.93911361694336,6.801875591278076,17.179641723632812
drone_001776.pt,50,1,Yarkon,-5.106389999389648,6.7311177253723145,16.94539451599121
drone_001777.pt,50,1,Yarkon,-2.4781084060668945,7.217802047729492,27.730892181396484
drone_001778.pt,50,1,Yarkon,3.274447441101074,8.17361831665039,29.20804786682129
drone_001779.pt,50,1,Yarkon,1.6974135637283325,6.863346099853516,27.067108154296875
drone_001780.pt,50,1,Yarkon,6.327409267425537,6.766485691070557,26.689882278442383
drone_001781.pt,50,1,Yarkon,1.9186301231384277,8.602468490600586,27.954071044921875
drone_001782.pt,50,1,Yarkon,-8.876737594604492,9.207120895385742,25.273860931396484
drone_001783.pt,50,1,Yarkon,-9.762717247009277,9.121689796447754,26.428232192993164
drone_001784.pt,50,1,Yarkon,-11.21661376953125,10.190417289733887,24.06062126159668
drone_001785.pt,50,1,Yarkon,-8.541376113891602,8.835890769958496,27.467391967773438
drone_001786.pt,50,1,Yarkon,-4.540829181671143,7.455583572387695,26.101579666137695
drone_001787.pt,50,1,Yarkon,-1.7728958129882812,5.908814430236816,17.275413513183594
drone_001788.pt,50,1,Yarkon,-3.2042884826660156,6.028875350952148,24.98868179321289
drone_001789.pt,50,1,Yarkon,-6.7981181144714355,7.167283058166504,29.55400276184082
drone_001790.pt,50,1,Yarkon,-8.323433876037598,7.566397666931152,16.822912216186523
drone_001791.pt,50,1,Yarkon,-6.87678337097168,7.064908504486084,17.835254669189453
drone_001792.pt,50,1,Yarkon,-4.214326858520508,6.290301322937012,17.30198097229004
drone_001793.pt,50,1,Yarkon,4.234986305236816,6.946183204650879,25.075313568115234
drone_001794.pt,50,1,Yarkon,-0.4345310926437378,7.838491916656494,23.030088424682617
drone_001795.pt,50,1,Yarkon,-11.046281814575195,8.077897071838379,17.082050323486328
drone_001796.pt,50,1,Yarkon,-12.133286476135254,8.690545082092285,15.870025634765625
drone_001797.pt,50,1,Yarkon,-12.849194526672363,9.517380714416504,18.861515045166016
drone_001798.pt,50,1,Yarkon,-12.712757110595703,9.491955757141113,20.759613037109375
drone_001799.pt,50,1,Yarkon,-10.773880958557129,8.500300407409668,17.478469848632812
drone_001800.pt,50,1,Yarkon,-8.574639320373535,7.790678024291992,23.908159255981445
drone_001801.pt,50,1,Yarkon,-4.557693958282471,6.608920574188232,20.994720458984375
drone_001802.pt,50,1,Yarkon,-2.310537099838257,6.861021995544434,20.238880157470703
drone_001803.pt,50,1,Yarkon,-2.0978143215179443,6.5855488777160645,22.087657928466797
drone_001804.pt,50,1,Yarkon,-5.900810241699219,6.90855073928833,19.06668472290039
drone_001805.pt,50,1,Yarkon,-9.250043869018555,7.830673694610596,17.9072322845459
drone_001806.pt,50,1,Yarkon,-6.9477009773254395,6.938563346862793,17.910930633544922
drone_001807.pt,50,1,Yarkon,-8.041906356811523,7.3055338859558105,16.077808380126953
drone_001808.pt,50,1,Yarkon,-5.008869647979736,6.6850128173828125,19.36040687561035
drone_001809.pt,50,1,Yarkon,-5.454231262207031,6.445582866668701,17.25656509399414
drone_001810.pt,50,1,Yarkon,3.094273567199707,6.006937503814697,20.86195182800293
drone_001811.pt,50,1,Yarkon,6.423437595367432,6.610629081726074,30.577957153320312
drone_001812.pt,50,1,Yarkon,7.872294902801514,6.14076566696167,23.594661712646484
drone_001813.pt,50,1,Yarkon,8.406098365783691,5.856481075286865,24.470909118652344
drone_001814.pt,50,1,Yarkon,6.325577259063721,6.108587265014648,21.443166732788086
drone_001815.pt,50,1,Yarkon,-13.802361488342285,8.48323917388916,25.775909423828125
drone_001816.pt,50,1,Yarkon,-9.122835159301758,7.041581153869629,16.25351905822754
drone_001817.pt,50,1,Yarkon,-6.096770763397217,6.701536655426025,17.513410568237305
drone_001818.pt,50,1,Yarkon,-4.646846294403076,6.12994384765625,17.34976577758789
drone_001819.pt,50,1,Yarkon,4.878780364990234,5.884880065917969,22.370380401611328
drone_001820.pt,50,1,Yarkon,7.988912582397461,6.0734052658081055,25.467926025390625
drone_001821.pt,50,1,Yarkon,7.8798418045043945,6.432865619659424,28.713397979736328
drone_001822.pt,50,1,Yarkon,7.197705268859863,7.530349254608154,23.795289993286133
drone_001823.pt,50,1,Yarkon,3.7202341556549072,7.764593124389648,20.311391830444336
drone_001824.pt,50,1,Yarkon,-6.125368118286133,8.051041603088379,26.295818328857422
drone_001825.pt,50,1,Yarkon,-8.180390357971191,7.750309944152832,19.116424560546875
drone_001826.pt,50,1,Yarkon,-2.622831106185913,6.875274181365967,18.550411224365234
drone_001827.pt,50,1,Yarkon,-6.228928089141846,6.959690093994141,16.209476470947266
drone_001828.pt,50,1,Yarkon,-6.59138298034668,6.310984134674072,16.616697311401367
drone_001829.pt,50,1,Yarkon,-0.16262096166610718,6.321936130523682,17.44879722595215
drone_001830.pt,50,1,Yarkon,5.334798812866211,5.2865095138549805,19.352760314941406
drone_001831.pt,50,1,Yarkon,8.124242782592773,5.774420261383057,31.903297424316406
drone_001832.pt,50,1,Yarkon,8.082550048828125,6.295734405517578,24.552757263183594
drone_001833.pt,50,1,Yarkon,7.783217906951904,6.961033344268799,23.95432472229004
drone_001834.pt,50,1,Yarkon,-1.398125410079956,7.293115139007568,14.809280395507812
drone_001835.pt,50,1,Yarkon,2.1062233448028564,7.425532341003418,21.49059295654297
drone_001836.pt,50,1,Yarkon,1.6169124841690063,7.754008769989014,28.140108108520508
drone_001837.pt,50,1,Yarkon,-2.553830862045288,7.0941643714904785,17.832990646362305
drone_001838.pt,50,1,Yarkon,-7.437584400177002,6.847699165344238,16.34005355834961
drone_001839.pt,50,1,Yarkon,-6.253643989562988,6.573287487030029,16.219942092895508
drone_001840.pt,50,1,Yarkon,-0.7986159920692444,6.812551975250244,20.408058166503906
drone_001841.pt,50,1,Yarkon,4.666061878204346,5.425541400909424,24.54909896850586
drone_001842.pt,50,1,Yarkon,2.149474859237671,6.214960098266602,22.101459503173828
drone_001843.pt,50,1,Yarkon,2.587867021560669,6.982468605041504,24.53418731689453
drone_001844.pt,50,1,Yarkon,2.1497576236724854,6.290499687194824,22.59432601928711
drone_001845.pt,50,1,Yarkon,7.591692924499512,6.390132427215576,25.413286209106445
drone_001846.pt,50,1,Yarkon,8.039359092712402,6.130444049835205,25.92436981201172
drone_001847.pt,50,1,Yarkon,7.200755596160889,6.3625569343566895,30.074676513671875
drone_001848.pt,50,1,Yarkon,6.197302341461182,7.239129066467285,29.941905975341797
drone_001849.pt,50,1,Yarkon,-2.866363763809204,7.309437274932861,16.487215042114258
drone_001850.pt,50,1,Yarkon,-8.336363792419434,6.602878093719482,15.38160228729248
drone_001851.pt,50,1,Yarkon,-7.452278137207031,7.144678115844727,13.646836280822754
drone_001852.pt,50,1,Yarkon,-12.36184310913086,6.893365383148193,12.719093322753906
drone_001853.pt,50,1,Yarkon,-12.308639526367188,6.550229072570801,13.536300659179688
drone_001854.pt,50,1,Yarkon,-10.024460792541504,6.519298553466797,13.851694107055664
drone_001855.pt,50,1,Yarkon,-8.109787940979004,6.593069553375244,16.572296142578125
drone_001856.pt,50,1,Yarkon,3.7555084228515625,6.863071441650391,25.801374435424805
drone_001857.pt,50,1,Yarkon,-2.2323663234710693,7.450371265411377,22.43179702758789
drone_001858.pt,50,1,Yarkon,4.629056453704834,5.204344749450684,19.783960342407227
drone_001859.pt,50,1,Yarkon,2.296349287033081,5.801352500915527,22.508384704589844
drone_001860.pt,50,1,Yarkon,3.9226667881011963,6.173259735107422,24.615089416503906
drone_001861.pt,50,1,Yarkon,2.248333215713501,5.316330432891846,18.881528854370117
drone_001862.pt,50,1,Yarkon,4.168118953704834,5.240318775177002,21.473779678344727
drone_001863.pt,50,1,Yarkon,3.4533345699310303,5.2972259521484375,20.92666244506836
drone_001864.pt,50,1,Yarkon,3.03593373298645,5.801332950592041,21.031391143798828
drone_001865.pt,50,1,Yarkon,-0.3415077030658722,5.904515743255615,21.216535568237305
drone_001866.pt,50,1,Yarkon,-3.100412130355835,7.03561544418335,19.195817947387695
drone_001867.pt,50,1,Yarkon,-6.173538684844971,6.754743576049805,23.194055557250977
drone_001868.pt,50,1,Yarkon,-8.756209373474121,6.815829277038574,23.537036895751953
drone_001869.pt,50,1,Yarkon,-12.647477149963379,7.098255634307861,11.914957046508789
drone_001870.pt,50,1,Yarkon,-10.982190132141113,7.229419708251953,17.780105590820312
drone_001871.pt,50,1,Yarkon,-14.163360595703125,7.983933925628662,16.539758682250977
drone_001872.pt,50,1,Yarkon,-14.070977210998535,8.156561851501465,16.095382690429688
drone_001873.pt,50,1,Yarkon,-13.902386665344238,8.344279289245605,19.625577926635742
drone_001874.pt,50,1,Yarkon,-12.648293495178223,8.112537384033203,19.512527465820312
drone_001875.pt,50,1,Yarkon,-10.612812042236328,8.04129695892334,17.971010208129883
drone_001876.pt,50,1,Yarkon,-8.373160362243652,7.406790733337402,19.827836990356445
drone_001877.pt,50,1,Yarkon,-7.609900951385498,6.86936616897583,17.660776138305664
drone_001878.pt,50,1,Yarkon,-4.838758945465088,6.582456588745117,16.998289108276367
drone_001879.pt,50,1,Yarkon,-7.5474853515625,6.768486022949219,14.454545974731445
drone_001880.pt,50,1,Yarkon,4.031242847442627,6.068912982940674,24.832971572875977
drone_001881.pt,50,1,Yarkon,3.3898444175720215,5.927125930786133,25.54548454284668
drone_001882.pt,50,1,Yarkon,1.252209186553955,4.733886241912842,18.875011444091797
drone_001883.pt,50,1,Yarkon,1.3727126121520996,4.457568645477295,16.478654861450195
drone_001884.pt,50,1,Yarkon,2.519561529159546,4.988186836242676,20.62232208251953
drone_001885.pt,50,1,Yarkon,4.396035671234131,5.1065287590026855,20.592660903930664
drone_001886.pt,50,1,Yarkon,3.623615264892578,5.186645030975342,18.69007682800293
drone_001887.pt,50,1,Yarkon,2.180368185043335,5.2351837158203125,17.876697540283203
drone_001888.pt,50,1,Yarkon,-5.147498607635498,5.682537078857422,13.899900436401367
drone_001889.pt,50,1,Yarkon,2.4655587673187256,5.730831623077393,18.978654861450195
drone_001890.pt,50,1,Yarkon,0.08830900490283966,5.618584156036377,17.790180206298828
drone_001891.pt,50,1,Yarkon,-1.7720478773117065,5.550277233123779,17.448341369628906
drone_001892.pt,50,1,Yarkon,-4.046142578125,5.891432285308838,17.212182998657227
drone_001893.pt,50,1,Yarkon,-7.856019496917725,5.7014970779418945,12.66031265258789
drone_001894.pt,50,1,Yarkon,-6.22836446762085,5.562443733215332,16.55496597290039
drone_001895.pt,50,1,Yarkon,-2.7451415061950684,5.4161906242370605,21.167877197265625
drone_001896.pt,50,1,Yarkon,-2.9769186973571777,5.8567328453063965,19.617477416992188
drone_001897.pt,50,1,Yarkon,-3.6189324855804443,6.9090189933776855,17.966571807861328
drone_001898.pt,50,1,Yarkon,-4.217769145965576,6.79726505279541,17.905027389526367
drone_001899.pt,50,1,Yarkon,-5.451213359832764,6.877825736999512,16.998872756958008
drone_001900.pt,50,1,Yarkon,-6.249269008636475,7.267707824707031,19.576013565063477
drone_001901.pt,50,1,Yarkon,-9.333344459533691,6.714712619781494,15.559022903442383
drone_001902.pt,50,1,Yarkon,-7.4375529289245605,6.679537773132324,18.025808334350586
drone_001903.pt,50,1,Yarkon,-8.066535949707031,7.045917987823486,17.915510177612305
drone_001904.pt,50,1,Yarkon,-7.724489212036133,7.442802906036377,20.380695343017578
drone_001905.pt,50,1,Yarkon,-5.762649059295654,6.133913040161133,19.799636840820312
drone_001906.pt,50,1,Yarkon,-5.410336017608643,6.674007415771484,23.626163482666016
drone_001907.pt,50,1,Yarkon,-5.97041654586792,7.17233943939209,20.176128387451172
drone_001908.pt,50,1,Yarkon,-10.004469871520996,6.841368675231934,15.774918556213379
drone_001909.pt,50,1,Yarkon,-5.347135543823242,6.576894760131836,19.06985092163086
drone_001910.pt,50,1,Yarkon,-7.448183059692383,6.372489929199219,13.10666275024414
drone_001911.pt,50,1,Yarkon,-6.633366107940674,6.193104267120361,15.756174087524414
drone_001912.pt,50,1,Yarkon,-7.323113918304443,6.734916687011719,17.6805362701416
drone_001913.pt,50,1,Yarkon,-9.745281219482422,8.499283790588379,22.61773681640625
drone_001914.pt,50,1,Yarkon,-10.030345916748047,10.202939987182617,23.507930755615234
drone_001915.pt,50,1,Yarkon,-9.512221336364746,8.3181734085083,22.336944580078125
drone_001916.pt,50,1,Yarkon,-6.07699728012085,7.62867546081543,22.116092681884766
drone_001917.pt,50,1,Yarkon,-13.467401504516602,7.381304740905762,15.207510948181152
drone_001918.pt,50,1,Yarkon,-0.3027912378311157,5.750697612762451,22.103740692138672
drone_001919.pt,50,1,Yarkon,-3.905055046081543,5.526039123535156,17.5584716796875
drone_001920.pt,50,1,Yarkon,-2.479147434234619,5.421009540557861,17.00718116760254
drone_001921.pt,50,1,Yarkon,4.169282913208008,5.460600852966309,21.740474700927734
drone_001922.pt,50,1,Yarkon,3.995973825454712,5.722515106201172,20.603235244750977
drone_001923.pt,50,1,Yarkon,3.1908369064331055,6.291509628295898,20.0194091796875
drone_001924.pt,50,1,Yarkon,3.3899691104888916,6.3387041091918945,23.765125274658203
drone_001925.pt,50,1,Yarkon,6.174827575683594,7.006131172180176,27.19937515258789
drone_001926.pt,50,1,Yarkon,6.322730541229248,5.789053916931152,25.693084716796875
drone_001927.pt,50,1,Yarkon,3.389113664627075,6.952136039733887,22.759695053100586
drone_001928.pt,50,1,Yarkon,-11.65279483795166,7.778471946716309,14.117671966552734
drone_001929.pt,50,1,Yarkon,-21.8845157623291,7.360040664672852,14.247666358947754
drone_001930.pt,50,1,Yarkon,-15.617302894592285,7.8697991371154785,14.241514205932617
drone_001931.pt,50,1,Yarkon,-18.62281036376953,7.933391571044922,13.321353912353516
drone_001932.pt,50,1,Yarkon,-10.49378776550293,7.235798358917236,20.801668167114258
drone_001933.pt,50,1,Yarkon,-13.507730484008789,7.518001079559326,15.539909362792969
drone_001934.pt,50,1,Yarkon,-11.879840850830078,6.887461185455322,10.623183250427246
drone_001935.pt,50,1,Yarkon,-1.0009291172027588,6.4545440673828125,22.93433952331543
drone_001936.pt,50,1,Yarkon,-0.5299223065376282,7.209688663482666,24.5551700592041
drone_001937.pt,50,1,Yarkon,-11.556886672973633,8.344278335571289,17.467687606811523
drone_001938.pt,50,1,Yarkon,-17.187240600585938,8.887724876403809,13.079587936401367
drone_001939.pt,50,1,Yarkon,-12.534643173217773,9.383750915527344,20.709550857543945
drone_001940.pt,50,1,Yarkon,-11.916946411132812,9.225992202758789,20.339614868164062
drone_001941.pt,50,1,Yarkon,-12.873991966247559,9.283477783203125,21.14706802368164
drone_001942.pt,50,1,Yarkon,-10.653351783752441,9.39081859588623,22.044981002807617
drone_001943.pt,50,1,Yarkon,-10.13041877746582,8.446723937988281,20.676315307617188
drone_001944.pt,50,1,Yarkon,-19.803010940551758,7.808530807495117,10.331144332885742
drone_001945.pt,50,1,Yarkon,-16.067317962646484,7.4356889724731445,12.663823127746582
drone_001946.pt,50,1,Yarkon,-14.004159927368164,6.624399662017822,13.043222427368164
drone_001947.pt,50,1,Yarkon,-5.688684463500977,6.770956993103027,14.84072208404541
drone_001948.pt,50,1,Yarkon,-12.241436958312988,7.291689395904541,14.045080184936523
drone_001949.pt,50,1,Yarkon,3.470736026763916,6.634109020233154,27.518911361694336
drone_001950.pt,50,1,Yarkon,-0.49123114347457886,6.433663845062256,18.241783142089844
drone_001951.pt,50,1,Yarkon,-6.357921123504639,6.818480014801025,15.853981971740723
drone_001952.pt,50,1,Yarkon,-2.827040672302246,5.744611740112305,17.695405960083008
drone_001953.pt,50,1,Yarkon,-6.836053848266602,6.6818108558654785,19.041316986083984
drone_001954.pt,50,1,Yarkon,-12.072677612304688,7.5523858070373535,15.083880424499512
drone_001955.pt,50,1,Yarkon,-6.524694442749023,7.004392147064209,19.08230209350586
drone_001956.pt,50,1,Yarkon,-12.911285400390625,6.822470664978027,12.99305534362793
drone_001957.pt,50,1,Yarkon,-4.338156700134277,6.578545570373535,20.11762237548828
drone_001958.pt,50,1,Yarkon,-0.17391198873519897,6.353336811065674,23.625028610229492
drone_001959.pt,50,1,Yarkon,4.61771297454834,5.7775678634643555,28.61526107788086
drone_001960.pt,50,1,Yarkon,1.820810317993164,6.414078235626221,21.30525779724121
drone_001961.pt,50,1,Yarkon,4.700199604034424,6.645791530609131,22.889305114746094
drone_001962.pt,50,1,Yarkon,7.341987133026123,6.116694450378418,27.520044326782227
drone_001963.pt,50,1,Yarkon,-4.09512996673584,7.598940372467041,18.943546295166016
drone_001964.pt,50,1,Yarkon,-2.964430093765259,6.93933629989624,21.10293197631836
drone_001965.pt,50,1,Yarkon,-3.879263162612915,6.823155879974365,24.546783447265625
drone_001966.pt,50,1,Yarkon,-3.2847518920898438,6.697612762451172,21.407447814941406
drone_001967.pt,50,1,Yarkon,1.5349806547164917,7.998912334442139,25.76220703125
drone_001968.pt,50,1,Yarkon,-2.547229051589966,9.730001449584961,21.838363647460938
drone_001969.pt,50,1,Yarkon,-7.9575514793396,7.728301048278809,21.522274017333984
drone_001970.pt,50,1,Yarkon,-9.101558685302734,7.723304748535156,18.219860076904297
drone_001971.pt,50,1,Yarkon,-6.846822738647461,7.7869720458984375,16.85215950012207
drone_001972.pt,50,1,Yarkon,-6.355769634246826,7.601048946380615,20.068056106567383
drone_001973.pt,50,1,Yarkon,-4.353259563446045,7.078559875488281,16.901294708251953
drone_001974.pt,50,1,Yarkon,-12.386632919311523,7.68582010269165,15.765332221984863
drone_001975.pt,50,1,Yarkon,-16.51942253112793,7.931182384490967,13.70150375366211
drone_001976.pt,50,1,Yarkon,-19.481794357299805,8.632502555847168,13.737817764282227
drone_001977.pt,50,1,Yarkon,-14.36266803741455,9.029169082641602,16.879858016967773
drone_001978.pt,50,1,Yarkon,-12.600680351257324,8.991331100463867,20.78045654296875
drone_001979.pt,50,1,Yarkon,-19.008747100830078,9.661062240600586,16.348588943481445
drone_001980.pt,50,1,Yarkon,-21.049297332763672,9.481558799743652,14.746188163757324
drone_001981.pt,50,1,Yarkon,-15.327157974243164,9.191720962524414,15.392024993896484
drone_001982.pt,50,1,Yarkon,-18.35464096069336,8.684104919433594,10.767217636108398
drone_001983.pt,50,1,Yarkon,-12.661934852600098,9.455286979675293,20.88365936279297
drone_001984.pt,50,1,Yarkon,-6.930236339569092,8.291131019592285,19.916303634643555
drone_001985.pt,50,1,Yarkon,-8.08922004699707,8.615732192993164,20.953147888183594
drone_001986.pt,50,1,Yarkon,-11.662018775939941,7.741880893707275,18.623876571655273
drone_001987.pt,50,1,Yarkon,-12.094610214233398,7.660983085632324,16.952808380126953
drone_001988.pt,50,1,Yarkon,-10.470236778259277,7.44148063659668,17.173858642578125
drone_001989.pt,50,1,Yarkon,-8.247241973876953,7.014124870300293,16.798851013183594
drone_001990.pt,50,1,Yarkon,-8.095526695251465,7.223177909851074,16.818403244018555
drone_001991.pt,50,1,Yarkon,-10.001066207885742,7.649600505828857,16.52521514892578
drone_001992.pt,50,1,Yarkon,-8.25210952758789,8.067179679870605,21.11821746826172
drone_001993.pt,50,1,Yarkon,-10.65627670288086,7.801367282867432,16.579572677612305
drone_001994.pt,50,1,Yarkon,-10.29897403717041,8.054059982299805,18.89383888244629
drone_001995.pt,50,1,Yarkon,-8.044589042663574,7.31572961807251,21.306312561035156
drone_001996.pt,50,1,Yarkon,-6.404948711395264,6.5145158767700195,22.67889976501465
drone_001997.pt,50,1,Yarkon,-5.603419780731201,6.013541221618652,19.47484588623047
drone_001998.pt,50,1,Yarkon,-1.4331542253494263,5.687415599822998,23.41199493408203
drone_001999.pt,50,1,Yarkon,-0.15330567955970764,5.395137786865234,20.60977554321289
drone_002000.pt,50,1,Yarkon,1.4761055707931519,5.249911785125732,18.848533630371094
drone_002001.pt,50,1,Yarkon,1.8645888566970825,5.921385288238525,20.23328399658203
drone_002002.pt,50,1,Yarkon,3.521010637283325,5.847905158996582,21.24497413635254
drone_002003.pt,50,1,Yarkon,2.4722959995269775,6.8695478439331055,22.15867805480957
drone_002004.pt,50,1,Yarkon,-4.051190376281738,6.387302398681641,19.51997947692871
drone_002005.pt,50,1,Yarkon,-1.4899235963821411,6.270901203155518,21.085203170776367
drone_002006.pt,50,1,Yarkon,0.24257482588291168,5.771673679351807,19.97736167907715
drone_002007.pt,50,1,Yarkon,-1.1976138353347778,6.413962364196777,22.733375549316406
ambience_001819.pt,50,0,room,-16.910114288330078,7.264719009399414,7.801509380340576
ambience_001820.pt,50,0,room,-16.812589645385742,7.055970191955566,8.071138381958008
ambience_001821.pt,50,0,room,-16.569637298583984,7.02111291885376,9.357309341430664
ambience_001822.pt,50,0,room,-17.382123947143555,7.201334476470947,7.473642826080322
ambience_001823.pt,50,0,room,-17.237138748168945,7.129709243774414,8.461872100830078
ambience_001824.pt,50,0,room,-17.763383865356445,7.19711971282959,7.091588973999023
ambience_001825.pt,50,0,room,-17.511558532714844,7.082620143890381,7.521493911743164
ambience_001826.pt,50,0,room,-17.61675262451172,6.988438129425049,6.675741195678711
ambience_001827.pt,50,0,room,-17.35063934326172,7.028960227966309,8.551202774047852
ambience_001828.pt,50,0,room,-17.705381393432617,6.988158226013184,7.054815769195557
ambience_001829.pt,50,0,room,-17.744016647338867,7.029569625854492,6.93840217590332
ambience_001830.pt,50,0,room,-17.665115356445312,6.829837799072266,6.502682685852051
ambience_001831.pt,50,0,room,-17.656902313232422,7.013932704925537,6.232463836669922
ambience_001832.pt,50,0,room,-17.702543258666992,7.104879856109619,5.992457389831543
ambience_001833.pt,50,0,room,-17.785951614379883,7.156075477600098,6.942743301391602
ambience_001834.pt,50,0,room,-17.78098487854004,7.261763572692871,7.749741077423096
ambience_001835.pt,50,0,room,-17.833881378173828,7.16105842590332,6.577901363372803
ambience_001836.pt,50,0,room,-17.80158233642578,7.140130996704102,6.669731140136719
ambience_001837.pt,50,0,room,-17.760639190673828,7.207489490509033,5.105259418487549
ambience_001838.pt,50,0,room,-17.850542068481445,7.259278297424316,8.361930847167969
ambience_001839.pt,50,0,room,-17.782625198364258,7.311975002288818,7.543461322784424
ambience_001840.pt,50,0,room,-17.683889389038086,7.013507843017578,7.791573524475098
ambience_001841.pt,50,0,room,-17.842350006103516,7.107851028442383,7.2066264152526855
ambience_001842.pt,50,0,room,-17.8686580657959,7.049758434295654,5.871104717254639
ambience_001843.pt,50,0,room,-17.7672119140625,7.213728427886963,8.657139778137207
ambience_001844.pt,50,0,room,-17.820343017578125,7.28175163269043,8.415365219116211
ambience_001845.pt,50,0,room,-17.593595504760742,7.221306324005127,6.545796871185303
ambience_001846.pt,50,0,room,-17.539344787597656,7.3981194496154785,7.719461917877197
ambience_001847.pt,50,0,room,-17.566110610961914,7.570581436157227,10.848008155822754
ambience_001848.pt,50,0,room,-17.49106788635254,7.657460689544678,9.446173667907715
ambience_001849.pt,50,0,room,-17.427143096923828,7.635507106781006,7.590513229370117
ambience_001850.pt,50,0,room,-17.479326248168945,7.504603385925293,7.1670122146606445
ambience_001851.pt,50,0,room,-17.558088302612305,7.424000263214111,8.513506889343262
ambience_001852.pt,50,0,room,-17.559457778930664,7.333155155181885,7.604212284088135
ambience_001853.pt,50,0,room,-17.742067337036133,7.240236759185791,8.603276252746582
ambience_001854.pt,50,0,room,-17.688169479370117,7.245168685913086,8.320666313171387
ambience_001855.pt,50,0,room,-17.846040725708008,7.357807636260986,7.4717559814453125
ambience_001856.pt,50,0,room,-17.833717346191406,7.1818037033081055,6.576370716094971
ambience_001857.pt,50,0,room,-17.884374618530273,7.213978290557861,7.792084217071533
ambience_001858.pt,50,0,room,-17.854480743408203,7.3303046226501465,7.079193115234375
ambience_001859.pt,50,0,room,-17.754335403442383,6.892198085784912,6.157500743865967
ambience_001860.pt,50,0,room,-18.04401969909668,7.31948184967041,7.0060133934021
ambience_001861.pt,50,0,room,-18.06692123413086,7.104419708251953,7.532045841217041
ambience_001862.pt,50,0,room,-17.856929779052734,7.172722339630127,9.076116561889648
ambience_001863.pt,50,0,room,-18.402097702026367,7.037991523742676,7.622697830200195
ambience_001864.pt,50,0,room,-18.492738723754883,7.141723155975342,8.284013748168945
ambience_001865.pt,50,0,room,-18.708417892456055,6.975090503692627,5.282995223999023
ambience_001866.pt,50,0,room,-18.546018600463867,7.10206413269043,7.379617691040039
ambience_001867.pt,50,0,room,-18.601768493652344,7.033671855926514,7.468540668487549
ambience_001868.pt,50,0,room,-18.68720245361328,6.953816890716553,9.112740516662598
ambience_001869.pt,50,0,room,-18.265085220336914,6.912031650543213,8.09516716003418
ambience_001870.pt,50,0,room,-18.255651473999023,6.920276165008545,8.420533180236816
ambience_001871.pt,50,0,room,-18.350662231445312,7.004891395568848,8.263710975646973
ambience_001872.pt,50,0,room,-18.536802291870117,7.025619983673096,8.476029396057129
ambience_001873.pt,50,0,room,-18.10959815979004,6.966682434082031,7.680084228515625
ambience_001874.pt,50,0,room,-18.377408981323242,6.745512008666992,8.65891170501709
ambience_001875.pt,50,0,room,-18.4141902923584,6.9556474685668945,6.7059736251831055
ambience_001876.pt,50,0,room,-18.539642333984375,7.07418966293335,7.522501468658447
ambience_001877.pt,50,0,room,-18.572059631347656,6.830668926239014,6.740840911865234
ambience_001878.pt,50,0,room,-18.587427139282227,6.9731268882751465,6.463808536529541
ambience_001879.pt,50,0,room,-18.20475959777832,6.8556694984436035,5.500646591186523
ambience_001880.pt,50,0,room,-18.430875778198242,6.937159538269043,8.794374465942383
ambience_001881.pt,50,0,room,-18.577674865722656,6.835071563720703,6.5083909034729
ambience_001882.pt,50,0,room,-18.34416961669922,6.951747417449951,8.136518478393555
ambience_001883.pt,50,0,room,-18.54481315612793,7.061435699462891,7.8010711669921875
ambience_001884.pt,50,0,room,-18.599302291870117,6.938224792480469,6.346092224121094
ambience_001885.pt,50,0,room,-18.5541934967041,7.059069633483887,7.615392208099365
ambience_001886.pt,50,0,room,-18.61944580078125,6.98036527633667,6.489219665527344
ambience_001887.pt,50,0,room,-18.62828826904297,6.944975852966309,7.8245978355407715
ambience_001888.pt,50,0,room,-18.52918815612793,6.890688896179199,8.449437141418457
ambience_001889.pt,50,0,room,-18.599546432495117,6.909719944000244,6.728909015655518
ambience_001890.pt,50,0,room,-18.36632537841797,7.009953022003174,8.69265079498291
ambience_001891.pt,50,0,room,-18.379518508911133,6.746267318725586,6.349942207336426
ambience_001892.pt,50,0,room,-17.958606719970703,7.181966781616211,7.677095413208008
ambience_001893.pt,50,0,room,-17.683399200439453,7.318921089172363,7.074151039123535
ambience_001894.pt,50,0,room,-17.554224014282227,7.348423957824707,8.427769660949707
ambience_001895.pt,50,0,room,-17.88747787475586,7.263744354248047,7.093644618988037
ambience_001896.pt,50,0,room,-17.883956909179688,7.174427032470703,7.539685249328613
ambience_001897.pt,50,0,room,-18.12614631652832,7.034080505371094,7.95147705078125
ambience_001898.pt,50,0,room,-18.326244354248047,7.038715839385986,7.668322563171387
ambience_001899.pt,50,0,room,-18.331737518310547,6.978809833526611,6.008110523223877
ambience_001900.pt,50,0,room,-18.294166564941406,7.043210983276367,7.921232223510742
ambience_001901.pt,50,0,room,-18.206581115722656,6.823331832885742,6.465157508850098
ambience_001902.pt,50,0,room,-18.272605895996094,7.004051208496094,7.381035804748535
ambience_001903.pt,50,0,room,-18.1458683013916,6.861498832702637,7.418957710266113
ambience_001904.pt,50,0,room,-18.349145889282227,6.7441301345825195,4.96730375289917
ambience_001905.pt,50,0,room,-18.351926803588867,6.906452655792236,8.944564819335938
ambience_001906.pt,50,0,room,-18.33264923095703,6.88342809677124,9.175451278686523
ambience_001907.pt,50,0,room,-18.47706413269043,6.767070293426514,8.484247207641602
ambience_001908.pt,50,0,room,-18.097469329833984,6.681939601898193,7.690615653991699
ambience_001909.pt,50,0,room,-18.351415634155273,6.905301570892334,6.676733493804932
ambience_001910.pt,50,0,room,-18.150672912597656,6.83242130279541,6.20510196685791
ambience_001911.pt,50,0,room,-18.301515579223633,6.9860148429870605,7.608931064605713
ambience_001912.pt,50,0,room,-18.2921085357666,6.880153179168701,6.791844844818115
ambience_001913.pt,50,0,room,-18.071483612060547,6.8647589683532715,6.495063304901123
ambience_001914.pt,50,0,room,-18.275588989257812,6.9987359046936035,6.1522393226623535
ambience_001915.pt,50,0,room,-18.33539581298828,6.989640235900879,6.11426305770874
ambience_001916.pt,50,0,room,-18.420927047729492,6.969507217407227,6.096667766571045
ambience_001917.pt,50,0,room,-18.355234146118164,6.922609329223633,8.75267219543457
ambience_001918.pt,50,0,room,-18.355022430419922,6.8934173583984375,4.432861328125
ambience_001919.pt,50,0,room,-18.415311813354492,7.090902805328369,6.32383918762207
ambience_001920.pt,50,0,room,-18.302976608276367,7.019568920135498,7.110227584838867
ambience_001921.pt,50,0,room,-18.389318466186523,6.988439559936523,7.598893165588379
ambience_001922.pt,50,0,room,-18.445594787597656,6.8858256340026855,8.431795120239258
ambience_001923.pt,50,0,room,-17.350414276123047,6.838944435119629,7.4027509689331055
ambience_001924.pt,50,0,room,-18.150754928588867,6.837612152099609,7.474116325378418
ambience_001925.pt,50,0,room,-18.454090118408203,6.974979877471924,9.59048080444336
ambience_001926.pt,50,0,room,-18.348600387573242,6.948208808898926,8.86923599243164
ambience_001927.pt,50,0,room,-18.242008209228516,6.914455413818359,6.2099127769470215
ambience_001928.pt,50,0,room,-18.218685150146484,6.861091613769531,7.179924964904785
ambience_001929.pt,50,0,room,-17.95722770690918,6.831736087799072,8.30825424194336
ambience_001930.pt,50,0,room,-18.155738830566406,6.726650238037109,6.751855850219727
ambience_001931.pt,50,0,room,-17.79715347290039,6.648489475250244,8.09933853149414
ambience_001932.pt,50,0,room,-18.11035919189453,6.724292755126953,6.671572208404541
ambience_001933.pt,50,0,room,-18.15711784362793,7.033585071563721,7.802263259887695
ambience_001934.pt,50,0,room,-17.804594039916992,6.7089715003967285,5.617045879364014
ambience_001935.pt,50,0,room,-18.087175369262695,6.933317184448242,6.393859386444092
ambience_001936.pt,50,0,room,-18.141590118408203,6.828357696533203,8.090963363647461
ambience_001937.pt,50,0,room,-18.208223342895508,6.985556602478027,7.981123447418213
ambience_001938.pt,50,0,room,-17.87534523010254,6.750863075256348,7.120764255523682
ambience_001939.pt,50,0,room,-18.104808807373047,6.70835542678833,6.844229698181152
ambience_001940.pt,50,0,room,-17.99657440185547,6.630540370941162,6.218091011047363
ambience_001941.pt,50,0,room,-17.944623947143555,6.775574684143066,7.961595058441162
ambience_001942.pt,50,0,room,-18.17208480834961,6.813544750213623,8.4332857131958
ambience_001943.pt,50,0,room,-18.133588790893555,6.790181636810303,8.873194694519043
ambience_001944.pt,50,0,room,-18.2376651763916,6.939143657684326,7.38783597946167
ambience_001945.pt,50,0,room,-17.82746124267578,6.846773624420166,7.390161037445068
ambience_001946.pt,50,0,room,-18.110750198364258,6.731793403625488,8.046246528625488
ambience_001947.pt,50,0,room,-18.204742431640625,6.77911901473999,7.124228477478027
ambience_001948.pt,50,0,room,-18.07145881652832,6.815145015716553,5.828829288482666
ambience_001949.pt,50,0,room,-18.19205665588379,6.800540447235107,7.767060279846191
ambience_001950.pt,50,0,room,-18.23390007019043,6.866052150726318,7.484445571899414
ambience_001951.pt,50,0,room,-18.07866668701172,7.023585796356201,6.120075702667236
ambience_001952.pt,50,0,room,-18.015880584716797,6.820223808288574,6.844320774078369
ambience_001953.pt,50,0,room,-18.09392738342285,6.798647403717041,6.998338222503662
ambience_001954.pt,50,0,room,-18.180805206298828,6.8330888748168945,7.595157146453857
ambience_001955.pt,50,0,room,-18.167253494262695,6.892994403839111,6.915018081665039
ambience_001956.pt,50,0,room,-18.349225997924805,6.822269916534424,8.190046310424805
ambience_001957.pt,50,0,room,-18.156991958618164,6.8997907638549805,6.589793682098389
ambience_001958.pt,50,0,room,-18.310379028320312,6.801201820373535,5.980757713317871
ambience_001959.pt,50,0,room,-18.198728561401367,6.8054728507995605,8.313895225524902
ambience_001960.pt,50,0,room,-18.188865661621094,6.758790493011475,7.501598358154297
ambience_001961.pt,50,0,room,-17.587610244750977,7.036869525909424,7.8150153160095215
ambience_001962.pt,50,0,room,-17.841590881347656,6.859147548675537,9.053243637084961
ambience_001963.pt,50,0,room,-18.214784622192383,6.851898193359375,7.794556617736816
ambience_001964.pt,50,0,room,-17.501903533935547,7.073493003845215,7.579440593719482
ambience_001965.pt,50,0,room,-17.93430519104004,6.923411846160889,7.803956031799316
ambience_001966.pt,50,0,room,-18.017847061157227,6.770820140838623,5.412228584289551
ambience_001967.pt,50,0,room,-18.19713592529297,6.734866619110107,9.11047649383545
ambience_001968.pt,50,0,room,-18.08643913269043,6.746180534362793,7.838525772094727
ambience_001969.pt,50,0,room,-18.1494083404541,6.882736682891846,6.262361526489258
ambience_001970.pt,50,0,room,-18.26939582824707,6.8948655128479,7.4638800621032715
ambience_001971.pt,50,0,room,-18.32225227355957,6.76487398147583,8.152935028076172
ambience_001972.pt,50,0,room,-18.272382736206055,6.876510143280029,7.876500129699707
ambience_001973.pt,50,0,room,-18.269086837768555,6.991899013519287,8.390351295471191
ambience_001974.pt,50,0,room,-18.23613929748535,6.894766330718994,7.7864460945129395
ambience_001975.pt,50,0,room,-17.006385803222656,6.920063018798828,6.417118072509766
ambience_001976.pt,50,0,room,-18.236906051635742,6.966273307800293,7.392731666564941
ambience_001977.pt,50,0,room,-18.32901382446289,6.899709224700928,6.701961040496826
ambience_001978.pt,50,0,room,-18.46013832092285,6.890985488891602,6.8168134689331055
ambience_001979.pt,50,0,room,-18.413434982299805,6.9079718589782715,5.3507795333862305
ambience_001980.pt,50,0,room,-18.237407684326172,6.947751522064209,9.718243598937988
ambience_001981.pt,50,0,room,-18.241823196411133,7.027315139770508,7.431325435638428
ambience_001982.pt,50,0,room,-18.33012580871582,6.935790061950684,7.400224208831787
ambience_001983.pt,50,0,room,-18.243139266967773,6.909937858581543,7.153188705444336
ambience_001984.pt,50,0,room,-18.306324005126953,6.811568260192871,8.463346481323242
ambience_001985.pt,50,0,room,-18.289731979370117,6.903975963592529,8.039539337158203
ambience_001986.pt,50,0,room,-18.22881317138672,6.830214500427246,8.375263214111328
ambience_001987.pt,50,0,room,-18.317668914794922,6.795584201812744,6.892034530639648
ambience_001988.pt,50,0,room,-18.269393920898438,6.912294387817383,7.032584190368652
ambience_001989.pt,50,0,room,-18.25468635559082,6.958596706390381,8.335685729980469
ambience_001990.pt,50,0,room,-18.34294319152832,6.883118629455566,8.464282989501953
ambience_001991.pt,50,0,room,-18.31739044189453,6.894659519195557,8.471117973327637
ambience_001992.pt,50,0,room,-18.47247314453125,6.705698490142822,7.121066093444824
ambience_001993.pt,50,0,room,-18.456148147583008,6.76228666305542,5.898581504821777
ambience_001994.pt,50,0,room,-18.326011657714844,6.855152130126953,6.663806915283203
ambience_001995.pt,50,0,room,-18.229660034179688,6.708779811859131,7.1554107666015625
ambience_001996.pt,50,0,room,-18.109235763549805,6.739899635314941,6.168903350830078
ambience_001997.pt,50,0,room,-18.247650146484375,6.82889986038208,6.2105607986450195
ambience_001998.pt,50,0,room,-17.94999885559082,6.862771987915039,7.805727005004883
ambience_001999.pt,50,0,room,-17.826032638549805,6.59960412979126,7.626084804534912
ambience_002000.pt,50,0,room,-17.801477432250977,6.638707160949707,7.79456090927124
ambience_002001.pt,50,0,room,-18.159032821655273,6.62239408493042,8.077961921691895
ambience_002002.pt,50,0,room,-18.095521926879883,6.820306777954102,7.037842750549316
ambience_002003.pt,50,0,room,-17.99574089050293,6.682564735412598,7.239279270172119
ambience_002004.pt,50,0,room,-18.066726684570312,6.609869003295898,6.712246894836426
ambience_002005.pt,50,0,room,-18.026643753051758,6.74461555480957,6.507897853851318
ambience_002006.pt,50,0,room,-17.967998504638672,6.663949966430664,7.69822359085083
ambience_002007.pt,50,0,room,-17.966875076293945,6.5911736488342285,8.447298049926758
ambience_002008.pt,50,0,room,-18.026233673095703,6.599490642547607,10.065312385559082
ambience_002009.pt,50,0,room,-17.766864776611328,6.668031692504883,8.32256031036377
ambience_002010.pt,50,0,room,-18.144577026367188,6.824654579162598,8.647660255432129
ambience_002011.pt,50,0,room,-17.778230667114258,6.81522798538208,8.968392372131348
ambience_002012.pt,50,0,room,-17.734281539916992,6.828649520874023,8.576417922973633
ambience_002013.pt,50,0,room,-17.707775115966797,6.950746059417725,6.436400413513184
ambience_002014.pt,50,0,room,-17.85675048828125,6.971498489379883,8.170098304748535
ambience_002015.pt,50,0,room,-17.93342399597168,6.998733043670654,6.611427307128906
ambience_002016.pt,50,0,room,-18.012653350830078,6.734125137329102,7.273194789886475
ambience_002017.pt,50,0,room,-18.067028045654297,6.741048812866211,7.026104927062988
ambience_002018.pt,50,0,room,-17.963027954101562,6.891597747802734,6.875049591064453
ambience_002019.pt,50,0,room,-18.09709930419922,6.834842681884766,6.624074935913086
ambience_002020.pt,50,0,room,-18.01424217224121,7.020655155181885,7.877569675445557
ambience_002021.pt,50,0,room,-18.155363082885742,6.953084945678711,6.96870231628418
ambience_002022.pt,50,0,room,-18.138710021972656,6.882216930389404,6.499807357788086
ambience_002023.pt,50,0,room,-18.26068115234375,6.987270355224609,8.384008407592773
ambience_002024.pt,50,0,room,-18.234790802001953,6.902350425720215,6.573297500610352
ambience_002025.pt,50,0,room,-18.10250473022461,6.847202301025391,7.926080703735352
ambience_002026.pt,50,0,room,-18.343191146850586,6.7951273918151855,8.02444076538086
ambience_002027.pt,50,0,room,-18.193336486816406,6.857537746429443,7.290907382965088
ambience_002028.pt,50,0,room,-18.17473602294922,6.942090034484863,8.66848087310791
ambience_002029.pt,50,0,room,-18.23658561706543,6.994677543640137,7.115994453430176
ambience_002030.pt,50,0,room,-18.361616134643555,6.851288318634033,7.93125581741333
ambience_002031.pt,50,0,room,-17.987409591674805,6.818970203399658,7.897179126739502
ambience_002032.pt,50,0,room,-18.368459701538086,6.811044216156006,5.78256368637085
ambience_002033.pt,50,0,room,-18.31810760498047,6.8265767097473145,6.31831693649292
ambience_002034.pt,50,0,room,-18.300941467285156,6.924280166625977,7.104812145233154
ambience_002035.pt,50,0,room,-17.56500816345215,6.9109206199646,7.137339115142822
ambience_002036.pt,50,0,room,-18.285188674926758,6.9249796867370605,7.943012714385986
ambience_002037.pt,50,0,room,-18.42888832092285,6.860524654388428,7.269229412078857
ambience_002038.pt,50,0,room,-18.383882522583008,6.739889621734619,6.956847190856934
ambience_002039.pt,50,0,room,-18.27379035949707,6.967998027801514,7.919018745422363
ambience_002040.pt,50,0,room,-18.250701904296875,6.910927772521973,5.712024688720703
ambience_002041.pt,50,0,room,-18.288969039916992,7.055433750152588,6.069627285003662
ambience_002042.pt,50,0,room,-18.153654098510742,7.074254512786865,9.046333312988281
ambience_002043.pt,50,0,room,-18.315919876098633,6.982580661773682,6.291290283203125
ambience_002044.pt,50,0,room,-18.01814079284668,6.865828514099121,7.762178897857666
ambience_002045.pt,50,0,room,-18.070234298706055,6.708309650421143,7.322864532470703
ambience_002046.pt,50,0,room,-18.179304122924805,6.881157875061035,7.519137859344482
ambience_002047.pt,50,0,room,-17.978960037231445,7.074118614196777,7.193704128265381
ambience_002048.pt,50,0,room,-18.2160587310791,6.8579206466674805,7.717193603515625
ambience_002049.pt,50,0,room,-18.223480224609375,6.9142746925354,7.2241621017456055
ambience_002050.pt,50,0,room,-18.325502395629883,6.773456573486328,5.564599990844727
ambience_002051.pt,50,0,room,-18.338361740112305,6.852536678314209,8.419534683227539
ambience_002052.pt,50,0,room,-18.282442092895508,6.985012531280518,8.007392883300781
ambience_002053.pt,50,0,room,-18.237680435180664,6.8640828132629395,7.254448413848877
ambience_002054.pt,50,0,room,-18.207944869995117,6.820170879364014,7.9077630043029785
ambience_002055.pt,50,0,room,-18.296674728393555,7.126424789428711,7.030886650085449
ambience_002056.pt,50,0,room,-18.192346572875977,7.072649955749512,7.373488426208496
ambience_002057.pt,50,0,room,-18.115764617919922,6.772524833679199,5.754478454589844
ambience_002058.pt,50,0,room,-18.29373550415039,6.895524978637695,8.341392517089844
ambience_002059.pt,50,0,room,-18.30600357055664,6.9310503005981445,7.363277435302734
ambience_002060.pt,50,0,room,-17.92565155029297,6.822910785675049,6.239971160888672
ambience_002061.pt,50,0,room,-17.821195602416992,6.809283256530762,7.6066741943359375
ambience_002062.pt,50,0,room,-18.224348068237305,6.91351318359375,7.59005069732666
ambience_002063.pt,50,0,room,-18.44294548034668,6.88761043548584,7.504681587219238
ambience_002064.pt,50,0,room,-18.4660701751709,6.81611442565918,6.705291748046875
ambience_002065.pt,50,0,room,-18.30107879638672,6.902714729309082,6.548361778259277
ambience_002066.pt,50,0,room,-18.294017791748047,6.800713539123535,7.837143898010254
ambience_002067.pt,50,0,room,-18.369487762451172,6.958616733551025,8.970096588134766
ambience_002068.pt,50,0,room,-18.411060333251953,6.808502674102783,8.010577201843262
ambience_002069.pt,50,0,room,-18.409141540527344,6.817725658416748,6.1588239669799805
ambience_002070.pt,50,0,room,-18.290672302246094,7.046811103820801,8.027334213256836
ambience_002071.pt,50,0,room,-18.26764678955078,6.872391700744629,7.105582237243652
ambience_002072.pt,50,0,room,-18.401826858520508,6.933168411254883,6.383966445922852
ambience_002073.pt,50,0,room,-18.413349151611328,6.914890766143799,6.674796104431152
ambience_002074.pt,50,0,room,-18.524892807006836,6.934197902679443,7.843789100646973
ambience_002075.pt,50,0,room,-18.47370719909668,6.889525413513184,8.364568710327148
ambience_002076.pt,50,0,room,-18.377443313598633,7.002169132232666,8.06995964050293
ambience_002077.pt,50,0,room,-18.303953170776367,7.002599716186523,7.706855773925781
ambience_002078.pt,50,0,room,-18.31644630432129,7.002779006958008,6.074550151824951
ambience_002079.pt,50,0,room,-17.912841796875,6.940958023071289,6.744379997253418
ambience_002080.pt,50,0,room,-18.245956420898438,6.902879238128662,6.255702972412109
ambience_002081.pt,50,0,room,-18.27023696899414,7.075509071350098,6.950504302978516
ambience_002082.pt,50,0,room,-18.31728744506836,6.878128528594971,6.004876613616943
ambience_002083.pt,50,0,room,-18.358924865722656,6.919743061065674,6.892193794250488
ambience_002084.pt,50,0,room,-18.398832321166992,6.953249454498291,7.200598239898682
ambience_002085.pt,50,0,room,-18.258207321166992,6.949338912963867,7.111382484436035
ambience_002086.pt,50,0,room,-18.3483829498291,6.933614730834961,6.752286911010742
ambience_002087.pt,50,0,room,-18.355792999267578,6.917042255401611,8.969265937805176
ambience_002088.pt,50,0,room,-18.49002456665039,6.8926310539245605,9.353431701660156
ambience_002089.pt,50,0,room,-18.383501052856445,6.922084808349609,6.067286491394043
ambience_002090.pt,50,0,room,-18.37476921081543,7.001214504241943,7.326464653015137
ambience_002091.pt,50,0,room,-18.291500091552734,6.958652973175049,6.623790264129639
ambience_002092.pt,50,0,room,-18.517230987548828,6.782385349273682,7.42577600479126
ambience_002093.pt,50,0,room,-18.404651641845703,6.912866592407227,7.872060775756836
ambience_002094.pt,50,0,room,-18.37201690673828,6.853663444519043,6.201672554016113
ambience_002095.pt,50,0,room,-18.3341064453125,7.0035786628723145,7.460317611694336
ambience_002096.pt,50,0,room,-18.403444290161133,6.955528736114502,6.978006362915039
ambience_002097.pt,50,0,room,-18.398149490356445,6.913802146911621,7.470412731170654
ambience_002098.pt,50,0,room,-18.33318519592285,6.875199317932129,8.534381866455078
ambience_002099.pt,50,0,room,-18.183828353881836,6.845427513122559,7.361503601074219
ambience_002100.pt,50,0,room,-18.22047233581543,6.970505237579346,7.447049617767334
ambience_002101.pt,50,0,room,-18.358016967773438,6.915826797485352,8.098896026611328
ambience_002102.pt,50,0,room,-18.39965057373047,6.966525077819824,5.470284461975098
ambience_002103.pt,50,0,room,-18.405176162719727,7.011655807495117,7.070255279541016
ambience_002104.pt,50,0,room,-18.044273376464844,7.038702011108398,8.94985294342041
ambience_002105.pt,50,0,room,-18.303749084472656,6.857211112976074,6.187713623046875
ambience_002106.pt,50,0,room,-18.13528823852539,6.894800186157227,6.992351531982422
ambience_002107.pt,50,0,room,-18.347517013549805,6.994393348693848,6.916589736938477
ambience_002108.pt,50,0,room,-18.43902587890625,7.093702793121338,7.543111324310303
ambience_002109.pt,50,0,room,-18.27147102355957,6.9483771324157715,6.985925674438477
ambience_002110.pt,50,0,room,-18.187580108642578,6.9953932762146,7.795903205871582
ambience_002111.pt,50,0,room,-18.022321701049805,6.65451192855835,6.348520278930664
ambience_002112.pt,50,0,room,-18.201400756835938,6.6744608879089355,6.1000261306762695
ambience_002113.pt,50,0,room,-18.299041748046875,6.707979202270508,7.637689113616943
ambience_002114.pt,50,0,room,-18.278417587280273,6.848052978515625,6.0581135749816895
ambience_002115.pt,50,0,room,-18.189006805419922,6.935564994812012,6.670000076293945
ambience_002116.pt,50,0,room,-18.284236907958984,6.87619161605835,6.9625749588012695
ambience_002117.pt,50,0,room,-18.21274757385254,7.03459358215332,7.321799278259277
ambience_002118.pt,50,0,room,-18.267765045166016,6.896180152893066,7.894358158111572
ambience_002119.pt,75,0,balcony,-1.0689846277236938,9.587774276733398,34.80867004394531
ambience_002120.pt,75,0,balcony,-2.8543360233306885,10.438098907470703,35.361717224121094
ambience_002121.pt,75,0,balcony,-0.015525964088737965,7.314655303955078,28.997812271118164
ambience_002122.pt,75,0,balcony,-0.6152286529541016,7.4033613204956055,29.054880142211914
ambience_002123.pt,75,0,balcony,-0.5151684880256653,8.009725570678711,29.93758773803711
ambience_002124.pt,75,0,balcony,-0.33793583512306213,8.118552207946777,27.920825958251953
ambience_002125.pt,75,0,balcony,-0.43036043643951416,8.281525611877441,28.66990089416504
ambience_002126.pt,75,0,balcony,-0.13733385503292084,8.547002792358398,28.162363052368164
ambience_002127.pt,75,0,balcony,-0.9543848633766174,8.179442405700684,28.905536651611328
ambience_002128.pt,75,0,balcony,-0.3934447169303894,7.956049919128418,28.405128479003906
ambience_002129.pt,75,0,balcony,-0.5315636992454529,7.875880241394043,29.051103591918945
ambience_002130.pt,75,0,balcony,-1.4066181182861328,8.994874954223633,28.69596290588379
ambience_002131.pt,75,0,balcony,-2.121450185775757,9.427671432495117,28.84410858154297
ambience_002132.pt,75,0,balcony,-3.812849283218384,9.505743026733398,29.498329162597656
ambience_002133.pt,75,0,balcony,-3.7602884769439697,9.38118839263916,29.28985595703125
ambience_002134.pt,75,0,balcony,-3.6880927085876465,9.871882438659668,28.162057876586914
ambience_002135.pt,75,0,balcony,-2.563737630844116,9.840103149414062,28.574951171875
ambience_002136.pt,75,0,balcony,-2.586904764175415,9.885310173034668,29.297271728515625
ambience_002137.pt,75,0,balcony,-2.731874465942383,9.98110580444336,28.56013298034668
ambience_002138.pt,75,0,balcony,-2.7149240970611572,10.231539726257324,27.74165153503418
ambience_002139.pt,75,0,balcony,-2.6430459022521973,10.259659767150879,28.106143951416016
ambience_002140.pt,75,0,balcony,-3.49592661857605,9.51587963104248,29.599390029907227
ambience_002141.pt,75,0,balcony,-4.384645938873291,9.632270812988281,28.7659912109375
ambience_002142.pt,75,0,balcony,-2.8920297622680664,10.843656539916992,28.77556800842285
ambience_002143.pt,75,0,balcony,-1.3086949586868286,10.575983047485352,31.935413360595703
ambience_002144.pt,75,0,balcony,-1.1025784015655518,9.53494930267334,28.789657592773438
ambience_002145.pt,75,0,balcony,-1.4634021520614624,9.162912368774414,28.955917358398438
ambience_002146.pt,75,0,balcony,-1.5683505535125732,8.794189453125,29.48129653930664
ambience_002147.pt,75,0,balcony,-1.2594019174575806,9.354166984558105,28.01532745361328
ambience_002148.pt,75,0,balcony,-1.883436679840088,9.904576301574707,28.08172035217285
ambience_002149.pt,75,0,balcony,-3.3408141136169434,9.782661437988281,28.85755157470703
ambience_002150.pt,75,0,balcony,-3.4995315074920654,9.479690551757812,28.51922035217285
ambience_002151.pt,75,0,balcony,-2.177274465560913,8.592535972595215,29.71817970275879
ambience_002152.pt,75,0,balcony,-2.5134968757629395,8.549692153930664,29.349367141723633
ambience_002153.pt,75,0,balcony,-2.890842914581299,8.579866409301758,28.44481658935547
ambience_002154.pt,75,0,balcony,-2.622372627258301,9.299741744995117,31.100833892822266
ambience_002155.pt,75,0,balcony,-1.8681775331497192,9.31063461303711,30.99921226501465
ambience_002156.pt,75,0,balcony,-1.8514317274093628,9.129045486450195,28.176559448242188
ambience_002157.pt,75,0,balcony,-1.342915654182434,8.825714111328125,28.652809143066406
ambience_002158.pt,75,0,balcony,-9.04012680053711,8.606760025024414,29.77806282043457
ambience_002159.pt,75,0,balcony,-0.8319909572601318,9.23134994506836,29.52204132080078
ambience_002160.pt,75,0,balcony,-0.6883661150932312,7.632929801940918,29.398239135742188
ambience_002161.pt,75,0,balcony,-0.3688325583934784,8.346125602722168,33.129432678222656
ambience_002162.pt,75,0,balcony,-0.6911580562591553,9.075568199157715,28.403881072998047
ambience_002163.pt,75,0,balcony,-1.1616228818893433,8.29223346710205,28.010568618774414
ambience_002164.pt,75,0,balcony,-1.9221240282058716,9.205034255981445,30.729385375976562
ambience_002165.pt,75,0,balcony,-1.62158203125,8.903729438781738,35.7312126159668
ambience_002166.pt,75,0,balcony,-1.2693581581115723,8.361407279968262,30.191696166992188
ambience_002167.pt,75,0,balcony,-1.22645902633667,8.943792343139648,31.3175106048584
ambience_002168.pt,75,0,balcony,0.8537141680717468,8.028459548950195,28.145753860473633
ambience_002169.pt,75,0,balcony,1.1970175504684448,8.070984840393066,27.1922664642334
ambience_002170.pt,75,0,balcony,0.8867982625961304,8.770872116088867,30.29180145263672
ambience_002171.pt,75,0,balcony,0.9493974447250366,8.470033645629883,28.675500869750977
ambience_002172.pt,75,0,balcony,2.609840154647827,9.189236640930176,28.35916519165039
ambience_002173.pt,75,0,balcony,0.7176074981689453,9.144376754760742,29.083890914916992
ambience_002174.pt,75,0,balcony,0.48797890543937683,8.595152854919434,28.505294799804688
ambience_002175.pt,75,0,balcony,-0.7580978274345398,8.004231452941895,30.08287239074707
ambience_002176.pt,75,0,balcony,-0.06892883777618408,8.391202926635742,31.60772705078125
ambience_002177.pt,75,0,balcony,0.32876408100128174,7.640461444854736,28.9958553314209
ambience_002178.pt,75,0,balcony,0.06389626115560532,8.497334480285645,31.427995681762695
ambience_002179.pt,75,0,balcony,-0.16244198381900787,8.85927677154541,31.878938674926758
ambience_002180.pt,75,0,balcony,0.2691512405872345,8.59965991973877,27.7981014251709
ambience_002181.pt,75,0,balcony,0.5829777121543884,7.872260093688965,28.878257751464844
ambience_002182.pt,75,0,balcony,0.8448837399482727,8.012478828430176,27.75677490234375
ambience_002183.pt,75,0,balcony,0.8429703116416931,8.176770210266113,28.742830276489258
ambience_002184.pt,75,0,balcony,0.7327703833580017,8.014719009399414,29.01012420654297
ambience_002185.pt,75,0,balcony,0.4392620921134949,8.161582946777344,28.237993240356445
ambience_002186.pt,75,0,balcony,0.26378071308135986,8.110259056091309,28.777429580688477
ambience_002187.pt,75,0,balcony,0.04401097446680069,8.007790565490723,29.736597061157227
ambience_002188.pt,75,0,balcony,0.13340438902378082,7.944565773010254,29.889053344726562
ambience_002189.pt,75,0,balcony,0.010621276684105396,8.12525463104248,28.883712768554688
ambience_002190.pt,75,0,balcony,0.19032235443592072,7.898219108581543,28.73382568359375
ambience_002191.pt,75,0,balcony,0.43178442120552063,7.570064067840576,29.116313934326172
ambience_002192.pt,75,0,balcony,-0.5267297625541687,8.78322696685791,28.15145492553711
ambience_002193.pt,75,0,balcony,-2.871864080429077,10.785913467407227,27.87846565246582
ambience_002194.pt,75,0,balcony,-2.6016225814819336,10.452281951904297,28.821687698364258
ambience_002195.pt,75,0,balcony,-3.7940804958343506,9.759895324707031,31.55010986328125
ambience_002196.pt,75,0,balcony,-4.693758010864258,10.064800262451172,31.036836624145508
ambience_002197.pt,75,0,balcony,-3.5511841773986816,9.452058792114258,28.973499298095703
ambience_002198.pt,75,0,balcony,-4.1452250480651855,9.641860961914062,29.27625846862793
ambience_002199.pt,75,0,balcony,-4.804805278778076,9.51406192779541,31.784456253051758
ambience_002200.pt,75,0,balcony,-4.499477863311768,9.552122116088867,30.65947723388672
ambience_002201.pt,75,0,balcony,-2.5971317291259766,9.202951431274414,29.005868911743164
ambience_002202.pt,75,0,balcony,-3.7710649967193604,10.738720893859863,32.83085632324219
ambience_002203.pt,75,0,balcony,-4.520639419555664,10.133008003234863,30.751638412475586
ambience_002204.pt,75,0,balcony,-4.293181419372559,9.430337905883789,30.714828491210938
ambience_002205.pt,75,0,balcony,-2.924508571624756,10.268270492553711,31.791994094848633
ambience_002206.pt,75,0,balcony,-2.371541738510132,10.825151443481445,29.243953704833984
ambience_002207.pt,75,0,balcony,-2.466036081314087,9.857989311218262,29.553939819335938
ambience_002208.pt,75,0,balcony,-2.9299521446228027,9.9212064743042,31.9832763671875
ambience_002209.pt,75,0,balcony,-2.4741175174713135,9.184675216674805,34.47030258178711
ambience_002210.pt,75,0,balcony,-2.04034161567688,10.738706588745117,31.440942764282227
ambience_002211.pt,75,0,balcony,-1.9810988903045654,10.541723251342773,31.970890045166016
ambience_002212.pt,75,0,balcony,-2.3091211318969727,9.791672706604004,29.605653762817383
ambience_002213.pt,75,0,balcony,-2.2094221115112305,10.284984588623047,31.50557518005371
ambience_002214.pt,75,0,balcony,-1.1243809461593628,9.811274528503418,27.026165008544922
ambience_002215.pt,75,0,balcony,-0.2514815032482147,9.7842378616333,27.73240089416504
ambience_002216.pt,75,0,balcony,-0.11688182502985,9.294774055480957,28.486431121826172
ambience_002217.pt,75,0,balcony,-0.6774187088012695,9.990357398986816,34.67494583129883
ambience_002218.pt,75,0,balcony,-0.849592387676239,10.520617485046387,31.428335189819336
ambience_002219.pt,75,0,balcony,-1.130137324333191,10.911151885986328,30.54497528076172
ambience_002220.pt,75,0,balcony,-1.0757006406784058,10.245678901672363,27.475908279418945
ambience_002221.pt,75,0,balcony,-1.6475424766540527,9.731368064880371,28.953022003173828
ambience_002222.pt,75,0,balcony,-1.9916069507598877,9.976974487304688,33.407955169677734
ambience_002223.pt,75,0,balcony,-1.9157249927520752,10.047914505004883,28.76511573791504
ambience_002224.pt,75,0,balcony,-4.762589931488037,11.082494735717773,38.24228286743164
ambience_002225.pt,75,0,balcony,-3.363978385925293,10.808855056762695,35.05206298828125
ambience_002226.pt,75,0,balcony,-0.9670858979225159,9.524434089660645,28.60409164428711
ambience_002227.pt,75,0,balcony,-1.659859538078308,10.843106269836426,29.4083309173584
ambience_002228.pt,75,0,balcony,-1.4920796155929565,10.917692184448242,30.301101684570312
ambience_002229.pt,75,0,balcony,-0.5504578948020935,9.551856994628906,28.48758316040039
ambience_002230.pt,75,0,balcony,-3.6122186183929443,10.881653785705566,35.961456298828125
ambience_002231.pt,75,0,balcony,-0.6048364639282227,10.296990394592285,28.764251708984375
ambience_002232.pt,75,0,balcony,0.33898302912712097,9.962313652038574,28.106718063354492
ambience_002233.pt,75,0,balcony,0.5783673524856567,9.555485725402832,30.157020568847656
ambience_002234.pt,75,0,balcony,-1.1178046464920044,10.008147239685059,28.74565887451172
ambience_002235.pt,75,0,balcony,-1.2048132419586182,9.471968650817871,29.186994552612305
ambience_002236.pt,75,0,balcony,-2.7092199325561523,10.052186012268066,28.148155212402344
ambience_002237.pt,75,0,balcony,-1.7493679523468018,9.644250869750977,28.996109008789062
ambience_002238.pt,75,0,balcony,-1.934074878692627,9.818678855895996,30.547990798950195
ambience_002239.pt,75,0,balcony,-2.461122989654541,9.988951683044434,29.210205078125
ambience_002240.pt,75,0,balcony,-1.5116161108016968,10.093223571777344,29.159257888793945
ambience_002241.pt,75,0,balcony,-2.7141427993774414,9.918575286865234,29.193538665771484
ambience_002242.pt,75,0,balcony,-2.801873207092285,10.032135963439941,28.857528686523438
ambience_002243.pt,75,0,balcony,-2.406636953353882,9.387155532836914,29.385047912597656
ambience_002244.pt,75,0,balcony,-3.1627695560455322,9.710332870483398,26.36507225036621
ambience_002245.pt,75,0,balcony,-3.6865029335021973,9.44028377532959,22.863759994506836
ambience_002246.pt,75,0,balcony,-2.6354258060455322,9.718160629272461,23.366086959838867
ambience_002247.pt,75,0,balcony,-2.8257834911346436,9.807023048400879,25.296602249145508
ambience_002248.pt,75,0,balcony,-2.7737746238708496,9.593083381652832,23.347980499267578
ambience_002249.pt,75,0,balcony,-3.014554738998413,9.383328437805176,24.172794342041016
ambience_002250.pt,75,0,balcony,-2.5105745792388916,9.700704574584961,23.803321838378906
ambience_002251.pt,75,0,balcony,-2.149263620376587,9.781533241271973,24.42401695251465
ambience_002252.pt,75,0,balcony,-1.861535906791687,10.06955623626709,25.891021728515625
ambience_002253.pt,75,0,balcony,-2.631439447402954,9.854680061340332,26.81475830078125
ambience_002254.pt,75,0,balcony,-0.8617824912071228,9.968997955322266,24.56502914428711
ambience_002255.pt,75,0,balcony,-1.0095022916793823,10.040767669677734,27.122188568115234
ambience_002256.pt,75,0,balcony,-1.6122184991836548,9.617990493774414,23.538999557495117
ambience_002257.pt,75,0,balcony,-1.995094656944275,9.402751922607422,28.136098861694336
ambience_002258.pt,75,0,balcony,-0.34807777404785156,10.049755096435547,36.820892333984375
ambience_002259.pt,75,0,balcony,0.6163293719291687,9.820032119750977,33.480438232421875
ambience_002260.pt,75,0,balcony,-0.8414596319198608,8.242660522460938,27.350568771362305
ambience_002261.pt,75,0,balcony,0.7074978351593018,7.598094463348389,33.762184143066406
ambience_002262.pt,75,0,balcony,1.281806230545044,8.940516471862793,33.35560607910156
ambience_002263.pt,75,0,balcony,-1.308400273323059,7.94318151473999,23.869426727294922
ambience_002264.pt,75,0,balcony,-2.199333429336548,8.583940505981445,24.156190872192383
ambience_002265.pt,75,0,balcony,-1.9312045574188232,9.561315536499023,35.2562255859375
ambience_002266.pt,75,0,balcony,-1.5881630182266235,9.58995532989502,28.29898452758789
ambience_002267.pt,75,0,balcony,-1.4650981426239014,9.673750877380371,30.82574462890625
ambience_002268.pt,75,0,balcony,-1.3864825963974,9.429851531982422,24.713356018066406
ambience_002269.pt,75,0,balcony,-0.8039922118186951,9.521356582641602,26.290023803710938
ambience_002270.pt,75,0,balcony,-0.1414705216884613,10.204065322875977,31.131210327148438
ambience_002271.pt,75,0,balcony,-0.2758162021636963,10.247400283813477,29.434003829956055
ambience_002272.pt,75,0,balcony,0.8108456134796143,10.235113143920898,27.70135498046875
ambience_002273.pt,75,0,balcony,0.3134869933128357,10.881032943725586,27.83490753173828
ambience_002274.pt,75,0,balcony,0.9836056232452393,10.290276527404785,26.30957794189453
ambience_002275.pt,75,0,balcony,0.6943199038505554,10.331954956054688,28.561065673828125
ambience_002276.pt,75,0,balcony,1.2105759382247925,10.324068069458008,27.157596588134766
ambience_002277.pt,75,0,balcony,0.16117601096630096,10.823756217956543,29.5316104888916
ambience_002278.pt,75,0,balcony,-1.2484468221664429,10.911827087402344,27.656801223754883
ambience_002279.pt,75,0,balcony,-0.5944423675537109,10.536791801452637,26.21487045288086
ambience_002280.pt,75,0,balcony,-1.7833843231201172,9.658798217773438,28.79448890686035
ambience_002281.pt,75,0,balcony,-0.7591885924339294,9.479917526245117,30.39223861694336
ambience_002282.pt,75,0,balcony,1.1495859622955322,9.425582885742188,29.186752319335938
ambience_002283.pt,75,0,balcony,0.14584045112133026,9.920393943786621,29.997159957885742
ambience_002284.pt,75,0,balcony,0.7554458379745483,9.64057731628418,31.13544464111328
ambience_002285.pt,75,0,balcony,-0.48404207825660706,9.770819664001465,25.23790740966797
ambience_002286.pt,75,0,balcony,-0.9072421789169312,9.860772132873535,26.610870361328125
ambience_002287.pt,75,0,balcony,-1.534872055053711,10.27979850769043,26.493087768554688
ambience_002288.pt,75,0,balcony,-1.1666226387023926,10.556245803833008,32.175941467285156
ambience_002289.pt,75,0,balcony,1.0712038278579712,9.334956169128418,28.659399032592773
ambience_002290.pt,75,0,balcony,0.40035998821258545,8.145441055297852,27.162670135498047
ambience_002291.pt,75,0,balcony,-0.3415336608886719,7.706852912902832,23.764583587646484
ambience_002292.pt,75,0,balcony,-0.14678549766540527,7.761903762817383,26.551639556884766
ambience_002293.pt,75,0,balcony,0.4987871050834656,8.073796272277832,32.524166107177734
ambience_002294.pt,75,0,balcony,-4.736155033111572,9.144371032714844,33.27485656738281
ambience_002295.pt,75,0,balcony,-2.9161946773529053,9.971813201904297,33.316680908203125
ambience_002296.pt,75,0,balcony,0.47213661670684814,8.508662223815918,33.11307907104492
ambience_002297.pt,75,0,balcony,-4.824085235595703,8.513859748840332,27.76013946533203
ambience_002298.pt,75,0,balcony,-2.322904586791992,9.161109924316406,27.947994232177734
ambience_002299.pt,75,0,balcony,-0.6947470307350159,9.063908576965332,29.79736328125
ambience_002300.pt,75,0,balcony,-1.230230689048767,9.100617408752441,38.026824951171875
ambience_002301.pt,75,0,balcony,-9.269973754882812,8.732965469360352,18.207876205444336
ambience_002302.pt,75,0,balcony,-4.813737869262695,8.493541717529297,24.432506561279297
ambience_002303.pt,75,0,balcony,-0.6761741638183594,9.429251670837402,31.176937103271484
ambience_002304.pt,75,0,balcony,-1.2649494409561157,8.245957374572754,25.175987243652344
ambience_002305.pt,75,0,balcony,-1.441307544708252,8.40998649597168,29.096702575683594
ambience_002306.pt,75,0,balcony,-0.5655919313430786,7.766114711761475,33.12340545654297
ambience_002307.pt,75,0,balcony,0.3239201605319977,8.89842700958252,29.067916870117188
ambience_002308.pt,75,0,balcony,0.9600818157196045,8.287226676940918,30.767410278320312
ambience_002309.pt,75,0,balcony,-0.6400863528251648,9.976958274841309,33.26875305175781
ambience_002310.pt,75,0,balcony,-0.7957807183265686,7.821422576904297,25.028526306152344
ambience_002311.pt,75,0,balcony,-0.34675905108451843,8.521401405334473,25.325294494628906
ambience_002312.pt,75,0,balcony,0.7965536117553711,8.998498916625977,29.064760208129883
ambience_002313.pt,75,0,balcony,-0.35654252767562866,8.880791664123535,32.81053924560547
ambience_002314.pt,75,0,balcony,0.7371452450752258,8.70172119140625,27.648115158081055
ambience_002315.pt,75,0,balcony,1.0695827007293701,9.679183006286621,31.143157958984375
ambience_002316.pt,75,0,balcony,0.5511667132377625,9.262935638427734,34.477176666259766
ambience_002317.pt,75,0,balcony,0.12377926707267761,10.77945613861084,32.26835632324219
ambience_002318.pt,75,0,balcony,0.4676004648208618,9.925185203552246,33.91780471801758
ambience_002319.pt,75,0,balcony,1.5188636779785156,9.46964168548584,29.602067947387695
ambience_002320.pt,75,0,balcony,0.17056477069854736,9.75614070892334,35.89291000366211
ambience_002321.pt,75,0,balcony,-0.576568067073822,10.496321678161621,33.252044677734375
ambience_002322.pt,75,0,balcony,0.24801748991012573,9.219975471496582,34.63036346435547
ambience_002323.pt,75,0,balcony,0.4285105764865875,8.763590812683105,34.16594314575195
ambience_002324.pt,75,0,balcony,-0.932736337184906,9.473977088928223,32.95808792114258
ambience_002325.pt,75,0,balcony,-1.2471963167190552,9.890421867370605,35.38794708251953
ambience_002326.pt,75,0,balcony,-0.45507344603538513,9.602970123291016,34.93687057495117
ambience_002327.pt,75,0,balcony,1.9918835163116455,9.324618339538574,29.695629119873047
ambience_002328.pt,75,0,balcony,0.5873372554779053,8.464456558227539,28.590848922729492
ambience_002329.pt,75,0,balcony,-0.08381480723619461,8.388108253479004,30.241302490234375
ambience_002330.pt,75,0,balcony,2.4240312576293945,8.578950881958008,32.10932159423828
ambience_002331.pt,75,0,balcony,0.8945125937461853,8.838395118713379,29.586261749267578
ambience_002332.pt,75,0,balcony,0.262378990650177,8.501712799072266,33.970436096191406
ambience_002333.pt,75,0,balcony,-0.13126100599765778,8.576545715332031,26.622102737426758
ambience_002334.pt,75,0,balcony,0.1533171534538269,7.981288909912109,23.681180953979492
ambience_002335.pt,75,0,balcony,0.06830217689275742,8.922937393188477,26.688692092895508
ambience_002336.pt,75,0,balcony,0.14899417757987976,8.69231128692627,22.654075622558594
ambience_002337.pt,75,0,balcony,0.1491394191980362,8.627840995788574,22.23296356201172
ambience_002338.pt,75,0,balcony,1.1412358283996582,8.414196968078613,25.388185501098633
ambience_002339.pt,75,0,balcony,0.5631521344184875,8.932607650756836,30.888185501098633
ambience_002340.pt,75,0,balcony,0.32552623748779297,8.518779754638672,23.064208984375
ambience_002341.pt,75,0,balcony,0.4173930287361145,9.082984924316406,29.203441619873047
ambience_002342.pt,75,0,balcony,0.25519320368766785,7.955333709716797,26.314926147460938
ambience_002343.pt,75,0,balcony,0.9105687737464905,8.682525634765625,30.74523162841797
ambience_002344.pt,75,0,balcony,1.2596334218978882,8.761144638061523,28.029773712158203
ambience_002345.pt,75,0,balcony,0.36936572194099426,8.402201652526855,24.00346565246582
ambience_002346.pt,75,0,balcony,1.5223008394241333,8.245296478271484,25.496849060058594
ambience_002347.pt,75,0,balcony,-0.39029866456985474,8.879181861877441,24.37217903137207
ambience_002348.pt,75,0,balcony,2.4014852046966553,8.683365821838379,25.603038787841797
ambience_002349.pt,75,0,balcony,3.082346200942993,8.539201736450195,24.408767700195312
ambience_002350.pt,75,0,balcony,3.8561830520629883,7.733949661254883,25.566082000732422
ambience_002351.pt,75,0,balcony,1.2544760704040527,9.310782432556152,36.23405838012695
ambience_002352.pt,75,0,balcony,0.0706937164068222,8.28396224975586,23.9500789642334
ambience_002353.pt,75,0,balcony,0.20788997411727905,8.452181816101074,23.107769012451172
ambience_002354.pt,75,0,balcony,0.7539406418800354,7.71140718460083,24.67660140991211
ambience_002355.pt,75,0,balcony,-0.6873735189437866,7.774477005004883,22.12570571899414
ambience_002356.pt,75,0,balcony,-5.3134050369262695,9.041272163391113,24.001434326171875
ambience_002357.pt,75,0,balcony,-11.22049617767334,8.627935409545898,14.92382526397705
ambience_002358.pt,75,0,balcony,-3.370025873184204,8.91855525970459,22.085723876953125
ambience_002359.pt,75,0,balcony,-2.765969753265381,9.503937721252441,22.079439163208008
ambience_002360.pt,75,0,balcony,-1.9860926866531372,9.668569564819336,23.761287689208984
ambience_002361.pt,75,0,balcony,-1.3239680528640747,9.044779777526855,22.318819046020508
ambience_002362.pt,75,0,balcony,0.2593258023262024,10.196513175964355,28.351442337036133
ambience_002363.pt,75,0,balcony,-3.0511252880096436,9.310091018676758,19.794639587402344
ambience_002364.pt,75,0,balcony,-3.5303382873535156,8.79379653930664,18.830787658691406
ambience_002365.pt,75,0,balcony,-3.6959176063537598,9.059016227722168,20.005395889282227
ambience_002366.pt,75,0,balcony,-2.429560899734497,9.902442932128906,31.131481170654297
ambience_002367.pt,75,0,balcony,-2.3063042163848877,10.107224464416504,27.41511344909668
ambience_002368.pt,75,0,balcony,-3.856529951095581,9.199066162109375,21.084640502929688
ambience_002369.pt,75,0,balcony,-1.8370999097824097,9.166991233825684,23.68647003173828
ambience_002370.pt,75,0,balcony,-0.7397975325584412,8.543010711669922,23.57183074951172
ambience_002371.pt,75,0,balcony,0.9890390038490295,8.158960342407227,24.478225708007812
ambience_002372.pt,75,0,balcony,-0.5786938667297363,8.161284446716309,27.189102172851562
ambience_002373.pt,75,0,balcony,-0.556830883026123,7.697381019592285,21.94747543334961
ambience_002374.pt,75,0,balcony,-1.0615547895431519,7.720508098602295,23.559350967407227
ambience_002375.pt,75,0,balcony,-0.7855440378189087,8.113384246826172,30.948226928710938
ambience_002376.pt,75,0,balcony,-0.3239169418811798,7.740342617034912,26.487024307250977
ambience_002377.pt,75,0,balcony,0.47816145420074463,7.871315002441406,26.519725799560547
ambience_002378.pt,75,0,balcony,1.4801894426345825,8.760197639465332,28.348339080810547
ambience_002379.pt,75,0,balcony,2.5070230960845947,8.865588188171387,35.414546966552734
ambience_002380.pt,75,0,balcony,1.00600266456604,8.190500259399414,26.263750076293945
ambience_002381.pt,75,0,balcony,0.05559280142188072,8.250325202941895,24.013269424438477
ambience_002382.pt,75,0,balcony,0.34732216596603394,8.57818603515625,25.34282875061035
ambience_002383.pt,75,0,balcony,0.2529407739639282,8.411383628845215,26.94269371032715
ambience_002384.pt,75,0,balcony,-0.64667147397995,8.243101119995117,23.02338409423828
ambience_002385.pt,75,0,balcony,0.036931078881025314,8.203282356262207,24.60297393798828
ambience_002386.pt,75,0,balcony,-3.2948153018951416,8.282478332519531,21.682788848876953
ambience_002387.pt,75,0,balcony,-10.314144134521484,7.954614639282227,13.583826065063477
ambience_002388.pt,75,0,balcony,-5.192707061767578,8.342129707336426,21.14251136779785
ambience_002389.pt,75,0,balcony,-1.6211254596710205,8.162616729736328,27.810022354125977
ambience_002390.pt,75,0,balcony,0.2777549624443054,8.368898391723633,24.50067710876465
ambience_002391.pt,75,0,balcony,0.8152413964271545,8.177299499511719,29.378767013549805
ambience_002392.pt,75,0,balcony,-0.952023446559906,7.8936567306518555,23.066448211669922
ambience_002393.pt,75,0,balcony,-7.125309467315674,7.652904033660889,24.294078826904297
ambience_002394.pt,75,0,balcony,-23.884010314941406,8.033661842346191,19.286827087402344
ambience_002395.pt,75,0,balcony,-24.256498336791992,7.840595722198486,14.72657299041748
ambience_002396.pt,75,0,balcony,-13.264193534851074,7.983967304229736,14.40798568725586
ambience_002397.pt,75,0,balcony,-2.929872989654541,7.856082439422607,23.354278564453125
ambience_002398.pt,75,0,balcony,-0.8532392978668213,7.603032112121582,24.3956298828125
ambience_002399.pt,75,0,balcony,-0.3434671461582184,7.385731220245361,21.983901977539062
ambience_002400.pt,75,0,balcony,-18.944822311401367,7.907768726348877,19.851394653320312
ambience_002401.pt,75,0,balcony,-20.7763671875,7.649135589599609,19.397048950195312
ambience_002402.pt,75,0,balcony,-1.161393642425537,7.029445171356201,20.766237258911133
ambience_002403.pt,75,0,balcony,-18.909217834472656,7.622420787811279,26.32732582092285
ambience_002404.pt,75,0,balcony,-26.046306610107422,8.687740325927734,15.394876480102539
ambience_002405.pt,75,0,balcony,-19.09576416015625,7.34989070892334,16.20376205444336
ambience_002406.pt,75,0,balcony,-15.809001922607422,7.766878604888916,15.43359661102295
ambience_002407.pt,75,0,balcony,-18.665346145629883,9.179704666137695,13.483804702758789
ambience_002408.pt,75,0,balcony,-4.507585048675537,8.797531127929688,20.064956665039062
ambience_002409.pt,75,0,balcony,-15.604464530944824,8.704876899719238,13.75997543334961
ambience_002410.pt,75,0,balcony,-2.5606462955474854,9.200260162353516,26.53670883178711
ambience_002411.pt,75,0,balcony,-1.7556458711624146,9.17291259765625,20.5428524017334
ambience_002412.pt,75,0,balcony,-1.8965831995010376,9.125423431396484,30.88676643371582
ambience_002413.pt,75,0,balcony,-2.7421584129333496,9.0348539352417,30.7536678314209
ambience_002414.pt,75,0,balcony,-1.9082032442092896,8.23128604888916,19.320003509521484
ambience_002415.pt,75,0,balcony,-4.951425552368164,8.685541152954102,24.947288513183594
ambience_002416.pt,75,0,balcony,-3.7943878173828125,8.621726989746094,24.59442138671875
ambience_002417.pt,75,0,balcony,-0.26716116070747375,8.65515422821045,31.84819793701172
ambience_002418.pt,75,0,balcony,0.12072192877531052,8.149176597595215,28.81085205078125
ambience_002419.pt,50,0,room,7.3716816902160645,5.292405605316162,25.36321258544922
ambience_002420.pt,50,0,room,7.426992416381836,5.218278884887695,25.890188217163086
ambience_002421.pt,50,0,room,7.375877857208252,5.4674577713012695,26.332244873046875
ambience_002422.pt,50,0,room,7.570660591125488,5.144211769104004,25.81462860107422
ambience_002423.pt,50,0,room,7.350564956665039,5.403172016143799,26.01851463317871
ambience_002424.pt,50,0,room,7.454371452331543,5.296316623687744,26.329309463500977
ambience_002425.pt,50,0,room,7.298620700836182,5.4774065017700195,25.980457305908203
ambience_002426.pt,50,0,room,7.390575885772705,5.29479455947876,25.732940673828125
ambience_002427.pt,50,0,room,7.474911689758301,5.221924781799316,25.537731170654297
ambience_002428.pt,50,0,room,7.377356052398682,5.42465353012085,25.459152221679688
ambience_002429.pt,50,0,room,7.436688423156738,5.285323143005371,25.25445556640625
ambience_002430.pt,50,0,room,7.49754524230957,5.266057014465332,25.419437408447266
ambience_002431.pt,50,0,room,7.341956615447998,5.30948543548584,25.917665481567383
ambience_002432.pt,50,0,room,7.475313186645508,5.376275539398193,26.37615394592285
ambience_002433.pt,50,0,room,7.462846279144287,5.450608253479004,25.51032257080078
ambience_002434.pt,50,0,room,7.398179531097412,5.374330043792725,25.84537696838379
ambience_002435.pt,50,0,room,7.405317306518555,5.418983459472656,24.895004272460938
ambience_002436.pt,50,0,room,7.423296928405762,5.380776405334473,24.945661544799805
ambience_002437.pt,50,0,room,7.326897144317627,5.537491321563721,25.97113037109375
ambience_002438.pt,50,0,room,7.447424411773682,5.49364709854126,26.28849220275879
ambience_002439.pt,50,0,room,7.410567760467529,5.506315231323242,25.83848762512207
ambience_002440.pt,50,0,room,7.28535795211792,5.566687107086182,26.289791107177734
ambience_002441.pt,50,0,room,7.542755126953125,5.372786521911621,25.85924530029297
ambience_002442.pt,50,0,room,7.397558689117432,5.508172035217285,26.08110809326172
ambience_002443.pt,50,0,room,7.443929672241211,5.360930919647217,26.358062744140625
ambience_002444.pt,50,0,room,7.3783860206604,5.501343250274658,27.158098220825195
ambience_002445.pt,50,0,room,7.298833847045898,5.43346643447876,26.225627899169922
ambience_002446.pt,50,0,room,7.459522724151611,5.432355880737305,26.972352981567383
ambience_002447.pt,50,0,room,7.332486152648926,5.59668493270874,26.83730125427246
ambience_002448.pt,50,0,room,7.43764066696167,5.4615702629089355,26.23138427734375
ambience_002449.pt,50,0,room,7.345410346984863,5.527685642242432,26.42542839050293
ambience_002450.pt,50,0,room,7.458869457244873,5.368440628051758,25.511837005615234
ambience_002451.pt,50,0,room,7.344305038452148,5.46842098236084,26.94033432006836
ambience_002452.pt,50,0,room,7.503166198730469,5.357772350311279,24.946937561035156
ambience_002453.pt,50,0,room,7.495739936828613,5.433357238769531,25.262605667114258
ambience_002454.pt,50,0,room,7.522657871246338,5.406918525695801,26.371536254882812
ambience_002455.pt,50,0,room,7.4618821144104,5.43674373626709,26.282262802124023
ambience_002456.pt,50,0,room,7.2736005783081055,5.536569595336914,25.681495666503906
ambience_002457.pt,50,0,room,7.482178211212158,5.629678726196289,26.362625122070312
ambience_002458.pt,50,0,room,7.308410167694092,5.483160018920898,26.602869033813477
ambience_002459.pt,50,0,room,7.323963642120361,5.635088920593262,26.157135009765625
ambience_002460.pt,50,0,room,7.198034286499023,5.570730209350586,26.05710220336914
ambience_002461.pt,50,0,room,7.352849960327148,5.495965480804443,25.875938415527344
ambience_002462.pt,50,0,room,7.3109235763549805,5.4734416007995605,25.717620849609375
ambience_002463.pt,50,0,room,7.302796840667725,5.514692783355713,26.29545021057129
ambience_002464.pt,50,0,room,7.271978855133057,5.440859317779541,25.634803771972656
ambience_002465.pt,50,0,room,7.43385648727417,5.48748779296875,26.315372467041016
ambience_002466.pt,50,0,room,7.356092929840088,5.435722827911377,25.17848777770996
ambience_002467.pt,50,0,room,7.41844367980957,5.402318477630615,25.4310302734375
ambience_002468.pt,50,0,room,7.296586990356445,5.492221355438232,25.73878288269043
ambience_002469.pt,50,0,room,7.377270221710205,5.4978461265563965,26.166934967041016
ambience_002470.pt,50,0,room,7.343376159667969,5.523528099060059,25.970672607421875
ambience_002471.pt,50,0,room,7.398925304412842,5.4386887550354,25.41545867919922
ambience_002472.pt,50,0,room,7.303089618682861,5.650739669799805,26.128995895385742
ambience_002473.pt,50,0,room,7.412890911102295,5.582642555236816,25.67888641357422
ambience_002474.pt,50,0,room,7.271988391876221,5.673171520233154,25.072479248046875
ambience_002475.pt,50,0,room,7.391454696655273,5.548376560211182,25.255659103393555
ambience_002476.pt,50,0,room,7.274649143218994,5.637645244598389,26.310955047607422
ambience_002477.pt,50,0,room,7.355093002319336,5.561275482177734,26.260347366333008
ambience_002478.pt,50,0,room,7.238544940948486,5.602631092071533,25.431718826293945
ambience_002479.pt,50,0,room,7.331596374511719,5.465081691741943,26.179744720458984
ambience_002480.pt,50,0,room,7.512311935424805,5.413912296295166,25.57921600341797
ambience_002481.pt,50,0,room,7.425152778625488,5.480032444000244,24.996841430664062
ambience_002482.pt,50,0,room,7.407677173614502,5.309302806854248,25.273040771484375
ambience_002483.pt,50,0,room,7.280140399932861,5.461190223693848,24.84200668334961
ambience_002484.pt,50,0,room,7.338418960571289,5.491682052612305,25.65131378173828
ambience_002485.pt,50,0,room,7.378660678863525,5.44948148727417,25.669151306152344
ambience_002486.pt,50,0,room,7.412173271179199,5.328126907348633,25.327449798583984
ambience_002487.pt,50,0,room,7.332975387573242,5.43697452545166,25.980369567871094
ambience_002488.pt,50,0,room,7.4705586433410645,5.4129462242126465,26.192142486572266
ambience_002489.pt,50,0,room,7.2912445068359375,5.428208827972412,24.983646392822266
ambience_002490.pt,50,0,room,7.325273036956787,5.490025997161865,26.66632652282715
ambience_002491.pt,50,0,room,7.280742168426514,5.516788959503174,26.946514129638672
ambience_002492.pt,50,0,room,7.249149799346924,5.62069845199585,26.00749969482422
ambience_002493.pt,50,0,room,7.430706977844238,5.537753105163574,25.774169921875
ambience_002494.pt,50,0,room,7.318544387817383,5.47127103805542,25.611297607421875
ambience_002495.pt,50,0,room,7.431507587432861,5.431755065917969,25.682350158691406
ambience_002496.pt,50,0,room,7.318697929382324,5.507717132568359,25.850141525268555
ambience_002497.pt,50,0,room,7.441018581390381,5.555816650390625,26.027629852294922
ambience_002498.pt,50,0,room,7.394494533538818,5.511621475219727,25.640579223632812
ambience_002499.pt,50,0,room,7.414146900177002,5.499716281890869,26.20354652404785
ambience_002500.pt,50,0,room,7.439065456390381,5.542759418487549,26.148757934570312
ambience_002501.pt,50,0,room,7.482420444488525,5.430614471435547,25.983943939208984
ambience_002502.pt,50,0,room,7.3291778564453125,5.508024215698242,25.66229248046875
ambience_002503.pt,50,0,room,7.474949836730957,5.556333541870117,25.50539207458496
ambience_002504.pt,50,0,room,7.3493852615356445,5.4496355056762695,25.66244888305664
ambience_002505.pt,50,0,room,7.240692615509033,5.623871326446533,25.44694709777832
ambience_002506.pt,50,0,room,7.47597074508667,5.366941928863525,25.010292053222656
ambience_002507.pt,50,0,room,7.318120956420898,5.571125030517578,26.131858825683594
ambience_002508.pt,50,0,room,7.361072063446045,5.4871978759765625,26.223106384277344
ambience_002509.pt,50,0,room,7.2388081550598145,5.556914806365967,24.874269485473633
ambience_002510.pt,50,0,room,7.327508449554443,5.4589972496032715,26.637897491455078
ambience_002511.pt,50,0,room,7.3827667236328125,5.442571640014648,25.645254135131836
ambience_002512.pt,50,0,room,7.331754684448242,5.550114631652832,26.683311462402344
ambience_002513.pt,50,0,room,7.283676624298096,5.607184410095215,26.18484115600586
ambience_002514.pt,50,0,room,7.356983661651611,5.5632171630859375,26.21444320678711
ambience_002515.pt,50,0,room,7.322762966156006,5.542208194732666,25.899124145507812
ambience_002516.pt,50,0,room,7.436593532562256,5.501948356628418,25.98638343811035
ambience_002517.pt,50,0,room,7.3614821434021,5.448953628540039,25.925662994384766
ambience_002518.pt,50,0,room,7.418232440948486,5.583240032196045,26.153051376342773
ambience_002519.pt,50,0,room,7.308126449584961,5.525022983551025,24.947996139526367
ambience_002520.pt,50,0,room,7.456894397735596,5.5050177574157715,25.493427276611328
ambience_002521.pt,50,0,room,7.294347763061523,5.629274368286133,25.94785499572754
ambience_002522.pt,50,0,room,7.324899673461914,5.644867897033691,25.848894119262695
ambience_002523.pt,50,0,room,7.292113780975342,5.676137447357178,25.831880569458008
ambience_002524.pt,50,0,room,7.404387950897217,5.562463283538818,26.095069885253906
ambience_002525.pt,50,0,room,7.284574508666992,5.641253471374512,26.337398529052734
ambience_002526.pt,50,0,room,7.313050746917725,5.585507869720459,26.67616844177246
ambience_002527.pt,50,0,room,7.4078521728515625,5.554705619812012,26.72195816040039
ambience_002528.pt,50,0,room,7.398013114929199,5.458504676818848,25.307884216308594
ambience_002529.pt,50,0,room,7.34465217590332,5.5298614501953125,24.643226623535156
ambience_002530.pt,50,0,room,7.293697834014893,5.509315013885498,25.319324493408203
ambience_002531.pt,50,0,room,7.298718452453613,5.629991054534912,25.196516036987305
ambience_002532.pt,50,0,room,7.360052108764648,5.511196613311768,26.07917594909668
ambience_002533.pt,50,0,room,7.387833118438721,5.470932483673096,25.323467254638672
ambience_002534.pt,50,0,room,7.351898193359375,5.621020317077637,25.785907745361328
ambience_002535.pt,50,0,room,7.475125312805176,5.368007659912109,25.33806037902832
ambience_002536.pt,50,0,room,7.434157848358154,5.39296293258667,25.456125259399414
ambience_002537.pt,50,0,room,7.401368618011475,5.61434268951416,25.800485610961914
ambience_002538.pt,50,0,room,7.434039115905762,5.558289527893066,27.28732681274414
ambience_002539.pt,50,0,room,7.316114902496338,5.566921710968018,26.24211883544922
ambience_002540.pt,50,0,room,7.352429389953613,5.582915306091309,26.125396728515625
ambience_002541.pt,50,0,room,7.294884204864502,5.6296563148498535,27.589757919311523
ambience_002542.pt,50,0,room,7.453420639038086,5.425029754638672,26.12982177734375
ambience_002543.pt,50,0,room,7.372698783874512,5.472055435180664,25.732948303222656
ambience_002544.pt,50,0,room,7.437831401824951,5.427911758422852,25.392044067382812
ambience_002545.pt,50,0,room,7.350465297698975,5.526261329650879,26.167173385620117
ambience_002546.pt,50,0,room,7.380549907684326,5.675416946411133,26.747560501098633
ambience_002547.pt,50,0,room,7.454164505004883,5.444511413574219,25.457355499267578
ambience_002548.pt,50,0,room,7.230154037475586,5.6167402267456055,26.379901885986328
ambience_002549.pt,50,0,room,7.625776767730713,5.4953413009643555,26.3809871673584
ambience_002550.pt,50,0,room,7.347659111022949,5.5718302726745605,25.3773136138916
ambience_002551.pt,50,0,room,7.345570087432861,5.5074543952941895,26.374168395996094
ambience_002552.pt,50,0,room,7.454272270202637,5.628956317901611,26.85986328125
ambience_002553.pt,50,0,room,7.413980484008789,5.492860317230225,26.133546829223633
ambience_002554.pt,50,0,room,7.319843769073486,5.578184604644775,25.15272331237793
ambience_002555.pt,50,0,room,7.3863935470581055,5.50618839263916,26.744861602783203
ambience_002556.pt,50,0,room,7.394092082977295,5.65609073638916,27.19397735595703
ambience_002557.pt,50,0,room,7.398969650268555,5.584799766540527,26.91143226623535
ambience_002558.pt,50,0,room,7.334985256195068,5.533679008483887,26.31528663635254
ambience_002559.pt,50,0,room,7.369134902954102,5.569530487060547,25.83652114868164
ambience_002560.pt,50,0,room,7.377458572387695,5.554640293121338,26.283512115478516
ambience_002561.pt,50,0,room,7.328311443328857,5.542234420776367,25.447587966918945
ambience_002562.pt,50,0,room,7.371467590332031,5.5154290199279785,25.931026458740234
ambience_002563.pt,50,0,room,7.366428852081299,5.412132740020752,26.046924591064453
ambience_002564.pt,50,0,room,7.429992198944092,5.4887518882751465,26.550487518310547
ambience_002565.pt,50,0,room,7.349308967590332,5.5909743309021,26.137285232543945
ambience_002566.pt,50,0,room,7.419090270996094,5.548399448394775,26.150686264038086
ambience_002567.pt,50,0,room,7.475137233734131,5.488229751586914,26.167051315307617
ambience_002568.pt,50,0,room,7.41522216796875,5.496422290802002,25.798723220825195
ambience_002569.pt,50,0,room,7.314754009246826,5.499859809875488,25.851781845092773
ambience_002570.pt,50,0,room,7.211099147796631,5.677034854888916,26.35474395751953
ambience_002571.pt,50,0,room,7.31903076171875,5.549861907958984,26.24124526977539
ambience_002572.pt,50,0,room,7.390652179718018,5.582294940948486,26.11288833618164
ambience_002573.pt,50,0,room,7.325509548187256,5.5583086013793945,26.208831787109375
ambience_002574.pt,50,0,room,7.31828498840332,5.5726165771484375,25.99114990234375
ambience_002575.pt,50,0,room,7.357578754425049,5.642094612121582,25.64792823791504
ambience_002576.pt,50,0,room,7.388535022735596,5.460621356964111,25.9202938079834
ambience_002577.pt,50,0,room,7.3948974609375,5.503748416900635,26.946029663085938
ambience_002578.pt,50,0,room,7.476362705230713,5.2797417640686035,25.113542556762695
ambience_002579.pt,50,0,room,7.313056945800781,5.599006175994873,24.892379760742188
ambience_002580.pt,50,0,room,7.387249946594238,5.482124328613281,26.553661346435547
ambience_002581.pt,50,0,room,7.366266250610352,5.55097770690918,25.187902450561523
ambience_002582.pt,50,0,room,7.400460720062256,5.544748306274414,27.042064666748047
ambience_002583.pt,50,0,room,7.416784763336182,5.579303741455078,25.97304916381836
ambience_002584.pt,50,0,room,7.315445423126221,5.608158588409424,25.571996688842773
ambience_002585.pt,50,0,room,7.387607097625732,5.553428649902344,26.391067504882812
ambience_002586.pt,50,0,room,7.392080783843994,5.5180768966674805,25.973682403564453
ambience_002587.pt,50,0,room,7.416267395019531,5.5593438148498535,27.147520065307617
ambience_002588.pt,50,0,room,7.399889945983887,5.582242965698242,26.198741912841797
ambience_002589.pt,50,0,room,7.399362564086914,5.541347503662109,24.98344612121582
ambience_002590.pt,50,0,room,7.424798965454102,5.562076091766357,25.596847534179688
ambience_002591.pt,50,0,room,7.518061637878418,5.602433204650879,25.961917877197266
ambience_002592.pt,50,0,room,7.486937046051025,5.486175537109375,25.751319885253906
ambience_002593.pt,50,0,room,7.386537551879883,5.51270055770874,26.45083999633789
ambience_002594.pt,50,0,room,7.384497165679932,5.576883316040039,26.511913299560547
ambience_002595.pt,50,0,room,7.391222953796387,5.533617973327637,25.394386291503906
ambience_002596.pt,50,0,room,7.349177837371826,5.638869762420654,24.72508430480957
ambience_002597.pt,50,0,room,7.460185527801514,5.625414848327637,25.988868713378906
ambience_002598.pt,50,0,room,7.306535720825195,5.563875198364258,26.29442024230957
ambience_002599.pt,50,0,room,7.292924404144287,5.661280155181885,26.153860092163086
ambience_002600.pt,50,0,room,7.2662458419799805,5.616054534912109,26.41903305053711
ambience_002601.pt,50,0,room,7.5174641609191895,5.3600239753723145,25.175344467163086
ambience_002602.pt,50,0,room,7.522865295410156,5.364775657653809,25.513221740722656
ambience_002603.pt,50,0,room,7.3686137199401855,5.613245964050293,25.43048667907715
ambience_002604.pt,50,0,room,7.344560146331787,5.511094093322754,26.125123977661133
ambience_002605.pt,50,0,room,7.3166608810424805,5.596469402313232,26.41634178161621
ambience_002606.pt,50,0,room,7.316758632659912,5.625473499298096,25.944660186767578
ambience_002607.pt,50,0,room,7.323887348175049,5.6631879806518555,25.74591636657715
ambience_002608.pt,50,0,room,7.266376972198486,5.671870708465576,25.211713790893555
ambience_002609.pt,50,0,room,7.387087821960449,5.492982387542725,25.676570892333984
ambience_002610.pt,50,0,room,7.437162399291992,5.5631022453308105,25.35898208618164
ambience_002611.pt,50,0,room,7.3139567375183105,5.618153095245361,25.81292152404785
ambience_002612.pt,50,0,room,7.457123279571533,5.542636394500732,24.977970123291016
ambience_002613.pt,50,0,room,7.364164352416992,5.70393705368042,26.91983413696289
ambience_002614.pt,50,0,room,7.298751354217529,5.511529445648193,26.190608978271484
ambience_002615.pt,50,0,room,7.347602844238281,5.6261186599731445,26.111835479736328
ambience_002616.pt,50,0,room,7.456827163696289,5.500516414642334,26.127483367919922
ambience_002617.pt,50,0,room,7.2498016357421875,5.664638042449951,26.677282333374023
ambience_002618.pt,50,0,room,7.331977367401123,5.552213668823242,26.92853546142578
ambience_002619.pt,50,0,room,7.449755668640137,5.574910640716553,26.390254974365234
ambience_002620.pt,50,0,room,7.302424907684326,5.684999465942383,26.31893539428711
ambience_002621.pt,50,0,room,7.376430988311768,5.581152439117432,26.294700622558594
ambience_002622.pt,50,0,room,7.279317855834961,5.658414840698242,27.676191329956055
ambience_002623.pt,50,0,room,7.303699970245361,5.599863052368164,25.760107040405273
ambience_002624.pt,50,0,room,7.452132701873779,5.557682991027832,26.533353805541992
ambience_002625.pt,50,0,room,7.274719715118408,5.4597249031066895,25.872295379638672
ambience_002626.pt,50,0,room,7.492649555206299,5.481856822967529,25.622102737426758
ambience_002627.pt,50,0,room,7.348396301269531,5.4788360595703125,25.794940948486328
ambience_002628.pt,50,0,room,7.3697509765625,5.570102691650391,25.699750900268555
ambience_002629.pt,50,0,room,7.3606648445129395,5.510680198669434,26.205598831176758
ambience_002630.pt,50,0,room,7.373652935028076,5.462017059326172,26.085405349731445
ambience_002631.pt,50,0,room,7.306958198547363,5.571798324584961,26.30866813659668
ambience_002632.pt,50,0,room,7.3625288009643555,5.517460346221924,26.71194076538086
ambience_002633.pt,50,0,room,7.393850803375244,5.625054836273193,26.061439514160156
ambience_002634.pt,50,0,room,7.410881519317627,5.549971580505371,27.142837524414062
ambience_002635.pt,50,0,room,7.3684492111206055,5.49078369140625,27.132591247558594
ambience_002636.pt,50,0,room,7.422653675079346,5.56290340423584,25.822383880615234
ambience_002637.pt,50,0,room,7.4778523445129395,5.387852191925049,25.781023025512695
ambience_002638.pt,50,0,room,7.3863844871521,5.442882061004639,25.0703125
ambience_002639.pt,50,0,room,7.429792881011963,5.423361301422119,25.294322967529297
ambience_002640.pt,50,0,room,7.375537395477295,5.406158924102783,24.439529418945312
ambience_002641.pt,50,0,room,7.340677261352539,5.45603084564209,24.67136573791504
ambience_002642.pt,50,0,room,7.201916694641113,5.695610523223877,25.51769256591797
ambience_002643.pt,50,0,room,7.441514492034912,5.536195755004883,25.169565200805664
ambience_002644.pt,50,0,room,7.382164001464844,5.512517929077148,25.966503143310547
ambience_002645.pt,50,0,room,7.372338771820068,5.527388572692871,26.423465728759766
ambience_002646.pt,50,0,room,7.4170451164245605,5.512604713439941,26.798049926757812
ambience_002647.pt,50,0,room,7.3372697830200195,5.538271427154541,25.452430725097656
ambience_002648.pt,50,0,room,7.276510715484619,5.581460475921631,25.898569107055664
ambience_002649.pt,50,0,room,7.409511089324951,5.572596073150635,26.12674331665039
ambience_002650.pt,50,0,room,7.4065327644348145,5.422628402709961,25.2177791595459
ambience_002651.pt,50,0,room,7.456511974334717,5.5043110847473145,26.01260757446289
ambience_002652.pt,50,0,room,7.333752155303955,5.492456436157227,24.792709350585938
ambience_002653.pt,50,0,room,7.395468235015869,5.467149257659912,26.385574340820312
ambience_002654.pt,50,0,room,7.3148651123046875,5.566469669342041,26.660751342773438
ambience_002655.pt,50,0,room,7.4061384201049805,5.400787353515625,26.200979232788086
ambience_002656.pt,50,0,room,7.204607009887695,5.510262489318848,26.708759307861328
ambience_002657.pt,50,0,room,7.324856758117676,5.578304767608643,26.072633743286133
ambience_002658.pt,50,0,room,7.264715671539307,5.537962913513184,25.8333683013916
ambience_002659.pt,50,0,room,7.3329925537109375,5.541539192199707,25.90934944152832
ambience_002660.pt,50,0,room,7.298635959625244,5.616807460784912,25.912473678588867
ambience_002661.pt,50,0,room,7.329617023468018,5.590455055236816,26.72899055480957
ambience_002662.pt,50,0,room,7.365483283996582,5.540910720825195,26.159576416015625
ambience_002663.pt,50,0,room,7.288622856140137,5.488230228424072,26.91556167602539
ambience_002664.pt,50,0,room,7.347957134246826,5.457651138305664,26.303396224975586
ambience_002665.pt,50,0,room,7.292719841003418,5.527528285980225,26.391965866088867
ambience_002666.pt,50,0,room,7.273750305175781,5.502471446990967,26.596954345703125
ambience_002667.pt,50,0,room,7.360626220703125,5.484958648681641,26.24666976928711
ambience_002668.pt,50,0,room,7.428956508636475,5.437053203582764,26.413692474365234
ambience_002669.pt,50,0,room,7.386317253112793,5.520909786224365,26.898189544677734
ambience_002670.pt,50,0,room,7.285506725311279,5.5265116691589355,25.913776397705078
ambience_002671.pt,50,0,room,7.364709854125977,5.519718170166016,26.064380645751953
ambience_002672.pt,50,0,room,7.3586225509643555,5.507399559020996,25.778594970703125
ambience_002673.pt,50,0,room,7.40106201171875,5.51505708694458,26.491968154907227
ambience_002674.pt,50,0,room,7.262585639953613,5.472347736358643,27.46942901611328
ambience_002675.pt,50,0,room,7.380798816680908,5.37227725982666,26.40863609313965
ambience_002676.pt,50,0,room,7.40601921081543,5.42063045501709,25.564851760864258
ambience_002677.pt,50,0,room,7.210938930511475,5.546652317047119,25.607894897460938
ambience_002678.pt,50,0,room,7.309427261352539,5.514527797698975,25.733461380004883
ambience_002679.pt,50,0,room,7.306358337402344,5.526478290557861,26.095684051513672
ambience_002680.pt,50,0,room,7.429441928863525,5.445497512817383,26.457229614257812
ambience_002681.pt,50,0,room,7.384915351867676,5.332812309265137,25.500268936157227
ambience_002682.pt,50,0,room,7.20985221862793,5.608412742614746,26.16358757019043
ambience_002683.pt,50,0,room,7.342933654785156,5.411618709564209,25.100475311279297
ambience_002684.pt,50,0,room,7.387881278991699,5.526530742645264,25.964935302734375
ambience_002685.pt,50,0,room,7.309640884399414,5.396859169006348,25.44997787475586
ambience_002686.pt,50,0,room,7.224364757537842,5.50390625,25.595197677612305
ambience_002687.pt,50,0,room,7.376093864440918,5.418084144592285,25.843793869018555
ambience_002688.pt,50,0,room,7.394735813140869,5.496241569519043,25.85578155517578
ambience_002689.pt,50,0,room,7.358996391296387,5.460741996765137,26.518150329589844
ambience_002690.pt,50,0,room,7.500082015991211,5.373579978942871,25.731916427612305
ambience_002691.pt,50,0,room,7.231924533843994,5.616796493530273,26.32042694091797
ambience_002692.pt,50,0,room,7.358675003051758,5.499019622802734,25.843551635742188
ambience_002693.pt,50,0,room,7.152743816375732,5.576906681060791,26.155803680419922
ambience_002694.pt,50,0,room,7.265774250030518,5.616357326507568,26.890382766723633
ambience_002695.pt,50,0,room,7.28826904296875,5.635750770568848,26.599950790405273
ambience_002696.pt,50,0,room,7.3723344802856445,5.537773132324219,26.12482261657715
ambience_002697.pt,50,0,room,7.426756381988525,5.509721279144287,25.970468521118164
ambience_002698.pt,50,0,room,7.331925868988037,5.468663215637207,25.71815299987793
ambience_002699.pt,50,0,room,7.413191318511963,5.4518232345581055,25.23145866394043
ambience_002700.pt,50,0,room,7.37824821472168,5.446841716766357,25.6558837890625
ambience_002701.pt,50,0,room,7.361910820007324,5.492465019226074,25.420454025268555
ambience_002702.pt,50,0,room,7.2121429443359375,5.545608043670654,25.582138061523438
ambience_002703.pt,50,0,room,7.30949068069458,5.566227436065674,27.0334415435791
ambience_002704.pt,50,0,room,7.373908519744873,5.52300500869751,25.88019561767578
ambience_002705.pt,50,0,room,7.333954334259033,5.457793235778809,25.79562759399414
ambience_002706.pt,50,0,room,7.308300495147705,5.4922709465026855,25.287826538085938
ambience_002707.pt,50,0,room,7.333012104034424,5.582562446594238,26.116378784179688
ambience_002708.pt,50,0,room,7.269263744354248,5.5043110847473145,25.293476104736328
ambience_002709.pt,50,0,room,7.325561046600342,5.569313049316406,25.63312530517578
ambience_002710.pt,50,0,room,7.403711318969727,5.465694427490234,26.18791961669922
ambience_002711.pt,50,0,room,7.321638584136963,5.634997367858887,26.676990509033203
ambience_002712.pt,50,0,room,7.201171398162842,5.604274749755859,25.503557205200195
ambience_002713.pt,50,0,room,7.229565143585205,5.628570556640625,25.488204956054688
ambience_002714.pt,50,0,room,7.420793056488037,5.485470294952393,26.043806076049805
ambience_002715.pt,50,0,room,7.334290981292725,5.485456466674805,25.117897033691406
ambience_002716.pt,50,0,room,7.376077651977539,5.434951305389404,25.66924285888672
ambience_002717.pt,50,0,room,7.3301167488098145,5.435722827911377,25.497173309326172
ambience_002718.pt,50,0,room,7.241281509399414,5.60521125793457,25.901124954223633
ambience_002719.pt,50,0,room,-11.876220703125,6.481470584869385,13.891568183898926
ambience_002720.pt,50,0,room,-11.643316268920898,6.272043704986572,12.403112411499023
ambience_002721.pt,50,0,room,-11.56455135345459,6.240355491638184,13.259475708007812
ambience_002722.pt,50,0,room,-11.807531356811523,6.47210168838501,12.98507308959961
ambience_002723.pt,50,0,room,-13.018525123596191,6.808810234069824,14.09573745727539
ambience_002724.pt,50,0,room,-13.788127899169922,6.971147060394287,13.842519760131836
ambience_002725.pt,50,0,room,-13.678106307983398,6.741273403167725,14.247529983520508
ambience_002726.pt,50,0,room,-14.19927978515625,6.96253776550293,13.638609886169434
ambience_002727.pt,50,0,room,-14.730666160583496,7.054537773132324,14.878302574157715
ambience_002728.pt,50,0,room,-14.695157051086426,7.262251377105713,13.336859703063965
ambience_002729.pt,50,0,room,-14.756142616271973,7.336061000823975,13.519269943237305
ambience_002730.pt,50,0,room,-14.65908145904541,7.5162224769592285,12.891541481018066
ambience_002731.pt,50,0,room,-14.701745986938477,7.392013072967529,12.25066089630127
ambience_002732.pt,50,0,room,-14.665911674499512,7.188004493713379,12.806452751159668
ambience_002733.pt,50,0,room,-14.485318183898926,7.066013813018799,14.29538631439209
ambience_002734.pt,50,0,room,-14.461691856384277,7.064547061920166,13.575444221496582
ambience_002735.pt,50,0,room,-15.240682601928711,7.272058010101318,13.711709976196289
ambience_002736.pt,50,0,room,-15.666498184204102,7.430821895599365,12.041521072387695
ambience_002737.pt,50,0,room,-15.754703521728516,7.300439834594727,13.040523529052734
ambience_002738.pt,50,0,room,-15.504986763000488,7.265763282775879,13.595678329467773
ambience_002739.pt,50,0,room,-14.48001766204834,7.214108943939209,13.58917236328125
ambience_002740.pt,50,0,room,-14.335104942321777,7.313899517059326,14.172386169433594
ambience_002741.pt,50,0,room,-14.924225807189941,7.348782062530518,12.283525466918945
ambience_002742.pt,50,0,room,-14.429701805114746,7.385862350463867,14.176526069641113
ambience_002743.pt,50,0,room,-14.12988567352295,7.082699775695801,12.75295352935791
ambience_002744.pt,50,0,room,-14.753192901611328,7.293013572692871,13.352733612060547
ambience_002745.pt,50,0,room,-14.942791938781738,7.093125343322754,12.834222793579102
ambience_002746.pt,50,0,room,-14.795917510986328,7.123382568359375,13.050078392028809
ambience_002747.pt,50,0,room,-14.150744438171387,6.64185905456543,13.489315032958984
ambience_002748.pt,50,0,room,-14.015021324157715,6.59415340423584,13.339381217956543
ambience_002749.pt,50,0,room,-14.359477996826172,6.805380344390869,12.593547821044922
ambience_002750.pt,50,0,room,-14.732715606689453,6.954610347747803,14.4725980758667
ambience_002751.pt,50,0,room,-14.976950645446777,6.993332386016846,12.422614097595215
ambience_002752.pt,50,0,room,-15.092020034790039,7.073044776916504,11.353111267089844
ambience_002753.pt,50,0,room,-14.842243194580078,7.252399444580078,12.471714973449707
ambience_002754.pt,50,0,room,-14.637411117553711,7.279726982116699,13.634532928466797
ambience_002755.pt,50,0,room,-14.710071563720703,7.094472885131836,13.537023544311523
ambience_002756.pt,50,0,room,-15.035712242126465,7.2357401847839355,12.966978073120117
ambience_002757.pt,50,0,room,-15.260270118713379,7.217634677886963,12.590642929077148
ambience_002758.pt,50,0,room,-15.0935640335083,7.487947940826416,14.312419891357422
ambience_002759.pt,50,0,room,-15.481250762939453,7.2597198486328125,12.864179611206055
ambience_002760.pt,50,0,room,-15.277356147766113,7.276060581207275,12.779026985168457
ambience_002761.pt,50,0,room,-14.927252769470215,6.992753505706787,12.026934623718262
ambience_002762.pt,50,0,room,-14.430034637451172,6.899947166442871,12.946159362792969
ambience_002763.pt,50,0,room,-14.142955780029297,6.960630893707275,13.121796607971191
ambience_002764.pt,50,0,room,-14.069759368896484,7.008901119232178,12.897422790527344
ambience_002765.pt,50,0,room,-12.550159454345703,6.190835475921631,12.878814697265625
ambience_002766.pt,50,0,room,-12.046987533569336,6.029747486114502,13.796737670898438
ambience_002767.pt,50,0,room,-11.519183158874512,5.8166375160217285,13.3178129196167
ambience_002768.pt,50,0,room,-12.495067596435547,6.2524847984313965,12.756637573242188
ambience_002769.pt,50,0,room,-12.814828872680664,6.45594596862793,13.552850723266602
ambience_002770.pt,50,0,room,-11.52514362335205,6.5866475105285645,13.951111793518066
ambience_002771.pt,50,0,room,-12.019198417663574,6.54984712600708,13.479787826538086
ambience_002772.pt,50,0,room,-12.27237319946289,6.673685550689697,12.821353912353516
ambience_002773.pt,50,0,room,-11.635224342346191,6.195499420166016,13.845805168151855
ambience_002774.pt,50,0,room,-11.698494911193848,6.230352401733398,12.918193817138672
ambience_002775.pt,50,0,room,-10.863945960998535,5.977090835571289,14.0431489944458
ambience_002776.pt,50,0,room,-10.813624382019043,5.781251907348633,15.786133766174316
ambience_002777.pt,50,0,room,-11.056278228759766,5.920704364776611,13.47225570678711
ambience_002778.pt,50,0,room,-11.037986755371094,5.93595552444458,13.081733703613281
ambience_002779.pt,50,0,room,-11.007676124572754,7.441959857940674,22.446868896484375
ambience_002780.pt,50,0,room,-11.412367820739746,7.01195764541626,15.572308540344238
ambience_002781.pt,50,0,room,-11.695180892944336,7.072312831878662,13.276227951049805
ambience_002782.pt,50,0,room,-11.528082847595215,7.609779357910156,13.749903678894043
ambience_002783.pt,50,0,room,-11.850005149841309,7.07441520690918,14.315587997436523
ambience_002784.pt,50,0,room,-10.819866180419922,7.8212175369262695,13.754749298095703
ambience_002785.pt,50,0,room,-10.225363731384277,8.369789123535156,14.635452270507812
ambience_002786.pt,50,0,room,-10.566046714782715,8.795187950134277,15.738710403442383
ambience_002787.pt,50,0,room,-11.276378631591797,8.834240913391113,15.181732177734375
ambience_002788.pt,50,0,room,-11.619048118591309,8.707352638244629,13.967989921569824
ambience_002789.pt,50,0,room,-11.319134712219238,9.249670028686523,16.457416534423828
ambience_002790.pt,50,0,room,-11.574581146240234,8.882389068603516,14.678658485412598
ambience_002791.pt,50,0,room,-11.943129539489746,8.19922161102295,14.171833992004395
ambience_002792.pt,50,0,room,-11.947531700134277,8.023609161376953,14.712700843811035
ambience_002793.pt,50,0,room,-11.945853233337402,8.101715087890625,13.557969093322754
ambience_002794.pt,50,0,room,-12.004101753234863,7.488182067871094,14.363834381103516
ambience_002795.pt,50,0,room,-12.659544944763184,7.544909954071045,14.941789627075195
ambience_002796.pt,50,0,room,-12.035140037536621,7.353472709655762,12.297362327575684
ambience_002797.pt,50,0,room,-12.539142608642578,7.267486572265625,13.43086051940918
ambience_002798.pt,50,0,room,-13.379904747009277,7.687902927398682,15.014687538146973
ambience_002799.pt,50,0,room,-13.172789573669434,7.686004638671875,13.68919563293457
ambience_002800.pt,50,0,room,-13.030313491821289,7.837643146514893,19.294530868530273
ambience_002801.pt,50,0,room,-14.263169288635254,7.5902099609375,14.157353401184082
ambience_002802.pt,50,0,room,-14.340805053710938,7.369112968444824,12.960805892944336
ambience_002803.pt,50,0,room,-14.111756324768066,7.5249128341674805,12.627647399902344
ambience_002804.pt,50,0,room,-14.519195556640625,7.367188930511475,13.49246883392334
ambience_002805.pt,50,0,room,-14.114073753356934,7.250905990600586,13.178257942199707
ambience_002806.pt,50,0,room,-13.397416114807129,6.7750020027160645,13.480581283569336
ambience_002807.pt,50,0,room,-14.216293334960938,7.224464416503906,13.833083152770996
ambience_002808.pt,50,0,room,-14.71054458618164,7.23050594329834,13.527026176452637
ambience_002809.pt,50,0,room,-13.872586250305176,7.086974620819092,13.20556640625
ambience_002810.pt,50,0,room,-13.14333438873291,6.783304691314697,13.347367286682129
ambience_002811.pt,50,0,room,-13.8463773727417,7.1348676681518555,12.94517707824707
ambience_002812.pt,50,0,room,-14.120369911193848,6.9611496925354,13.292213439941406
ambience_002813.pt,50,0,room,-14.174915313720703,6.988611698150635,11.925369262695312
ambience_002814.pt,50,0,room,-14.295126914978027,7.154659271240234,13.76232624053955
ambience_002815.pt,50,0,room,-14.428887367248535,7.322279930114746,13.308919906616211
ambience_002816.pt,50,0,room,-13.305288314819336,7.1031317710876465,13.14387321472168
ambience_002817.pt,50,0,room,-13.06973648071289,6.891661643981934,13.161102294921875
ambience_002818.pt,50,0,room,-12.429266929626465,6.5639753341674805,13.624874114990234
ambience_002819.pt,50,0,room,-11.753429412841797,6.278687000274658,13.710675239562988
ambience_002820.pt,50,0,room,-12.280862808227539,6.766510963439941,14.060917854309082
ambience_002821.pt,50,0,room,-12.726820945739746,6.4800705909729,11.66037654876709
ambience_002822.pt,50,0,room,-13.188424110412598,6.760361194610596,13.954440116882324
ambience_002823.pt,50,0,room,-13.467123985290527,7.012863636016846,12.963537216186523
ambience_002824.pt,50,0,room,-13.351215362548828,6.886416435241699,12.881945610046387
ambience_002825.pt,50,0,room,-12.614306449890137,6.604429244995117,14.319161415100098
ambience_002826.pt,50,0,room,-12.478804588317871,6.618795394897461,13.48355770111084
ambience_002827.pt,50,0,room,-12.498272895812988,6.523434638977051,13.441353797912598
ambience_002828.pt,50,0,room,-13.132367134094238,6.887679576873779,14.310407638549805
ambience_002829.pt,50,0,room,-10.978816986083984,6.086667537689209,13.585057258605957
ambience_002830.pt,50,0,room,-10.456463813781738,5.847131729125977,13.010092735290527
ambience_002831.pt,50,0,room,-11.541686058044434,6.297837257385254,14.41503620147705
ambience_002832.pt,50,0,room,-10.81485652923584,6.452754020690918,13.046247482299805
ambience_002833.pt,50,0,room,-13.047072410583496,7.037085056304932,14.868812561035156
ambience_002834.pt,50,0,room,-14.537124633789062,7.446547508239746,13.742474555969238
ambience_002835.pt,50,0,room,-14.586182594299316,7.558833599090576,12.966965675354004
ambience_002836.pt,50,0,room,-14.450908660888672,7.525609970092773,13.086393356323242
ambience_002837.pt,50,0,room,-14.992218017578125,7.541428089141846,13.907994270324707
ambience_002838.pt,50,0,room,-15.136272430419922,7.480251312255859,12.863677978515625
ambience_002839.pt,50,0,room,-14.372672080993652,7.304530620574951,12.645596504211426
ambience_002840.pt,50,0,room,-13.54281997680664,7.305500030517578,13.35559368133545
ambience_002841.pt,50,0,room,-13.77770709991455,7.207774639129639,12.814288139343262
ambience_002842.pt,50,0,room,-13.440237998962402,7.128547668457031,13.15503215789795
ambience_002843.pt,50,0,room,-14.246649742126465,7.451658248901367,14.178178787231445
ambience_002844.pt,50,0,room,-14.316020965576172,7.47213077545166,12.624067306518555
ambience_002845.pt,50,0,room,-14.06200885772705,7.1997857093811035,12.789295196533203
ambience_002846.pt,50,0,room,-11.48073959350586,6.120004653930664,13.96944808959961
ambience_002847.pt,50,0,room,-10.764041900634766,5.812587738037109,15.308972358703613
ambience_002848.pt,50,0,room,-11.019414901733398,6.189395904541016,12.49792194366455
ambience_002849.pt,50,0,room,-11.426520347595215,6.335854530334473,14.416646003723145
ambience_002850.pt,50,0,room,-11.32283878326416,6.288037300109863,12.444992065429688
ambience_002851.pt,50,0,room,-12.012068748474121,6.429193019866943,13.130990028381348
ambience_002852.pt,50,0,room,-12.33994197845459,6.463645935058594,12.98951530456543
ambience_002853.pt,50,0,room,-13.099315643310547,6.520184516906738,13.459415435791016
ambience_002854.pt,50,0,room,-13.5103178024292,6.7574944496154785,12.446637153625488
ambience_002855.pt,50,0,room,-13.351590156555176,6.710997581481934,15.803786277770996
ambience_002856.pt,50,0,room,-13.301021575927734,6.671702861785889,13.832881927490234
ambience_002857.pt,50,0,room,-13.81533145904541,6.919371604919434,13.028017044067383
ambience_002858.pt,50,0,room,-13.3750638961792,6.811263561248779,13.744743347167969
ambience_002859.pt,50,0,room,-13.489038467407227,6.8545708656311035,13.94971752166748
ambience_002860.pt,50,0,room,-13.635059356689453,6.805903434753418,13.530303955078125
ambience_002861.pt,50,0,room,-12.583626747131348,6.410665988922119,12.024025917053223
ambience_002862.pt,50,0,room,-11.817328453063965,6.178757190704346,13.79574966430664
ambience_002863.pt,50,0,room,-12.143829345703125,6.225337982177734,13.420062065124512
ambience_002864.pt,50,0,room,-12.762816429138184,6.540722846984863,13.951144218444824
ambience_002865.pt,50,0,room,-12.892865180969238,6.295750141143799,13.508654594421387
ambience_002866.pt,50,0,room,-12.591314315795898,6.579993724822998,14.449139595031738
ambience_002867.pt,50,0,room,-13.131537437438965,6.740715503692627,12.891775131225586
ambience_002868.pt,50,0,room,-13.119416236877441,6.905606746673584,12.928686141967773
ambience_002869.pt,50,0,room,-13.482009887695312,7.159548282623291,13.021578788757324
ambience_002870.pt,50,0,room,-13.620184898376465,7.14652681350708,13.05589485168457
ambience_002871.pt,50,0,room,-14.084121704101562,7.390621662139893,12.008601188659668
ambience_002872.pt,50,0,room,-14.111618995666504,7.1857829093933105,12.561607360839844
ambience_002873.pt,50,0,room,-13.391437530517578,6.938689231872559,14.55935287475586
ambience_002874.pt,50,0,room,-13.523578643798828,6.761659145355225,13.381442070007324
ambience_002875.pt,50,0,room,-13.252411842346191,6.811111927032471,12.198132514953613
ambience_002876.pt,50,0,room,-14.085811614990234,7.106791973114014,14.840003967285156
ambience_002877.pt,50,0,room,-13.451882362365723,7.294198036193848,13.170040130615234
ambience_002878.pt,50,0,room,-13.323223114013672,6.895280838012695,12.76860237121582
ambience_002879.pt,50,0,room,-13.636523246765137,7.057381629943848,13.257911682128906
ambience_002880.pt,50,0,room,-13.79800796508789,7.137202262878418,14.759590148925781
ambience_002881.pt,50,0,room,-12.38193416595459,7.069679260253906,12.829998016357422
ambience_002882.pt,50,0,room,-12.210356712341309,7.201907157897949,14.014023780822754
ambience_002883.pt,50,0,room,-12.29776668548584,7.250179290771484,14.704984664916992
ambience_002884.pt,50,0,room,-12.319083213806152,7.369851112365723,14.782674789428711
ambience_002885.pt,50,0,room,-12.082573890686035,7.288290977478027,14.305638313293457
ambience_002886.pt,50,0,room,-11.833861351013184,7.044468402862549,14.283681869506836
ambience_002887.pt,50,0,room,-12.058661460876465,7.051151752471924,15.340225219726562
ambience_002888.pt,50,0,room,-11.017264366149902,6.69857931137085,12.525196075439453
ambience_002889.pt,50,0,room,-10.63144588470459,6.278271675109863,13.50697135925293
ambience_002890.pt,50,0,room,-10.468276977539062,6.436607837677002,14.511027336120605
ambience_002891.pt,50,0,room,-10.349684715270996,6.1353864669799805,13.907197952270508
ambience_002892.pt,50,0,room,-9.925932884216309,5.992175579071045,13.547891616821289
ambience_002893.pt,50,0,room,-9.900569915771484,6.032895565032959,13.447917938232422
ambience_002894.pt,50,0,room,-9.12915325164795,5.98483419418335,12.29412841796875
ambience_002895.pt,50,0,room,-9.608384132385254,6.432784080505371,13.134033203125
ambience_002896.pt,50,0,room,-10.649788856506348,6.728282451629639,13.696913719177246
ambience_002897.pt,50,0,room,-11.828534126281738,7.093705177307129,14.02434253692627
ambience_002898.pt,50,0,room,-12.024641990661621,7.485194683074951,13.313423156738281
ambience_002899.pt,50,0,room,-11.887246131896973,7.611835956573486,13.31747817993164
ambience_002900.pt,50,0,room,-11.904216766357422,7.53206729888916,14.16940689086914
ambience_002901.pt,50,0,room,-12.597122192382812,7.153625011444092,12.179422378540039
ambience_002902.pt,50,0,room,-12.443065643310547,7.07711124420166,14.644474029541016
ambience_002903.pt,50,0,room,-12.04410457611084,6.935335636138916,13.225740432739258
ambience_002904.pt,50,0,room,-12.016180038452148,7.104301452636719,13.373312950134277
ambience_002905.pt,50,0,room,-10.818378448486328,6.950273036956787,14.467206954956055
ambience_002906.pt,50,0,room,-11.226241111755371,6.925589561462402,13.693958282470703
ambience_002907.pt,50,0,room,-10.845076560974121,6.964243412017822,13.657707214355469
ambience_002908.pt,50,0,room,-10.905829429626465,6.714797496795654,14.585268020629883
ambience_002909.pt,50,0,room,-9.966551780700684,6.3995361328125,14.260467529296875
ambience_002910.pt,50,0,room,-10.180913925170898,6.494350433349609,13.163338661193848
ambience_002911.pt,50,0,room,-10.083749771118164,6.613648414611816,14.929166793823242
ambience_002912.pt,50,0,room,-10.476777076721191,6.8531951904296875,14.167409896850586
ambience_002913.pt,50,0,room,-11.131070137023926,6.889548301696777,12.791672706604004
ambience_002914.pt,50,0,room,-10.996570587158203,6.8990960121154785,16.974462509155273
ambience_002915.pt,50,0,room,-10.702865600585938,6.948049545288086,16.057069778442383
ambience_002916.pt,50,0,room,-9.93255615234375,6.808664798736572,13.6043701171875
ambience_002917.pt,50,0,room,-9.928990364074707,7.17358922958374,15.831585884094238
ambience_002918.pt,50,0,room,-10.161176681518555,7.418886661529541,13.94057846069336
ambience_002919.pt,50,0,room,-9.467291831970215,6.904085159301758,17.681886672973633
ambience_002920.pt,50,0,room,-8.223833084106445,6.0334858894348145,14.298481941223145
ambience_002921.pt,50,0,room,-8.887261390686035,6.380645751953125,18.7736873626709
ambience_002922.pt,50,0,room,-8.191036224365234,6.010505199432373,14.100747108459473
ambience_002923.pt,50,0,room,-9.669800758361816,6.803844928741455,16.429807662963867
ambience_002924.pt,50,0,room,-10.579527854919434,6.991252899169922,14.87540054321289
ambience_002925.pt,50,0,room,-11.0509672164917,7.159620761871338,15.733199119567871
ambience_002926.pt,50,0,room,-10.658158302307129,6.943541526794434,15.895796775817871
ambience_002927.pt,50,0,room,-10.382742881774902,6.832327842712402,17.093528747558594
ambience_002928.pt,50,0,room,-10.44696044921875,6.623287677764893,14.920127868652344
ambience_002929.pt,50,0,room,-10.188873291015625,7.338850021362305,20.429759979248047
ambience_002930.pt,50,0,room,-11.690154075622559,7.09643030166626,13.817381858825684
ambience_002931.pt,50,0,room,-11.920413970947266,6.97965669631958,14.71580982208252
ambience_002932.pt,50,0,room,-12.311463356018066,6.99485969543457,13.603788375854492
ambience_002933.pt,50,0,room,-12.53582763671875,7.267438888549805,14.66963005065918
ambience_002934.pt,50,0,room,-12.954645156860352,7.234935283660889,13.783782958984375
ambience_002935.pt,50,0,room,-12.90036392211914,7.230109214782715,13.716190338134766
ambience_002936.pt,50,0,room,-12.61116886138916,7.323683261871338,12.070390701293945
ambience_002937.pt,50,0,room,-12.646112442016602,7.124095916748047,14.370842933654785
ambience_002938.pt,50,0,room,-12.590523719787598,7.311686992645264,13.44800853729248
ambience_002939.pt,50,0,room,-12.749329566955566,7.376009464263916,13.87745475769043
ambience_002940.pt,50,0,room,-12.512042999267578,7.24120569229126,13.444889068603516
ambience_002941.pt,50,0,room,-12.374194145202637,7.223599910736084,13.367399215698242
ambience_002942.pt,50,0,room,-11.644800186157227,6.830438137054443,14.614046096801758
ambience_002943.pt,50,0,room,-10.59793472290039,6.476497650146484,13.55473518371582
ambience_002944.pt,50,0,room,-11.001110076904297,6.504115581512451,13.573644638061523
ambience_002945.pt,50,0,room,-11.162704467773438,6.518352031707764,13.129623413085938
ambience_002946.pt,50,0,room,-10.879829406738281,6.367531776428223,12.911373138427734
ambience_002947.pt,50,0,room,-9.843146324157715,6.068263530731201,13.033760070800781
ambience_002948.pt,50,0,room,-10.86129093170166,6.182991027832031,13.312938690185547
ambience_002949.pt,50,0,room,-9.055908203125,6.095734119415283,15.022330284118652
ambience_002950.pt,50,0,room,-9.74552059173584,6.35266637802124,14.423151016235352
ambience_002951.pt,50,0,room,-11.106498718261719,6.852888584136963,14.183486938476562
ambience_002952.pt,50,0,room,-11.80230712890625,7.259575366973877,12.991523742675781
ambience_002953.pt,50,0,room,-11.960287094116211,7.127789497375488,12.709303855895996
ambience_002954.pt,50,0,room,-11.685418128967285,7.307401657104492,14.192377090454102
ambience_002955.pt,50,0,room,-11.922748565673828,7.434382438659668,13.332389831542969
ambience_002956.pt,50,0,room,-12.394875526428223,7.126850605010986,15.330361366271973
ambience_002957.pt,50,0,room,-12.568161964416504,7.248790264129639,12.155267715454102
ambience_002958.pt,50,0,room,-12.441084861755371,7.419104099273682,13.62279987335205
ambience_002959.pt,50,0,room,-11.755887031555176,6.903897762298584,13.028532028198242
ambience_002960.pt,50,0,room,-10.123574256896973,6.250196933746338,14.317968368530273
ambience_002961.pt,50,0,room,-9.249349594116211,6.186598300933838,13.025508880615234
ambience_002962.pt,50,0,room,-10.410219192504883,6.392033576965332,12.50795841217041
ambience_002963.pt,50,0,room,-10.989005088806152,6.5951690673828125,14.918787002563477
ambience_002964.pt,50,0,room,-10.832555770874023,6.6376166343688965,12.499499320983887
ambience_002965.pt,50,0,room,-11.064610481262207,6.990626335144043,14.250073432922363
ambience_002966.pt,50,0,room,-10.038556098937988,7.009767532348633,14.753695487976074
ambience_002967.pt,50,0,room,-11.003508567810059,6.484799861907959,14.218244552612305
ambience_002968.pt,50,0,room,-12.61508560180664,6.641563892364502,13.611879348754883
ambience_002969.pt,50,0,room,-12.922110557556152,6.570367813110352,13.30836296081543
ambience_002970.pt,50,0,room,-12.14614200592041,6.797479629516602,13.810678482055664
ambience_002971.pt,50,0,room,-12.930233001708984,6.634155750274658,12.743480682373047
ambience_002972.pt,50,0,room,-12.32242488861084,6.833673477172852,13.16417121887207
ambience_002973.pt,50,0,room,-13.5955228805542,7.076006889343262,12.238924026489258
ambience_002974.pt,50,0,room,-13.28676986694336,7.099528789520264,14.32502269744873
ambience_002975.pt,50,0,room,-11.189942359924316,6.225009441375732,13.020910263061523
ambience_002976.pt,50,0,room,-10.638948440551758,5.548234462738037,12.564197540283203
ambience_002977.pt,50,0,room,-11.567617416381836,6.223815441131592,12.508129119873047
ambience_002978.pt,50,0,room,-9.005931854248047,6.008126735687256,14.348337173461914
ambience_002979.pt,50,0,room,-8.892842292785645,6.412071228027344,14.485179901123047
ambience_002980.pt,50,0,room,-9.729180335998535,6.5411906242370605,14.714582443237305
ambience_002981.pt,50,0,room,-9.366619110107422,6.758906364440918,16.578123092651367
ambience_002982.pt,50,0,room,-7.8373799324035645,6.329351425170898,15.9904146194458
ambience_002983.pt,50,0,room,-7.843409538269043,6.0358991622924805,13.577079772949219
ambience_002984.pt,50,0,room,-7.1116251945495605,6.193726539611816,13.747020721435547
ambience_002985.pt,50,0,room,-7.86728048324585,5.991179466247559,13.31201171875
ambience_002986.pt,50,0,room,-8.455765724182129,5.714874267578125,13.772549629211426
ambience_002987.pt,50,0,room,-9.74654483795166,6.088507652282715,19.955270767211914
ambience_002988.pt,50,0,room,-9.970605850219727,6.516700744628906,17.006202697753906
ambience_002989.pt,50,0,room,-9.677905082702637,6.103895664215088,14.961454391479492
ambience_002990.pt,50,0,room,-9.892020225524902,5.994350433349609,12.532721519470215
ambience_002991.pt,50,0,room,-10.743193626403809,5.8904218673706055,14.548088073730469
ambience_002992.pt,50,0,room,-11.079543113708496,5.933928489685059,11.931380271911621
ambience_002993.pt,50,0,room,-11.947979927062988,6.384341239929199,13.031596183776855
ambience_002994.pt,50,0,room,-12.523690223693848,6.292106628417969,12.514046669006348
ambience_002995.pt,50,0,room,-12.359375,6.449309825897217,13.402852058410645
ambience_002996.pt,50,0,room,-11.922451972961426,6.493286609649658,13.411580085754395
ambience_002997.pt,50,0,room,-11.396807670593262,6.560244083404541,13.848855972290039
ambience_002998.pt,50,0,room,-11.413091659545898,6.64935827255249,13.565888404846191
ambience_002999.pt,50,0,room,-12.190167427062988,6.205108165740967,12.802925109863281
ambience_003000.pt,50,0,room,-12.193442344665527,6.400754451751709,12.529582023620605
ambience_003001.pt,50,0,room,-12.0438814163208,6.5633039474487305,12.952958106994629
ambience_003002.pt,50,0,room,-10.768282890319824,6.468998908996582,12.38207721710205
ambience_003003.pt,50,0,room,-10.816412925720215,6.613984107971191,13.759469985961914
ambience_003004.pt,50,0,room,-10.611452102661133,6.3158745765686035,14.123666763305664
ambience_003005.pt,50,0,room,-10.307976722717285,6.455066680908203,14.763591766357422
ambience_003006.pt,50,0,room,-10.859106063842773,6.587193489074707,13.73382568359375
ambience_003007.pt,50,0,room,-11.03487491607666,6.749243259429932,12.634309768676758
ambience_003008.pt,50,0,room,-11.78977108001709,6.9163289070129395,12.296022415161133
ambience_003009.pt,50,0,room,-12.542810440063477,6.751485824584961,14.305017471313477
ambience_003010.pt,50,0,room,-10.266045570373535,7.537417888641357,19.129131317138672
ambience_003011.pt,50,0,room,-11.48100471496582,7.281322956085205,16.933815002441406
ambience_003012.pt,50,0,room,-10.623695373535156,6.626068115234375,15.845743179321289
ambience_003013.pt,50,0,room,-10.73935317993164,6.085169792175293,19.571184158325195
ambience_003014.pt,50,0,room,-11.383021354675293,6.794702529907227,14.53309440612793
ambience_003015.pt,50,0,room,-12.074271202087402,6.964750289916992,13.800867080688477
ambience_003016.pt,50,0,room,-12.546167373657227,7.162215709686279,15.356812477111816
ambience_003017.pt,50,0,room,-12.126459121704102,7.029428482055664,14.026436805725098
ambience_003018.pt,50,0,room,-11.692975044250488,7.0925116539001465,12.729979515075684
ambience_003019.pt,50,0,room,-12.596722602844238,7.2230448722839355,13.475057601928711
ambience_003020.pt,50,0,room,-12.662637710571289,7.023319721221924,16.782819747924805
ambience_003021.pt,50,0,room,-13.252285957336426,6.707150936126709,12.438645362854004
ambience_003022.pt,50,0,room,-12.704906463623047,7.028641223907471,12.509045600891113
ambience_003023.pt,50,0,room,-12.506839752197266,6.856622219085693,12.812555313110352
ambience_003024.pt,50,0,room,-12.265823364257812,6.798346042633057,15.489306449890137
ambience_003025.pt,50,0,room,-11.962578773498535,7.149075031280518,16.271770477294922
ambience_003026.pt,50,0,room,-11.322770118713379,6.950860023498535,15.495148658752441
ambience_003027.pt,50,0,room,-10.295682907104492,6.613512992858887,12.836435317993164
ambience_003028.pt,50,0,room,-10.0388822555542,6.114656448364258,17.393264770507812
ambience_003029.pt,50,0,room,-10.584616661071777,6.10551643371582,12.337552070617676
ambience_003030.pt,50,0,room,-8.949823379516602,6.202650547027588,15.186897277832031
ambience_003031.pt,50,0,room,-10.860973358154297,6.024886131286621,12.81322956085205
ambience_003032.pt,50,0,room,-11.664937973022461,6.267387866973877,12.891620635986328
ambience_003033.pt,50,0,room,-11.8812255859375,6.3833842277526855,13.099885940551758
ambience_003034.pt,50,0,room,-11.583571434020996,6.359734058380127,12.710819244384766
ambience_003035.pt,50,0,room,-11.796703338623047,6.469707012176514,11.862725257873535
ambience_003036.pt,50,0,room,-11.715173721313477,6.472314834594727,13.14216423034668
ambience_003037.pt,50,0,room,-10.398571968078613,6.4648871421813965,14.54291820526123
ambience_003038.pt,50,0,room,-11.022870063781738,6.058035850524902,11.863622665405273
ambience_003039.pt,50,0,room,-12.168486595153809,6.415381908416748,13.184298515319824
ambience_003040.pt,50,0,room,-11.60690975189209,6.394250392913818,13.746828079223633
ambience_003041.pt,50,0,room,-10.6231689453125,6.234127998352051,13.118563652038574
ambience_003042.pt,50,0,room,-10.172750473022461,5.608095645904541,14.174882888793945
ambience_003043.pt,50,0,room,-10.283116340637207,6.109796524047852,14.249490737915039
ambience_003044.pt,50,0,room,-11.518675804138184,6.259533882141113,12.547660827636719
ambience_003045.pt,50,0,room,-12.315011024475098,6.411156177520752,12.145291328430176
ambience_003046.pt,50,0,room,-12.450302124023438,6.414032459259033,13.56329345703125
ambience_003047.pt,50,0,room,-13.174457550048828,6.618736743927002,11.75564956665039
ambience_003048.pt,50,0,room,-11.449045181274414,7.587214469909668,13.565625190734863
ambience_003049.pt,50,0,room,-12.004817962646484,6.632131099700928,13.193169593811035
ambience_003050.pt,50,0,room,-11.438294410705566,5.857953071594238,13.85606861114502
ambience_003051.pt,50,0,room,-12.038492202758789,6.472437381744385,14.473976135253906
ambience_003052.pt,50,0,room,-13.099023818969727,6.743407726287842,15.207833290100098
ambience_003053.pt,50,0,room,-13.73812198638916,6.939489841461182,13.57868766784668
ambience_003054.pt,50,0,room,-13.514425277709961,6.6103739738464355,12.131852149963379
ambience_003055.pt,50,0,room,-14.251409530639648,6.7760396003723145,13.262470245361328
ambience_003056.pt,50,0,room,-14.243681907653809,6.641045093536377,13.301024436950684
ambience_003057.pt,50,0,room,-14.57065486907959,6.884059429168701,11.633978843688965
ambience_003058.pt,50,0,room,-15.23614501953125,7.0839362144470215,12.157989501953125
ambience_003059.pt,50,0,room,-14.738236427307129,7.521838188171387,13.734475135803223
ambience_003060.pt,50,0,room,-14.161764144897461,7.407790184020996,14.705204963684082
ambience_003061.pt,50,0,room,-12.942453384399414,6.159390449523926,13.992257118225098
ambience_003062.pt,50,0,room,-12.705687522888184,6.02129602432251,12.426419258117676
ambience_003063.pt,50,0,room,-13.338702201843262,6.749144077301025,11.72823715209961
ambience_003064.pt,50,0,room,-14.09268856048584,6.721951007843018,12.800788879394531
ambience_003065.pt,50,0,room,-13.59261417388916,6.965995788574219,14.306035041809082
ambience_003066.pt,50,0,room,-13.998318672180176,6.698359966278076,12.66730785369873
ambience_003067.pt,50,0,room,-13.8240327835083,6.745964527130127,12.15789794921875
ambience_003068.pt,50,0,room,-13.64645004272461,6.782728672027588,12.661763191223145
ambience_003069.pt,50,0,room,-13.627175331115723,6.405993461608887,18.409332275390625
ambience_003070.pt,50,0,room,-13.092394828796387,6.700495719909668,16.3099308013916
ambience_003071.pt,50,0,room,-13.700692176818848,6.8296895027160645,14.045166969299316
ambience_003072.pt,50,0,room,-13.048076629638672,6.804742336273193,14.010577201843262
ambience_003073.pt,50,0,room,-13.61456298828125,6.591132640838623,12.718185424804688
ambience_003074.pt,50,0,room,-13.842772483825684,6.519626140594482,15.158445358276367
ambience_003075.pt,50,0,room,-12.40305233001709,8.25232982635498,38.28619384765625
ambience_003076.pt,50,0,room,-11.077049255371094,8.922764778137207,31.862586975097656
ambience_003077.pt,50,0,room,-13.87192153930664,7.102538108825684,12.05970573425293
ambience_003078.pt,50,0,room,-13.96774673461914,7.068676471710205,12.757168769836426
ambience_003079.pt,50,0,room,-14.122430801391602,7.014138221740723,12.390398979187012
ambience_003080.pt,50,0,room,-15.023909568786621,7.045523166656494,13.109211921691895
ambience_003081.pt,50,0,room,-14.737093925476074,6.947318077087402,13.398199081420898
ambience_003082.pt,50,0,room,-15.254729270935059,7.037539005279541,12.126976013183594
ambience_003083.pt,50,0,room,-15.555187225341797,7.059486389160156,13.302755355834961
ambience_003084.pt,50,0,room,-15.319161415100098,7.020995616912842,12.06437873840332
ambience_003085.pt,50,0,room,-14.93212890625,6.867289066314697,12.598331451416016
ambience_003086.pt,50,0,room,-12.63802433013916,8.77701187133789,34.79514694213867
ambience_003087.pt,50,0,room,-13.768267631530762,7.331667900085449,16.688810348510742
ambience_003088.pt,50,0,room,-14.322945594787598,7.662471294403076,28.223854064941406
ambience_003089.pt,50,0,room,-10.62549877166748,9.884739875793457,39.81702423095703
ambience_003090.pt,50,0,room,-13.919625282287598,7.244300365447998,13.069774627685547
ambience_003091.pt,50,0,room,-13.570517539978027,7.364960670471191,12.017121315002441
ambience_003092.pt,50,0,room,-13.374423027038574,7.167618751525879,15.231901168823242
ambience_003093.pt,50,0,room,-13.417061805725098,6.654581546783447,13.337183952331543
ambience_003094.pt,50,0,room,-12.557175636291504,6.458736896514893,14.205107688903809
ambience_003095.pt,50,0,room,-11.990450859069824,6.149850845336914,14.766721725463867
ambience_003096.pt,50,0,room,-12.424527168273926,6.528186321258545,13.902128219604492
ambience_003097.pt,50,0,room,-12.116268157958984,6.2996602058410645,12.703338623046875
ambience_003098.pt,50,0,room,-13.23925495147705,6.893815040588379,13.198541641235352
ambience_003099.pt,50,0,room,-12.781888008117676,6.899609565734863,13.710097312927246
ambience_003100.pt,50,0,room,-12.839926719665527,6.781761169433594,12.828221321105957
ambience_003101.pt,50,0,room,-13.659912109375,6.703267574310303,14.206907272338867
ambience_003102.pt,50,0,room,-11.799025535583496,6.069169044494629,13.098864555358887
ambience_003103.pt,50,0,room,-9.76660442352295,7.168726444244385,26.09041404724121
ambience_003104.pt,50,0,room,-11.63690185546875,6.058283805847168,12.686281204223633
ambience_003105.pt,50,0,room,-12.451428413391113,6.255164623260498,13.001832962036133
ambience_003106.pt,50,0,room,-12.275259017944336,6.282599449157715,13.231760025024414
ambience_003107.pt,50,0,room,-12.874167442321777,6.124834060668945,12.683736801147461
ambience_003108.pt,50,0,room,-12.823107719421387,6.233293533325195,13.363853454589844
ambience_003109.pt,50,0,room,-13.526437759399414,6.763008117675781,13.947857856750488
ambience_003110.pt,50,0,room,-13.941736221313477,6.453754425048828,12.122537612915039
ambience_003111.pt,50,0,room,-14.214599609375,6.507751941680908,13.70573902130127
ambience_003112.pt,50,0,room,-14.130898475646973,6.6860246658325195,13.322087287902832
ambience_003113.pt,50,0,room,-13.42165470123291,6.534261703491211,12.477584838867188
ambience_003114.pt,50,0,room,-14.478607177734375,6.653079509735107,13.214080810546875
ambience_003115.pt,50,0,room,-14.357776641845703,6.699096202850342,12.82406997680664
ambience_003116.pt,50,0,room,-14.008611679077148,6.397736549377441,13.180485725402832
ambience_003117.pt,50,0,room,-11.257955551147461,5.710680961608887,12.540546417236328
ambience_003118.pt,50,0,room,-10.980260848999023,5.332014083862305,13.129261016845703
ambience_003119.pt,50,0,room,-9.931775093078613,5.494872570037842,13.326526641845703
ambience_003120.pt,50,0,room,-11.511648178100586,6.029282093048096,12.731643676757812
ambience_003121.pt,50,0,room,-13.883123397827148,6.733734607696533,13.404922485351562
ambience_003122.pt,50,0,room,-13.807387351989746,6.482622146606445,12.665168762207031
ambience_003123.pt,50,0,room,-12.333362579345703,5.837726593017578,12.720293045043945
ambience_003124.pt,50,0,room,-13.258069038391113,6.152446269989014,11.522100448608398
ambience_003125.pt,50,0,room,-13.238300323486328,6.237897872924805,13.471878051757812
ambience_003126.pt,50,0,room,-14.451363563537598,6.539209842681885,12.892398834228516
ambience_003127.pt,50,0,room,-15.34164810180664,6.945575714111328,12.450399398803711
ambience_003128.pt,50,0,room,-15.051409721374512,6.817421913146973,14.546547889709473
ambience_003129.pt,50,0,room,-14.354537010192871,6.6183905601501465,12.441807746887207
ambience_003130.pt,50,0,room,-13.654460906982422,6.180192947387695,12.70897388458252
ambience_003131.pt,50,0,room,-13.814716339111328,6.440299034118652,12.726737976074219
ambience_003132.pt,50,0,room,-14.182177543640137,6.671504020690918,13.305620193481445
ambience_003133.pt,50,0,room,-14.567229270935059,7.129427909851074,12.608179092407227
ambience_003134.pt,50,0,room,-14.850387573242188,7.315953731536865,12.977100372314453
ambience_003135.pt,50,0,room,-14.094231605529785,6.922789096832275,13.357919692993164
ambience_003136.pt,50,0,room,-14.644851684570312,7.115098476409912,13.817556381225586
ambience_003137.pt,50,0,room,-15.005756378173828,7.1116204261779785,13.879185676574707
ambience_003138.pt,50,0,room,-14.671700477600098,6.874748706817627,13.682822227478027
ambience_003139.pt,50,0,room,-14.262173652648926,6.501315116882324,11.475395202636719
ambience_003140.pt,50,0,room,-14.299248695373535,6.616128921508789,12.90632438659668
ambience_003141.pt,50,0,room,-13.73885440826416,6.746711730957031,12.256624221801758
ambience_003142.pt,50,0,room,-13.925945281982422,6.838024139404297,12.642956733703613
ambience_003143.pt,50,0,room,-14.897207260131836,7.145676136016846,13.860074043273926
ambience_003144.pt,50,0,room,-14.691758155822754,7.194983005523682,11.81961441040039
ambience_003145.pt,50,0,room,-14.579968452453613,7.055130958557129,12.961258888244629
ambience_003146.pt,50,0,room,-14.624994277954102,7.085765361785889,13.137994766235352
ambience_003147.pt,50,0,room,-13.057262420654297,6.587909698486328,14.047441482543945
ambience_003148.pt,50,0,room,-9.794692993164062,6.7617926597595215,16.61811065673828
ambience_003149.pt,50,0,room,-11.024767875671387,6.43645715713501,13.224507331848145
ambience_003150.pt,50,0,room,-12.37353515625,6.018280029296875,12.152544021606445
ambience_003151.pt,50,0,room,-12.584525108337402,6.870578765869141,13.810072898864746
ambience_003152.pt,50,0,room,-13.397832870483398,6.558966636657715,11.791205406188965
ambience_003153.pt,50,0,room,-13.591094970703125,6.456292152404785,13.630560874938965
ambience_003154.pt,50,0,room,-13.64736270904541,6.444084644317627,12.695199966430664
ambience_003155.pt,50,0,room,-13.404845237731934,6.678044319152832,13.282671928405762
ambience_003156.pt,50,0,room,-14.38821029663086,6.882630348205566,13.437686920166016
ambience_003157.pt,50,0,room,-13.909335136413574,7.0554962158203125,13.047143936157227
ambience_003158.pt,50,0,room,-10.427135467529297,8.732745170593262,22.834264755249023
ambience_003159.pt,50,0,room,-9.125510215759277,8.32264518737793,23.042003631591797
ambience_003160.pt,50,0,room,-11.061738967895508,8.647370338439941,21.81462860107422
ambience_003161.pt,50,0,room,-12.247729301452637,7.676653861999512,12.012393951416016
ambience_003162.pt,50,0,room,-12.361279487609863,7.026065826416016,12.273959159851074
ambience_003163.pt,50,0,room,-12.495699882507324,6.810724258422852,12.855463027954102
ambience_003164.pt,50,0,room,-12.536866188049316,6.345796585083008,12.82868480682373
ambience_003165.pt,50,0,room,-12.578372955322266,7.151406764984131,19.715206146240234
ambience_003166.pt,50,0,room,-13.816165924072266,6.668790817260742,12.760457038879395
ambience_003167.pt,50,0,room,-13.710793495178223,6.6456522941589355,11.42888069152832
ambience_003168.pt,50,0,room,-12.714560508728027,6.489336013793945,12.538352012634277
ambience_003169.pt,50,0,room,-11.01409912109375,5.5989885330200195,13.897771835327148
ambience_003170.pt,50,0,room,-11.464062690734863,5.744419574737549,11.643060684204102
ambience_003171.pt,50,0,room,-11.17270565032959,6.045588970184326,14.000582695007324
ambience_003172.pt,50,0,room,-11.286592483520508,6.04575777053833,14.007003784179688
ambience_003173.pt,50,0,room,-11.462764739990234,6.255979537963867,12.559170722961426
ambience_003174.pt,50,0,room,-11.044753074645996,6.01727819442749,12.349609375
ambience_003175.pt,50,0,room,-11.333545684814453,6.0187811851501465,13.567561149597168
ambience_003176.pt,50,0,room,-11.954888343811035,6.340482711791992,13.765362739562988
ambience_003177.pt,50,0,room,-12.323450088500977,7.286505222320557,13.026084899902344
ambience_003178.pt,50,0,room,-13.262725830078125,7.123922824859619,13.662614822387695
ambience_003179.pt,50,0,room,-14.462997436523438,7.282208442687988,13.265013694763184
ambience_003180.pt,50,0,room,-15.085582733154297,7.2620086669921875,11.984833717346191
ambience_003181.pt,50,0,room,-15.766776084899902,7.3878984451293945,13.804732322692871
ambience_003182.pt,50,0,room,-15.669916152954102,7.631908416748047,13.840009689331055
ambience_003183.pt,50,0,room,-15.975896835327148,7.569977283477783,12.947272300720215
ambience_003184.pt,50,0,room,-16.154428482055664,7.393614768981934,13.222722053527832
ambience_003185.pt,50,0,room,-15.076144218444824,8.052734375,15.170659065246582
ambience_003186.pt,50,0,room,-15.924725532531738,7.303465843200684,13.334094047546387
ambience_003187.pt,50,0,room,-15.513726234436035,7.38252592086792,13.087077140808105
ambience_003188.pt,50,0,room,-15.026813507080078,7.2823944091796875,12.317975997924805
ambience_003189.pt,50,0,room,-14.195760726928711,6.737943172454834,12.971345901489258
ambience_003190.pt,50,0,room,-13.758441925048828,6.63457727432251,13.05340576171875
ambience_003191.pt,50,0,room,-14.24906063079834,6.528392791748047,13.551093101501465
ambience_003192.pt,50,0,room,-14.663860321044922,6.914739608764648,12.715264320373535
ambience_003193.pt,50,0,room,-14.696117401123047,7.265231132507324,13.249063491821289
ambience_003194.pt,50,0,room,-14.060294151306152,7.0845255851745605,12.28136920928955
ambience_003195.pt,50,0,room,-13.779831886291504,6.942698955535889,12.478779792785645
ambience_003196.pt,50,0,room,-12.714373588562012,7.09237813949585,12.922307968139648
ambience_003197.pt,50,0,room,-11.762923240661621,7.0651936531066895,13.159730911254883
ambience_003198.pt,50,0,room,-12.640374183654785,6.978410243988037,11.891695022583008
ambience_003199.pt,50,0,room,-12.204315185546875,7.237771034240723,12.54936695098877
ambience_003200.pt,50,0,room,-14.175989151000977,7.130828857421875,14.772464752197266
ambience_003201.pt,50,0,room,-14.906027793884277,7.086964130401611,12.696155548095703
ambience_003202.pt,50,0,room,-12.763616561889648,8.092804908752441,15.489608764648438
ambience_003203.pt,50,0,room,-13.649186134338379,7.901953220367432,13.257899284362793
ambience_003204.pt,50,0,room,-15.019700050354004,7.042826175689697,12.981976509094238
ambience_003205.pt,50,0,room,-14.974255561828613,7.292022705078125,12.624884605407715
ambience_003206.pt,50,0,room,-15.577859878540039,7.572237014770508,13.795116424560547
ambience_003207.pt,50,0,room,-15.314635276794434,7.4668989181518555,13.665925025939941
ambience_003208.pt,50,0,room,-15.358585357666016,7.188050746917725,13.14725399017334
ambience_003209.pt,50,0,room,-15.840350151062012,7.308839321136475,13.142196655273438
ambience_003210.pt,50,0,room,-15.739163398742676,7.404393196105957,12.92476749420166
ambience_003211.pt,50,0,room,-15.476123809814453,7.519505500793457,13.796609878540039
ambience_003212.pt,50,0,room,-15.204068183898926,7.390207767486572,11.891290664672852
ambience_003213.pt,50,0,room,-15.041892051696777,7.334945201873779,12.468452453613281
ambience_003214.pt,50,0,room,-14.634933471679688,7.228054046630859,13.675832748413086
ambience_003215.pt,50,0,room,-14.229805946350098,7.073769569396973,13.028158187866211
ambience_003216.pt,50,0,room,-13.80245590209961,6.7699294090271,12.287223815917969
ambience_003217.pt,50,0,room,-13.836913108825684,6.8798322677612305,12.945281028747559
ambience_003218.pt,50,0,room,-13.834356307983398,7.083360195159912,12.120380401611328
ambience_003219.pt,50,0,room,-14.144439697265625,7.000194549560547,12.538553237915039
ambience_003220.pt,50,0,room,-13.148788452148438,7.149790287017822,14.214911460876465
ambience_003221.pt,50,0,room,-12.993185043334961,6.924940586090088,13.48884391784668
ambience_003222.pt,50,0,room,-13.067854881286621,6.925161361694336,12.312751770019531
ambience_003223.pt,50,0,room,-13.046944618225098,6.698058128356934,12.730052947998047
ambience_003224.pt,50,0,room,-12.956753730773926,6.621440887451172,12.614740371704102
ambience_003225.pt,50,0,room,-13.336783409118652,6.676739692687988,12.678693771362305
ambience_003226.pt,50,0,room,-13.38000774383545,6.671372890472412,12.734344482421875
ambience_003227.pt,50,0,room,-12.383986473083496,7.045198440551758,13.28661823272705
ambience_003228.pt,50,0,room,-12.7483491897583,6.565505504608154,14.613759994506836
ambience_003229.pt,50,0,room,-12.00777530670166,6.580511093139648,13.166007995605469
ambience_003230.pt,50,0,room,-11.817122459411621,6.745903015136719,14.515386581420898
ambience_003231.pt,50,0,room,-12.327004432678223,6.79902982711792,12.992023468017578
ambience_003232.pt,50,0,room,-11.808575630187988,7.220737934112549,13.159120559692383
ambience_003233.pt,50,0,room,-11.116781234741211,6.240951061248779,12.722959518432617
ambience_003234.pt,50,0,room,-10.524517059326172,6.625242233276367,13.888230323791504
ambience_003235.pt,50,0,room,-10.495308876037598,6.461061954498291,13.808660507202148
ambience_003236.pt,50,0,room,-7.972740173339844,8.502080917358398,31.278194427490234
ambience_003237.pt,50,0,room,-10.35880184173584,6.206213474273682,13.831478118896484
ambience_003238.pt,50,0,room,-9.188416481018066,9.042895317077637,24.219987869262695
ambience_003239.pt,50,0,room,-13.491631507873535,7.665484428405762,13.352465629577637
ambience_003240.pt,50,0,room,-13.66323471069336,7.769611358642578,25.783586502075195
ambience_003241.pt,50,0,room,-12.041678428649902,8.585874557495117,23.720821380615234
ambience_003242.pt,50,0,room,-11.042120933532715,8.411065101623535,23.22510528564453
ambience_003243.pt,50,0,room,-13.02005672454834,7.871730327606201,13.474586486816406
ambience_003244.pt,50,0,room,-12.974029541015625,7.906989574432373,13.017138481140137
ambience_003245.pt,50,0,room,-11.712225914001465,8.349637985229492,26.201332092285156
ambience_003246.pt,50,0,room,-11.77935791015625,8.500804901123047,16.61024284362793
ambience_003247.pt,50,0,room,-11.296843528747559,8.80742359161377,15.60799503326416
ambience_003248.pt,50,0,room,-12.096236228942871,8.402144432067871,15.09579849243164
ambience_003249.pt,50,0,room,-12.147823333740234,8.189583778381348,14.113856315612793
ambience_003250.pt,50,0,room,-12.071072578430176,8.359498023986816,14.016022682189941
ambience_003251.pt,50,0,room,-11.959604263305664,8.510481834411621,13.421724319458008
ambience_003252.pt,50,0,room,-12.2670259475708,8.754844665527344,14.444647789001465
ambience_003253.pt,50,0,room,-11.226218223571777,8.499567985534668,14.53986930847168
ambience_003254.pt,50,0,room,-10.587057113647461,8.630559921264648,13.221220970153809
ambience_003255.pt,50,0,room,-9.313210487365723,9.851635932922363,14.64689826965332
ambience_003256.pt,50,0,room,-10.462329864501953,8.639737129211426,15.272314071655273
ambience_003257.pt,50,0,room,-8.9974365234375,8.997663497924805,15.394515991210938
ambience_003258.pt,50,0,room,-9.187834739685059,9.094687461853027,15.519046783447266
ambience_003259.pt,50,0,room,-9.776467323303223,8.780282020568848,18.365909576416016
ambience_003260.pt,50,0,room,-10.623861312866211,9.141568183898926,14.727535247802734
ambience_003261.pt,50,0,room,-11.643877983093262,9.068582534790039,15.872984886169434
ambience_003262.pt,50,0,room,-11.228577613830566,9.090712547302246,15.735610961914062
ambience_003263.pt,50,0,room,-11.2442045211792,8.903327941894531,15.987312316894531
ambience_003264.pt,50,0,room,-10.939690589904785,9.74876594543457,21.226978302001953
ambience_003265.pt,50,0,room,-11.609618186950684,8.782079696655273,17.0052547454834
ambience_003266.pt,50,0,room,-11.307909965515137,8.544733047485352,15.715766906738281
ambience_003267.pt,50,0,room,-12.106728553771973,8.610145568847656,14.886846542358398
ambience_003268.pt,50,0,room,-10.85029411315918,8.384295463562012,15.761784553527832
ambience_003269.pt,50,0,room,-11.722484588623047,8.984029769897461,15.892900466918945
ambience_003270.pt,50,0,room,-11.09182357788086,9.866231918334961,16.09715461730957
ambience_003271.pt,50,0,room,-11.622437477111816,9.590149879455566,16.21489143371582
ambience_003272.pt,50,0,room,-12.004776954650879,9.190303802490234,17.032875061035156
ambience_003273.pt,50,0,room,-11.417563438415527,9.67981243133545,18.219091415405273
ambience_003274.pt,50,0,room,-10.701202392578125,9.472844123840332,19.025775909423828
ambience_003275.pt,50,0,room,-10.112553596496582,8.26404094696045,18.321340560913086
ambience_003276.pt,50,0,room,-11.810294151306152,8.44737720489502,14.682716369628906
ambience_003277.pt,50,0,room,-11.79171085357666,8.077627182006836,16.643077850341797
ambience_003278.pt,50,0,room,-12.518704414367676,8.247374534606934,15.849065780639648
ambience_003279.pt,50,0,room,-12.384827613830566,8.016057968139648,15.527389526367188
ambience_003280.pt,50,0,room,-11.727766990661621,7.720301151275635,15.889217376708984
ambience_003281.pt,50,0,room,-11.872420310974121,7.504974842071533,14.720190048217773
ambience_003282.pt,50,0,room,-9.814598083496094,6.5640668869018555,13.74560260772705
ambience_003283.pt,50,0,room,-10.503678321838379,6.709627628326416,14.547938346862793
ambience_003284.pt,50,0,room,-11.805522918701172,7.169437885284424,13.678985595703125
ambience_003285.pt,50,0,room,-12.002057075500488,7.108652591705322,15.167380332946777
ambience_003286.pt,50,0,room,-12.781842231750488,7.3465070724487305,15.669670104980469
ambience_003287.pt,50,0,room,-12.746254920959473,7.105288505554199,13.384976387023926
ambience_003288.pt,50,0,room,-13.299822807312012,7.207052707672119,14.016905784606934
ambience_003289.pt,50,0,room,-13.342175483703613,7.2552971839904785,14.783307075500488
ambience_003290.pt,50,0,room,-12.598377227783203,6.813836574554443,13.932044982910156
ambience_003291.pt,50,0,room,-12.448413848876953,6.744993209838867,13.127317428588867
ambience_003292.pt,50,0,room,-12.818366050720215,6.78275203704834,16.27182388305664
ambience_003293.pt,50,0,room,-12.883170127868652,6.875245094299316,13.680739402770996
ambience_003294.pt,50,0,room,-12.14992904663086,6.781232833862305,14.106071472167969
ambience_003295.pt,50,0,room,-11.93719482421875,6.798819541931152,13.317357063293457
ambience_003296.pt,50,0,room,-12.38760757446289,7.039801120758057,14.174598693847656
ambience_003297.pt,50,0,room,-12.056672096252441,7.132542610168457,14.060827255249023
ambience_003298.pt,50,0,room,-12.439866065979004,6.998661041259766,13.138350486755371
ambience_003299.pt,50,0,room,-12.665555000305176,7.198585033416748,14.213653564453125
ambience_003300.pt,50,0,room,-12.628241539001465,7.179540157318115,15.065532684326172
ambience_003301.pt,50,0,room,-11.252954483032227,6.426618576049805,13.82067584991455
ambience_003302.pt,50,0,room,-10.492794036865234,6.525557994842529,14.894372940063477
ambience_003303.pt,50,0,room,-11.978052139282227,6.630918025970459,13.52194595336914
ambience_003304.pt,50,0,room,-9.080953598022461,5.832268714904785,13.215126037597656
ambience_003305.pt,50,0,room,-9.89012336730957,6.755638122558594,16.063766479492188
ambience_003306.pt,50,0,room,-10.265257835388184,6.509166717529297,14.676280975341797
ambience_003307.pt,50,0,room,-9.741568565368652,7.260237216949463,13.348081588745117
ambience_003308.pt,50,0,room,-11.53260326385498,7.042610168457031,15.303692817687988
ambience_003309.pt,50,0,room,-11.523106575012207,6.997213363647461,14.824796676635742
ambience_003310.pt,50,0,room,-11.315271377563477,6.7270050048828125,15.544172286987305
ambience_003311.pt,50,0,room,-11.613272666931152,6.552101135253906,13.266517639160156
ambience_003312.pt,50,0,room,-11.703876495361328,6.893835544586182,17.551572799682617
ambience_003313.pt,50,0,room,-11.573393821716309,6.894470691680908,14.70329761505127
ambience_003314.pt,50,0,room,-11.287642478942871,6.775628566741943,13.970169067382812
ambience_003315.pt,50,0,room,-10.76241397857666,7.029836177825928,15.320836067199707
ambience_003316.pt,50,0,room,-11.201229095458984,7.208775043487549,13.355527877807617
ambience_003317.pt,50,0,room,-11.70410442352295,7.692571640014648,12.966423034667969
ambience_003318.pt,50,0,room,-12.266573905944824,7.741523265838623,14.160513877868652
ambience_003319.pt,50,0,room,-12.014605522155762,7.4026713371276855,14.262680053710938
ambience_003320.pt,50,0,room,-12.244396209716797,7.642583847045898,13.785468101501465
ambience_003321.pt,50,0,room,-11.956067085266113,7.533470153808594,16.44485092163086
ambience_003322.pt,50,0,room,-11.756805419921875,7.214949607849121,14.810400009155273
ambience_003323.pt,50,0,room,-11.682262420654297,6.983561992645264,16.38591766357422
ambience_003324.pt,50,0,room,-11.398360252380371,6.862831115722656,14.880223274230957
ambience_003325.pt,50,0,room,-11.975793838500977,6.74713659286499,14.96480941772461
ambience_003326.pt,50,0,room,-12.0576171875,6.894763946533203,15.646275520324707
ambience_003327.pt,50,0,room,-12.638321876525879,7.3199028968811035,14.608267784118652
ambience_003328.pt,50,0,room,-13.096047401428223,8.164493560791016,16.030447006225586
ambience_003329.pt,50,0,room,-12.915450096130371,7.7207159996032715,17.553821563720703
ambience_003330.pt,50,0,room,-12.938104629516602,7.456061840057373,13.229403495788574
ambience_003331.pt,50,0,room,-13.59274673461914,7.215694427490234,12.879657745361328
ambience_003332.pt,50,0,room,-13.313158988952637,7.091246604919434,13.452859878540039
ambience_003333.pt,50,0,room,-12.924285888671875,6.811717987060547,11.970857620239258
ambience_003334.pt,50,0,room,-13.22591781616211,6.930356979370117,14.99014949798584
ambience_003335.pt,50,0,room,-12.943511962890625,7.379112243652344,14.60414981842041
ambience_003336.pt,50,0,room,-13.268441200256348,7.176851749420166,11.94178581237793
ambience_003337.pt,50,0,room,-13.396651268005371,7.38455057144165,13.861750602722168
ambience_003338.pt,50,0,room,-13.577208518981934,7.346505641937256,14.180811882019043
ambience_003339.pt,50,0,room,-14.308380126953125,7.528384208679199,14.229724884033203
ambience_003340.pt,50,0,room,-14.250222206115723,7.71645450592041,13.663891792297363
ambience_003341.pt,50,0,room,-13.804635047912598,7.449036121368408,12.79457950592041
ambience_003342.pt,50,0,room,-12.718006134033203,7.022191047668457,12.994085311889648
ambience_003343.pt,50,0,room,-12.194513320922852,6.871158599853516,14.974356651306152
ambience_003344.pt,50,0,room,-13.251287460327148,7.225379943847656,14.948233604431152
ambience_003345.pt,50,0,room,-14.009380340576172,7.332643508911133,15.020999908447266
ambience_003346.pt,50,0,room,-14.368575096130371,7.466733455657959,12.347797393798828
ambience_003347.pt,50,0,room,-13.786703109741211,7.378188133239746,13.517809867858887
ambience_003348.pt,50,0,room,-11.854135513305664,7.530143737792969,14.079429626464844
ambience_003349.pt,50,0,room,-12.59424114227295,6.64139461517334,14.56611156463623
ambience_003350.pt,50,0,room,-11.672351837158203,6.843188762664795,12.940193176269531
ambience_003351.pt,50,0,room,-11.7723970413208,6.732349395751953,13.808165550231934
ambience_003352.pt,50,0,room,-12.774673461914062,7.291372299194336,13.880041122436523
ambience_003353.pt,50,0,room,-11.549972534179688,6.8180952072143555,15.853119850158691
ambience_003354.pt,50,0,room,-11.321807861328125,6.682995796203613,13.376474380493164
ambience_003355.pt,50,0,room,-10.24532699584961,7.152434825897217,19.257680892944336
ambience_003356.pt,50,0,room,-9.654605865478516,7.463701248168945,18.8148136138916
ambience_003357.pt,50,0,room,-11.401116371154785,6.403809547424316,13.170242309570312
ambience_003358.pt,50,0,room,-12.615100860595703,7.082098484039307,13.682518005371094
ambience_003359.pt,50,0,room,-12.906022071838379,7.479582786560059,14.208436012268066
ambience_003360.pt,50,0,room,-13.5885591506958,7.507147312164307,14.036966323852539
ambience_003361.pt,50,0,room,-13.509387016296387,7.596622943878174,13.744196891784668
ambience_003362.pt,50,0,room,-13.897258758544922,7.233022689819336,13.529401779174805
ambience_003363.pt,50,0,room,-13.739273071289062,7.278656482696533,14.09200668334961
ambience_003364.pt,50,0,room,-13.654230117797852,7.28223180770874,15.860851287841797
ambience_003365.pt,50,0,room,-13.502279281616211,7.565228462219238,12.909368515014648
ambience_003366.pt,50,0,room,-13.585369110107422,7.928839683532715,13.756349563598633
ambience_003367.pt,50,0,room,-13.437389373779297,7.849273681640625,14.161020278930664
ambience_003368.pt,50,0,room,-13.311346054077148,7.582427501678467,12.985650062561035
ambience_003369.pt,50,0,room,-11.713715553283691,7.643701553344727,14.525630950927734
ambience_003370.pt,50,0,room,-11.932278633117676,7.3345627784729,13.24366569519043
ambience_003371.pt,50,0,room,-12.75137710571289,7.458005905151367,13.732168197631836
ambience_003372.pt,50,0,room,-13.331404685974121,7.444404125213623,13.424331665039062
ambience_003373.pt,50,0,room,-13.644091606140137,7.565430641174316,13.107013702392578
ambience_003374.pt,50,0,room,-13.805289268493652,7.607227802276611,13.633378982543945
ambience_003375.pt,50,0,room,-13.826577186584473,7.661497116088867,13.915149688720703
ambience_003376.pt,50,0,room,-13.169264793395996,7.470600605010986,13.508400917053223
ambience_003377.pt,50,0,room,-13.204813003540039,7.4488139152526855,13.711119651794434
ambience_003378.pt,50,0,room,-12.484613418579102,7.5019402503967285,14.422398567199707
ambience_003379.pt,50,0,room,-12.657272338867188,7.364547252655029,13.047722816467285
ambience_003380.pt,50,0,room,-12.60571002960205,7.438816547393799,13.300990104675293
ambience_003381.pt,50,0,room,-12.345837593078613,7.157083988189697,13.058796882629395
ambience_003382.pt,50,0,room,-12.309639930725098,7.01662015914917,15.456340789794922
ambience_003383.pt,50,0,room,-12.2907075881958,7.040016174316406,12.537627220153809
ambience_003384.pt,50,0,room,-12.194626808166504,7.05743932723999,12.446401596069336
ambience_003385.pt,50,0,room,-11.935503959655762,6.9606828689575195,13.165782928466797
ambience_003386.pt,50,0,room,-11.365812301635742,7.079034805297852,14.338438034057617
ambience_003387.pt,50,0,room,-11.080989837646484,6.948419570922852,13.436981201171875
ambience_003388.pt,50,0,room,-11.506099700927734,7.155174732208252,15.557170867919922
ambience_003389.pt,50,0,room,-10.971564292907715,6.929776191711426,14.762377738952637
ambience_003390.pt,50,0,room,-11.474623680114746,6.983494281768799,13.637112617492676
ambience_003391.pt,50,0,room,-11.683765411376953,6.877596855163574,13.20183277130127
ambience_003392.pt,50,0,room,-11.40616226196289,6.756963729858398,14.47609806060791
ambience_003393.pt,50,0,room,-11.415119171142578,7.003231048583984,14.420380592346191
ambience_003394.pt,50,0,room,-11.830236434936523,7.124415874481201,12.81861686706543
ambience_003395.pt,50,0,room,-12.524514198303223,7.15739631652832,14.94096851348877
ambience_003396.pt,50,0,room,-11.906970977783203,6.881262302398682,12.534385681152344
ambience_003397.pt,50,0,room,-12.01049518585205,7.292138576507568,13.658246040344238
ambience_003398.pt,50,0,room,-12.47818374633789,7.447311878204346,12.529711723327637
ambience_003399.pt,50,0,room,-12.460458755493164,7.142241477966309,14.111265182495117
ambience_003400.pt,50,0,room,-11.80117130279541,7.506370544433594,14.632984161376953
ambience_003401.pt,50,0,room,-11.386577606201172,8.697940826416016,14.27781867980957
ambience_003402.pt,50,0,room,-10.79130744934082,8.764812469482422,15.908344268798828
ambience_003403.pt,50,0,room,-10.769479751586914,8.573331832885742,14.794504165649414
ambience_003404.pt,50,0,room,-11.845602035522461,8.578046798706055,14.304594039916992
ambience_003405.pt,50,0,room,-11.684172630310059,8.675496101379395,13.750970840454102
ambience_003406.pt,50,0,room,-11.817007064819336,8.553561210632324,17.07122230529785
ambience_003407.pt,50,0,room,-12.539188385009766,8.121881484985352,15.503684997558594
ambience_003408.pt,50,0,room,-12.728585243225098,8.289466857910156,14.123936653137207
ambience_003409.pt,50,0,room,-12.676523208618164,8.2103853225708,14.591758728027344
ambience_003410.pt,50,0,room,-12.4925537109375,7.882565021514893,14.003191947937012
ambience_003411.pt,50,0,room,-12.247391700744629,7.574627876281738,13.745889663696289
ambience_003412.pt,50,0,room,-11.879602432250977,7.351215362548828,13.93470573425293
ambience_003413.pt,50,0,room,-11.755587577819824,7.108701229095459,14.42984390258789
ambience_003414.pt,50,0,room,-11.866715431213379,7.178081035614014,13.300103187561035
ambience_003415.pt,50,0,room,-11.679381370544434,6.961341857910156,15.563364028930664
ambience_003416.pt,50,0,room,-11.936781883239746,7.234891891479492,14.783345222473145
ambience_003417.pt,50,0,room,-11.874527931213379,7.03286075592041,14.205049514770508
ambience_003418.pt,50,0,room,-11.37536334991455,6.628860950469971,13.367542266845703
ambience_003419.pt,50,0,room,-12.997211456298828,6.850675106048584,13.204002380371094
ambience_003420.pt,50,0,room,-12.906932830810547,7.161405086517334,15.482585906982422
ambience_003421.pt,50,0,room,-13.62914752960205,7.036571025848389,12.411299705505371
ambience_003422.pt,50,0,room,-14.091744422912598,7.222870349884033,13.452932357788086
ambience_003423.pt,50,0,room,-13.946606636047363,7.069337844848633,13.970061302185059
ambience_003424.pt,50,0,room,-13.544875144958496,7.005925178527832,11.870002746582031
ambience_003425.pt,50,0,room,-13.115930557250977,7.054190635681152,12.676515579223633
ambience_003426.pt,50,0,room,-13.86279010772705,6.908372402191162,13.859508514404297
ambience_003427.pt,50,0,room,-14.075094223022461,7.071952819824219,12.979293823242188
ambience_003428.pt,50,0,room,-14.2014799118042,7.17582368850708,13.673429489135742
ambience_003429.pt,50,0,room,-13.261419296264648,6.372430324554443,14.300765037536621
ambience_003430.pt,50,0,room,-14.194344520568848,7.33513879776001,14.279166221618652
ambience_003431.pt,50,0,room,-14.413156509399414,7.345930576324463,14.181150436401367
ambience_003432.pt,50,0,room,-14.768377304077148,7.1434173583984375,12.20490837097168
ambience_003433.pt,50,0,room,-15.13101577758789,7.185659885406494,12.250838279724121
ambience_003434.pt,50,0,room,-14.667713165283203,7.131052494049072,11.911613464355469
ambience_003435.pt,50,0,room,-14.869126319885254,7.009274959564209,13.697091102600098
ambience_003436.pt,50,0,room,-15.207777976989746,7.247783184051514,11.466984748840332
ambience_003437.pt,50,0,room,-15.021903038024902,7.518599510192871,14.367961883544922
ambience_003438.pt,50,0,room,-14.957128524780273,7.358932018280029,13.112626075744629
ambience_003439.pt,50,0,room,-14.84579086303711,7.248414516448975,12.715463638305664
ambience_003440.pt,50,0,room,-14.037209510803223,7.023784637451172,13.443672180175781
ambience_003441.pt,50,0,room,-14.369619369506836,7.205217361450195,11.968565940856934
ambience_003442.pt,50,0,room,-13.710946083068848,6.790919780731201,13.311342239379883
ambience_003443.pt,50,0,room,-13.183117866516113,6.361714839935303,12.080840110778809
ambience_003444.pt,50,0,room,-13.084012031555176,6.350761413574219,12.86800765991211
ambience_003445.pt,50,0,room,-13.157944679260254,6.451959133148193,13.79032039642334
ambience_003446.pt,50,0,room,-13.799832344055176,6.849460601806641,13.373246192932129
ambience_003447.pt,50,0,room,-12.784893989562988,6.7087626457214355,13.67713737487793
ambience_003448.pt,50,0,room,-12.441229820251465,6.583537578582764,11.682491302490234
ambience_003449.pt,50,0,room,-12.930352210998535,6.779754638671875,12.97768783569336
ambience_003450.pt,50,0,room,-13.011490821838379,6.5657243728637695,11.166349411010742
ambience_003451.pt,50,0,room,-13.072365760803223,6.713805198669434,13.809040069580078
ambience_003452.pt,50,0,room,-12.98098373413086,6.4734110832214355,12.121719360351562
ambience_003453.pt,50,0,room,-12.467917442321777,6.380454063415527,12.545049667358398
ambience_003454.pt,50,0,room,-12.572060585021973,6.524393558502197,13.21241569519043
ambience_003455.pt,50,0,room,-13.07882308959961,6.524362564086914,13.822330474853516
ambience_003456.pt,50,0,room,-13.337997436523438,6.774652481079102,13.180124282836914
ambience_003457.pt,50,0,room,-13.213345527648926,6.705854892730713,12.011929512023926
ambience_003458.pt,50,0,room,-12.73645305633545,6.705409526824951,13.543275833129883
ambience_003459.pt,50,0,room,-12.31209945678711,6.634437561035156,13.393400192260742
ambience_003460.pt,50,0,room,-11.874820709228516,6.236346244812012,14.138232231140137
ambience_003461.pt,50,0,room,-11.557843208312988,6.357458114624023,13.995322227478027
ambience_003462.pt,50,0,room,-10.646079063415527,6.109118938446045,13.219714164733887
ambience_003463.pt,50,0,room,-10.990553855895996,5.851931095123291,12.69584846496582
ambience_003464.pt,50,0,room,-10.847554206848145,5.77674674987793,13.619872093200684
ambience_003465.pt,50,0,room,-11.095953941345215,5.97911262512207,13.394984245300293
ambience_003466.pt,50,0,room,-12.309170722961426,6.317957401275635,13.785758972167969
ambience_003467.pt,50,0,room,-11.565853118896484,6.297001361846924,13.75698184967041
ambience_003468.pt,50,0,room,-12.455780982971191,6.447478771209717,14.878497123718262
ambience_003469.pt,50,0,room,-12.730213165283203,6.279082298278809,14.072986602783203
ambience_003470.pt,50,0,room,-12.616066932678223,6.278680801391602,12.674760818481445
ambience_003471.pt,50,0,room,-12.452529907226562,6.499151706695557,12.647300720214844
ambience_003472.pt,50,0,room,-12.796370506286621,6.588778018951416,13.444219589233398
ambience_003473.pt,50,0,room,-12.997344017028809,6.750738620758057,13.855042457580566
ambience_003474.pt,50,0,room,-12.590670585632324,6.642060279846191,12.224273681640625
ambience_003475.pt,50,0,room,-12.764598846435547,6.648233413696289,12.55683708190918
ambience_003476.pt,50,0,room,-13.11630630493164,6.624148845672607,13.719488143920898
ambience_003477.pt,50,0,room,-12.946395874023438,6.721126556396484,13.706704139709473
ambience_003478.pt,50,0,room,-12.525982856750488,6.693790912628174,12.456026077270508
ambience_003479.pt,50,0,room,-11.131695747375488,6.307000637054443,12.923245429992676
ambience_003480.pt,50,0,room,-12.00485610961914,6.686509132385254,12.812444686889648
ambience_003481.pt,50,0,room,-11.245301246643066,6.8091936111450195,14.311429977416992
ambience_003482.pt,50,0,room,-11.419035911560059,6.701801300048828,15.55944538116455
ambience_003483.pt,50,0,room,-13.182358741760254,6.91139030456543,13.375386238098145
ambience_003484.pt,50,0,room,-13.0097074508667,6.748917579650879,13.252737045288086
ambience_003485.pt,50,0,room,-12.200501441955566,6.342999458312988,12.524515151977539
ambience_003486.pt,50,0,room,-11.835744857788086,6.2628068923950195,13.253488540649414
ambience_003487.pt,50,0,room,-12.030120849609375,6.529019355773926,17.325149536132812
ambience_003488.pt,50,0,room,-12.485736846923828,6.441293716430664,14.570006370544434
ambience_003489.pt,50,0,room,-12.4363431930542,6.521301746368408,13.959014892578125
ambience_003490.pt,50,0,room,-12.865338325500488,6.493737697601318,12.749916076660156
ambience_003491.pt,50,0,room,-13.624761581420898,6.753411293029785,12.675687789916992
ambience_003492.pt,50,0,room,-13.957547187805176,6.838390350341797,12.959040641784668
ambience_003493.pt,50,0,room,-14.260833740234375,7.099585056304932,13.311165809631348
ambience_003494.pt,50,0,room,-14.857455253601074,7.205514430999756,13.565077781677246
ambience_003495.pt,50,0,room,-15.07167911529541,7.281949996948242,11.937858581542969
ambience_003496.pt,50,0,room,-15.13407039642334,7.1255717277526855,12.153711318969727
ambience_003497.pt,50,0,room,-14.781981468200684,7.180027008056641,12.957782745361328
ambience_003498.pt,50,0,room,-14.894476890563965,7.191859245300293,12.573837280273438
ambience_003499.pt,50,0,room,-14.620877265930176,7.0558013916015625,13.344536781311035
ambience_003500.pt,50,0,room,-12.855880737304688,6.682688236236572,12.733431816101074
ambience_003501.pt,50,0,room,-13.2750825881958,6.682803630828857,13.622126579284668
ambience_003502.pt,50,0,room,-13.819873809814453,6.899134159088135,12.354042053222656
ambience_003503.pt,50,0,room,-14.236075401306152,6.954458236694336,13.096819877624512
ambience_003504.pt,50,0,room,-13.905013084411621,7.0347089767456055,12.906044960021973
ambience_003505.pt,50,0,room,-13.523900985717773,6.756702899932861,13.169092178344727
ambience_003506.pt,50,0,room,-13.036307334899902,7.312191963195801,13.214303016662598
ambience_003507.pt,50,0,room,-13.17441177368164,6.975043773651123,14.025369644165039
ambience_003508.pt,50,0,room,-13.239215850830078,6.752860069274902,13.726852416992188
ambience_003509.pt,50,0,room,-13.382457733154297,6.804690837860107,13.197060585021973
ambience_003510.pt,50,0,room,-13.304388999938965,6.548962593078613,13.634330749511719
ambience_003511.pt,50,0,room,-12.8601713180542,6.623514652252197,14.313802719116211
ambience_003512.pt,50,0,room,-13.128716468811035,6.8546366691589355,13.35237979888916
ambience_003513.pt,50,0,room,-13.546121597290039,6.841774940490723,13.482600212097168
ambience_003514.pt,50,0,room,-12.536127090454102,7.436262130737305,14.307602882385254
ambience_003515.pt,50,0,room,-10.025690078735352,7.889742851257324,14.449339866638184
ambience_003516.pt,50,0,room,-9.074212074279785,8.420109748840332,16.9191951751709
ambience_003517.pt,50,0,room,-8.171690940856934,8.679262161254883,15.899072647094727
ambience_003518.pt,50,0,room,-8.316445350646973,8.585500717163086,16.540359497070312
ambience_003519.pt,50,0,room,-8.71139144897461,8.409832954406738,15.88507080078125
ambience_003520.pt,50,0,room,-9.143902778625488,7.98396635055542,16.583969116210938
ambience_003521.pt,50,0,room,-8.286216735839844,8.134899139404297,15.693771362304688
ambience_003522.pt,50,0,room,-8.861313819885254,7.992961406707764,14.297651290893555
ambience_003523.pt,50,0,room,-9.532489776611328,7.934088230133057,13.505146026611328
ambience_003524.pt,50,0,room,-10.348189353942871,7.891561985015869,14.675455093383789
ambience_003525.pt,50,0,room,-10.499903678894043,8.322872161865234,15.655923843383789
ambience_003526.pt,50,0,room,-10.79659652709961,7.848019599914551,15.652880668640137
ambience_003527.pt,50,0,room,-10.583535194396973,7.736373424530029,14.559102058410645
ambience_003528.pt,50,0,room,-10.721184730529785,8.57357120513916,17.819456100463867
ambience_003529.pt,50,0,room,-10.202102661132812,8.544998168945312,16.1312255859375
ambience_003530.pt,50,0,room,-11.327903747558594,8.692643165588379,17.413963317871094
ambience_003531.pt,50,0,room,-11.33689022064209,9.616312026977539,16.723114013671875
ambience_003532.pt,50,0,room,-10.933083534240723,8.837712287902832,16.983938217163086
ambience_003533.pt,50,0,room,-12.036296844482422,9.432992935180664,16.72035789489746
ambience_003534.pt,50,0,room,-12.541960716247559,9.531173706054688,19.596235275268555
ambience_003535.pt,50,0,room,-12.983173370361328,9.448802947998047,15.506370544433594
ambience_003536.pt,50,0,room,-12.294854164123535,9.706000328063965,15.113171577453613
ambience_003537.pt,50,0,room,-11.115330696105957,10.509363174438477,17.807119369506836
ambience_003538.pt,50,0,room,-10.88161849975586,10.276447296142578,19.10628318786621
ambience_003539.pt,50,0,room,-12.144704818725586,9.996204376220703,17.75108528137207
ambience_003540.pt,50,0,room,-13.300726890563965,8.976483345031738,15.834779739379883
ambience_003541.pt,50,0,room,-12.874526977539062,9.603261947631836,15.067184448242188
ambience_003542.pt,50,0,room,-12.852835655212402,9.633378028869629,16.256010055541992
ambience_003543.pt,50,0,room,-13.010492324829102,9.299983024597168,16.30058479309082
ambience_003544.pt,50,0,room,-12.959564208984375,9.351129531860352,18.257858276367188
ambience_003545.pt,50,0,room,-13.803301811218262,8.538667678833008,15.540447235107422
ambience_003546.pt,50,0,room,-14.156723976135254,8.069892883300781,15.214933395385742
ambience_003547.pt,50,0,room,-14.589774131774902,7.911479949951172,13.875107765197754
ambience_003548.pt,50,0,room,-13.598810195922852,7.520452499389648,13.602651596069336
ambience_003549.pt,50,0,room,-13.732331275939941,7.485801696777344,13.183761596679688
ambience_003550.pt,50,0,room,-13.332350730895996,7.228557109832764,14.142132759094238
ambience_003551.pt,50,0,room,-13.728943824768066,7.139110088348389,13.89251708984375
ambience_003552.pt,50,0,room,-13.635440826416016,6.921848773956299,14.212728500366211
ambience_003553.pt,50,0,room,-13.831046104431152,6.926822662353516,13.03762435913086
ambience_003554.pt,50,0,room,-14.081424713134766,7.117886543273926,13.606588363647461
ambience_003555.pt,50,0,room,-13.336385726928711,7.090873718261719,13.89148235321045
ambience_003556.pt,50,0,room,-12.913546562194824,7.113364219665527,14.252735137939453
ambience_003557.pt,50,0,room,-13.0172758102417,7.134685516357422,16.062461853027344
ambience_003558.pt,50,0,room,-13.228360176086426,7.087365627288818,15.792356491088867
ambience_003559.pt,50,0,room,-12.985950469970703,6.840336799621582,13.235331535339355
ambience_003560.pt,50,0,room,-13.449097633361816,7.057428359985352,13.68701171875
ambience_003561.pt,50,0,room,-13.604382514953613,7.287721157073975,13.230337142944336
ambience_003562.pt,50,0,room,-8.778042793273926,9.383127212524414,30.529396057128906
ambience_003563.pt,50,0,room,-11.64365005493164,8.011009216308594,30.297569274902344
ambience_003564.pt,50,0,room,-13.26467514038086,7.0371317863464355,13.858383178710938
ambience_003565.pt,50,0,room,-12.802136421203613,7.186480522155762,12.411689758300781
ambience_003566.pt,50,0,room,-13.294943809509277,7.072978496551514,14.376402854919434
ambience_003567.pt,50,0,room,-13.229974746704102,6.85751485824585,15.518346786499023
ambience_003568.pt,50,0,room,-13.038641929626465,6.867053985595703,13.87778377532959
ambience_003569.pt,50,0,room,-12.4254789352417,6.5582733154296875,12.898253440856934
ambience_003570.pt,50,0,room,-12.473628997802734,6.483320236206055,13.321576118469238
ambience_003571.pt,50,0,room,-12.411429405212402,6.355445384979248,12.574056625366211
ambience_003572.pt,50,0,room,-12.612809181213379,6.574938774108887,12.400352478027344
ambience_003573.pt,50,0,room,-13.282894134521484,6.829134941101074,14.989584922790527
ambience_003574.pt,50,0,room,-12.717044830322266,6.728487491607666,12.812671661376953
ambience_003575.pt,50,0,room,-13.30160903930664,6.653365135192871,13.838505744934082
ambience_003576.pt,50,0,room,-14.004446983337402,6.966479301452637,12.04161262512207
ambience_003577.pt,50,0,room,-14.317358016967773,7.044609069824219,12.471847534179688
ambience_003578.pt,50,0,room,-14.482415199279785,7.179173469543457,13.550039291381836
ambience_003579.pt,50,0,room,-14.58164119720459,7.368614673614502,13.168660163879395
ambience_003580.pt,50,0,room,-14.633235931396484,7.250001907348633,12.773283958435059
ambience_003581.pt,50,0,room,-14.9545316696167,7.358344078063965,13.321954727172852
ambience_003582.pt,50,0,room,-14.972034454345703,7.412281513214111,12.222161293029785
ambience_003583.pt,50,0,room,-14.641281127929688,7.357938289642334,13.663034439086914
ambience_003584.pt,50,0,room,-14.079527854919434,7.196996688842773,12.990787506103516
ambience_003585.pt,50,0,room,-13.756897926330566,7.020876884460449,13.46632194519043
ambience_003586.pt,50,0,room,-13.634671211242676,7.153615951538086,13.443318367004395
ambience_003587.pt,50,0,room,-12.3873929977417,7.087204456329346,12.720669746398926
ambience_003588.pt,50,0,room,-11.792830467224121,6.614993572235107,13.43601131439209
ambience_003589.pt,50,0,room,-12.982030868530273,7.002906322479248,14.00894546508789
ambience_003590.pt,50,0,room,-12.70718765258789,7.048463821411133,12.135287284851074
ambience_003591.pt,50,0,room,-12.109884262084961,6.526771068572998,13.157013893127441
ambience_003592.pt,50,0,room,-12.0227689743042,6.4310102462768555,13.633442878723145
ambience_003593.pt,50,0,room,-12.0972900390625,6.5319623947143555,12.669520378112793
ambience_003594.pt,50,0,room,-12.129739761352539,6.846375465393066,12.925371170043945
ambience_003595.pt,50,0,room,-12.498321533203125,6.871640205383301,13.390491485595703
ambience_003596.pt,50,0,room,-12.710503578186035,6.899520397186279,13.732778549194336
ambience_003597.pt,50,0,room,-13.20092487335205,6.888091564178467,12.785204887390137
ambience_003598.pt,50,0,room,-13.230417251586914,6.953125,12.511277198791504
ambience_003599.pt,50,0,room,-13.157469749450684,7.075921535491943,13.1024751663208
ambience_003600.pt,50,0,room,-13.547266006469727,7.171712398529053,12.020708084106445
ambience_003601.pt,50,0,room,-12.34914779663086,7.156609535217285,14.680990219116211
ambience_003602.pt,50,0,room,-12.565704345703125,7.13680362701416,14.842178344726562
ambience_003603.pt,50,0,room,-12.732821464538574,6.818429470062256,12.617870330810547
ambience_003604.pt,50,0,room,-12.658727645874023,6.709404945373535,13.317970275878906
ambience_003605.pt,50,0,room,-11.094077110290527,6.912829399108887,18.31487274169922
ambience_003606.pt,50,0,room,-12.258841514587402,6.664617538452148,12.794113159179688
ambience_003607.pt,50,0,room,-12.826170921325684,6.841423034667969,13.932108879089355
ambience_003608.pt,50,0,room,-12.810495376586914,6.928220748901367,13.209099769592285
ambience_003609.pt,50,0,room,-13.069438934326172,7.283752918243408,13.199081420898438
ambience_003610.pt,50,0,room,-13.560225486755371,7.17870569229126,13.878321647644043
ambience_003611.pt,50,0,room,-13.766343116760254,7.25253438949585,13.305362701416016
ambience_003612.pt,50,0,room,-14.142516136169434,7.3231658935546875,15.475259780883789
ambience_003613.pt,50,0,room,-14.445075035095215,7.593964576721191,13.87977409362793
ambience_003614.pt,50,0,room,-14.312853813171387,7.350507736206055,13.834402084350586
ambience_003615.pt,50,0,room,-13.904596328735352,7.385491847991943,14.309686660766602
ambience_003616.pt,50,0,room,-14.760488510131836,7.388014793395996,13.499327659606934
ambience_003617.pt,50,0,room,-13.548608779907227,6.830987453460693,12.435840606689453
ambience_003618.pt,50,0,room,-13.613768577575684,6.673156261444092,12.747684478759766
ambience_003619.pt,50,0,room,-13.621026992797852,6.9228668212890625,14.412439346313477
ambience_003620.pt,50,0,room,-13.864922523498535,6.904834270477295,12.850082397460938
ambience_003621.pt,50,0,room,-13.781875610351562,6.826595306396484,12.74936580657959
ambience_003622.pt,50,0,room,-13.668631553649902,6.884624481201172,13.886903762817383
ambience_003623.pt,50,0,room,-13.453817367553711,6.576719284057617,13.042181968688965
ambience_003624.pt,50,0,room,-13.150525093078613,6.97133731842041,14.990397453308105
ambience_003625.pt,50,0,room,-13.434929847717285,6.83518648147583,14.444476127624512
ambience_003626.pt,50,0,room,-13.513354301452637,6.852787971496582,13.86638069152832
ambience_003627.pt,50,0,room,-13.545672416687012,6.917518615722656,13.776017189025879
ambience_003628.pt,50,0,room,-13.903997421264648,7.011033058166504,13.998099327087402
ambience_003629.pt,50,0,room,-14.11978530883789,6.774219989776611,13.39199447631836
ambience_003630.pt,50,0,room,-12.790592193603516,6.624758243560791,12.670731544494629
ambience_003631.pt,50,0,room,-12.646374702453613,6.656437873840332,12.093626022338867
ambience_003632.pt,50,0,room,-11.16811466217041,6.04495096206665,13.118392944335938
ambience_003633.pt,50,0,room,-11.121376991271973,5.892021179199219,13.77560806274414
ambience_003634.pt,50,0,room,-10.935068130493164,5.8525261878967285,13.192757606506348
ambience_003635.pt,50,0,room,-11.723278999328613,6.203392028808594,14.23734188079834
ambience_003636.pt,50,0,room,-11.650002479553223,6.176185607910156,14.097410202026367
ambience_003637.pt,50,0,room,-11.97381591796875,6.391103744506836,12.480840682983398
ambience_003638.pt,50,0,room,-12.952901840209961,6.580923557281494,13.119336128234863
ambience_003639.pt,50,0,room,-12.468108177185059,6.510740756988525,13.707101821899414
ambience_003640.pt,50,0,room,-12.340546607971191,6.295737266540527,12.129480361938477
ambience_003641.pt,50,0,room,-11.739034652709961,6.544609069824219,14.960973739624023
ambience_003642.pt,50,0,room,-11.192577362060547,6.464995384216309,13.469239234924316
ambience_003643.pt,50,0,room,-11.943536758422852,6.898185729980469,14.298859596252441
ambience_003644.pt,50,0,room,-12.752978324890137,6.80850887298584,11.71627140045166
ambience_003645.pt,50,0,room,-12.655137062072754,6.588634014129639,12.922096252441406
ambience_003646.pt,50,0,room,-11.648602485656738,6.022402286529541,12.835298538208008
ambience_003647.pt,50,0,room,-12.831984519958496,6.497559547424316,12.400450706481934
ambience_003648.pt,50,0,room,-13.222244262695312,6.693608283996582,14.078320503234863
ambience_003649.pt,50,0,room,-13.173026084899902,6.770806312561035,13.283834457397461
ambience_003650.pt,50,0,room,-12.748482704162598,6.528975009918213,13.355216979980469
ambience_003651.pt,50,0,room,-13.560083389282227,6.897140026092529,12.83947467803955
ambience_003652.pt,50,0,room,-13.349333763122559,6.765490531921387,12.332793235778809
ambience_003653.pt,50,0,room,-12.868603706359863,6.730137348175049,12.998494148254395
ambience_003654.pt,50,0,room,-12.998001098632812,7.133213043212891,15.577608108520508
ambience_003655.pt,50,0,room,-13.142797470092773,6.884705543518066,12.962861061096191
ambience_003656.pt,50,0,room,-12.65698528289795,6.969632148742676,12.68868637084961
ambience_003657.pt,50,0,room,-13.076336860656738,7.563685417175293,15.464075088500977
ambience_003658.pt,50,0,room,-12.21730899810791,7.122546672821045,13.650379180908203
ambience_003659.pt,50,0,room,-12.9531888961792,6.818082809448242,12.583613395690918
ambience_003660.pt,50,0,room,-12.690372467041016,6.560988426208496,14.372350692749023
ambience_003661.pt,50,0,room,-12.883352279663086,6.678988933563232,13.155426025390625
ambience_003662.pt,50,0,room,-11.962960243225098,6.777732849121094,13.813282012939453
ambience_003663.pt,50,0,room,-12.403807640075684,6.7980241775512695,14.157716751098633
ambience_003664.pt,50,0,room,-12.381684303283691,6.6103010177612305,12.682722091674805
ambience_003665.pt,50,0,room,-12.430724143981934,6.51333475112915,12.985621452331543
ambience_003666.pt,50,0,room,-12.156968116760254,6.629145622253418,13.392610549926758
ambience_003667.pt,50,0,room,-12.273795127868652,6.898326396942139,14.32824993133545
ambience_003668.pt,50,0,room,-12.79272747039795,6.770931243896484,12.755754470825195
ambience_003669.pt,50,0,room,-12.247299194335938,6.624777317047119,14.334683418273926
ambience_003670.pt,50,0,room,-12.636879920959473,6.731840133666992,13.525339126586914
ambience_003671.pt,50,0,room,-13.142105102539062,6.670161247253418,11.803059577941895
ambience_003672.pt,50,0,room,-12.792860984802246,6.858201503753662,12.818639755249023
ambience_003673.pt,50,0,room,-12.536328315734863,6.813278675079346,13.169149398803711
ambience_003674.pt,50,0,room,-12.412548065185547,6.753252983093262,12.698078155517578
ambience_003675.pt,50,0,room,-12.371532440185547,6.734554767608643,13.339239120483398
ambience_003676.pt,50,0,room,-11.989575386047363,6.601260662078857,13.289589881896973
ambience_003677.pt,50,0,room,-11.461249351501465,6.621706008911133,13.24525260925293
ambience_003678.pt,50,0,room,-12.076360702514648,6.3955397605896,12.842350959777832
ambience_003679.pt,50,0,room,-11.962265968322754,6.400184154510498,12.938934326171875
ambience_003680.pt,50,0,room,-12.068131446838379,6.323117733001709,14.08692741394043
ambience_003681.pt,50,0,room,-12.906388282775879,6.464705467224121,13.377037048339844
ambience_003682.pt,50,0,room,-12.911765098571777,6.393394470214844,12.900370597839355
ambience_003683.pt,50,0,room,-13.23946762084961,6.661344051361084,14.063426971435547
ambience_003684.pt,50,0,room,-13.326149940490723,6.764919757843018,13.156082153320312
ambience_003685.pt,50,0,room,-13.689905166625977,6.884572505950928,12.109375953674316
ambience_003686.pt,50,0,room,-14.12668228149414,6.902916431427002,12.55183219909668
ambience_003687.pt,50,0,room,-14.504996299743652,7.075172424316406,12.04140853881836
ambience_003688.pt,50,0,room,-13.89208698272705,7.30270528793335,12.96462631225586
ambience_003689.pt,50,0,room,-13.865731239318848,7.268293380737305,13.064774513244629
ambience_003690.pt,50,0,room,-13.683574676513672,7.187617301940918,13.251171112060547
ambience_003691.pt,50,0,room,-13.725445747375488,7.004789352416992,13.44803237915039
ambience_003692.pt,50,0,room,-13.878249168395996,7.076301574707031,13.513208389282227
ambience_003693.pt,50,0,room,-12.971536636352539,6.594968318939209,13.193164825439453
ambience_003694.pt,50,0,room,-13.387359619140625,6.964191913604736,14.20326042175293
ambience_003695.pt,50,0,room,-13.593761444091797,6.816578388214111,12.509818077087402
ambience_003696.pt,50,0,room,-13.491189956665039,6.50966739654541,13.530279159545898
ambience_003697.pt,50,0,room,-13.673492431640625,6.771451473236084,12.744171142578125
ambience_003698.pt,50,0,room,-14.275182723999023,7.113076686859131,13.27900505065918
ambience_003699.pt,50,0,room,-14.77209186553955,7.258218288421631,12.795433044433594
ambience_003700.pt,50,0,room,-15.063158988952637,7.415637969970703,13.461760520935059
ambience_003701.pt,50,0,room,-15.242302894592285,7.584091663360596,13.296524047851562
ambience_003702.pt,50,0,room,-15.166211128234863,7.575993061065674,13.40478515625
ambience_003703.pt,50,0,room,-15.229238510131836,7.494102478027344,13.027643203735352
ambience_003704.pt,50,0,room,-15.352182388305664,7.49978494644165,12.436457633972168
ambience_003705.pt,50,0,room,-15.458209037780762,7.407702445983887,14.270183563232422
ambience_003706.pt,50,0,room,-15.19943618774414,7.344621658325195,13.972025871276855
ambience_003707.pt,50,0,room,-14.674694061279297,7.455583572387695,13.32563591003418
ambience_003708.pt,50,0,room,-14.397603988647461,7.04134464263916,13.731416702270508
ambience_003709.pt,50,0,room,-13.620523452758789,7.063783645629883,13.637197494506836
ambience_003710.pt,50,0,room,-13.775580406188965,7.296626567840576,14.289722442626953
ambience_003711.pt,50,0,room,-12.845224380493164,6.886696815490723,13.332412719726562
ambience_003712.pt,50,0,room,-13.064916610717773,7.552737236022949,13.060413360595703
ambience_003713.pt,50,0,room,-12.800506591796875,7.596417427062988,13.013616561889648
ambience_003714.pt,50,0,room,-11.591057777404785,8.687859535217285,14.641703605651855
ambience_003715.pt,50,0,room,-10.398972511291504,9.533342361450195,16.2116641998291
ambience_003716.pt,50,0,room,-7.707126140594482,9.99526596069336,17.582441329956055
ambience_003717.pt,50,0,room,-6.390678882598877,9.715490341186523,21.075050354003906
ambience_003718.pt,50,0,room,-7.4156694412231445,8.990996360778809,18.677194595336914
ambience_003719.pt,50,0,room,-8.776529312133789,9.052046775817871,19.174062728881836
ambience_003720.pt,50,0,room,-8.637269973754883,9.281588554382324,18.499967575073242
ambience_003721.pt,50,0,room,-7.6952714920043945,9.420785903930664,21.129655838012695
ambience_003722.pt,50,0,room,-7.9146575927734375,9.399093627929688,18.135025024414062
ambience_003723.pt,50,0,room,-9.266459465026855,9.902914047241211,16.304214477539062
ambience_003724.pt,50,0,room,-10.06820011138916,10.346571922302246,15.37956714630127
ambience_003725.pt,50,0,room,-10.536737442016602,9.833114624023438,14.44816780090332
ambience_003726.pt,50,0,room,-10.923961639404297,9.470946311950684,15.361915588378906
ambience_003727.pt,50,0,room,-11.921441078186035,8.266915321350098,15.149306297302246
ambience_003728.pt,50,0,room,-12.299792289733887,7.67112922668457,13.509252548217773
ambience_003729.pt,50,0,room,-12.274697303771973,7.33957052230835,14.003825187683105
ambience_003730.pt,50,0,room,-11.949141502380371,8.18321418762207,14.109556198120117
ambience_003731.pt,50,0,room,-11.430377006530762,8.541245460510254,16.251205444335938
ambience_003732.pt,50,0,room,-11.27182674407959,8.49007511138916,15.239530563354492
ambience_003733.pt,50,0,room,-10.904723167419434,7.853500843048096,14.469852447509766
ambience_003734.pt,50,0,room,-9.278146743774414,6.895463943481445,13.859143257141113
ambience_003735.pt,50,0,room,-9.977646827697754,7.376710414886475,16.956296920776367
ambience_003736.pt,50,0,room,-9.99791145324707,7.673647403717041,15.339884757995605
ambience_003737.pt,50,0,room,-9.418686866760254,8.124293327331543,13.760127067565918
ambience_003738.pt,50,0,room,-9.259658813476562,8.456852912902832,20.67538070678711
ambience_003739.pt,50,0,room,-10.226243019104004,8.034841537475586,15.693595886230469
ambience_003740.pt,50,0,room,-10.640653610229492,7.827720642089844,17.549713134765625
ambience_003741.pt,50,0,room,-10.258193016052246,8.16834831237793,16.388944625854492
ambience_003742.pt,50,0,room,-11.227574348449707,7.8331732749938965,15.29598617553711
ambience_003743.pt,50,0,room,-10.594341278076172,8.16169261932373,15.715574264526367
ambience_003744.pt,50,0,room,-9.504940032958984,9.315991401672363,18.188108444213867
ambience_003745.pt,50,0,room,-10.896523475646973,8.331770896911621,15.877876281738281
ambience_003746.pt,50,0,room,-10.921359062194824,7.981142044067383,15.008687973022461
ambience_003747.pt,50,0,room,-11.712711334228516,8.170485496520996,16.05653953552246
ambience_003748.pt,50,0,room,-11.697774887084961,7.986693382263184,16.331192016601562
ambience_003749.pt,50,0,room,-11.458712577819824,8.150185585021973,14.325474739074707
ambience_003750.pt,50,0,room,-11.686664581298828,8.793840408325195,16.904067993164062
ambience_003751.pt,50,0,room,-12.407092094421387,8.617884635925293,14.193275451660156
ambience_003752.pt,50,0,room,-13.074851036071777,8.565579414367676,14.351664543151855
ambience_003753.pt,50,0,room,-12.579656600952148,8.873327255249023,16.981355667114258
ambience_003754.pt,50,0,room,-11.876172065734863,8.238807678222656,16.201274871826172
ambience_003755.pt,50,0,room,-9.819310188293457,7.5599045753479,18.949853897094727
ambience_003756.pt,50,0,room,-10.397836685180664,7.596573352813721,16.277931213378906
ambience_003757.pt,50,0,room,-11.604023933410645,7.537564754486084,15.394612312316895
ambience_003758.pt,50,0,room,-12.373862266540527,7.611963748931885,14.828407287597656
ambience_003759.pt,50,0,room,-12.591930389404297,7.2200822830200195,13.160442352294922
ambience_003760.pt,50,0,room,-13.2113618850708,7.127068042755127,13.814302444458008
ambience_003761.pt,50,0,room,-13.81005573272705,7.362109661102295,15.118892669677734
ambience_003762.pt,50,0,room,-13.795884132385254,7.336916923522949,13.507772445678711
ambience_003763.pt,50,0,room,-13.909856796264648,7.616652965545654,16.070079803466797
ambience_003764.pt,50,0,room,-14.283924102783203,7.641973495483398,13.093174934387207
ambience_003765.pt,50,0,room,-13.870956420898438,7.586466312408447,13.567859649658203
ambience_003766.pt,50,0,room,-13.715702056884766,7.291806697845459,14.312834739685059
ambience_003767.pt,50,0,room,-13.515216827392578,7.505095958709717,13.921087265014648
ambience_003768.pt,50,0,room,-13.135845184326172,7.451004505157471,13.324952125549316
ambience_003769.pt,50,0,room,-13.572295188903809,7.620230674743652,14.527141571044922
ambience_003770.pt,50,0,room,-13.66446304321289,7.5721588134765625,14.816747665405273
ambience_003771.pt,50,0,room,-12.3051176071167,6.813440799713135,13.24006175994873
ambience_003772.pt,50,0,room,-12.65658950805664,7.002899646759033,14.26042652130127
ambience_003773.pt,50,0,room,-12.815755844116211,6.724315643310547,13.274775505065918
ambience_003774.pt,50,0,room,-13.82434368133545,7.007546424865723,13.460203170776367
ambience_003775.pt,50,0,room,-14.81368637084961,7.230250358581543,13.830456733703613
ambience_003776.pt,50,0,room,-15.139114379882812,7.503108501434326,15.737081527709961
ambience_003777.pt,50,0,room,-14.800076484680176,7.552896022796631,14.559488296508789
ambience_003778.pt,50,0,room,-14.52303695678711,7.497296333312988,12.772974967956543
ambience_003779.pt,50,0,room,-14.06888484954834,7.163917064666748,11.938480377197266
ambience_003780.pt,50,0,room,-13.456125259399414,7.016634941101074,13.862985610961914
ambience_003781.pt,50,0,room,-13.393224716186523,6.886404514312744,13.541182518005371
ambience_003782.pt,50,0,room,-13.392836570739746,7.162599563598633,13.616140365600586
ambience_003783.pt,50,0,room,-13.298157691955566,7.47636604309082,15.26210880279541
ambience_003784.pt,50,0,room,-13.405414581298828,7.191563606262207,14.248553276062012
ambience_003785.pt,50,0,room,-12.960724830627441,6.848763465881348,12.875138282775879
ambience_003786.pt,50,0,room,-12.122719764709473,6.433890342712402,12.560820579528809
ambience_003787.pt,50,0,room,-12.575240135192871,6.437890529632568,13.214027404785156
ambience_003788.pt,50,0,room,-12.751785278320312,6.713898181915283,13.164649963378906
ambience_003789.pt,50,0,room,-13.227459907531738,6.797110557556152,12.119281768798828
ambience_003790.pt,50,0,room,-13.332107543945312,7.106668472290039,13.528867721557617
ambience_003791.pt,50,0,room,-12.147168159484863,6.316251277923584,13.51657485961914
ambience_003792.pt,50,0,room,-10.667764663696289,6.03408145904541,12.99233627319336
ambience_003793.pt,50,0,room,-10.324438095092773,6.307859897613525,12.917219161987305
ambience_003794.pt,50,0,room,-10.670324325561523,7.1376190185546875,14.53234577178955
ambience_003795.pt,50,0,room,-10.378128051757812,7.389712810516357,17.06866455078125
ambience_003796.pt,50,0,room,-10.890534400939941,7.074021339416504,13.59682846069336
ambience_003797.pt,50,0,room,-11.475308418273926,7.368725299835205,15.930450439453125
ambience_003798.pt,50,0,room,-12.012406349182129,7.385920524597168,14.568824768066406
ambience_003799.pt,50,0,room,-12.229615211486816,7.203182697296143,12.564583778381348
ambience_003800.pt,50,0,room,-12.04318904876709,7.104551315307617,14.009942054748535
ambience_003801.pt,50,0,room,-12.609414100646973,7.338065147399902,14.341913223266602
ambience_003802.pt,50,0,room,-12.448324203491211,7.228113174438477,13.679913520812988
ambience_003803.pt,50,0,room,-12.72317886352539,7.532017230987549,13.316264152526855
ambience_003804.pt,50,0,room,-12.795302391052246,7.5545783042907715,12.807136535644531
ambience_003805.pt,50,0,room,-12.602280616760254,7.475329875946045,13.233877182006836
ambience_003806.pt,50,0,room,-12.425707817077637,7.425778865814209,13.361510276794434
ambience_003807.pt,50,0,room,-12.037457466125488,7.681501865386963,14.697257041931152
ambience_003808.pt,50,0,room,-12.181002616882324,7.678948402404785,14.619832038879395
ambience_003809.pt,50,0,room,-12.462237358093262,7.400492191314697,14.784444808959961
ambience_003810.pt,50,0,room,-12.499978065490723,7.5416951179504395,14.71696662902832
ambience_003811.pt,50,0,room,-12.55208969116211,7.668376922607422,15.078664779663086
ambience_003812.pt,50,0,room,-12.28311824798584,7.301493167877197,14.577269554138184
ambience_003813.pt,50,0,room,-12.68200969696045,7.495105743408203,14.723323822021484
ambience_003814.pt,50,0,room,-12.533802032470703,7.448531627655029,14.701815605163574
ambience_003815.pt,50,0,room,-12.5933256149292,7.361597537994385,15.55362606048584
ambience_003816.pt,50,0,room,-12.681432723999023,7.562907695770264,13.574459075927734
ambience_003817.pt,50,0,room,-12.719857215881348,7.482287883758545,15.343661308288574
ambience_003818.pt,50,0,room,-12.907517433166504,7.486252307891846,16.299087524414062
ambience_003819.pt,50,0,room,-12.757497787475586,7.372122287750244,13.834051132202148
ambience_003820.pt,50,0,room,-12.854206085205078,7.192506790161133,12.646919250488281
ambience_003821.pt,50,0,room,-12.712194442749023,7.121048450469971,13.396371841430664
ambience_003822.pt,50,0,room,-12.054083824157715,6.79146146774292,12.48140811920166
ambience_003823.pt,50,0,room,-11.916418075561523,6.9778265953063965,14.849756240844727
ambience_003824.pt,50,0,room,-12.364457130432129,7.151618480682373,14.666582107543945
ambience_003825.pt,50,0,room,-12.398494720458984,7.042859077453613,13.47096061706543
ambience_003826.pt,50,0,room,-12.023212432861328,6.8774943351745605,12.438765525817871
ambience_003827.pt,50,0,room,-10.3903226852417,6.328619956970215,13.64582633972168
ambience_003828.pt,50,0,room,-10.94017219543457,6.505804061889648,13.771635055541992
ambience_003829.pt,50,0,room,-11.661636352539062,6.9762654304504395,14.458574295043945
ambience_003830.pt,50,0,room,-11.081313133239746,6.810148239135742,13.907003402709961
ambience_003831.pt,50,0,room,-10.019587516784668,6.350476264953613,15.010944366455078
ambience_003832.pt,50,0,room,-10.86728286743164,6.4715352058410645,12.805416107177734
ambience_003833.pt,50,0,room,-11.645824432373047,6.813694477081299,14.268293380737305
ambience_003834.pt,50,0,room,-11.838024139404297,7.19031286239624,15.866323471069336
ambience_003835.pt,50,0,room,-11.98697566986084,7.059948444366455,16.021095275878906
ambience_003836.pt,50,0,room,-11.500690460205078,6.811824798583984,14.137349128723145
ambience_003837.pt,50,0,room,-11.3662748336792,6.594609260559082,13.392945289611816
ambience_003838.pt,50,0,room,-11.726760864257812,6.836208820343018,12.78526496887207
ambience_003839.pt,50,0,room,-11.373496055603027,6.9202561378479,15.031192779541016
ambience_003840.pt,50,0,room,-10.999396324157715,7.303060054779053,17.96882438659668
ambience_003841.pt,50,0,room,-10.962759971618652,6.545539855957031,13.974245071411133
ambience_003842.pt,50,0,room,-11.048033714294434,6.7171454429626465,13.759496688842773
ambience_003843.pt,50,0,room,-11.26852798461914,6.8984599113464355,15.444245338439941
ambience_003844.pt,50,0,room,-11.808058738708496,7.113456726074219,14.535870552062988
ambience_003845.pt,50,0,room,-11.886826515197754,7.560137748718262,15.139156341552734
ambience_003846.pt,50,0,room,-12.125829696655273,7.468346118927002,13.261581420898438
ambience_003847.pt,50,0,room,-12.101666450500488,7.155996799468994,15.767592430114746
ambience_003848.pt,50,0,room,-11.942475318908691,7.149230003356934,13.815343856811523
ambience_003849.pt,50,0,room,-11.163897514343262,6.797789573669434,12.206145286560059
ambience_003850.pt,50,0,room,-9.705280303955078,6.2154412269592285,14.80897331237793
ambience_003851.pt,50,0,room,-10.137484550476074,6.587956428527832,14.553121566772461
ambience_003852.pt,50,0,room,-11.028780937194824,6.7725114822387695,15.762979507446289
ambience_003853.pt,50,0,room,-10.354328155517578,6.326319217681885,14.106637001037598
ambience_003854.pt,50,0,room,-10.224891662597656,6.318542957305908,14.33178997039795
ambience_003855.pt,50,0,room,-10.315937042236328,6.4514851570129395,13.463623046875
ambience_003856.pt,50,0,room,-9.140697479248047,5.8946027755737305,14.168159484863281
ambience_003857.pt,50,0,room,-9.46455192565918,6.194369316101074,14.737688064575195
ambience_003858.pt,50,0,room,-10.766473770141602,6.4748663902282715,13.873452186584473
ambience_003859.pt,50,0,room,-9.602370262145996,7.146239280700684,22.73619842529297
ambience_003860.pt,50,0,room,-10.155877113342285,6.424569606781006,13.504365921020508
ambience_003861.pt,50,0,room,-9.709493637084961,6.137965202331543,13.068913459777832
ambience_003862.pt,50,0,room,-9.2616605758667,6.012017726898193,12.726521492004395
ambience_003863.pt,50,0,room,-9.869955062866211,6.188388347625732,12.668401718139648
ambience_003864.pt,50,0,room,-10.188701629638672,6.4561944007873535,13.954030990600586
ambience_003865.pt,50,0,room,-11.12453842163086,6.632532119750977,12.531079292297363
ambience_003866.pt,50,0,room,-11.35421371459961,6.76619291305542,14.18881893157959
ambience_003867.pt,50,0,room,-11.854288101196289,7.0761637687683105,13.123188018798828
ambience_003868.pt,50,0,room,-11.886505126953125,6.997586727142334,13.974875450134277
ambience_003869.pt,50,0,room,-11.9473237991333,7.1392741203308105,14.455863952636719
ambience_003870.pt,50,0,room,-12.015625953674316,6.97284460067749,13.89356517791748
ambience_003871.pt,50,0,room,-11.697254180908203,6.935107707977295,13.676977157592773
ambience_003872.pt,50,0,room,-12.033843040466309,7.140998840332031,14.112581253051758
ambience_003873.pt,50,0,room,-11.885819435119629,7.151554107666016,14.20706844329834
ambience_003874.pt,50,0,room,-12.471692085266113,7.208511829376221,12.976177215576172
ambience_003875.pt,50,0,room,-12.237685203552246,7.1731743812561035,13.855520248413086
ambience_003876.pt,50,0,room,-12.691189765930176,7.225099086761475,13.67776107788086
ambience_003877.pt,50,0,room,-12.701236724853516,7.283310413360596,13.25296401977539
ambience_003878.pt,50,0,room,-12.393829345703125,7.361105442047119,14.67885971069336
ambience_003879.pt,50,0,room,-12.134600639343262,7.2483367919921875,12.964954376220703
ambience_003880.pt,50,0,room,-11.348382949829102,7.145477771759033,14.79714584350586
ambience_003881.pt,50,0,room,-10.029106140136719,6.490348815917969,14.146444320678711
ambience_003882.pt,50,0,room,-10.048107147216797,6.395740032196045,14.629251480102539
ambience_003883.pt,50,0,room,-11.134681701660156,7.058161735534668,13.7945556640625
ambience_003884.pt,50,0,room,-11.320281028747559,7.172721862792969,13.703757286071777
ambience_003885.pt,50,0,room,-11.203956604003906,7.314652442932129,14.226387977600098
ambience_003886.pt,50,0,room,-11.294910430908203,7.3491082191467285,13.888223648071289
ambience_003887.pt,50,0,room,-11.032492637634277,7.135127067565918,13.652268409729004
ambience_003888.pt,50,0,room,-10.931097030639648,7.214738368988037,13.229103088378906
ambience_003889.pt,50,0,room,-11.156988143920898,7.099210739135742,14.070575714111328
ambience_003890.pt,50,0,room,-11.428492546081543,7.17062520980835,12.896574020385742
ambience_003891.pt,50,0,room,-11.808144569396973,7.091340065002441,13.817730903625488
ambience_003892.pt,50,0,room,-11.649637222290039,7.104339599609375,14.334197998046875
ambience_003893.pt,50,0,room,-11.59013843536377,6.987203598022461,15.53802490234375
ambience_003894.pt,50,0,room,-11.19762134552002,7.109372138977051,14.539188385009766
ambience_003895.pt,50,0,room,-11.623178482055664,6.9533891677856445,13.431243896484375
ambience_003896.pt,50,0,room,-11.376565933227539,7.047645092010498,12.897143363952637
ambience_003897.pt,50,0,room,-11.09397029876709,7.222780704498291,12.914944648742676
ambience_003898.pt,50,0,room,-10.757353782653809,7.432200908660889,17.394847869873047
ambience_003899.pt,50,0,room,-11.275023460388184,6.874758243560791,14.031558990478516
ambience_003900.pt,50,0,room,-11.012188911437988,7.172050952911377,12.67707633972168
ambience_003901.pt,50,0,room,-11.189642906188965,7.268648147583008,13.5691556930542
ambience_003902.pt,50,0,room,-11.324277877807617,7.188864231109619,14.308667182922363
ambience_003903.pt,50,0,room,-11.09267520904541,7.281789302825928,14.765974044799805
ambience_003904.pt,50,0,room,-10.783116340637207,7.306087017059326,15.18179702758789
ambience_003905.pt,50,0,room,-10.809139251708984,7.317538261413574,13.671464920043945
ambience_003906.pt,50,0,room,-10.319414138793945,7.636146545410156,14.734850883483887
ambience_003907.pt,50,0,room,-9.684137344360352,7.795246124267578,15.144415855407715
ambience_003908.pt,50,0,room,-10.078787803649902,7.8644490242004395,13.952837944030762
ambience_003909.pt,50,0,room,-9.93065357208252,7.853747367858887,19.02715492248535
ambience_003910.pt,50,0,room,-10.142653465270996,7.859399795532227,15.71402645111084
ambience_003911.pt,50,0,room,-9.913834571838379,7.92227840423584,14.64567756652832
ambience_003912.pt,50,0,room,-10.095108032226562,7.842338562011719,14.23678970336914
ambience_003913.pt,50,0,room,-10.092609405517578,7.666179180145264,14.509209632873535
ambience_003914.pt,50,0,room,-9.636966705322266,7.950199604034424,13.421636581420898
ambience_003915.pt,50,0,room,-9.138566017150879,8.151683807373047,16.1042537689209
ambience_003916.pt,50,0,room,-8.627228736877441,7.953683376312256,16.015790939331055
ambience_003917.pt,50,0,room,-9.397714614868164,7.632086277008057,15.956192016601562
ambience_003918.pt,50,0,room,-8.402986526489258,6.849099159240723,15.568780899047852
drone_002008.pt,50,1,Yarkon,4.973123550415039,9.524131774902344,38.83766174316406
drone_002009.pt,50,1,Yarkon,6.969192028045654,8.972710609436035,24.714523315429688
drone_002010.pt,50,1,Yarkon,6.3310089111328125,9.46706771850586,25.626373291015625
drone_002011.pt,50,1,Yarkon,5.193332195281982,10.040902137756348,27.61347198486328
drone_002012.pt,50,1,Yarkon,3.479022979736328,11.548796653747559,27.675640106201172
drone_002013.pt,50,1,Yarkon,3.1535489559173584,12.429450988769531,24.944238662719727
drone_002014.pt,50,1,Yarkon,3.002012014389038,12.46341609954834,26.345064163208008
drone_002015.pt,50,1,Yarkon,3.05046010017395,11.997598648071289,26.528566360473633
drone_002016.pt,50,1,Yarkon,2.7789831161499023,11.78542423248291,24.775602340698242
drone_002017.pt,50,1,Yarkon,2.420774459838867,11.8676176071167,26.919532775878906
drone_002018.pt,50,1,Yarkon,3.3578405380249023,10.97350025177002,24.795408248901367
drone_002019.pt,50,1,Yarkon,4.1199212074279785,10.862335205078125,25.12611198425293
drone_002020.pt,50,1,Yarkon,2.8690543174743652,11.74659252166748,25.315021514892578
drone_002021.pt,50,1,Yarkon,2.8659212589263916,11.999651908874512,25.776927947998047
drone_002022.pt,50,1,Yarkon,3.262324333190918,11.52208137512207,26.404054641723633
drone_002023.pt,50,1,Yarkon,2.924268960952759,11.548020362854004,24.304840087890625
drone_002024.pt,50,1,Yarkon,3.0726518630981445,11.581708908081055,24.090866088867188
drone_002025.pt,50,1,Yarkon,3.222935438156128,11.463561058044434,25.403079986572266
drone_002026.pt,50,1,Yarkon,0.10274546593427658,11.564498901367188,35.22280502319336
drone_002027.pt,50,1,Yarkon,-7.163313388824463,12.467528343200684,34.96372604370117
drone_002028.pt,50,1,Yarkon,-0.5734550356864929,11.77094841003418,32.14253616333008
drone_002029.pt,50,1,Yarkon,0.29831886291503906,11.665664672851562,35.105613708496094
drone_002030.pt,50,1,Yarkon,2.442751169204712,11.660189628601074,25.57299041748047
drone_002031.pt,50,1,Yarkon,2.0437839031219482,11.687603950500488,25.63249969482422
drone_002032.pt,50,1,Yarkon,2.3200597763061523,11.667196273803711,27.15135955810547
drone_002033.pt,50,1,Yarkon,2.301254987716675,11.548057556152344,25.26087760925293
drone_002034.pt,50,1,Yarkon,2.4533565044403076,11.75023078918457,28.35799217224121
drone_002035.pt,50,1,Yarkon,2.580505132675171,11.746866226196289,27.175457000732422
drone_002036.pt,50,1,Yarkon,2.509934663772583,11.759499549865723,27.473628997802734
drone_002037.pt,50,1,Yarkon,2.1950266361236572,11.593371391296387,26.886146545410156
drone_002038.pt,50,1,Yarkon,3.176063299179077,11.155555725097656,25.958694458007812
drone_002039.pt,50,1,Yarkon,4.016330242156982,10.772046089172363,24.521343231201172
drone_002040.pt,50,1,Yarkon,3.2846357822418213,11.31688404083252,25.306350708007812
drone_002041.pt,50,1,Yarkon,3.290400743484497,11.618053436279297,24.675846099853516
drone_002042.pt,50,1,Yarkon,3.107076406478882,11.631210327148438,24.115495681762695
drone_002043.pt,50,1,Yarkon,4.135470867156982,10.927156448364258,24.597684860229492
drone_002044.pt,50,1,Yarkon,4.560323238372803,10.732514381408691,27.700157165527344
drone_002045.pt,50,1,Yarkon,4.99901819229126,10.382325172424316,26.32767105102539
drone_002046.pt,50,1,Yarkon,5.216798305511475,10.166890144348145,29.93292808532715
drone_002047.pt,50,1,Yarkon,5.912463188171387,9.867480278015137,24.322757720947266
drone_002048.pt,50,1,Yarkon,6.707728862762451,9.456685066223145,23.858142852783203
drone_002049.pt,50,1,Yarkon,6.389317512512207,9.511087417602539,24.424476623535156
drone_002050.pt,50,1,Yarkon,6.449167251586914,9.323223114013672,26.04737091064453
drone_002051.pt,50,1,Yarkon,6.1836161613464355,9.387059211730957,24.198406219482422
drone_002052.pt,50,1,Yarkon,5.586894512176514,9.46457290649414,29.472640991210938
drone_002053.pt,50,1,Yarkon,4.186344623565674,10.120105743408203,29.6202449798584
drone_002054.pt,50,1,Yarkon,4.724527359008789,9.950382232666016,25.14315414428711
drone_002055.pt,50,1,Yarkon,3.838879346847534,9.994339942932129,32.871150970458984
drone_002056.pt,50,1,Yarkon,4.19334077835083,9.9398832321167,27.916942596435547
drone_002057.pt,50,1,Yarkon,5.02345609664917,9.472877502441406,27.41351890563965
drone_002058.pt,50,1,Yarkon,4.987324237823486,9.435842514038086,26.78582000732422
drone_002059.pt,50,1,Yarkon,5.0078558921813965,9.293963432312012,28.488494873046875
drone_002060.pt,50,1,Yarkon,4.476560115814209,9.36674690246582,28.15921974182129
drone_002061.pt,50,1,Yarkon,4.154747486114502,9.263555526733398,27.279621124267578
drone_002062.pt,50,1,Yarkon,5.049393653869629,8.733531951904297,26.6357421875
drone_002063.pt,50,1,Yarkon,4.501659870147705,8.565707206726074,34.11168670654297
drone_002064.pt,50,1,Yarkon,5.77340030670166,8.436541557312012,26.522388458251953
drone_002065.pt,50,1,Yarkon,6.389501571655273,8.144097328186035,26.269739151000977
drone_002066.pt,50,1,Yarkon,6.3295207023620605,8.049338340759277,27.997114181518555
drone_002067.pt,50,1,Yarkon,6.028482437133789,8.068809509277344,27.706079483032227
drone_002068.pt,50,1,Yarkon,5.877003192901611,8.086163520812988,26.728116989135742
drone_002069.pt,50,1,Yarkon,5.969668865203857,8.178424835205078,28.819927215576172
drone_002070.pt,50,1,Yarkon,5.722752571105957,8.125411987304688,29.7152156829834
drone_002071.pt,50,1,Yarkon,5.839245796203613,8.313060760498047,25.86381721496582
drone_002072.pt,50,1,Yarkon,5.450737476348877,8.296394348144531,26.122886657714844
drone_002073.pt,50,1,Yarkon,4.157865524291992,8.494303703308105,29.94021987915039
drone_002074.pt,50,1,Yarkon,3.5605309009552,8.458157539367676,33.81237030029297
drone_002075.pt,50,1,Yarkon,5.420209884643555,8.362592697143555,26.994802474975586
drone_002076.pt,50,1,Yarkon,4.402009963989258,8.690016746520996,31.868492126464844
drone_002077.pt,50,1,Yarkon,3.8625872135162354,8.693076133728027,32.441158294677734
drone_002078.pt,50,1,Yarkon,1.5343536138534546,8.978256225585938,32.31524658203125
drone_002079.pt,50,1,Yarkon,2.8562183380126953,9.191245079040527,28.507043838500977
drone_002080.pt,50,1,Yarkon,3.7467870712280273,9.18675708770752,28.268047332763672
drone_002081.pt,50,1,Yarkon,4.297962665557861,9.536148071289062,27.994863510131836
drone_002082.pt,50,1,Yarkon,4.667622089385986,9.074532508850098,27.160476684570312
drone_002083.pt,50,1,Yarkon,3.740480899810791,9.338464736938477,26.628515243530273
drone_002084.pt,50,1,Yarkon,3.8009612560272217,8.538439750671387,29.84197998046875
drone_002085.pt,50,1,Yarkon,4.0978522300720215,8.0378999710083,29.067983627319336
drone_002086.pt,50,1,Yarkon,4.1617512702941895,7.944155216217041,31.261003494262695
drone_002087.pt,50,1,Yarkon,5.288755893707275,7.880281448364258,31.679882049560547
drone_002088.pt,50,1,Yarkon,3.964792013168335,8.166743278503418,29.710237503051758
drone_002089.pt,50,1,Yarkon,3.640321969985962,8.696245193481445,30.284955978393555
drone_002090.pt,50,1,Yarkon,2.822683811187744,9.870538711547852,31.906740188598633
drone_002091.pt,50,1,Yarkon,3.20981502532959,10.533365249633789,29.282554626464844
drone_002092.pt,50,1,Yarkon,2.5810277462005615,11.261866569519043,30.935697555541992
drone_002093.pt,50,1,Yarkon,0.5940926671028137,12.160603523254395,33.239505767822266
drone_002094.pt,50,1,Yarkon,-1.160309076309204,13.722914695739746,30.55617332458496
drone_002095.pt,50,1,Yarkon,-3.396467447280884,12.666725158691406,32.38904571533203
drone_002096.pt,50,1,Yarkon,-3.8150253295898438,12.090876579284668,33.57079315185547
drone_002097.pt,50,1,Yarkon,-7.3613362312316895,12.734247207641602,32.403892517089844
drone_002098.pt,50,1,Yarkon,-7.547645568847656,12.904871940612793,31.188783645629883
drone_002099.pt,50,1,Yarkon,-7.269751071929932,12.177595138549805,31.93942642211914
drone_002100.pt,50,1,Yarkon,-5.832441329956055,11.710246086120605,31.828269958496094
drone_002101.pt,50,1,Yarkon,-1.633750557899475,12.289761543273926,29.22273826599121
drone_002102.pt,50,1,Yarkon,3.8096044063568115,10.945195198059082,25.882713317871094
drone_002103.pt,50,1,Yarkon,4.15780782699585,10.93139362335205,26.03112030029297
drone_002104.pt,50,1,Yarkon,3.2452142238616943,11.753460884094238,26.031274795532227
drone_002105.pt,50,1,Yarkon,1.593075156211853,11.719735145568848,27.29753303527832
drone_002106.pt,50,1,Yarkon,-2.4041426181793213,13.013428688049316,29.203075408935547
drone_002107.pt,50,1,Yarkon,-5.065795421600342,13.538416862487793,32.36742401123047
drone_002108.pt,50,1,Yarkon,-6.845344543457031,14.421141624450684,28.903549194335938
drone_002109.pt,50,1,Yarkon,-7.993188858032227,14.851634979248047,30.742862701416016
drone_002110.pt,50,1,Yarkon,-8.219439506530762,14.780312538146973,29.464309692382812
drone_002111.pt,50,1,Yarkon,-9.611166000366211,14.872038841247559,30.841257095336914
drone_002112.pt,50,1,Yarkon,-5.240286827087402,13.974286079406738,31.567352294921875
drone_002113.pt,50,1,Yarkon,-1.971242904663086,12.008492469787598,31.157434463500977
drone_002114.pt,50,1,Yarkon,-1.4197866916656494,13.829316139221191,29.868568420410156
drone_002115.pt,50,1,Yarkon,-0.6203127503395081,13.039406776428223,29.031360626220703
drone_002116.pt,50,1,Yarkon,-2.3977293968200684,13.209301948547363,31.047283172607422
drone_002117.pt,50,1,Yarkon,0.6583393216133118,12.963293075561523,27.16080665588379
drone_002118.pt,50,1,Yarkon,1.21085786819458,12.518428802490234,26.69191551208496
drone_002119.pt,50,1,Yarkon,0.8327752947807312,12.790621757507324,30.264976501464844
drone_002120.pt,50,1,Yarkon,-0.40676018595695496,12.893278121948242,29.845314025878906
drone_002121.pt,50,1,Yarkon,-0.962306797504425,12.42739200592041,31.157312393188477
drone_002122.pt,50,1,Yarkon,-1.6236846446990967,12.647180557250977,32.28511047363281
drone_002123.pt,50,1,Yarkon,-0.7989604473114014,12.785178184509277,31.3538818359375
drone_002124.pt,50,1,Yarkon,-1.1874957084655762,13.359820365905762,30.79779815673828
drone_002125.pt,50,1,Yarkon,1.186546802520752,12.41067886352539,27.057104110717773
drone_002126.pt,50,1,Yarkon,0.33847683668136597,11.354887962341309,31.800823211669922
drone_002127.pt,50,1,Yarkon,1.6330974102020264,10.829508781433105,30.62175750732422
drone_002128.pt,50,1,Yarkon,-0.6083410978317261,10.483473777770996,36.083351135253906
drone_002129.pt,50,1,Yarkon,-4.2748517990112305,12.755989074707031,31.676860809326172
drone_002130.pt,50,1,Yarkon,-3.672604560852051,13.569945335388184,31.567983627319336
drone_002131.pt,50,1,Yarkon,-5.964773178100586,12.917460441589355,31.89276123046875
drone_002132.pt,50,1,Yarkon,-0.2587590515613556,11.29963493347168,31.938602447509766
drone_002133.pt,50,1,Yarkon,0.7054772973060608,11.252751350402832,31.553813934326172
drone_002134.pt,50,1,Yarkon,1.5028979778289795,11.982829093933105,28.56302261352539
drone_002135.pt,50,1,Yarkon,0.4533068835735321,13.82559871673584,25.490215301513672
drone_002136.pt,50,1,Yarkon,0.3873245418071747,13.927431106567383,25.551225662231445
drone_002137.pt,50,1,Yarkon,-0.31297004222869873,13.71584701538086,31.673816680908203
drone_002138.pt,50,1,Yarkon,1.3498650789260864,13.71352767944336,26.386688232421875
drone_002139.pt,50,1,Yarkon,1.6101609468460083,13.53515625,26.25824737548828
drone_002140.pt,50,1,Yarkon,1.9475547075271606,13.731090545654297,24.869394302368164
drone_002141.pt,50,1,Yarkon,1.558956503868103,14.069458961486816,23.85434341430664
drone_002142.pt,50,1,Yarkon,-0.3129465878009796,14.030040740966797,30.54018783569336
drone_002143.pt,50,1,Yarkon,1.0074539184570312,13.23414134979248,25.27635955810547
drone_002144.pt,50,1,Yarkon,1.5407894849777222,12.511486053466797,26.17486000061035
drone_002145.pt,50,1,Yarkon,1.1683648824691772,13.007320404052734,28.92179298400879
drone_002146.pt,50,1,Yarkon,0.9562337398529053,12.93169116973877,31.686988830566406
drone_002147.pt,50,1,Yarkon,0.9675120711326599,11.968019485473633,28.862239837646484
drone_002148.pt,50,1,Yarkon,3.352179765701294,10.836480140686035,25.09463882446289
drone_002149.pt,50,1,Yarkon,4.573509693145752,8.667915344238281,36.021820068359375
drone_002150.pt,50,1,Yarkon,6.213357925415039,8.853211402893066,27.12173843383789
drone_002151.pt,50,1,Yarkon,2.016758680343628,11.33318042755127,31.238746643066406
drone_002152.pt,50,1,Yarkon,3.616058349609375,10.77363395690918,31.621171951293945
drone_002153.pt,50,1,Yarkon,1.2427488565444946,12.331335067749023,32.97460174560547
drone_002154.pt,50,1,Yarkon,0.8791024684906006,12.53060531616211,32.140625
drone_002155.pt,50,1,Yarkon,1.662373661994934,12.407652854919434,27.691917419433594
drone_002156.pt,50,1,Yarkon,0.05194089561700821,12.178054809570312,33.31313705444336
drone_002157.pt,50,1,Yarkon,0.39497968554496765,10.945372581481934,36.25982666015625
drone_002158.pt,50,1,Yarkon,2.383753538131714,10.581257820129395,27.481666564941406
drone_002159.pt,50,1,Yarkon,0.019897915422916412,11.235880851745605,33.495567321777344
drone_002160.pt,50,1,Yarkon,0.4802407920360565,10.960646629333496,36.565773010253906
drone_002161.pt,50,1,Yarkon,-2.420849084854126,10.962418556213379,35.95016098022461
drone_002162.pt,50,1,Yarkon,1.2281758785247803,10.587738037109375,29.77961540222168
drone_002163.pt,50,1,Yarkon,1.177030086517334,10.306640625,33.80069351196289
drone_002164.pt,50,1,Yarkon,0.4312698543071747,10.481927871704102,33.20529556274414
drone_002165.pt,50,1,Yarkon,2.4313058853149414,10.097411155700684,30.055477142333984
drone_002166.pt,50,1,Yarkon,3.8972175121307373,9.89133358001709,28.152124404907227
drone_002167.pt,50,1,Yarkon,3.1267755031585693,10.74123477935791,25.788419723510742
drone_002168.pt,50,1,Yarkon,2.8555896282196045,11.0158109664917,34.52513122558594
drone_002169.pt,50,1,Yarkon,3.5296285152435303,11.239960670471191,26.765235900878906
drone_002170.pt,50,1,Yarkon,1.8577144145965576,11.977105140686035,29.95610809326172
drone_002171.pt,50,1,Yarkon,1.011857509613037,11.293567657470703,30.17021369934082
drone_002172.pt,50,1,Yarkon,1.008535623550415,10.91823673248291,32.23102951049805
drone_002173.pt,50,1,Yarkon,0.31050968170166016,10.239617347717285,33.674461364746094
drone_002174.pt,50,1,Yarkon,2.2779736518859863,10.115900039672852,35.08997344970703
drone_002175.pt,50,1,Yarkon,2.725475549697876,10.759992599487305,26.186304092407227
drone_002176.pt,50,1,Yarkon,-3.5708322525024414,11.785785675048828,38.97864532470703
drone_002177.pt,50,1,Yarkon,1.7224795818328857,12.420914649963379,25.16318130493164
drone_002178.pt,50,1,Yarkon,2.052319049835205,12.518035888671875,24.222972869873047
drone_002179.pt,50,1,Yarkon,1.2014604806900024,12.133319854736328,27.159927368164062
drone_002180.pt,50,1,Yarkon,1.8247207403182983,11.277196884155273,25.9720516204834
drone_002181.pt,50,1,Yarkon,2.3310701847076416,10.670909881591797,26.399240493774414
drone_002182.pt,50,1,Yarkon,-3.486520528793335,11.475041389465332,39.43081283569336
drone_002183.pt,50,1,Yarkon,1.2727808952331543,11.917235374450684,27.343326568603516
drone_002184.pt,50,1,Yarkon,0.9387260675430298,11.679178237915039,33.62196350097656
drone_002185.pt,50,1,Yarkon,-1.993310809135437,11.627952575683594,36.022552490234375
drone_002186.pt,50,1,Yarkon,-7.515587329864502,12.022313117980957,31.387405395507812
drone_002187.pt,50,1,Yarkon,-8.494684219360352,12.122499465942383,35.325592041015625
drone_002188.pt,50,1,Yarkon,-6.5633544921875,13.150476455688477,32.08573913574219
drone_002189.pt,50,1,Yarkon,-3.724263906478882,13.029128074645996,31.9062442779541
drone_002190.pt,50,1,Yarkon,-2.177340030670166,12.836299896240234,29.8967342376709
drone_002191.pt,50,1,Yarkon,-0.9428266882896423,13.076342582702637,27.711294174194336
drone_002192.pt,50,1,Yarkon,-0.9922403693199158,13.69633960723877,28.89389419555664
drone_002193.pt,50,1,Yarkon,-1.0934427976608276,13.982328414916992,28.02893829345703
drone_002194.pt,50,1,Yarkon,-2.7358479499816895,13.82917308807373,34.86320114135742
drone_002195.pt,50,1,Yarkon,-2.7328591346740723,13.836424827575684,36.06328201293945
drone_002196.pt,50,1,Yarkon,-2.2261407375335693,12.464399337768555,37.432167053222656
drone_002197.pt,50,1,Yarkon,-2.779282331466675,11.528297424316406,34.92390823364258
drone_002198.pt,50,1,Yarkon,0.8902019262313843,11.0743408203125,31.370365142822266
drone_002199.pt,50,1,Yarkon,1.0531306266784668,10.867770195007324,30.861757278442383
drone_002200.pt,50,1,Yarkon,3.8396613597869873,11.027231216430664,29.299644470214844
drone_002201.pt,50,1,Yarkon,1.4002220630645752,11.701725959777832,30.583860397338867
drone_002202.pt,50,1,Yarkon,-0.7806074023246765,12.011459350585938,31.497011184692383
drone_002203.pt,50,1,Yarkon,-2.5200228691101074,12.620452880859375,32.73548889160156
drone_002204.pt,50,1,Yarkon,-4.868829727172852,13.626507759094238,33.02792739868164
drone_002205.pt,50,1,Yarkon,-2.4712929725646973,13.236246109008789,31.902753829956055
drone_002206.pt,50,1,Yarkon,-2.455669641494751,13.175689697265625,31.883941650390625
drone_002207.pt,50,1,Yarkon,0.5119550824165344,13.288394927978516,25.508277893066406
drone_002208.pt,50,1,Yarkon,-0.47448012232780457,13.847417831420898,29.30167007446289
drone_002209.pt,50,1,Yarkon,0.37471482157707214,13.89536190032959,26.92890167236328
drone_002210.pt,50,1,Yarkon,0.38222309947013855,13.731085777282715,24.460670471191406
drone_002211.pt,50,1,Yarkon,0.11554388701915741,13.792342185974121,27.474729537963867
drone_002212.pt,50,1,Yarkon,0.8991430401802063,13.341259956359863,25.128150939941406
drone_002213.pt,50,1,Yarkon,2.1613898277282715,12.19499683380127,24.433801651000977
drone_002214.pt,50,1,Yarkon,0.8977903127670288,12.825430870056152,28.636266708374023
drone_002215.pt,50,1,Yarkon,0.5013300180435181,13.588406562805176,26.167070388793945
drone_002216.pt,50,1,Yarkon,1.2533555030822754,13.181282043457031,27.036582946777344
drone_002217.pt,50,1,Yarkon,1.6119906902313232,12.963677406311035,26.324922561645508
drone_002218.pt,50,1,Yarkon,1.9090994596481323,12.545915603637695,25.32632827758789
drone_002219.pt,50,1,Yarkon,-2.9013512134552,13.38543701171875,35.383453369140625
drone_002220.pt,50,1,Yarkon,-1.7304972410202026,13.56806755065918,29.10548210144043
drone_002221.pt,50,1,Yarkon,-0.01882653869688511,13.59472370147705,30.025005340576172
drone_002222.pt,50,1,Yarkon,0.29455453157424927,13.036892890930176,29.239124298095703
drone_002223.pt,50,1,Yarkon,-0.4662538766860962,12.660225868225098,31.902944564819336
drone_002224.pt,50,1,Yarkon,-4.805514812469482,12.509005546569824,32.862152099609375
drone_002225.pt,50,1,Yarkon,-1.9698073863983154,12.62666130065918,31.56938362121582
drone_002226.pt,50,1,Yarkon,-2.101827383041382,13.178923606872559,31.23615074157715
drone_002227.pt,50,1,Yarkon,1.3609240055084229,13.04202651977539,28.790138244628906
drone_002228.pt,50,1,Yarkon,0.39899253845214844,13.815447807312012,28.265169143676758
drone_002229.pt,50,1,Yarkon,0.7812657952308655,13.809688568115234,26.331523895263672
drone_002230.pt,50,1,Yarkon,-2.5193593502044678,12.6019868850708,37.9224967956543
drone_002231.pt,50,1,Yarkon,0.3215199410915375,11.47901439666748,30.227436065673828
drone_002232.pt,50,1,Yarkon,0.9423263072967529,11.416412353515625,31.0106258392334
drone_002233.pt,50,1,Yarkon,1.9848872423171997,12.0010347366333,28.87655258178711
drone_002234.pt,50,1,Yarkon,-1.666585087776184,12.762207984924316,34.12938690185547
drone_002235.pt,50,1,Yarkon,-1.3328248262405396,13.01372241973877,31.359216690063477
drone_002236.pt,50,1,Yarkon,0.7431327700614929,13.582050323486328,26.349971771240234
drone_002237.pt,50,1,Yarkon,0.1888165920972824,13.421449661254883,31.669830322265625
drone_002238.pt,50,1,Yarkon,-0.8256170749664307,13.49968433380127,33.81726837158203
drone_002239.pt,50,1,Yarkon,-0.4091704487800598,13.7368745803833,28.37459373474121
drone_002240.pt,50,1,Yarkon,0.6676068902015686,14.04067611694336,25.642080307006836
drone_002241.pt,50,1,Yarkon,0.28231459856033325,13.957714080810547,26.20224380493164
drone_002242.pt,50,1,Yarkon,1.7658902406692505,12.853399276733398,26.395112991333008
drone_002243.pt,50,1,Yarkon,2.266770362854004,12.103622436523438,26.593162536621094
drone_002244.pt,50,1,Yarkon,1.9039638042449951,12.003042221069336,25.749237060546875
drone_002245.pt,50,1,Yarkon,1.8093329668045044,12.559342384338379,25.671985626220703
drone_002246.pt,50,1,Yarkon,2.2841036319732666,12.424595832824707,25.8553409576416
drone_002247.pt,50,1,Yarkon,1.520893931388855,12.612711906433105,26.68644905090332
drone_002248.pt,50,1,Yarkon,1.3989723920822144,12.981281280517578,27.374698638916016
drone_002249.pt,50,1,Yarkon,0.8608989119529724,13.083227157592773,28.34429931640625
drone_002250.pt,50,1,Yarkon,0.8255662322044373,13.251738548278809,26.145977020263672
drone_002251.pt,50,1,Yarkon,0.9527084827423096,13.527045249938965,27.825035095214844
drone_002252.pt,50,1,Yarkon,1.2981985807418823,12.914278030395508,27.710237503051758
drone_002253.pt,50,1,Yarkon,-0.32237836718559265,12.268522262573242,33.13841247558594
drone_002254.pt,50,1,Yarkon,1.9853012561798096,11.580784797668457,26.643718719482422
drone_002255.pt,50,1,Yarkon,1.4871411323547363,11.781389236450195,29.119462966918945
drone_002256.pt,50,1,Yarkon,-0.49226075410842896,11.16344928741455,28.627307891845703
drone_002257.pt,50,1,Yarkon,-4.824272632598877,11.099544525146484,33.631832122802734
drone_002258.pt,50,1,Yarkon,-15.874131202697754,13.472402572631836,34.960296630859375
drone_002259.pt,50,1,Yarkon,-10.274921417236328,12.525433540344238,37.94451141357422
drone_002260.pt,50,1,Yarkon,-9.825281143188477,12.863024711608887,39.829158782958984
drone_002261.pt,50,1,Yarkon,-4.212881565093994,13.29637622833252,31.564149856567383
drone_002262.pt,50,1,Yarkon,-6.60470724105835,14.506991386413574,34.089134216308594
drone_002263.pt,50,1,Yarkon,-0.5968152284622192,13.906518936157227,27.762340545654297
drone_002264.pt,50,1,Yarkon,2.060506820678711,12.704672813415527,27.331615447998047
drone_002265.pt,50,1,Yarkon,0.9295833110809326,13.148613929748535,25.608461380004883
drone_002266.pt,50,1,Yarkon,2.7251951694488525,11.709561347961426,24.86812400817871
drone_002267.pt,50,1,Yarkon,1.7251914739608765,12.04773998260498,27.173128128051758
drone_002268.pt,50,1,Yarkon,-0.47026416659355164,12.933235168457031,30.164167404174805
drone_002269.pt,50,1,Yarkon,-6.746827602386475,13.63314437866211,33.19651412963867
drone_002270.pt,50,1,Yarkon,-10.064806938171387,13.808127403259277,33.82224655151367
drone_002271.pt,50,1,Yarkon,0.11216027289628983,11.8217134475708,28.657609939575195
drone_002272.pt,50,1,Yarkon,-3.30117130279541,11.965585708618164,35.88039779663086
drone_002273.pt,50,1,Yarkon,-0.524942934513092,12.078481674194336,28.41891098022461
drone_002274.pt,50,1,Yarkon,-0.6414456963539124,12.900888442993164,29.735950469970703
drone_002275.pt,50,1,Yarkon,-1.1378897428512573,13.445609092712402,30.017253875732422
drone_002276.pt,50,1,Yarkon,-0.8706181049346924,13.451400756835938,31.468280792236328
drone_002277.pt,50,1,Yarkon,-4.188158988952637,13.768437385559082,36.78477478027344
drone_002278.pt,50,1,Yarkon,0.5175490975379944,13.497897148132324,25.046499252319336
drone_002279.pt,50,1,Yarkon,-0.00011604482278926298,14.176827430725098,27.011829376220703
drone_002280.pt,50,1,Yarkon,0.11211645603179932,14.524344444274902,26.207504272460938
drone_002281.pt,50,1,Yarkon,1.10640549659729,13.911201477050781,26.398845672607422
drone_002282.pt,50,1,Yarkon,0.7095517516136169,14.225325584411621,24.995525360107422
drone_002283.pt,50,1,Yarkon,0.6479853987693787,14.566476821899414,25.06109046936035
drone_002284.pt,50,1,Yarkon,0.9556065201759338,14.410898208618164,25.61427116394043
drone_002285.pt,50,1,Yarkon,1.14566171169281,14.255990028381348,27.057655334472656
drone_002286.pt,50,1,Yarkon,0.04268766567111015,14.821459770202637,24.965858459472656
drone_002287.pt,50,1,Yarkon,0.3667498528957367,14.561713218688965,25.119028091430664
drone_002288.pt,50,1,Yarkon,0.16285201907157898,14.480403900146484,25.157995223999023
drone_002289.pt,50,1,Yarkon,0.9703963994979858,13.795939445495605,25.31087875366211
drone_002290.pt,50,1,Yarkon,1.1476391553878784,13.006002426147461,26.005416870117188
drone_002291.pt,50,1,Yarkon,1.3159868717193604,13.115493774414062,25.018291473388672
drone_002292.pt,50,1,Yarkon,1.010788083076477,13.523228645324707,23.85293197631836
drone_002293.pt,50,1,Yarkon,1.6868698596954346,13.058724403381348,27.326021194458008
drone_002294.pt,50,1,Yarkon,1.380771517753601,13.010696411132812,25.238630294799805
drone_002295.pt,50,1,Yarkon,1.8954315185546875,12.328619956970215,26.47039222717285
drone_002296.pt,50,1,Yarkon,2.1398537158966064,11.967899322509766,26.90123748779297
drone_002297.pt,50,1,Yarkon,1.5501353740692139,12.521746635437012,25.706668853759766
drone_002298.pt,50,1,Yarkon,0.858076274394989,12.932534217834473,25.567768096923828
drone_002299.pt,50,1,Yarkon,0.6360009908676147,13.512846946716309,23.891517639160156
drone_002300.pt,50,1,Yarkon,2.0764384269714355,12.30774974822998,26.54168128967285
drone_002301.pt,50,1,Yarkon,2.8774449825286865,11.415620803833008,26.696407318115234
drone_002302.pt,50,1,Yarkon,3.228264808654785,11.269466400146484,25.93183135986328
drone_002303.pt,50,1,Yarkon,1.514692783355713,12.308313369750977,24.820171356201172
drone_002304.pt,50,1,Yarkon,1.4456931352615356,11.250410079956055,34.54015350341797
drone_002305.pt,50,1,Yarkon,3.401315927505493,10.825699806213379,24.94499397277832
drone_002306.pt,50,1,Yarkon,4.794092178344727,9.509727478027344,26.441165924072266
drone_002307.pt,50,1,Yarkon,5.033445358276367,9.087559700012207,25.124954223632812
drone_002308.pt,50,1,Yarkon,4.7220072746276855,9.541207313537598,25.597248077392578
drone_002309.pt,50,1,Yarkon,5.399260997772217,9.193601608276367,25.044145584106445
drone_002310.pt,50,1,Yarkon,4.262444019317627,9.984379768371582,24.529115676879883
drone_002311.pt,50,1,Yarkon,-5.43443489074707,10.637354850769043,39.003929138183594
drone_002312.pt,50,1,Yarkon,0.7843103408813477,10.768741607666016,29.557453155517578
drone_002313.pt,50,1,Yarkon,1.592912197113037,10.843642234802246,26.873682022094727
drone_002314.pt,50,1,Yarkon,1.3043726682662964,10.975799560546875,29.931678771972656
drone_002315.pt,50,1,Yarkon,3.064021348953247,10.476314544677734,25.384944915771484
drone_002316.pt,50,1,Yarkon,2.989436388015747,10.48902416229248,24.814414978027344
drone_002317.pt,50,1,Yarkon,3.672995090484619,9.865540504455566,25.22254753112793
drone_002318.pt,50,1,Yarkon,3.8545875549316406,9.823243141174316,27.459514617919922
drone_002319.pt,50,1,Yarkon,2.371152877807617,10.457876205444336,27.271203994750977
drone_002320.pt,50,1,Yarkon,3.092426061630249,9.723512649536133,29.718046188354492
drone_002321.pt,50,1,Yarkon,1.4075099229812622,10.1320219039917,27.546619415283203
drone_002322.pt,50,1,Yarkon,2.0614147186279297,9.900434494018555,29.024917602539062
drone_002323.pt,50,1,Yarkon,2.350695848464966,9.888152122497559,27.13009262084961
drone_002324.pt,50,1,Yarkon,1.2590934038162231,9.686300277709961,31.681747436523438
drone_002325.pt,50,1,Yarkon,1.908327579498291,8.92294979095459,29.504785537719727
drone_002326.pt,50,1,Yarkon,-11.112839698791504,10.468487739562988,34.68299865722656
drone_002327.pt,50,1,Yarkon,-8.776471138000488,10.474419593811035,32.32977294921875
drone_002328.pt,50,1,Yarkon,-10.75711441040039,10.570053100585938,35.36012268066406
drone_002329.pt,50,1,Yarkon,-3.1744935512542725,8.89067554473877,32.25593566894531
drone_002330.pt,50,1,Yarkon,-6.721398830413818,9.901095390319824,34.33583068847656
drone_002331.pt,50,1,Yarkon,-7.254732131958008,10.72763729095459,34.21786880493164
drone_002332.pt,50,1,Yarkon,-6.858193874359131,10.13805866241455,31.397611618041992
drone_002333.pt,50,1,Yarkon,-8.682086944580078,10.50009822845459,34.93141174316406
drone_002334.pt,50,1,Yarkon,-4.966607570648193,10.046133995056152,34.434906005859375
drone_002335.pt,50,1,Yarkon,-4.328505516052246,9.844154357910156,35.43154525756836
drone_002336.pt,50,1,Yarkon,-5.974376201629639,11.814144134521484,32.59077453613281
drone_002337.pt,50,1,Yarkon,-2.5790274143218994,10.567813873291016,33.06683349609375
drone_002338.pt,50,1,Yarkon,0.6764609813690186,10.2969331741333,30.850662231445312
drone_002339.pt,50,1,Yarkon,-1.1242427825927734,11.395515441894531,36.377403259277344
drone_002340.pt,50,1,Yarkon,3.9950265884399414,9.65008544921875,31.413711547851562
drone_002341.pt,50,1,Yarkon,0.1616697907447815,12.006500244140625,30.594100952148438
drone_002342.pt,50,1,Yarkon,0.4211905598640442,12.22362995147705,28.913558959960938
drone_002343.pt,50,1,Yarkon,1.9786278009414673,11.307252883911133,30.23822021484375
drone_002344.pt,50,1,Yarkon,2.7841415405273438,10.195523262023926,34.171165466308594
drone_002345.pt,50,1,Yarkon,4.225096225738525,9.387653350830078,30.91996192932129
drone_002346.pt,50,1,Yarkon,4.203271865844727,8.98338794708252,30.570858001708984
drone_002347.pt,50,1,Yarkon,6.2449727058410645,9.023534774780273,25.27034568786621
drone_002348.pt,50,1,Yarkon,7.212774276733398,8.577292442321777,23.841514587402344
drone_002349.pt,50,1,Yarkon,7.110557556152344,8.986104011535645,24.641427993774414
drone_002350.pt,50,1,Yarkon,7.677085876464844,9.050698280334473,24.175321578979492
ambience_003919.pt,50,0,room,7.6003804206848145,5.585880279541016,26.570735931396484
ambience_003920.pt,50,0,room,7.556408405303955,5.649799346923828,25.09878158569336
ambience_003921.pt,50,0,room,7.610625743865967,5.590685844421387,27.329029083251953
ambience_003922.pt,50,0,room,7.55796480178833,5.526001930236816,24.891277313232422
ambience_003923.pt,50,0,room,7.542290210723877,5.534994602203369,25.31650161743164
ambience_003924.pt,50,0,room,7.390437602996826,5.598878860473633,25.543859481811523
ambience_003925.pt,50,0,room,7.465701103210449,5.470024108886719,26.050201416015625
ambience_003926.pt,50,0,room,7.343313217163086,5.571221351623535,26.313194274902344
ambience_003927.pt,50,0,room,7.335653305053711,5.461548805236816,25.774066925048828
ambience_003928.pt,50,0,room,7.309169292449951,5.517258167266846,25.770471572875977
ambience_003929.pt,50,0,room,7.352315902709961,5.571181774139404,26.0073184967041
ambience_003930.pt,50,0,room,7.300154209136963,5.489732265472412,26.632854461669922
ambience_003931.pt,50,0,room,7.353941440582275,5.552888870239258,26.88277244567871
ambience_003932.pt,50,0,room,7.373673915863037,5.598066329956055,27.489688873291016
ambience_003933.pt,50,0,room,7.300837993621826,5.540764331817627,27.170495986938477
ambience_003934.pt,50,0,room,7.37428092956543,5.591656684875488,26.45318603515625
ambience_003935.pt,50,0,room,7.367978096008301,5.458256721496582,25.984697341918945
ambience_003936.pt,50,0,room,7.3542585372924805,5.487041473388672,25.746824264526367
ambience_003937.pt,50,0,room,7.365128993988037,5.41429328918457,25.75139808654785
ambience_003938.pt,50,0,room,7.335302352905273,5.515923023223877,25.272741317749023
ambience_003939.pt,50,0,room,7.401533603668213,5.452363967895508,26.24462890625
ambience_003940.pt,50,0,room,7.2435760498046875,5.533394813537598,25.6893253326416
ambience_003941.pt,50,0,room,7.3690900802612305,5.467830657958984,26.754039764404297
ambience_003942.pt,50,0,room,7.486465930938721,5.560050010681152,26.809589385986328
ambience_003943.pt,50,0,room,7.3342976570129395,5.559292793273926,25.78569221496582
ambience_003944.pt,50,0,room,7.325295925140381,5.427863121032715,24.545055389404297
ambience_003945.pt,50,0,room,7.20217752456665,5.585065841674805,25.793537139892578
ambience_003946.pt,50,0,room,7.416438102722168,5.579963684082031,26.592348098754883
ambience_003947.pt,50,0,room,7.233308792114258,5.49908971786499,25.01263427734375
ambience_003948.pt,50,0,room,7.39439582824707,5.501711845397949,26.031322479248047
ambience_003949.pt,50,0,room,7.420870780944824,5.422892093658447,25.600780487060547
ambience_003950.pt,50,0,room,7.267085552215576,5.532703876495361,26.281558990478516
ambience_003951.pt,50,0,room,7.254281520843506,5.542532920837402,26.231246948242188
ambience_003952.pt,50,0,room,7.310211658477783,5.5716633796691895,25.597562789916992
ambience_003953.pt,50,0,room,7.368338108062744,5.543362140655518,26.270214080810547
ambience_003954.pt,50,0,room,7.401174545288086,5.4041571617126465,26.430551528930664
ambience_003955.pt,50,0,room,7.273414134979248,5.536349296569824,25.762367248535156
ambience_003956.pt,50,0,room,7.371885776519775,5.583652019500732,26.102283477783203
ambience_003957.pt,50,0,room,7.2824249267578125,5.5959978103637695,26.673095703125
ambience_003958.pt,50,0,room,7.24332857131958,5.591320037841797,25.955591201782227
ambience_003959.pt,50,0,room,7.395274639129639,5.561500549316406,26.276599884033203
ambience_003960.pt,50,0,room,7.351075649261475,5.481130123138428,26.23675537109375
ambience_003961.pt,50,0,room,7.238459587097168,5.527745246887207,26.174449920654297
ambience_003962.pt,50,0,room,7.322515964508057,5.5089030265808105,25.34470558166504
ambience_003963.pt,50,0,room,7.357012748718262,5.496338367462158,25.75859260559082
ambience_003964.pt,50,0,room,7.277328014373779,5.53195333480835,25.749557495117188
ambience_003965.pt,50,0,room,7.264808654785156,5.42589807510376,25.762718200683594
ambience_003966.pt,50,0,room,7.38433837890625,5.510332107543945,26.3212947845459
ambience_003967.pt,50,0,room,7.349116325378418,5.609573841094971,26.070201873779297
ambience_003968.pt,50,0,room,7.355842590332031,5.512333869934082,26.24139976501465
ambience_003969.pt,50,0,room,7.224743366241455,5.547626495361328,26.288719177246094
ambience_003970.pt,50,0,room,7.302401542663574,5.532574653625488,26.624948501586914
ambience_003971.pt,50,0,room,7.373652935028076,5.439434051513672,25.844100952148438
ambience_003972.pt,50,0,room,7.291222095489502,5.511074542999268,26.171579360961914
ambience_003973.pt,50,0,room,7.224565505981445,5.61013650894165,25.99846839904785
ambience_003974.pt,50,0,room,7.3770976066589355,5.610090732574463,26.186603546142578
ambience_003975.pt,50,0,room,7.267985820770264,5.468837261199951,25.88837432861328
ambience_003976.pt,50,0,room,7.343083381652832,5.479470729827881,26.120759963989258
ambience_003977.pt,50,0,room,7.340703964233398,5.418391227722168,24.831274032592773
ambience_003978.pt,50,0,room,7.319869518280029,5.380874156951904,25.530214309692383
ambience_003979.pt,50,0,room,7.219845294952393,5.65081787109375,26.345672607421875
ambience_003980.pt,50,0,room,7.4397292137146,5.518051624298096,25.97720718383789
ambience_003981.pt,50,0,room,7.303767681121826,5.565031051635742,25.82756233215332
ambience_003982.pt,50,0,room,7.455999851226807,5.483689785003662,25.412696838378906
ambience_003983.pt,50,0,room,7.191606521606445,5.548308849334717,25.62442398071289
ambience_003984.pt,50,0,room,7.364217758178711,5.403683662414551,25.209848403930664
ambience_003985.pt,50,0,room,7.234238147735596,5.52175235748291,25.974443435668945
ambience_003986.pt,50,0,room,7.334184646606445,5.492489337921143,25.553855895996094
ambience_003987.pt,50,0,room,7.359766960144043,5.551022529602051,25.813081741333008
ambience_003988.pt,50,0,room,7.304267883300781,5.547418117523193,26.44479751586914
ambience_003989.pt,50,0,room,7.3665924072265625,5.457352638244629,26.036794662475586
ambience_003990.pt,50,0,room,7.328800678253174,5.485795497894287,26.026294708251953
ambience_003991.pt,50,0,room,7.201476573944092,5.497003555297852,25.96929168701172
ambience_003992.pt,50,0,room,7.2774248123168945,5.48171854019165,25.77737808227539
ambience_003993.pt,50,0,room,7.281838893890381,5.5141377449035645,25.711055755615234
ambience_003994.pt,50,0,room,7.254485607147217,5.522587299346924,25.307903289794922
ambience_003995.pt,50,0,room,7.411412239074707,5.628726959228516,26.534788131713867
ambience_003996.pt,50,0,room,7.3589935302734375,5.503607749938965,25.728309631347656
ambience_003997.pt,50,0,room,7.438575267791748,5.603477478027344,25.49102783203125
ambience_003998.pt,50,0,room,7.365110874176025,5.447415351867676,26.72994613647461
ambience_003999.pt,50,0,room,7.428622722625732,5.417092800140381,26.48414421081543
ambience_004000.pt,50,0,room,7.459320545196533,5.436522960662842,26.244468688964844
ambience_004001.pt,50,0,room,7.402249336242676,5.390076637268066,26.159862518310547
ambience_004002.pt,50,0,room,7.30326509475708,5.525067329406738,25.08544158935547
ambience_004003.pt,50,0,room,7.223696708679199,5.435510635375977,25.024322509765625
ambience_004004.pt,50,0,room,7.224982738494873,5.556750297546387,25.98721694946289
ambience_004005.pt,50,0,room,7.378089904785156,5.529660701751709,26.056316375732422
ambience_004006.pt,50,0,room,7.365046501159668,5.5373053550720215,26.513643264770508
ambience_004007.pt,50,0,room,7.341554164886475,5.467390060424805,26.944549560546875
ambience_004008.pt,50,0,room,7.289983749389648,5.472591400146484,25.500638961791992
ambience_004009.pt,50,0,room,7.342514514923096,5.622004985809326,25.499860763549805
ambience_004010.pt,50,0,room,7.31983757019043,5.404447555541992,25.79619598388672
ambience_004011.pt,50,0,room,7.263103008270264,5.393774032592773,25.542470932006836
ambience_004012.pt,50,0,room,7.374856948852539,5.409724712371826,25.23157501220703
ambience_004013.pt,50,0,room,7.389019966125488,5.450780868530273,26.07705307006836
ambience_004014.pt,50,0,room,7.34065580368042,5.38895845413208,25.252727508544922
ambience_004015.pt,50,0,room,7.169781684875488,5.567152976989746,26.58694839477539
ambience_004016.pt,50,0,room,7.476107597351074,5.3353681564331055,25.01807403564453
ambience_004017.pt,50,0,room,7.319313049316406,5.511229038238525,25.236913681030273
ambience_004018.pt,50,0,room,7.41044807434082,5.518365859985352,25.7724552154541
ambience_004019.pt,50,0,room,7.3866071701049805,5.475663661956787,25.22028923034668
ambience_004020.pt,50,0,room,7.390974044799805,5.46916389465332,25.628231048583984
ambience_004021.pt,50,0,room,7.322190761566162,5.5590667724609375,25.916574478149414
ambience_004022.pt,50,0,room,7.3520002365112305,5.472742080688477,25.975704193115234
ambience_004023.pt,50,0,room,7.336143970489502,5.506216526031494,25.92402458190918
ambience_004024.pt,50,0,room,7.374685287475586,5.60267448425293,25.57686996459961
ambience_004025.pt,50,0,room,7.3467302322387695,5.465272903442383,25.588924407958984
ambience_004026.pt,50,0,room,7.538574695587158,5.385867595672607,26.22695541381836
ambience_004027.pt,50,0,room,7.407598972320557,5.413823127746582,25.572099685668945
ambience_004028.pt,50,0,room,7.207896709442139,5.635786056518555,25.911762237548828
ambience_004029.pt,50,0,room,7.320220470428467,5.540067195892334,26.350082397460938
ambience_004030.pt,50,0,room,7.260976791381836,5.591326713562012,25.93210220336914
ambience_004031.pt,50,0,room,7.621034145355225,5.467370510101318,25.376264572143555
ambience_004032.pt,50,0,room,7.238552570343018,5.51312255859375,25.701065063476562
ambience_004033.pt,50,0,room,7.335058212280273,5.491428375244141,25.68310546875
ambience_004034.pt,50,0,room,7.313749313354492,5.560953617095947,25.277050018310547
ambience_004035.pt,50,0,room,7.424783229827881,5.484311580657959,25.041255950927734
ambience_004036.pt,50,0,room,7.3908233642578125,5.379889965057373,25.118255615234375
ambience_004037.pt,50,0,room,7.409644603729248,5.524863243103027,24.89974594116211
ambience_004038.pt,50,0,room,7.384138107299805,5.482100963592529,25.50947380065918
ambience_004039.pt,50,0,room,7.283390998840332,5.582677364349365,25.541288375854492
ambience_004040.pt,50,0,room,7.375051498413086,5.488626956939697,25.649524688720703
ambience_004041.pt,50,0,room,7.431027412414551,5.533123970031738,26.417957305908203
ambience_004042.pt,50,0,room,7.371980667114258,5.553615570068359,26.0600643157959
ambience_004043.pt,50,0,room,7.36046028137207,5.58231258392334,26.3181095123291
ambience_004044.pt,50,0,room,7.406976699829102,5.550757884979248,26.007461547851562
ambience_004045.pt,50,0,room,7.42904806137085,5.443565368652344,26.213726043701172
ambience_004046.pt,50,0,room,7.4574666023254395,5.346287250518799,26.05586051940918
ambience_004047.pt,50,0,room,7.358170986175537,5.479347229003906,25.810529708862305
ambience_004048.pt,50,0,room,7.408952236175537,5.5202484130859375,26.88278579711914
ambience_004049.pt,50,0,room,7.376170635223389,5.636284351348877,26.35043716430664
ambience_004050.pt,50,0,room,7.4279465675354,5.538113117218018,25.679590225219727
ambience_004051.pt,50,0,room,7.378644943237305,5.489040851593018,24.502120971679688
ambience_004052.pt,50,0,room,7.281628131866455,5.5427117347717285,25.909278869628906
ambience_004053.pt,50,0,room,7.461648941040039,5.522134780883789,25.704975128173828
ambience_004054.pt,50,0,room,7.4025559425354,5.47209358215332,26.106061935424805
ambience_004055.pt,50,0,room,7.374691963195801,5.503696918487549,25.455991744995117
ambience_004056.pt,50,0,room,7.405143737792969,5.597999572753906,25.43895721435547
ambience_004057.pt,50,0,room,7.429898262023926,5.409374237060547,24.97636604309082
ambience_004058.pt,50,0,room,7.4502973556518555,5.4858198165893555,26.069089889526367
ambience_004059.pt,50,0,room,7.3864426612854,5.535746097564697,25.66522789001465
ambience_004060.pt,50,0,room,7.402557849884033,5.624019145965576,25.388900756835938
ambience_004061.pt,50,0,room,7.365591049194336,5.49873685836792,25.372833251953125
ambience_004062.pt,50,0,room,7.4141764640808105,5.4864349365234375,26.457883834838867
ambience_004063.pt,50,0,room,7.3331499099731445,5.557470798492432,25.801700592041016
ambience_004064.pt,50,0,room,7.4488301277160645,5.487360000610352,24.83905792236328
ambience_004065.pt,50,0,room,7.287571430206299,5.466938018798828,25.606786727905273
ambience_004066.pt,50,0,room,7.281698226928711,5.553736686706543,25.23546028137207
ambience_004067.pt,50,0,room,7.340699672698975,5.526905059814453,25.673465728759766
ambience_004068.pt,50,0,room,7.377011299133301,5.459452152252197,25.910449981689453
ambience_004069.pt,50,0,room,7.408304214477539,5.544739723205566,26.419410705566406
ambience_004070.pt,50,0,room,7.3953704833984375,5.6290483474731445,26.265106201171875
ambience_004071.pt,50,0,room,7.384405136108398,5.640137195587158,25.662796020507812
ambience_004072.pt,50,0,room,7.306643962860107,5.477150917053223,25.33661651611328
ambience_004073.pt,50,0,room,7.376525402069092,5.582340717315674,25.982418060302734
ambience_004074.pt,50,0,room,7.369327068328857,5.5684709548950195,25.131013870239258
ambience_004075.pt,50,0,room,7.366630554199219,5.595361709594727,26.33053207397461
ambience_004076.pt,50,0,room,7.301316738128662,5.625030994415283,26.12898826599121
ambience_004077.pt,50,0,room,7.340366840362549,5.541594982147217,25.723134994506836
ambience_004078.pt,50,0,room,7.404726982116699,5.471373081207275,25.74600601196289
ambience_004079.pt,50,0,room,7.397897243499756,5.579165935516357,25.235790252685547
ambience_004080.pt,50,0,room,7.381701469421387,5.630288124084473,25.747379302978516
ambience_004081.pt,50,0,room,7.347026348114014,5.5332159996032715,26.08119010925293
ambience_004082.pt,50,0,room,7.329738140106201,5.538950443267822,25.828598022460938
ambience_004083.pt,50,0,room,7.255177021026611,5.620110034942627,26.006755828857422
ambience_004084.pt,50,0,room,7.2817840576171875,5.6687445640563965,25.753704071044922
ambience_004085.pt,50,0,room,7.439533710479736,5.528512477874756,26.27042579650879
ambience_004086.pt,50,0,room,7.43527364730835,5.612502098083496,25.700008392333984
ambience_004087.pt,50,0,room,7.3392109870910645,5.667024612426758,26.246078491210938
ambience_004088.pt,50,0,room,7.359472274780273,5.639837265014648,26.12297248840332
ambience_004089.pt,50,0,room,7.342710494995117,5.619617462158203,25.92912483215332
ambience_004090.pt,50,0,room,7.5833024978637695,5.3665924072265625,26.324872970581055
ambience_004091.pt,50,0,room,7.4100422859191895,5.478285312652588,25.406322479248047
ambience_004092.pt,50,0,room,7.322201251983643,5.641494274139404,25.352832794189453
ambience_004093.pt,50,0,room,7.3521881103515625,5.571643829345703,26.538679122924805
ambience_004094.pt,50,0,room,7.323274612426758,5.650076866149902,25.86556625366211
ambience_004095.pt,50,0,room,7.431506156921387,5.524393081665039,26.35067367553711
ambience_004096.pt,50,0,room,7.357629776000977,5.4944071769714355,24.725677490234375
ambience_004097.pt,50,0,room,7.384586811065674,5.474953651428223,26.84650421142578
ambience_004098.pt,50,0,room,7.545323371887207,5.454766750335693,25.20210075378418
ambience_004099.pt,50,0,room,7.3779296875,5.403425216674805,25.065366744995117
ambience_004100.pt,50,0,room,7.444517612457275,5.4258270263671875,25.885765075683594
ambience_004101.pt,50,0,room,7.434132099151611,5.454310894012451,25.72089385986328
ambience_004102.pt,50,0,room,7.5068039894104,5.4748148918151855,25.00926971435547
ambience_004103.pt,50,0,room,7.646353244781494,5.258543968200684,25.549287796020508
ambience_004104.pt,50,0,room,7.543952941894531,5.312494277954102,25.426219940185547
ambience_004105.pt,50,0,room,7.5010480880737305,5.451041221618652,25.564090728759766
ambience_004106.pt,50,0,room,7.405528545379639,5.550184726715088,25.565208435058594
ambience_004107.pt,50,0,room,7.362720966339111,5.540102958679199,24.540767669677734
ambience_004108.pt,50,0,room,7.473389148712158,5.5096330642700195,25.811416625976562
ambience_004109.pt,50,0,room,7.28286600112915,5.556354522705078,24.98185920715332
ambience_004110.pt,50,0,room,7.292596817016602,5.644050598144531,26.247053146362305
ambience_004111.pt,50,0,room,7.4769134521484375,5.561878681182861,26.058643341064453
ambience_004112.pt,50,0,room,7.480870246887207,5.525187015533447,26.07081413269043
ambience_004113.pt,50,0,room,7.448648452758789,5.482832431793213,26.965370178222656
ambience_004114.pt,50,0,room,7.367199897766113,5.567986011505127,26.408599853515625
ambience_004115.pt,50,0,room,7.322067737579346,5.554374694824219,25.646862030029297
ambience_004116.pt,50,0,room,7.381486892700195,5.624427318572998,25.630107879638672
ambience_004117.pt,50,0,room,7.343539714813232,5.599350452423096,26.135557174682617
ambience_004118.pt,50,0,room,7.46486234664917,5.473479747772217,25.952653884887695
ambience_004119.pt,50,0,room,7.42293119430542,5.549922466278076,25.567434310913086
ambience_004120.pt,50,0,room,7.386355876922607,5.474345684051514,25.719200134277344
ambience_004121.pt,50,0,room,7.223249435424805,5.594305515289307,25.124862670898438
ambience_004122.pt,50,0,room,7.465049743652344,5.441253662109375,25.534503936767578
ambience_004123.pt,50,0,room,7.445347309112549,5.456453800201416,25.45000457763672
ambience_004124.pt,50,0,room,7.299440383911133,5.616738796234131,25.429536819458008
ambience_004125.pt,50,0,room,7.354350566864014,5.617224216461182,25.571014404296875
ambience_004126.pt,50,0,room,7.348939418792725,5.640172481536865,26.457454681396484
ambience_004127.pt,50,0,room,7.364671230316162,5.518864631652832,26.00721549987793
ambience_004128.pt,50,0,room,7.442930698394775,5.479516506195068,26.312864303588867
ambience_004129.pt,50,0,room,7.3808064460754395,5.509559154510498,25.818012237548828
ambience_004130.pt,50,0,room,7.468276500701904,5.520974159240723,25.260234832763672
ambience_004131.pt,50,0,room,7.4558939933776855,5.5364089012146,26.873878479003906
ambience_004132.pt,50,0,room,7.3976216316223145,5.492332935333252,25.534015655517578
ambience_004133.pt,50,0,room,7.4745378494262695,5.498897075653076,26.08478546142578
ambience_004134.pt,50,0,room,7.485801696777344,5.475943565368652,26.230745315551758
ambience_004135.pt,50,0,room,7.357019424438477,5.5676960945129395,25.469100952148438
ambience_004136.pt,50,0,room,7.43603515625,5.487152576446533,26.292217254638672
ambience_004137.pt,50,0,room,7.4961042404174805,5.542073726654053,25.72406005859375
ambience_004138.pt,50,0,room,7.582464694976807,5.509301662445068,25.621623992919922
ambience_004139.pt,50,0,room,7.476873874664307,5.508440971374512,26.060710906982422
ambience_004140.pt,50,0,room,7.368173599243164,5.59809684753418,26.16904067993164
ambience_004141.pt,50,0,room,7.543115139007568,5.371382236480713,25.551340103149414
ambience_004142.pt,50,0,room,7.494224548339844,5.45785665512085,25.183929443359375
ambience_004143.pt,50,0,room,7.407208442687988,5.574256896972656,24.838241577148438
ambience_004144.pt,50,0,room,7.385226249694824,5.6055989265441895,25.767635345458984
ambience_004145.pt,50,0,room,7.306289196014404,5.585441589355469,25.753116607666016
ambience_004146.pt,50,0,room,7.3514790534973145,5.586538791656494,25.415163040161133
ambience_004147.pt,50,0,room,7.478864669799805,5.523092269897461,25.32757568359375
ambience_004148.pt,50,0,room,7.399474620819092,5.534893989562988,25.74613380432129
ambience_004149.pt,50,0,room,7.355356216430664,5.694859504699707,26.2332706451416
ambience_004150.pt,50,0,room,7.421265125274658,5.467571258544922,25.733640670776367
ambience_004151.pt,50,0,room,7.485485553741455,5.445625305175781,25.439403533935547
ambience_004152.pt,50,0,room,7.531975269317627,5.503044128417969,26.1251277923584
ambience_004153.pt,50,0,room,7.499769687652588,5.526788711547852,25.688968658447266
ambience_004154.pt,50,0,room,7.4739885330200195,5.499084949493408,26.37737464904785
ambience_004155.pt,50,0,room,7.486052989959717,5.558595657348633,25.93665313720703
ambience_004156.pt,50,0,room,7.415545463562012,5.508291244506836,25.266828536987305
ambience_004157.pt,50,0,room,7.454632759094238,5.600863456726074,26.114330291748047
ambience_004158.pt,50,0,room,7.447275161743164,5.497689247131348,26.1226806640625
ambience_004159.pt,50,0,room,7.414215564727783,5.5757293701171875,25.890825271606445
ambience_004160.pt,50,0,room,7.304600715637207,5.693443775177002,25.727474212646484
ambience_004161.pt,50,0,room,7.418197154998779,5.587591171264648,26.584857940673828
ambience_004162.pt,50,0,room,7.466953754425049,5.504140377044678,25.818389892578125
ambience_004163.pt,50,0,room,7.417001724243164,5.562102317810059,26.35433006286621
ambience_004164.pt,50,0,room,7.27732515335083,5.685161113739014,26.404930114746094
ambience_004165.pt,50,0,room,7.440218925476074,5.682530879974365,26.011207580566406
ambience_004166.pt,50,0,room,7.587110996246338,5.463097095489502,26.2020206451416
ambience_004167.pt,50,0,room,7.286365985870361,5.70619535446167,25.387073516845703
ambience_004168.pt,50,0,room,7.472236156463623,5.444850921630859,25.060932159423828
ambience_004169.pt,50,0,room,7.42991828918457,5.589175224304199,26.66092300415039
ambience_004170.pt,50,0,room,7.526697158813477,5.552860260009766,26.10274314880371
ambience_004171.pt,50,0,room,7.458988666534424,5.480136394500732,25.782608032226562
ambience_004172.pt,50,0,room,7.40186882019043,5.556187152862549,25.48099136352539
ambience_004173.pt,50,0,room,7.350102424621582,5.498764514923096,25.164348602294922
ambience_004174.pt,50,0,room,7.350112438201904,5.507332801818848,25.46084976196289
ambience_004175.pt,50,0,room,7.3134307861328125,5.64396333694458,26.18157386779785
ambience_004176.pt,50,0,room,7.475594997406006,5.629651069641113,25.000049591064453
ambience_004177.pt,50,0,room,7.40333890914917,5.693976402282715,26.376976013183594
ambience_004178.pt,50,0,room,7.459068775177002,5.5839762687683105,25.016433715820312
ambience_004179.pt,50,0,room,7.525529861450195,5.45208740234375,26.294281005859375
ambience_004180.pt,50,0,room,7.418283462524414,5.510422229766846,25.20982551574707
ambience_004181.pt,50,0,room,7.530022144317627,5.506502151489258,25.759380340576172
ambience_004182.pt,50,0,room,7.438966751098633,5.646786689758301,26.881380081176758
ambience_004183.pt,50,0,room,7.328197002410889,5.542006492614746,26.140745162963867
ambience_004184.pt,50,0,room,7.347843647003174,5.562339782714844,26.044536590576172
ambience_004185.pt,50,0,room,7.2620625495910645,5.670995712280273,25.584095001220703
ambience_004186.pt,50,0,room,7.39964485168457,5.482823848724365,24.855491638183594
ambience_004187.pt,50,0,room,7.526844501495361,5.5411906242370605,26.044252395629883
ambience_004188.pt,50,0,room,7.604867935180664,5.50633430480957,25.56096649169922
ambience_004189.pt,50,0,room,7.485067844390869,5.52710485458374,26.150089263916016
ambience_004190.pt,50,0,room,7.330857753753662,5.5691986083984375,24.944917678833008
ambience_004191.pt,50,0,room,7.420915126800537,5.530869960784912,25.87938117980957
ambience_004192.pt,50,0,room,7.414882183074951,5.528457164764404,24.856300354003906
ambience_004193.pt,50,0,room,7.471571445465088,5.497155666351318,25.369165420532227
ambience_004194.pt,50,0,room,7.417685031890869,5.5437421798706055,26.107789993286133
ambience_004195.pt,50,0,room,7.505079746246338,5.483590602874756,25.194414138793945
ambience_004196.pt,50,0,room,7.281555652618408,5.588761329650879,26.265470504760742
ambience_004197.pt,50,0,room,7.480919361114502,5.44195032119751,25.471059799194336
ambience_004198.pt,50,0,room,7.417693614959717,5.537397384643555,25.840991973876953
ambience_004199.pt,50,0,room,7.4495530128479,5.429919242858887,25.018177032470703
ambience_004200.pt,50,0,room,7.456114292144775,5.415763854980469,24.641887664794922
ambience_004201.pt,50,0,room,7.420373439788818,5.526247024536133,25.21897315979004
ambience_004202.pt,50,0,room,7.377835273742676,5.519073963165283,25.077011108398438
ambience_004203.pt,50,0,room,7.303044319152832,5.654448986053467,26.57665252685547
ambience_004204.pt,50,0,room,7.435492038726807,5.487826824188232,26.97320556640625
ambience_004205.pt,50,0,room,7.439202785491943,5.625498294830322,25.771190643310547
ambience_004206.pt,50,0,room,7.433213710784912,5.498073577880859,25.37166976928711
ambience_004207.pt,50,0,room,7.37295389175415,5.530158042907715,25.005510330200195
ambience_004208.pt,50,0,room,7.50633430480957,5.48219108581543,26.405241012573242
ambience_004209.pt,50,0,room,7.499714374542236,5.4640069007873535,24.97022819519043
ambience_004210.pt,50,0,room,7.4617414474487305,5.516166687011719,25.123071670532227
ambience_004211.pt,50,0,room,7.486697673797607,5.569784164428711,25.504608154296875
ambience_004212.pt,50,0,room,7.426544666290283,5.464026927947998,24.84889793395996
ambience_004213.pt,50,0,room,7.394172668457031,5.486745834350586,25.009769439697266
ambience_004214.pt,50,0,room,7.3553876876831055,5.628430366516113,25.38620948791504
ambience_004215.pt,50,0,room,7.376279830932617,5.455988883972168,25.659353256225586
ambience_004216.pt,50,0,room,7.3265180587768555,5.603818416595459,25.56476402282715
ambience_004217.pt,50,0,room,7.5869140625,5.429360389709473,26.309669494628906
ambience_004218.pt,50,0,room,7.388134956359863,5.640156269073486,25.980979919433594
drone_002351.pt,50,1,Yarkon rosh zipor,7.612182140350342,5.675659656524658,25.741188049316406
drone_002352.pt,50,1,Yarkon rosh zipor,6.5699143409729,7.05070686340332,26.231470108032227
drone_002353.pt,50,1,Yarkon rosh zipor,4.852612018585205,6.668712615966797,24.791446685791016
drone_002354.pt,50,1,Yarkon rosh zipor,3.565988302230835,6.901755332946777,23.615524291992188
drone_002355.pt,50,1,Yarkon rosh zipor,2.225372314453125,7.418612957000732,24.077392578125
drone_002356.pt,50,1,Yarkon rosh zipor,2.373713970184326,7.288540363311768,23.23895263671875
drone_002357.pt,50,1,Yarkon rosh zipor,2.6849992275238037,7.558469295501709,26.420345306396484
drone_002358.pt,50,1,Yarkon rosh zipor,3.9794533252716064,6.850430488586426,22.80154037475586
drone_002359.pt,50,1,Yarkon rosh zipor,4.268754959106445,6.545636177062988,23.424348831176758
drone_002360.pt,50,1,Yarkon rosh zipor,4.910211563110352,6.145020961761475,24.157743453979492
drone_002361.pt,50,1,Yarkon rosh zipor,2.662977457046509,7.8654279708862305,24.070627212524414
drone_002362.pt,50,1,Yarkon rosh zipor,-1.425096869468689,10.316370010375977,24.73016929626465
drone_002363.pt,50,1,Yarkon rosh zipor,-0.9917343258857727,10.586483001708984,27.75678825378418
drone_002364.pt,50,1,Yarkon rosh zipor,4.387759208679199,7.52418327331543,27.514244079589844
drone_002365.pt,50,1,Yarkon rosh zipor,6.595855712890625,6.301026821136475,26.6883544921875
drone_002366.pt,50,1,Yarkon rosh zipor,7.293565273284912,5.922271251678467,24.65277862548828
drone_002367.pt,50,1,Yarkon rosh zipor,5.656655788421631,6.378598690032959,24.22130584716797
drone_002368.pt,50,1,Yarkon rosh zipor,4.246218204498291,6.6456298828125,24.30018424987793
drone_002369.pt,50,1,Yarkon rosh zipor,3.388932704925537,6.97557258605957,25.004077911376953
drone_002370.pt,50,1,Yarkon rosh zipor,1.640222191810608,7.160581111907959,25.1595401763916
drone_002371.pt,50,1,Yarkon rosh zipor,2.257925271987915,6.73807430267334,24.674301147460938
drone_002372.pt,50,1,Yarkon rosh zipor,0.7171304225921631,6.7768940925598145,24.922616958618164
drone_002373.pt,50,1,Yarkon rosh zipor,0.5740463137626648,6.985846519470215,24.392690658569336
drone_002374.pt,50,1,Yarkon rosh zipor,-0.8082877993583679,7.962691307067871,26.60592269897461
drone_002375.pt,50,1,Yarkon rosh zipor,-0.12997840344905853,7.207705974578857,28.031435012817383
drone_002376.pt,50,1,Yarkon rosh zipor,-0.6217871904373169,7.469043731689453,25.4134521484375
drone_002377.pt,50,1,Yarkon rosh zipor,-0.033500269055366516,7.869096755981445,24.403282165527344
drone_002378.pt,50,1,Yarkon rosh zipor,0.25328394770622253,8.148489952087402,25.519908905029297
drone_002379.pt,50,1,Yarkon rosh zipor,-0.8442915081977844,8.500993728637695,25.06869125366211
drone_002380.pt,50,1,Yarkon rosh zipor,-0.13968880474567413,8.794994354248047,24.539873123168945
drone_002381.pt,50,1,Yarkon rosh zipor,-0.24205908179283142,8.813700675964355,23.108158111572266
drone_002382.pt,50,1,Yarkon rosh zipor,-0.06266622990369797,8.818543434143066,26.14712905883789
drone_002383.pt,50,1,Yarkon rosh zipor,-1.9926059246063232,9.67538833618164,25.467838287353516
drone_002384.pt,50,1,Yarkon rosh zipor,-3.713397264480591,10.175336837768555,25.167543411254883
drone_002385.pt,50,1,Yarkon rosh zipor,-3.5652577877044678,10.399419784545898,24.270151138305664
drone_002386.pt,50,1,Yarkon rosh zipor,-3.209826707839966,10.68221664428711,26.34727668762207
drone_002387.pt,50,1,Yarkon rosh zipor,-3.6600334644317627,11.23595905303955,24.749679565429688
drone_002388.pt,50,1,Yarkon rosh zipor,-3.0360794067382812,11.0193510055542,25.534324645996094
drone_002389.pt,50,1,Yarkon rosh zipor,-4.329704761505127,11.218063354492188,25.10941505432129
drone_002390.pt,50,1,Yarkon rosh zipor,-5.128317356109619,11.306440353393555,25.032079696655273
drone_002391.pt,50,1,Yarkon rosh zipor,-4.167457103729248,11.389037132263184,25.898998260498047
drone_002392.pt,50,1,Yarkon rosh zipor,-4.158163547515869,11.591773986816406,26.779491424560547
drone_002393.pt,50,1,Yarkon rosh zipor,-3.3137624263763428,11.205902099609375,28.24718475341797
drone_002394.pt,50,1,Yarkon rosh zipor,-2.8813703060150146,10.917920112609863,24.639057159423828
drone_002395.pt,50,1,Yarkon rosh zipor,-2.468528985977173,10.942670822143555,22.99176025390625
drone_002396.pt,50,1,Yarkon rosh zipor,-1.6284034252166748,10.942330360412598,25.35921859741211
drone_002397.pt,50,1,Yarkon rosh zipor,-1.6768242120742798,11.10169506072998,25.98360824584961
drone_002398.pt,50,1,Yarkon rosh zipor,-1.7432743310928345,10.825033187866211,24.095916748046875
drone_002399.pt,50,1,Yarkon rosh zipor,-2.377581834793091,10.537703514099121,22.17205047607422
drone_002400.pt,50,1,Yarkon rosh zipor,-1.8532992601394653,10.259559631347656,25.122459411621094
drone_002401.pt,50,1,Yarkon rosh zipor,0.3398539125919342,8.450874328613281,24.43952178955078
drone_002402.pt,50,1,Yarkon rosh zipor,3.3944215774536133,6.804387092590332,23.34103775024414
drone_002403.pt,50,1,Yarkon rosh zipor,3.6235954761505127,6.875709533691406,23.551578521728516
drone_002404.pt,50,1,Yarkon rosh zipor,0.5128481388092041,8.728891372680664,25.87080955505371
drone_002405.pt,50,1,Yarkon rosh zipor,-1.1694458723068237,10.513542175292969,24.573974609375
drone_002406.pt,50,1,Yarkon rosh zipor,-1.4660342931747437,10.647290229797363,24.33542251586914
drone_002407.pt,50,1,Yarkon rosh zipor,-2.6528725624084473,10.394417762756348,25.44600486755371
drone_002408.pt,50,1,Yarkon rosh zipor,-2.5913007259368896,10.458911895751953,22.570240020751953
drone_002409.pt,50,1,Yarkon rosh zipor,-2.348623752593994,10.429900169372559,23.679378509521484
drone_002410.pt,50,1,Yarkon rosh zipor,-1.287500262260437,10.140785217285156,23.756990432739258
drone_002411.pt,50,1,Yarkon rosh zipor,-1.0748581886291504,9.256965637207031,24.818220138549805
drone_002412.pt,50,1,Yarkon rosh zipor,0.43421345949172974,8.208552360534668,25.35894775390625
drone_002413.pt,50,1,Yarkon rosh zipor,1.187351107597351,7.425567626953125,25.329858779907227
drone_002414.pt,50,1,Yarkon rosh zipor,0.8148715496063232,7.024887561798096,22.125591278076172
drone_002415.pt,50,1,Yarkon rosh zipor,0.10907246917486191,7.477452754974365,22.101455688476562
drone_002416.pt,50,1,Yarkon rosh zipor,-0.32300814986228943,7.814842700958252,22.207191467285156
drone_002417.pt,50,1,Yarkon rosh zipor,-1.5315155982971191,8.431504249572754,22.47066879272461
drone_002418.pt,50,1,Yarkon rosh zipor,-1.4401990175247192,8.731496810913086,21.96395492553711
drone_002419.pt,50,1,Yarkon rosh zipor,-3.2895452976226807,9.653892517089844,21.837614059448242
drone_002420.pt,50,1,Yarkon rosh zipor,-4.4525346755981445,10.184945106506348,22.993724822998047
drone_002421.pt,50,1,Yarkon rosh zipor,-4.119325160980225,10.257582664489746,22.295185089111328
drone_002422.pt,50,1,Yarkon rosh zipor,-4.301103115081787,10.099000930786133,22.560033798217773
drone_002423.pt,50,1,Yarkon rosh zipor,-3.3406624794006348,10.37457275390625,24.273435592651367
drone_002424.pt,50,1,Yarkon rosh zipor,-3.467785120010376,10.19444751739502,25.328144073486328
drone_002425.pt,50,1,Yarkon rosh zipor,-3.924253225326538,10.139121055603027,27.851539611816406
drone_002426.pt,50,1,Yarkon rosh zipor,-4.291798114776611,10.04207992553711,23.81707763671875
drone_002427.pt,50,1,Yarkon rosh zipor,-4.327847480773926,10.11031436920166,22.293498992919922
drone_002428.pt,50,1,Yarkon rosh zipor,-3.6224632263183594,10.116300582885742,24.02961540222168
drone_002429.pt,50,1,Yarkon rosh zipor,-1.755792260169983,9.870512008666992,23.548538208007812
drone_002430.pt,50,1,Yarkon rosh zipor,-1.1678004264831543,9.231036186218262,22.492277145385742
drone_002431.pt,50,1,Yarkon rosh zipor,-0.18759030103683472,8.726871490478516,23.433523178100586
drone_002432.pt,50,1,Yarkon rosh zipor,-1.1173230409622192,8.615177154541016,22.671783447265625
drone_002433.pt,50,1,Yarkon rosh zipor,-1.1304166316986084,8.65172004699707,23.056533813476562
drone_002434.pt,50,1,Yarkon rosh zipor,-2.518850564956665,9.305280685424805,23.233137130737305
drone_002435.pt,50,1,Yarkon rosh zipor,-3.2820589542388916,9.762894630432129,23.845584869384766
drone_002436.pt,50,1,Yarkon rosh zipor,-3.506877899169922,9.675726890563965,21.175262451171875
drone_002437.pt,50,1,Yarkon rosh zipor,-2.61775279045105,9.080541610717773,22.106853485107422
drone_002438.pt,50,1,Yarkon rosh zipor,-1.2118545770645142,8.289297103881836,22.65460205078125
drone_002439.pt,50,1,Yarkon rosh zipor,-1.1217328310012817,7.955414772033691,22.92214584350586
drone_002440.pt,50,1,Yarkon rosh zipor,-1.9283069372177124,8.417886734008789,24.188983917236328
drone_002441.pt,50,1,Yarkon rosh zipor,-2.671741247177124,9.330390930175781,23.667076110839844
drone_002442.pt,50,1,Yarkon rosh zipor,-3.984332799911499,9.516046524047852,21.596233367919922
drone_002443.pt,50,1,Yarkon rosh zipor,-4.933203220367432,10.779557228088379,22.972103118896484
drone_002444.pt,50,1,Yarkon rosh zipor,-4.802211284637451,10.864856719970703,22.957740783691406
drone_002445.pt,50,1,Yarkon rosh zipor,-4.136665344238281,10.763026237487793,22.996341705322266
drone_002446.pt,50,1,Yarkon rosh zipor,-3.5131607055664062,10.136709213256836,23.680381774902344
drone_002447.pt,50,1,Yarkon rosh zipor,-3.6483840942382812,10.250937461853027,23.035852432250977
drone_002448.pt,50,1,Yarkon rosh zipor,-2.1447324752807617,9.099693298339844,24.689838409423828
drone_002449.pt,50,1,Yarkon rosh zipor,0.16659976541996002,8.657295227050781,26.34978485107422
drone_002450.pt,50,1,Yarkon rosh zipor,0.736691415309906,9.295500755310059,27.438159942626953
drone_002451.pt,50,1,Yarkon rosh zipor,-0.7419052124023438,9.786372184753418,25.34120750427246
drone_002452.pt,50,1,Yarkon rosh zipor,-3.77473521232605,11.244263648986816,25.865190505981445
drone_002453.pt,50,1,Yarkon rosh zipor,-3.287919759750366,10.256807327270508,21.946918487548828
drone_002454.pt,50,1,Yarkon rosh zipor,-5.980291366577148,9.10307788848877,21.71567726135254
drone_002455.pt,50,1,Yarkon rosh zipor,-7.650641918182373,8.953170776367188,20.39497184753418
drone_002456.pt,50,1,Yarkon rosh zipor,-4.278457164764404,8.329282760620117,20.41303825378418
drone_002457.pt,50,1,Yarkon rosh zipor,-2.8202250003814697,7.982190132141113,20.575580596923828
drone_002458.pt,50,1,Yarkon rosh zipor,-3.826906681060791,7.890571594238281,19.91290283203125
drone_002459.pt,50,1,Yarkon rosh zipor,2.222909688949585,5.3660807609558105,21.580673217773438
drone_002460.pt,50,1,Yarkon rosh zipor,0.5433745980262756,6.226991653442383,20.688678741455078
drone_002461.pt,50,1,Yarkon rosh zipor,-1.7929229736328125,6.204294204711914,19.655759811401367
drone_002462.pt,50,1,Yarkon rosh zipor,-1.2681083679199219,5.976491928100586,20.430130004882812
drone_002463.pt,50,1,Yarkon rosh zipor,-2.646766424179077,6.503739833831787,19.536636352539062
drone_002464.pt,50,1,Yarkon rosh zipor,-2.003969430923462,6.394933223724365,19.469032287597656
drone_002465.pt,50,1,Yarkon rosh zipor,-0.21541935205459595,6.307168960571289,20.086406707763672
drone_002466.pt,50,1,Yarkon rosh zipor,2.6964409351348877,6.1869587898254395,21.63747787475586
drone_002467.pt,50,1,Yarkon rosh zipor,1.841468334197998,6.801202774047852,21.36478042602539
drone_002468.pt,50,1,Yarkon rosh zipor,4.654750347137451,5.597066402435303,22.908092498779297
drone_002469.pt,50,1,Yarkon rosh zipor,2.274182081222534,5.442638397216797,21.129215240478516
drone_002470.pt,50,1,Yarkon rosh zipor,1.5875287055969238,5.64280891418457,22.842557907104492
drone_002471.pt,50,1,Yarkon rosh zipor,0.698721170425415,5.812121868133545,20.17328643798828
drone_002472.pt,50,1,Yarkon rosh zipor,-0.16237641870975494,6.867208957672119,19.683353424072266
drone_002473.pt,50,1,Yarkon rosh zipor,-0.6098535060882568,7.372550010681152,19.702346801757812
drone_002474.pt,50,1,Yarkon rosh zipor,-1.1693683862686157,7.630204200744629,22.800748825073242
drone_002475.pt,50,1,Yarkon rosh zipor,-2.7312214374542236,7.991044521331787,19.95842742919922
drone_002476.pt,50,1,Yarkon rosh zipor,-2.4906556606292725,8.675885200500488,25.766611099243164
drone_002477.pt,50,1,Yarkon rosh zipor,-3.131523847579956,8.548029899597168,19.008920669555664
drone_002478.pt,50,1,Yarkon rosh zipor,-4.114753246307373,8.873498916625977,19.978971481323242
drone_002479.pt,50,1,Yarkon rosh zipor,-2.7207350730895996,8.766627311706543,23.708946228027344
drone_002480.pt,50,1,Yarkon rosh zipor,-2.3031973838806152,8.751236915588379,21.46657943725586
drone_002481.pt,50,1,Yarkon rosh zipor,-1.5115439891815186,9.019503593444824,24.362430572509766
drone_002482.pt,50,1,Yarkon rosh zipor,-2.164608955383301,8.795660972595215,22.085586547851562
drone_002483.pt,50,1,Yarkon rosh zipor,-2.464625358581543,8.890270233154297,22.128084182739258
drone_002484.pt,50,1,Yarkon rosh zipor,-1.4289239645004272,8.351486206054688,21.528564453125
drone_002485.pt,50,1,Yarkon rosh zipor,-0.9595033526420593,7.9817328453063965,23.801496505737305
drone_002486.pt,50,1,Yarkon rosh zipor,1.1847904920578003,7.238806247711182,22.113162994384766
drone_002487.pt,50,1,Yarkon rosh zipor,-0.879473090171814,7.94666051864624,21.78781509399414
drone_002488.pt,50,1,Yarkon rosh zipor,-0.946831464767456,8.078967094421387,21.895723342895508
drone_002489.pt,50,1,Yarkon rosh zipor,-0.8112840056419373,8.251561164855957,21.670841217041016
drone_002490.pt,50,1,Yarkon rosh zipor,-1.051647424697876,8.337972640991211,21.081907272338867
drone_002491.pt,50,1,Yarkon rosh zipor,-0.9354441165924072,8.894847869873047,23.348970413208008
drone_002492.pt,50,1,Yarkon rosh zipor,-0.27744007110595703,8.649765968322754,22.258337020874023
drone_002493.pt,50,1,Yarkon rosh zipor,-0.8484703302383423,8.5020112991333,22.945796966552734
drone_002494.pt,50,1,Yarkon rosh zipor,-0.6662017703056335,8.142664909362793,21.938743591308594
drone_002495.pt,50,1,Yarkon rosh zipor,-0.3346843719482422,8.546195030212402,21.777782440185547
drone_002496.pt,50,1,Yarkon rosh zipor,-0.9092835783958435,8.477149963378906,24.64911651611328
drone_002497.pt,50,1,Yarkon rosh zipor,-1.250832200050354,8.520413398742676,23.98248291015625
drone_002498.pt,50,1,Yarkon rosh zipor,-0.19890618324279785,7.542206287384033,22.611665725708008
drone_002499.pt,50,1,Yarkon rosh zipor,1.6120376586914062,6.954976558685303,22.817203521728516
drone_002500.pt,50,1,Yarkon rosh zipor,3.000446319580078,6.10059118270874,24.139781951904297
drone_002501.pt,50,1,Yarkon rosh zipor,6.762051105499268,5.7939043045043945,30.09282875061035
drone_002502.pt,50,1,Yarkon rosh zipor,3.7629172801971436,6.699883937835693,29.019466400146484
drone_002503.pt,50,1,Yarkon rosh zipor,0.8862360119819641,6.933278560638428,25.776033401489258
drone_002504.pt,50,1,Yarkon rosh zipor,-0.28589746356010437,7.447950839996338,25.45724105834961
drone_002505.pt,50,1,Yarkon rosh zipor,-3.315574884414673,8.132658958435059,23.99305534362793
drone_002506.pt,50,1,Yarkon rosh zipor,-0.9371140003204346,8.319069862365723,24.239070892333984
drone_002507.pt,50,1,Yarkon rosh zipor,-0.05068352073431015,8.963460922241211,22.76715850830078
drone_002508.pt,50,1,Yarkon rosh zipor,-1.4767088890075684,9.202716827392578,26.823978424072266
drone_002509.pt,50,1,Yarkon rosh zipor,0.3662133514881134,9.115316390991211,22.611743927001953
drone_002510.pt,50,1,Yarkon rosh zipor,1.1952378749847412,8.868013381958008,21.520294189453125
drone_002511.pt,50,1,Yarkon rosh zipor,0.24246524274349213,9.641427040100098,22.057987213134766
drone_002512.pt,50,1,Yarkon rosh zipor,-2.0955216884613037,9.46449089050293,26.20185661315918
drone_002513.pt,50,1,Yarkon rosh zipor,-3.1340742111206055,9.583480834960938,22.640827178955078
drone_002514.pt,50,1,Yarkon rosh zipor,-3.0521066188812256,9.399948120117188,23.8866024017334
drone_002515.pt,50,1,Yarkon rosh zipor,-4.269399642944336,9.471394538879395,22.788040161132812
drone_002516.pt,50,1,Yarkon rosh zipor,-2.064565658569336,8.932861328125,23.822879791259766
drone_002517.pt,50,1,Yarkon rosh zipor,-1.6252562999725342,8.581761360168457,24.786479949951172
drone_002518.pt,50,1,Yarkon rosh zipor,-0.9603382349014282,8.428064346313477,24.718435287475586
drone_002519.pt,50,1,Yarkon rosh zipor,-0.8968619704246521,8.181112289428711,20.908462524414062
drone_002520.pt,50,1,Yarkon rosh zipor,-1.3123587369918823,7.914892673492432,22.064226150512695
drone_002521.pt,50,1,Yarkon rosh zipor,-2.089777946472168,7.636456489562988,24.06989097595215
drone_002522.pt,50,1,Yarkon rosh zipor,1.0111196041107178,6.093474388122559,28.027999877929688
drone_002523.pt,50,1,Yarkon rosh zipor,4.558437347412109,4.95731782913208,22.927579879760742
drone_002524.pt,50,1,Yarkon rosh zipor,6.57444429397583,5.3351640701293945,25.57882308959961
drone_002525.pt,50,1,Yarkon rosh zipor,8.402556419372559,4.992471694946289,23.706661224365234
drone_002526.pt,50,1,Yarkon rosh zipor,7.2586140632629395,5.605623722076416,25.561206817626953
drone_002527.pt,50,1,Yarkon rosh zipor,5.956270217895508,5.773165225982666,25.250019073486328
drone_002528.pt,50,1,Yarkon rosh zipor,6.713367938995361,5.698558807373047,27.958911895751953
drone_002529.pt,50,1,Yarkon rosh zipor,5.893894672393799,5.656442642211914,26.340648651123047
drone_002530.pt,50,1,Yarkon rosh zipor,5.844598770141602,5.53784704208374,23.341854095458984
drone_002531.pt,50,1,Yarkon rosh zipor,5.31023645401001,5.639777660369873,24.047100067138672
drone_002532.pt,50,1,Yarkon rosh zipor,3.316295623779297,6.174960613250732,22.152185440063477
drone_002533.pt,50,1,Yarkon rosh zipor,1.551908016204834,8.00068187713623,23.328895568847656
drone_002534.pt,50,1,Yarkon rosh zipor,0.4882359206676483,8.6388521194458,22.216861724853516
drone_002535.pt,50,1,Yarkon rosh zipor,-0.2211267054080963,9.343245506286621,25.24427032470703
drone_002536.pt,50,1,Yarkon rosh zipor,0.13353215157985687,8.938944816589355,23.265913009643555
drone_002537.pt,50,1,Yarkon rosh zipor,0.4312584102153778,9.054605484008789,23.10103988647461
drone_002538.pt,50,1,Yarkon rosh zipor,-0.09586384147405624,9.66130542755127,22.95564842224121
drone_002539.pt,50,1,Yarkon rosh zipor,-0.05377398803830147,10.01153564453125,24.337989807128906
drone_002540.pt,50,1,Yarkon rosh zipor,-0.0960884615778923,9.91998291015625,23.01629066467285
drone_002541.pt,50,1,Yarkon rosh zipor,-0.0638364851474762,9.771397590637207,22.52438735961914
drone_002542.pt,50,1,Yarkon rosh zipor,0.17208030819892883,9.71826171875,22.69749641418457
drone_002543.pt,50,1,Yarkon rosh zipor,-0.5055863261222839,9.877344131469727,22.944873809814453
drone_002544.pt,50,1,Yarkon rosh zipor,-0.30217286944389343,9.835003852844238,25.577892303466797
drone_002545.pt,50,1,Yarkon rosh zipor,-1.2567200660705566,10.213278770446777,24.89905548095703
drone_002546.pt,50,1,Yarkon rosh zipor,-2.3762829303741455,10.315003395080566,24.655548095703125
drone_002547.pt,50,1,Yarkon rosh zipor,-2.4579060077667236,10.318984985351562,24.532983779907227
drone_002548.pt,50,1,Yarkon rosh zipor,-2.6602225303649902,9.789319038391113,22.076513290405273
drone_002549.pt,50,1,Yarkon rosh zipor,-3.8287606239318848,9.970495223999023,23.518760681152344
drone_002550.pt,50,1,Yarkon rosh zipor,-4.58091402053833,9.935550689697266,25.46043586730957
drone_002551.pt,50,1,Yarkon rosh zipor,-3.8421151638031006,10.114521980285645,24.927471160888672
drone_002552.pt,50,1,Yarkon rosh zipor,-4.028038501739502,9.9545316696167,25.64060401916504
drone_002553.pt,50,1,Yarkon rosh zipor,-4.054716110229492,9.7594575881958,24.248306274414062
drone_002554.pt,50,1,Yarkon rosh zipor,-2.612375497817993,9.066472053527832,23.676319122314453
drone_002555.pt,50,1,Yarkon rosh zipor,-1.2447233200073242,9.010293960571289,23.710172653198242
drone_002556.pt,50,1,Yarkon rosh zipor,-1.0271884202957153,8.580988883972168,25.109546661376953
ambience_004219.pt,50,0,room,-8.377742767333984,5.363969326019287,13.437435150146484
ambience_004220.pt,50,0,room,-9.18747615814209,5.362542152404785,14.931445121765137
ambience_004221.pt,50,0,room,-11.216869354248047,5.875955104827881,11.403552055358887
ambience_004222.pt,50,0,room,-11.015851020812988,6.6174421310424805,12.072410583496094
ambience_004223.pt,50,0,room,-5.750154495239258,5.660550117492676,12.77560043334961
ambience_004224.pt,50,0,room,-6.982028007507324,5.160895347595215,13.731350898742676
ambience_004225.pt,50,0,room,-7.413543701171875,5.520495891571045,12.867223739624023
ambience_004226.pt,50,0,room,-8.064475059509277,5.740015029907227,12.833290100097656
ambience_004227.pt,50,0,room,-8.136945724487305,5.754401683807373,11.856918334960938
ambience_004228.pt,50,0,room,-8.086650848388672,5.8486714363098145,10.926465034484863
ambience_004229.pt,50,0,room,-7.78577995300293,5.637044429779053,12.424531936645508
ambience_004230.pt,50,0,room,-7.436960220336914,5.483527660369873,12.05716609954834
ambience_004231.pt,50,0,room,-7.047143936157227,5.711002826690674,13.057088851928711
ambience_004232.pt,50,0,room,-6.774577617645264,5.550451278686523,12.962126731872559
ambience_004233.pt,50,0,room,-6.903921127319336,5.7965850830078125,11.788025856018066
ambience_004234.pt,50,0,room,-7.462526321411133,5.892335414886475,11.649613380432129
ambience_004235.pt,50,0,room,-7.157783508300781,5.851456642150879,11.239991188049316
ambience_004236.pt,50,0,room,-6.906454086303711,5.658457279205322,11.24847412109375
ambience_004237.pt,50,0,room,-6.4161458015441895,5.4796142578125,12.04609489440918
ambience_004238.pt,50,0,room,-6.519328594207764,5.552707672119141,10.859495162963867
ambience_004239.pt,50,0,room,-6.840723037719727,5.5973052978515625,10.804186820983887
ambience_004240.pt,50,0,room,-8.19016170501709,5.303102016448975,13.025312423706055
ambience_004241.pt,50,0,room,-6.315025806427002,5.810680389404297,12.671091079711914
ambience_004242.pt,50,0,room,-7.38050651550293,5.884387493133545,12.182342529296875
ambience_004243.pt,50,0,room,-7.791380405426025,5.468842506408691,11.6058931350708
ambience_004244.pt,50,0,room,-6.8210129737854,6.312364101409912,16.608882904052734
ambience_004245.pt,50,0,room,-6.1961212158203125,5.779330253601074,15.93436336517334
ambience_004246.pt,50,0,room,-4.989989757537842,5.971458911895752,19.907638549804688
ambience_004247.pt,50,0,room,-4.099910736083984,6.017312049865723,16.352096557617188
ambience_004248.pt,50,0,room,-10.188546180725098,6.223844051361084,13.049766540527344
ambience_004249.pt,50,0,room,-7.5169596672058105,5.455439567565918,10.868364334106445
ambience_004250.pt,50,0,room,-7.642970085144043,5.419930458068848,13.238373756408691
ambience_004251.pt,50,0,room,-7.391786575317383,5.2916340827941895,11.934700012207031
ambience_004252.pt,50,0,room,-7.413500785827637,5.57736349105835,12.374247550964355
ambience_004253.pt,50,0,room,-7.416503429412842,5.558071136474609,14.163159370422363
ambience_004254.pt,50,0,room,-10.836738586425781,6.510644435882568,11.547027587890625
ambience_004255.pt,50,0,room,-13.470605850219727,6.783137798309326,11.362337112426758
ambience_004256.pt,50,0,room,-13.0337553024292,6.500914096832275,10.18781852722168
ambience_004257.pt,50,0,room,-12.120553016662598,6.404383659362793,13.147989273071289
ambience_004258.pt,50,0,room,-11.337594032287598,6.333115100860596,11.389213562011719
ambience_004259.pt,50,0,room,-7.5470733642578125,8.83633041381836,31.348054885864258
ambience_004260.pt,50,0,room,-10.740476608276367,7.143301486968994,15.672167778015137
ambience_004261.pt,50,0,room,-12.294336318969727,6.67056131362915,13.049678802490234
ambience_004262.pt,50,0,room,-11.802987098693848,6.615920066833496,12.296285629272461
ambience_004263.pt,50,0,room,-7.887585163116455,9.199288368225098,35.53131103515625
ambience_004264.pt,50,0,room,-12.650826454162598,6.407999038696289,12.31662654876709
ambience_004265.pt,50,0,room,-12.89303207397461,6.516932487487793,12.68941879272461
ambience_004266.pt,50,0,room,-12.351675987243652,6.575525283813477,13.233977317810059
ambience_004267.pt,50,0,room,-12.795025825500488,6.50490140914917,12.675971031188965
ambience_004268.pt,50,0,room,-12.88055419921875,6.478972911834717,12.784911155700684
ambience_004269.pt,50,0,room,-12.963833808898926,6.349377632141113,9.998335838317871
ambience_004270.pt,50,0,room,-12.3573579788208,6.215829372406006,10.259424209594727
ambience_004271.pt,50,0,room,-12.532506942749023,6.455557346343994,12.060039520263672
ambience_004272.pt,50,0,room,-12.326862335205078,6.31862735748291,12.470301628112793
ambience_004273.pt,50,0,room,-12.221044540405273,6.828073501586914,13.007421493530273
ambience_004274.pt,50,0,room,-11.50056266784668,7.129064559936523,12.154626846313477
ambience_004275.pt,50,0,room,-11.211315155029297,6.477595329284668,14.310495376586914
ambience_004276.pt,50,0,room,-10.416953086853027,6.391386985778809,13.82663345336914
ambience_004277.pt,50,0,room,-9.391549110412598,6.298208713531494,12.608932495117188
ambience_004278.pt,50,0,room,-9.581781387329102,6.052724361419678,17.196205139160156
ambience_004279.pt,50,0,room,-9.42345905303955,6.212532043457031,18.893428802490234
ambience_004280.pt,50,0,room,-8.47677993774414,5.312961578369141,11.733882904052734
ambience_004281.pt,50,0,room,-8.097699165344238,5.2857346534729,11.856620788574219
ambience_004282.pt,50,0,room,-9.570274353027344,6.210085868835449,16.81599235534668
ambience_004283.pt,50,0,room,-8.445261001586914,5.777643203735352,15.518218040466309
ambience_004284.pt,50,0,room,-8.9260835647583,5.857483863830566,13.31069564819336
ambience_004285.pt,50,0,room,-9.402989387512207,5.983211517333984,12.545015335083008
ambience_004286.pt,50,0,room,-8.161582946777344,6.554003715515137,17.231735229492188
ambience_004287.pt,50,0,room,-9.647890090942383,5.95542573928833,17.456083297729492
ambience_004288.pt,50,0,room,-10.265767097473145,5.891774654388428,14.681282043457031
ambience_004289.pt,50,0,room,-11.039339065551758,6.142993927001953,13.206521034240723
ambience_004290.pt,50,0,room,-11.561068534851074,6.546242713928223,14.12410831451416
ambience_004291.pt,50,0,room,-11.502084732055664,6.49034309387207,12.202865600585938
ambience_004292.pt,50,0,room,-11.483129501342773,6.386056900024414,12.674056053161621
ambience_004293.pt,50,0,room,-11.07224178314209,6.42432165145874,13.349495887756348
ambience_004294.pt,50,0,room,-10.912917137145996,6.346667289733887,13.000688552856445
ambience_004295.pt,50,0,room,-10.95151424407959,6.423899173736572,12.746795654296875
ambience_004296.pt,50,0,room,-9.74167537689209,6.093298435211182,12.996026039123535
ambience_004297.pt,50,0,room,-9.363450050354004,5.992984294891357,10.95145320892334
ambience_004298.pt,50,0,room,-9.765670776367188,5.737122058868408,13.516907691955566
ambience_004299.pt,50,0,room,-9.38811206817627,5.751676082611084,12.089399337768555
ambience_004300.pt,50,0,room,-10.473998069763184,5.811971187591553,11.022453308105469
ambience_004301.pt,50,0,room,-10.856027603149414,5.890998363494873,11.701687812805176
ambience_004302.pt,50,0,room,-11.357375144958496,6.103469371795654,14.56344985961914
ambience_004303.pt,50,0,room,-11.558038711547852,6.228923797607422,12.857083320617676
ambience_004304.pt,50,0,room,-12.00976276397705,6.437268257141113,13.05215835571289
ambience_004305.pt,50,0,room,-11.272414207458496,6.769543647766113,10.887092590332031
ambience_004306.pt,50,0,room,-12.363802909851074,6.573916912078857,10.962143898010254
ambience_004307.pt,50,0,room,-12.689215660095215,6.450002670288086,11.288969039916992
ambience_004308.pt,50,0,room,-13.355550765991211,6.749122619628906,11.718235969543457
ambience_004309.pt,50,0,room,-12.527795791625977,7.104099273681641,12.271891593933105
ambience_004310.pt,50,0,room,-13.665621757507324,6.6405110359191895,11.385725975036621
ambience_004311.pt,50,0,room,-13.679412841796875,6.843770980834961,12.188311576843262
ambience_004312.pt,50,0,room,-12.770905494689941,6.726975440979004,13.778535842895508
ambience_004313.pt,50,0,room,-12.204235076904297,6.673508167266846,12.406967163085938
ambience_004314.pt,50,0,room,-11.980633735656738,6.612697124481201,11.500744819641113
ambience_004315.pt,50,0,room,-11.66573429107666,6.356411457061768,12.364702224731445
ambience_004316.pt,50,0,room,-12.93945026397705,6.791597366333008,11.140643119812012
ambience_004317.pt,50,0,room,-13.209271430969238,6.750219821929932,10.86964225769043
ambience_004318.pt,50,0,room,-12.678582191467285,6.556238174438477,11.569443702697754
ambience_004319.pt,50,0,room,-12.452642440795898,6.2888503074646,13.044469833374023
ambience_004320.pt,50,0,room,-12.243244171142578,6.289552688598633,10.083283424377441
ambience_004321.pt,50,0,room,-11.293318748474121,6.1319899559021,10.710287094116211
ambience_004322.pt,50,0,room,-10.156139373779297,5.840512752532959,12.942062377929688
ambience_004323.pt,50,0,room,-9.907424926757812,5.823153972625732,12.984731674194336
ambience_004324.pt,50,0,room,-10.084790229797363,5.765967845916748,12.252748489379883
ambience_004325.pt,50,0,room,-11.175090789794922,5.977302074432373,10.044869422912598
ambience_004326.pt,50,0,room,-11.836653709411621,6.155062675476074,12.61550521850586
ambience_004327.pt,50,0,room,-11.344542503356934,6.162452697753906,11.204278945922852
ambience_004328.pt,50,0,room,-10.950949668884277,6.205134391784668,11.916436195373535
ambience_004329.pt,50,0,room,-10.224292755126953,6.4814133644104,12.104253768920898
ambience_004330.pt,50,0,room,-10.449044227600098,6.5448431968688965,12.42742919921875
ambience_004331.pt,50,0,room,-10.495230674743652,6.726658821105957,13.81380844116211
ambience_004332.pt,50,0,room,-11.188400268554688,6.639283657073975,13.013154983520508
ambience_004333.pt,50,0,room,-11.973357200622559,6.85443115234375,13.78542709350586
ambience_004334.pt,50,0,room,-12.38717269897461,7.002374172210693,12.242684364318848
ambience_004335.pt,50,0,room,-12.027587890625,6.967713832855225,11.048234939575195
ambience_004336.pt,50,0,room,-12.488755226135254,7.032490253448486,10.956857681274414
ambience_004337.pt,50,0,room,-12.159941673278809,7.303098678588867,11.300893783569336
ambience_004338.pt,50,0,room,-12.654531478881836,7.15628719329834,13.550406455993652
ambience_004339.pt,50,0,room,-12.43774700164795,7.367605686187744,12.844427108764648
ambience_004340.pt,50,0,room,-11.783117294311523,7.3594651222229,18.166425704956055
ambience_004341.pt,50,0,room,-11.294570922851562,7.187003135681152,12.72991943359375
ambience_004342.pt,50,0,room,-11.685702323913574,7.248019218444824,13.663965225219727
ambience_004343.pt,50,0,room,-11.759714126586914,7.258368492126465,12.742305755615234
ambience_004344.pt,50,0,room,-11.426493644714355,6.7164387702941895,11.54720401763916
ambience_004345.pt,50,0,room,-11.657912254333496,6.966043472290039,12.44362735748291
ambience_004346.pt,50,0,room,-11.10001277923584,6.440428256988525,12.761787414550781
ambience_004347.pt,50,0,room,-11.519559860229492,6.87064790725708,12.341102600097656
ambience_004348.pt,50,0,room,-11.68161392211914,7.214686870574951,13.39376449584961
ambience_004349.pt,50,0,room,-12.081305503845215,7.116825580596924,12.875971794128418
ambience_004350.pt,50,0,room,-12.470489501953125,7.36370849609375,12.891201972961426
ambience_004351.pt,50,0,room,-12.334325790405273,7.254383563995361,13.448526382446289
ambience_004352.pt,50,0,room,-12.296029090881348,7.132178783416748,12.236479759216309
ambience_004353.pt,50,0,room,-12.756811141967773,7.4790520668029785,11.063520431518555
ambience_004354.pt,50,0,room,-12.510814666748047,7.596498489379883,14.48228931427002
ambience_004355.pt,50,0,room,-12.461040496826172,7.423038959503174,12.990517616271973
ambience_004356.pt,50,0,room,-12.274953842163086,6.986932754516602,13.355158805847168
ambience_004357.pt,50,0,room,-12.645580291748047,7.158565998077393,11.93889045715332
ambience_004358.pt,50,0,room,-12.316150665283203,7.059669494628906,14.63113021850586
ambience_004359.pt,50,0,room,-12.173556327819824,7.054588317871094,11.993294715881348
ambience_004360.pt,50,0,room,-11.583703994750977,6.821718215942383,11.974678993225098
ambience_004361.pt,50,0,room,-11.431946754455566,6.53850793838501,12.988536834716797
ambience_004362.pt,50,0,room,-11.839190483093262,6.608132362365723,13.769645690917969
ambience_004363.pt,50,0,room,-11.844674110412598,6.732780456542969,13.686102867126465
ambience_004364.pt,50,0,room,-12.120946884155273,7.222273826599121,12.821290969848633
ambience_004365.pt,50,0,room,-12.356466293334961,7.404237747192383,12.438640594482422
ambience_004366.pt,50,0,room,-12.519843101501465,7.090251445770264,11.951590538024902
ambience_004367.pt,50,0,room,-12.356339454650879,7.424930572509766,15.206991195678711
ambience_004368.pt,50,0,room,-12.377761840820312,7.232444763183594,13.120583534240723
ambience_004369.pt,50,0,room,-11.784923553466797,7.149239540100098,13.291614532470703
ambience_004370.pt,50,0,room,-11.699362754821777,7.112452030181885,12.48439884185791
ambience_004371.pt,50,0,room,-10.971969604492188,6.858973979949951,12.507681846618652
ambience_004372.pt,50,0,room,-10.720396041870117,6.76898193359375,12.452665328979492
ambience_004373.pt,50,0,room,-10.51990032196045,6.986562728881836,12.403566360473633
ambience_004374.pt,50,0,room,-10.316822052001953,6.695840358734131,13.530534744262695
ambience_004375.pt,50,0,room,-10.19691276550293,6.591945171356201,14.116109848022461
ambience_004376.pt,50,0,room,-8.766393661499023,6.203598499298096,14.286322593688965
ambience_004377.pt,50,0,room,-8.509183883666992,6.146303653717041,14.225459098815918
ambience_004378.pt,50,0,room,-9.607410430908203,6.74875545501709,16.168739318847656
ambience_004379.pt,50,0,room,-10.30794620513916,6.651533603668213,11.785560607910156
ambience_004380.pt,50,0,room,-10.427570343017578,6.709123134613037,11.990224838256836
ambience_004381.pt,50,0,room,-10.415360450744629,7.377901554107666,16.496845245361328
ambience_004382.pt,50,0,room,-10.603150367736816,6.669384479522705,12.173471450805664
ambience_004383.pt,50,0,room,-10.78933048248291,6.805466175079346,11.835411071777344
ambience_004384.pt,50,0,room,-9.739785194396973,6.573405742645264,11.617239952087402
ambience_004385.pt,50,0,room,-9.47274398803711,6.495016098022461,11.815185546875
ambience_004386.pt,50,0,room,-9.872366905212402,6.473884582519531,13.250680923461914
ambience_004387.pt,50,0,room,-8.71745491027832,6.0698442459106445,12.768569946289062
ambience_004388.pt,50,0,room,-8.96512508392334,6.811283111572266,13.174938201904297
ambience_004389.pt,50,0,room,-10.171719551086426,7.066285133361816,15.075422286987305
ambience_004390.pt,50,0,room,-10.701180458068848,7.261663436889648,14.332710266113281
ambience_004391.pt,50,0,room,-10.947571754455566,7.3051042556762695,12.5325927734375
ambience_004392.pt,50,0,room,-11.018067359924316,7.227088451385498,13.24947452545166
ambience_004393.pt,50,0,room,-10.112719535827637,7.039860248565674,12.678277969360352
ambience_004394.pt,50,0,room,-10.84918212890625,6.9505767822265625,12.525516510009766
ambience_004395.pt,50,0,room,-10.693709373474121,6.767386436462402,12.065528869628906
ambience_004396.pt,50,0,room,-11.247629165649414,6.936643123626709,11.263041496276855
ambience_004397.pt,50,0,room,-11.196755409240723,6.9675703048706055,12.265838623046875
ambience_004398.pt,50,0,room,-11.585613250732422,7.310407638549805,13.380366325378418
ambience_004399.pt,50,0,room,-11.788113594055176,7.336244106292725,12.142810821533203
ambience_004400.pt,50,0,room,-11.742209434509277,7.561026573181152,12.928948402404785
ambience_004401.pt,50,0,room,-11.797574043273926,7.751725673675537,12.173015594482422
ambience_004402.pt,50,0,room,-11.560965538024902,7.550624370574951,12.452816009521484
ambience_004403.pt,50,0,room,-11.310593605041504,7.998757362365723,13.348539352416992
ambience_004404.pt,50,0,room,-10.245919227600098,8.270859718322754,15.585113525390625
ambience_004405.pt,50,0,room,-9.501516342163086,8.518665313720703,15.660369873046875
ambience_004406.pt,50,0,room,-9.103165626525879,8.538246154785156,18.471092224121094
ambience_004407.pt,50,0,room,-9.616570472717285,8.70083236694336,16.548879623413086
ambience_004408.pt,50,0,room,-5.946408271789551,8.55674934387207,18.157222747802734
ambience_004409.pt,50,0,room,-6.955062389373779,8.267138481140137,17.107946395874023
ambience_004410.pt,50,0,room,-8.479037284851074,8.338114738464355,15.93365478515625
ambience_004411.pt,50,0,room,-7.549748420715332,8.60439682006836,16.748449325561523
ambience_004412.pt,50,0,room,-7.268964767456055,9.250394821166992,21.794330596923828
ambience_004413.pt,50,0,room,-7.431712627410889,9.392200469970703,17.28036117553711
ambience_004414.pt,50,0,room,-6.94509744644165,9.440988540649414,18.940765380859375
ambience_004415.pt,50,0,room,-5.49111795425415,11.090079307556152,22.078611373901367
ambience_004416.pt,50,0,room,-5.303083419799805,11.441627502441406,22.606372833251953
ambience_004417.pt,50,0,room,-5.383687973022461,11.419434547424316,23.902050018310547
ambience_004418.pt,50,0,room,-6.662339687347412,10.44228458404541,22.722679138183594
ambience_004419.pt,50,0,room,-6.962022304534912,10.386423110961914,19.567808151245117
ambience_004420.pt,50,0,room,-6.84759521484375,10.168827056884766,20.718730926513672
ambience_004421.pt,50,0,room,-6.9631147384643555,9.712282180786133,19.73894691467285
ambience_004422.pt,50,0,room,-7.730499267578125,9.538521766662598,17.217313766479492
ambience_004423.pt,50,0,room,-8.674731254577637,9.067302703857422,18.620325088500977
ambience_004424.pt,50,0,room,-8.689414978027344,9.046842575073242,18.963171005249023
ambience_004425.pt,50,0,room,-8.411788940429688,9.124730110168457,18.39990997314453
ambience_004426.pt,50,0,room,-8.643030166625977,8.78322696685791,20.662372589111328
ambience_004427.pt,50,0,room,-8.046902656555176,8.943103790283203,22.177106857299805
ambience_004428.pt,50,0,room,-7.287503242492676,8.57883358001709,19.961505889892578
ambience_004429.pt,50,0,room,-7.542437553405762,8.743082046508789,18.265335083007812
ambience_004430.pt,50,0,room,-7.286813259124756,8.077935218811035,19.998552322387695
ambience_004431.pt,50,0,room,-6.569331645965576,8.29929256439209,20.139110565185547
ambience_004432.pt,50,0,room,-6.742639064788818,9.021052360534668,21.961307525634766
ambience_004433.pt,50,0,room,-6.484903335571289,9.222064018249512,20.32361602783203
ambience_004434.pt,50,0,room,-7.200657844543457,9.407196044921875,19.075031280517578
ambience_004435.pt,50,0,room,-6.438052654266357,9.746006965637207,23.10938262939453
ambience_004436.pt,50,0,room,-6.096875190734863,10.048624038696289,22.642786026000977
ambience_004437.pt,50,0,room,-6.783990859985352,10.300228118896484,23.179954528808594
ambience_004438.pt,50,0,room,-7.9314727783203125,9.7659330368042,22.755125045776367
ambience_004439.pt,50,0,room,-8.234014511108398,9.229251861572266,19.71588706970215
ambience_004440.pt,50,0,room,-9.490777015686035,9.129283905029297,17.17703628540039
ambience_004441.pt,50,0,room,-10.096492767333984,7.931310176849365,15.795025825500488
ambience_004442.pt,50,0,room,-10.668364524841309,7.409276485443115,15.276183128356934
ambience_004443.pt,50,0,room,-10.535720825195312,6.850891590118408,13.47236442565918
ambience_004444.pt,50,0,room,-9.674510955810547,6.343417167663574,13.79491901397705
ambience_004445.pt,50,0,room,-9.831927299499512,6.290059566497803,11.254188537597656
ambience_004446.pt,50,0,room,-10.850555419921875,6.597790241241455,14.515069961547852
ambience_004447.pt,50,0,room,-10.518433570861816,7.042452335357666,12.436705589294434
ambience_004448.pt,50,0,room,-10.196820259094238,6.316478252410889,11.64002799987793
ambience_004449.pt,50,0,room,-9.714900970458984,6.2316155433654785,12.989189147949219
ambience_004450.pt,50,0,room,-9.021750450134277,6.319308757781982,13.185312271118164
ambience_004451.pt,50,0,room,-9.698822975158691,6.3192243576049805,12.3599853515625
ambience_004452.pt,50,0,room,-9.96010684967041,6.102242946624756,11.208280563354492
ambience_004453.pt,50,0,room,-9.337483406066895,6.118286609649658,12.292072296142578
ambience_004454.pt,50,0,room,-8.879559516906738,6.070631504058838,12.125601768493652
ambience_004455.pt,50,0,room,-9.340877532958984,6.294293403625488,13.11563491821289
ambience_004456.pt,50,0,room,-9.476692199707031,6.280393123626709,15.006973266601562
ambience_004457.pt,50,0,room,-10.409505844116211,6.333129405975342,12.056074142456055
ambience_004458.pt,50,0,room,-10.599305152893066,6.205039978027344,13.061031341552734
ambience_004459.pt,50,0,room,-11.302193641662598,6.620168209075928,12.860995292663574
ambience_004460.pt,50,0,room,-11.572552680969238,6.70920467376709,12.89557933807373
ambience_004461.pt,50,0,room,-11.832991600036621,6.970254421234131,14.433602333068848
ambience_004462.pt,50,0,room,-12.304464340209961,7.129827976226807,11.660910606384277
ambience_004463.pt,50,0,room,-12.691823959350586,7.468834400177002,13.443338394165039
ambience_004464.pt,50,0,room,-12.184234619140625,7.374423980712891,14.247885704040527
ambience_004465.pt,50,0,room,-11.77700424194336,6.966604709625244,11.519807815551758
ambience_004466.pt,50,0,room,-11.635369300842285,7.043245315551758,12.50790786743164
ambience_004467.pt,50,0,room,-11.624116897583008,6.736767292022705,13.018050193786621
ambience_004468.pt,50,0,room,-11.362044334411621,6.779529094696045,12.318697929382324
ambience_004469.pt,50,0,room,-10.181107521057129,6.102513790130615,13.362754821777344
ambience_004470.pt,50,0,room,-8.981314659118652,5.579340934753418,11.65626335144043
ambience_004471.pt,50,0,room,-8.454743385314941,5.717511177062988,10.899425506591797
ambience_004472.pt,50,0,room,-9.652458190917969,6.23751974105835,13.428019523620605
ambience_004473.pt,50,0,room,-7.60707426071167,6.2182440757751465,14.299520492553711
ambience_004474.pt,50,0,room,-7.11875581741333,6.1134562492370605,13.375247955322266
ambience_004475.pt,50,0,room,-7.259683132171631,5.732243061065674,15.378867149353027
ambience_004476.pt,50,0,room,-8.027667999267578,5.973986625671387,12.735810279846191
ambience_004477.pt,50,0,room,-10.290294647216797,6.721011161804199,11.691276550292969
ambience_004478.pt,50,0,room,-10.488652229309082,7.539441108703613,17.145349502563477
ambience_004479.pt,50,0,room,-11.960224151611328,7.323065757751465,14.837594985961914
ambience_004480.pt,50,0,room,-12.3900785446167,7.181382179260254,12.998601913452148
ambience_004481.pt,50,0,room,-12.164763450622559,7.071718215942383,11.581806182861328
ambience_004482.pt,50,0,room,-12.178607940673828,7.161868572235107,13.307899475097656
ambience_004483.pt,50,0,room,-12.292072296142578,7.03493595123291,13.867486953735352
ambience_004484.pt,50,0,room,-12.13866901397705,6.956968307495117,14.150954246520996
ambience_004485.pt,50,0,room,-12.088446617126465,6.955385684967041,12.941187858581543
ambience_004486.pt,50,0,room,-12.068442344665527,7.077304840087891,14.258099555969238
ambience_004487.pt,50,0,room,-12.305023193359375,7.334905624389648,13.540679931640625
ambience_004488.pt,50,0,room,-12.019883155822754,7.1024909019470215,12.834944725036621
ambience_004489.pt,50,0,room,-11.472481727600098,7.073127746582031,13.348716735839844
ambience_004490.pt,50,0,room,-11.54500961303711,7.025958061218262,13.661004066467285
ambience_004491.pt,50,0,room,-11.28909969329834,6.585084438323975,13.697721481323242
ambience_004492.pt,50,0,room,-10.805733680725098,6.635347366333008,12.885625839233398
ambience_004493.pt,50,0,room,-10.813017845153809,6.603024959564209,13.884027481079102
ambience_004494.pt,50,0,room,-10.728933334350586,6.277913570404053,13.981675148010254
ambience_004495.pt,50,0,room,-11.06839370727539,6.519069194793701,12.953929901123047
ambience_004496.pt,50,0,room,-11.40755844116211,6.523283004760742,14.080987930297852
ambience_004497.pt,50,0,room,-11.301316261291504,6.650219440460205,11.314645767211914
ambience_004498.pt,50,0,room,-11.272069931030273,6.353938579559326,14.632802963256836
ambience_004499.pt,50,0,room,-10.993645668029785,6.697439670562744,18.636789321899414
ambience_004500.pt,50,0,room,-11.356221199035645,6.484843730926514,11.612813949584961
ambience_004501.pt,50,0,room,-11.011789321899414,6.687030792236328,12.618073463439941
ambience_004502.pt,50,0,room,-11.720807075500488,6.635433197021484,12.360420227050781
ambience_004503.pt,50,0,room,-11.802750587463379,6.708009243011475,11.25985050201416
ambience_004504.pt,50,0,room,-12.372411727905273,6.8521223068237305,11.754789352416992
ambience_004505.pt,50,0,room,-12.321269989013672,6.7152628898620605,12.663381576538086
ambience_004506.pt,50,0,room,-12.438106536865234,6.834809303283691,11.959342956542969
ambience_004507.pt,50,0,room,-12.120881080627441,6.962261199951172,13.63870620727539
ambience_004508.pt,50,0,room,-12.305530548095703,6.674948215484619,14.519115447998047
ambience_004509.pt,50,0,room,-12.677292823791504,6.703446388244629,12.947879791259766
ambience_004510.pt,50,0,room,-12.6095609664917,6.919534206390381,11.817959785461426
ambience_004511.pt,50,0,room,-12.52099323272705,6.806215763092041,12.02086067199707
ambience_004512.pt,50,0,room,-12.972060203552246,7.073492527008057,12.409187316894531
ambience_004513.pt,50,0,room,-12.936397552490234,6.921506404876709,10.795038223266602
ambience_004514.pt,50,0,room,-12.625384330749512,6.969181060791016,12.102304458618164
ambience_004515.pt,50,0,room,-12.462660789489746,6.830419063568115,11.36031723022461
ambience_004516.pt,50,0,room,-12.669925689697266,6.729738712310791,12.217365264892578
ambience_004517.pt,50,0,room,-12.366140365600586,6.9251251220703125,14.636887550354004
ambience_004518.pt,50,0,room,-11.950313568115234,6.4819135665893555,14.079874038696289
ambience_004519.pt,50,0,room,-11.667083740234375,6.466094493865967,11.704058647155762
ambience_004520.pt,50,0,room,-12.003561019897461,6.441863059997559,12.01484489440918
ambience_004521.pt,50,0,room,-11.731324195861816,6.525493621826172,12.818222045898438
ambience_004522.pt,50,0,room,-11.994452476501465,6.777195453643799,15.776325225830078
ambience_004523.pt,50,0,room,-11.903143882751465,6.407776832580566,10.90877914428711
ambience_004524.pt,50,0,room,-11.00850772857666,6.1758599281311035,11.610748291015625
ambience_004525.pt,50,0,room,-9.91044807434082,5.918216228485107,10.90450668334961
ambience_004526.pt,50,0,room,-9.452498435974121,6.285330772399902,12.565315246582031
ambience_004527.pt,50,0,room,-9.947041511535645,6.085391998291016,13.804317474365234
ambience_004528.pt,50,0,room,-10.50967788696289,6.253329277038574,11.988019943237305
ambience_004529.pt,50,0,room,-9.642403602600098,5.854017734527588,11.997955322265625
ambience_004530.pt,50,0,room,-9.653604507446289,6.347662448883057,12.121953964233398
ambience_004531.pt,50,0,room,-10.137292861938477,6.212705135345459,11.5065336227417
ambience_004532.pt,50,0,room,-9.768976211547852,6.534732341766357,12.668442726135254
ambience_004533.pt,50,0,room,-9.086211204528809,6.731361389160156,14.06583023071289
ambience_004534.pt,50,0,room,-9.820372581481934,6.589249610900879,11.94973087310791
ambience_004535.pt,50,0,room,-9.907916069030762,6.8043212890625,13.673662185668945
ambience_004536.pt,50,0,room,-9.160125732421875,7.20311164855957,14.177752494812012
ambience_004537.pt,50,0,room,-9.192237854003906,7.71403694152832,14.593276977539062
ambience_004538.pt,50,0,room,-9.829659461975098,7.93232536315918,13.942004203796387
ambience_004539.pt,50,0,room,-9.532024383544922,7.8674774169921875,14.265875816345215
ambience_004540.pt,50,0,room,-8.92196273803711,8.003734588623047,14.208934783935547
ambience_004541.pt,50,0,room,-8.402966499328613,8.517595291137695,21.737384796142578
ambience_004542.pt,50,0,room,-7.376009941101074,8.126516342163086,20.541486740112305
ambience_004543.pt,50,0,room,-6.090351581573486,8.747352600097656,19.522220611572266
ambience_004544.pt,50,0,room,-6.682551383972168,8.493884086608887,17.222768783569336
ambience_004545.pt,50,0,room,-6.054763317108154,9.275045394897461,18.652376174926758
ambience_004546.pt,50,0,room,-4.801153182983398,9.17550277709961,18.94731330871582
ambience_004547.pt,50,0,room,-4.826159954071045,9.321488380432129,20.72185707092285
ambience_004548.pt,50,0,room,-7.441513538360596,9.024632453918457,19.512340545654297
ambience_004549.pt,50,0,room,-7.1992597579956055,9.022456169128418,18.590988159179688
ambience_004550.pt,50,0,room,-7.993240833282471,8.523451805114746,17.07394027709961
ambience_004551.pt,50,0,room,-8.735544204711914,9.035966873168945,17.4473819732666
ambience_004552.pt,50,0,room,-8.665099143981934,9.067545890808105,18.987163543701172
ambience_004553.pt,50,0,room,-8.740438461303711,8.811724662780762,16.360013961791992
ambience_004554.pt,50,0,room,-7.294322490692139,9.75147819519043,23.066064834594727
ambience_004555.pt,50,0,room,-9.254465103149414,9.437298774719238,18.857315063476562
ambience_004556.pt,50,0,room,-8.921692848205566,9.151812553405762,17.245391845703125
ambience_004557.pt,50,0,room,-9.242759704589844,8.944462776184082,18.98031997680664
ambience_004558.pt,50,0,room,-9.099747657775879,8.478751182556152,18.120054244995117
ambience_004559.pt,50,0,room,-8.737671852111816,9.366092681884766,20.381893157958984
ambience_004560.pt,50,0,room,-7.552470684051514,9.980332374572754,18.480405807495117
ambience_004561.pt,50,0,room,-7.7572021484375,9.965763092041016,20.49558448791504
ambience_004562.pt,50,0,room,-8.589151382446289,9.32906436920166,17.812267303466797
ambience_004563.pt,50,0,room,-6.451266288757324,10.430232048034668,20.778053283691406
ambience_004564.pt,50,0,room,-7.263158798217773,10.748847961425781,19.59048843383789
ambience_004565.pt,50,0,room,-8.365118980407715,10.134736061096191,20.52716064453125
ambience_004566.pt,50,0,room,-9.170574188232422,9.683981895446777,21.49024200439453
ambience_004567.pt,50,0,room,-10.435504913330078,8.444376945495605,15.370980262756348
ambience_004568.pt,50,0,room,-10.688304901123047,7.818743705749512,14.405252456665039
ambience_004569.pt,50,0,room,-10.079285621643066,7.4096832275390625,15.630694389343262
ambience_004570.pt,50,0,room,-10.0995454788208,7.642265319824219,15.393891334533691
ambience_004571.pt,50,0,room,-10.925154685974121,7.779150485992432,13.294000625610352
ambience_004572.pt,50,0,room,-11.863842964172363,7.8489670753479,14.801433563232422
ambience_004573.pt,50,0,room,-12.071451187133789,7.828432083129883,14.754739761352539
ambience_004574.pt,50,0,room,-11.981475830078125,7.676875591278076,11.900688171386719
ambience_004575.pt,50,0,room,-11.416764259338379,7.115184783935547,13.14909839630127
ambience_004576.pt,50,0,room,-11.75299072265625,7.1127028465271,12.996681213378906
ambience_004577.pt,50,0,room,-11.675601959228516,7.30043363571167,15.016134262084961
ambience_004578.pt,50,0,room,-11.94836711883545,7.255692481994629,13.688920974731445
ambience_004579.pt,50,0,room,-11.890673637390137,7.095219612121582,12.461930274963379
ambience_004580.pt,50,0,room,-11.632676124572754,6.7084455490112305,14.476690292358398
ambience_004581.pt,50,0,room,-11.563879013061523,6.556923866271973,13.605338096618652
ambience_004582.pt,50,0,room,-11.075700759887695,6.22763204574585,11.149133682250977
ambience_004583.pt,50,0,room,-11.46469783782959,6.544077396392822,12.616455078125
ambience_004584.pt,50,0,room,-11.275131225585938,6.4910783767700195,12.602563858032227
ambience_004585.pt,50,0,room,-10.537079811096191,6.191549301147461,12.206016540527344
ambience_004586.pt,50,0,room,-9.77187442779541,6.0363874435424805,13.301000595092773
ambience_004587.pt,50,0,room,-9.730055809020996,6.260009288787842,12.2173490524292
ambience_004588.pt,50,0,room,-10.02261734008789,6.4752888679504395,11.702113151550293
ambience_004589.pt,50,0,room,-10.271040916442871,6.365993022918701,13.624653816223145
ambience_004590.pt,50,0,room,-10.741692543029785,6.682900905609131,12.992719650268555
ambience_004591.pt,50,0,room,-11.121392250061035,7.044108867645264,13.39216423034668
ambience_004592.pt,50,0,room,-10.79827880859375,6.617198944091797,12.849259376525879
ambience_004593.pt,50,0,room,-11.122225761413574,6.807089328765869,11.802372932434082
ambience_004594.pt,50,0,room,-11.652464866638184,6.625195026397705,13.02304458618164
ambience_004595.pt,50,0,room,-11.396539688110352,6.969238758087158,11.6856050491333
ambience_004596.pt,50,0,room,-11.438465118408203,6.884081840515137,13.69438648223877
ambience_004597.pt,50,0,room,-11.973621368408203,6.903303146362305,12.429228782653809
ambience_004598.pt,50,0,room,-12.008798599243164,6.897213459014893,10.572558403015137
ambience_004599.pt,50,0,room,-11.262673377990723,6.870530605316162,14.327596664428711
ambience_004600.pt,50,0,room,-11.012999534606934,6.987119674682617,12.115253448486328
ambience_004601.pt,50,0,room,-10.848528861999512,6.628343105316162,13.713847160339355
ambience_004602.pt,50,0,room,-10.390176773071289,6.642167091369629,13.860280990600586
ambience_004603.pt,50,0,room,-10.740124702453613,6.578661918640137,12.55123233795166
ambience_004604.pt,50,0,room,-10.746121406555176,6.523736000061035,13.117521286010742
ambience_004605.pt,50,0,room,-10.23104190826416,6.224952220916748,12.50018310546875
ambience_004606.pt,50,0,room,-10.514932632446289,6.376859664916992,12.274209022521973
ambience_004607.pt,50,0,room,-10.705122947692871,6.370745658874512,13.683462142944336
ambience_004608.pt,50,0,room,-11.081401824951172,6.590588569641113,12.529248237609863
ambience_004609.pt,50,0,room,-11.315450668334961,6.822867393493652,13.046756744384766
ambience_004610.pt,50,0,room,-10.82309341430664,6.699333667755127,11.969799041748047
ambience_004611.pt,50,0,room,-10.861322402954102,6.8269572257995605,12.404813766479492
ambience_004612.pt,50,0,room,-11.539528846740723,6.738056659698486,11.753159523010254
ambience_004613.pt,50,0,room,-11.619516372680664,6.648982524871826,12.340880393981934
ambience_004614.pt,50,0,room,-11.563763618469238,6.9133381843566895,11.002150535583496
ambience_004615.pt,50,0,room,-11.47469425201416,7.037111759185791,12.96811294555664
ambience_004616.pt,50,0,room,-11.412174224853516,6.899706840515137,12.447603225708008
ambience_004617.pt,50,0,room,-11.695725440979004,6.97620153427124,14.359859466552734
ambience_004618.pt,50,0,room,-11.883990287780762,7.142582416534424,12.509292602539062
ambience_004619.pt,50,0,room,-12.059847831726074,7.0135955810546875,12.519436836242676
ambience_004620.pt,50,0,room,-12.155471801757812,7.067585468292236,12.595749855041504
ambience_004621.pt,50,0,room,-12.327259063720703,7.050265312194824,12.665395736694336
ambience_004622.pt,50,0,room,-11.882607460021973,7.045219421386719,12.301790237426758
ambience_004623.pt,50,0,room,-11.748568534851074,6.894024848937988,12.910157203674316
ambience_004624.pt,50,0,room,-11.382373809814453,6.675634860992432,12.332094192504883
ambience_004625.pt,50,0,room,-11.567073822021484,6.766566276550293,12.05888843536377
ambience_004626.pt,50,0,room,-12.046143531799316,7.031514644622803,13.097434043884277
ambience_004627.pt,50,0,room,-11.720279693603516,7.080801963806152,12.674629211425781
ambience_004628.pt,50,0,room,-11.597679138183594,6.818208694458008,11.367268562316895
ambience_004629.pt,50,0,room,-10.710060119628906,6.375631809234619,12.037996292114258
ambience_004630.pt,50,0,room,-10.0532865524292,6.6660566329956055,13.287476539611816
ambience_004631.pt,50,0,room,-11.141465187072754,6.721711158752441,12.9066801071167
ambience_004632.pt,50,0,room,-10.529585838317871,6.714700698852539,13.642560958862305
ambience_004633.pt,50,0,room,-11.043595314025879,6.743206977844238,12.56984806060791
ambience_004634.pt,50,0,room,-9.784097671508789,6.518336296081543,13.299816131591797
ambience_004635.pt,50,0,room,-7.665342807769775,5.944517612457275,11.924667358398438
ambience_004636.pt,50,0,room,-8.634212493896484,6.184832572937012,12.634892463684082
ambience_004637.pt,50,0,room,-11.023199081420898,6.874622344970703,12.462766647338867
ambience_004638.pt,50,0,room,-11.559507369995117,7.005127906799316,13.320682525634766
ambience_004639.pt,50,0,room,-11.353926658630371,6.843949317932129,12.357179641723633
ambience_004640.pt,50,0,room,-11.569899559020996,7.0704026222229,12.697580337524414
ambience_004641.pt,50,0,room,-11.638879776000977,7.126452445983887,13.25992488861084
ambience_004642.pt,50,0,room,-11.443607330322266,6.694014072418213,12.152475357055664
ambience_004643.pt,50,0,room,-11.133505821228027,7.060275077819824,11.273112297058105
ambience_004644.pt,50,0,room,-11.455249786376953,6.929263591766357,13.027137756347656
ambience_004645.pt,50,0,room,-11.592087745666504,7.193488121032715,14.26429271697998
ambience_004646.pt,50,0,room,-12.546814918518066,7.500348091125488,13.018011093139648
ambience_004647.pt,50,0,room,-12.81128215789795,7.431969165802002,12.220094680786133
ambience_004648.pt,50,0,room,-12.724377632141113,7.518352031707764,11.430337905883789
ambience_004649.pt,50,0,room,-12.741560935974121,7.517918109893799,12.790249824523926
ambience_004650.pt,50,0,room,-12.6436185836792,7.283245086669922,11.130648612976074
ambience_004651.pt,50,0,room,-12.669100761413574,7.547225475311279,11.730091094970703
ambience_004652.pt,50,0,room,-12.724764823913574,7.5513739585876465,12.659839630126953
ambience_004653.pt,50,0,room,-12.966690063476562,7.329404830932617,11.351879119873047
ambience_004654.pt,50,0,room,-13.1192626953125,7.382007598876953,13.211706161499023
ambience_004655.pt,50,0,room,-12.795450210571289,7.49284553527832,13.105318069458008
ambience_004656.pt,50,0,room,-10.946423530578613,8.12375259399414,22.129196166992188
ambience_004657.pt,50,0,room,-12.496853828430176,7.4322004318237305,13.798959732055664
ambience_004658.pt,50,0,room,-12.4942045211792,7.382452487945557,12.801910400390625
ambience_004659.pt,50,0,room,-12.2359037399292,7.294093132019043,12.254964828491211
ambience_004660.pt,50,0,room,-11.62664794921875,7.177845001220703,11.787205696105957
ambience_004661.pt,50,0,room,-11.401389122009277,6.977493762969971,13.197319030761719
ambience_004662.pt,50,0,room,-11.525839805603027,6.960953235626221,12.550164222717285
ambience_004663.pt,50,0,room,-11.558609008789062,6.9689106941223145,11.79556941986084
ambience_004664.pt,50,0,room,-11.971673011779785,7.18165922164917,11.55418586730957
ambience_004665.pt,50,0,room,-12.03927230834961,7.1290388107299805,12.862042427062988
ambience_004666.pt,50,0,room,-12.169493675231934,6.978137016296387,12.211189270019531
ambience_004667.pt,50,0,room,-11.415369033813477,6.978646278381348,13.415471076965332
ambience_004668.pt,50,0,room,-11.287696838378906,6.682003498077393,12.894639015197754
ambience_004669.pt,50,0,room,-10.763570785522461,6.397993087768555,12.351505279541016
ambience_004670.pt,50,0,room,-10.609256744384766,6.630673885345459,13.960878372192383
ambience_004671.pt,50,0,room,-10.911853790283203,6.374689102172852,12.388603210449219
ambience_004672.pt,50,0,room,-10.39721965789795,6.020291805267334,12.779777526855469
ambience_004673.pt,50,0,room,-10.688865661621094,6.216372013092041,13.320178985595703
ambience_004674.pt,50,0,room,-11.001585960388184,6.537687301635742,13.05634593963623
ambience_004675.pt,50,0,room,-11.151412010192871,6.651042938232422,10.65121078491211
ambience_004676.pt,50,0,room,-10.529479026794434,6.6136322021484375,12.757993698120117
ambience_004677.pt,50,0,room,-10.067888259887695,6.444864749908447,12.681640625
ambience_004678.pt,50,0,room,-9.614594459533691,6.216889381408691,12.792620658874512
ambience_004679.pt,50,0,room,-9.848677635192871,6.416416168212891,13.651836395263672
ambience_004680.pt,50,0,room,-10.359404563903809,6.66331148147583,11.99170207977295
ambience_004681.pt,50,0,room,-9.932368278503418,6.564463138580322,12.200706481933594
ambience_004682.pt,50,0,room,-10.666633605957031,6.704695224761963,14.029458999633789
ambience_004683.pt,50,0,room,-11.451233863830566,7.005788326263428,11.899467468261719
ambience_004684.pt,50,0,room,-11.872411727905273,6.697205066680908,12.954092025756836
ambience_004685.pt,50,0,room,-11.654593467712402,6.671010494232178,10.951251029968262
ambience_004686.pt,50,0,room,-12.164624214172363,6.971038818359375,11.059572219848633
ambience_004687.pt,50,0,room,-11.789725303649902,6.786978244781494,12.381608963012695
ambience_004688.pt,50,0,room,-12.713894844055176,7.459418296813965,11.553424835205078
ambience_004689.pt,50,0,room,-13.107101440429688,7.528218746185303,15.544906616210938
ambience_004690.pt,50,0,room,-13.360179901123047,7.414684772491455,12.055808067321777
ambience_004691.pt,50,0,room,-13.563003540039062,7.373766899108887,12.070164680480957
ambience_004692.pt,50,0,room,-13.827864646911621,7.350933074951172,12.255535125732422
ambience_004693.pt,50,0,room,-13.563899993896484,7.2344794273376465,10.292792320251465
ambience_004694.pt,50,0,room,-13.33270263671875,7.335963249206543,12.004035949707031
ambience_004695.pt,50,0,room,-13.482318878173828,7.033535480499268,12.968286514282227
ambience_004696.pt,50,0,room,-13.285968780517578,7.131031036376953,12.929734230041504
ambience_004697.pt,50,0,room,-12.920533180236816,6.97834587097168,11.497797966003418
ambience_004698.pt,50,0,room,-12.295022010803223,6.656548976898193,11.51822280883789
ambience_004699.pt,50,0,room,-10.595320701599121,6.0406060218811035,9.52402400970459
ambience_004700.pt,50,0,room,-10.257858276367188,6.172269344329834,12.14670181274414
ambience_004701.pt,50,0,room,-10.852200508117676,6.615640163421631,14.992633819580078
ambience_004702.pt,50,0,room,-11.094379425048828,7.756420612335205,17.01859474182129
ambience_004703.pt,50,0,room,-12.265462875366211,7.515466690063477,14.99071979522705
ambience_004704.pt,50,0,room,-12.138154029846191,7.371380805969238,13.17684268951416
ambience_004705.pt,50,0,room,-12.140347480773926,7.020622730255127,15.742868423461914
ambience_004706.pt,50,0,room,-12.615567207336426,7.119401931762695,11.337203025817871
ambience_004707.pt,50,0,room,-12.987257957458496,7.275925636291504,13.607597351074219
ambience_004708.pt,50,0,room,-13.270424842834473,7.03515625,12.594778060913086
ambience_004709.pt,50,0,room,-13.801122665405273,7.283734321594238,10.379542350769043
ambience_004710.pt,50,0,room,-13.77303695678711,6.8310956954956055,10.791120529174805
ambience_004711.pt,50,0,room,-13.832440376281738,6.795904636383057,13.365038871765137
ambience_004712.pt,50,0,room,-13.580977439880371,6.7461676597595215,11.932327270507812
ambience_004713.pt,50,0,room,-12.810050010681152,6.5630106925964355,11.276816368103027
ambience_004714.pt,50,0,room,-13.046006202697754,6.622658729553223,12.506000518798828
ambience_004715.pt,50,0,room,-13.451342582702637,6.806908130645752,11.532998085021973
ambience_004716.pt,50,0,room,-14.387298583984375,7.133482456207275,12.568716049194336
ambience_004717.pt,50,0,room,-14.206439018249512,7.2666096687316895,13.414840698242188
ambience_004718.pt,50,0,room,-13.896149635314941,7.41530704498291,13.303370475769043
ambience_004719.pt,50,0,room,-13.138952255249023,7.562808513641357,11.833392143249512
ambience_004720.pt,50,0,room,-11.341802597045898,6.952329635620117,12.751569747924805
ambience_004721.pt,50,0,room,-10.762313842773438,6.451484680175781,11.254414558410645
ambience_004722.pt,50,0,room,-10.560263633728027,6.308262825012207,14.28075885772705
ambience_004723.pt,50,0,room,-11.588672637939453,6.8252668380737305,13.215230941772461
ambience_004724.pt,50,0,room,-11.922686576843262,7.182508945465088,12.73017406463623
ambience_004725.pt,50,0,room,-12.078036308288574,7.010766506195068,12.400321006774902
ambience_004726.pt,50,0,room,-12.250977516174316,6.560543060302734,12.847813606262207
ambience_004727.pt,50,0,room,-12.453768730163574,6.377704620361328,11.516407012939453
ambience_004728.pt,50,0,room,-12.707680702209473,6.732665538787842,11.892252922058105
ambience_004729.pt,50,0,room,-12.76928997039795,6.692574977874756,12.761073112487793
ambience_004730.pt,50,0,room,-12.826156616210938,6.886010646820068,12.473355293273926
ambience_004731.pt,50,0,room,-11.834789276123047,6.723934650421143,12.488161087036133
ambience_004732.pt,50,0,room,-12.226543426513672,6.694983959197998,11.058267593383789
ambience_004733.pt,50,0,room,-12.192785263061523,6.8249077796936035,11.121772766113281
ambience_004734.pt,50,0,room,-9.886752128601074,7.6794209480285645,13.259527206420898
ambience_004735.pt,50,0,room,-11.861248016357422,7.357583999633789,13.443459510803223
ambience_004736.pt,50,0,room,-12.803661346435547,6.758905410766602,11.075113296508789
ambience_004737.pt,50,0,room,-11.606337547302246,6.190133571624756,11.785743713378906
ambience_004738.pt,50,0,room,-11.861831665039062,6.528461456298828,11.414337158203125
ambience_004739.pt,50,0,room,-11.758675575256348,6.756485462188721,11.556255340576172
ambience_004740.pt,50,0,room,-12.716246604919434,6.656085968017578,12.59096622467041
ambience_004741.pt,50,0,room,-12.779583930969238,6.353907585144043,13.192584991455078
ambience_004742.pt,50,0,room,-12.541983604431152,6.263011455535889,13.88745403289795
ambience_004743.pt,50,0,room,-12.052661895751953,6.043473720550537,10.48612117767334
ambience_004744.pt,50,0,room,-12.339184761047363,6.217679023742676,12.30019760131836
ambience_004745.pt,50,0,room,-12.700353622436523,6.242481231689453,11.444219589233398
ambience_004746.pt,50,0,room,-12.821154594421387,6.654725551605225,13.23436164855957
ambience_004747.pt,50,0,room,-13.222107887268066,6.9392476081848145,13.044572830200195
ambience_004748.pt,50,0,room,-13.528519630432129,6.927493572235107,11.75446605682373
ambience_004749.pt,50,0,room,-13.62008285522461,7.191856384277344,12.173456192016602
ambience_004750.pt,50,0,room,-13.788155555725098,7.096026420593262,11.171527862548828
ambience_004751.pt,50,0,room,-13.198471069335938,7.266988754272461,13.461614608764648
ambience_004752.pt,50,0,room,-12.658831596374512,7.669871807098389,14.822920799255371
ambience_004753.pt,50,0,room,-12.997003555297852,7.773394584655762,12.791406631469727
ambience_004754.pt,50,0,room,-13.098682403564453,7.495945453643799,13.346814155578613
ambience_004755.pt,50,0,room,-13.158456802368164,7.602334022521973,12.283283233642578
ambience_004756.pt,50,0,room,-12.972153663635254,7.549712181091309,13.079322814941406
ambience_004757.pt,50,0,room,-12.833703994750977,8.107288360595703,16.949316024780273
ambience_004758.pt,50,0,room,-11.934101104736328,7.239349842071533,12.967663764953613
ambience_004759.pt,50,0,room,-11.143184661865234,6.804729461669922,13.423887252807617
ambience_004760.pt,50,0,room,-11.544845581054688,7.0952863693237305,11.789251327514648
ambience_004761.pt,50,0,room,-11.06883430480957,7.505208492279053,11.90687084197998
ambience_004762.pt,50,0,room,-11.094608306884766,7.552278995513916,12.20099925994873
ambience_004763.pt,50,0,room,-10.773399353027344,7.837878704071045,13.52684497833252
ambience_004764.pt,50,0,room,-10.646401405334473,7.734838962554932,13.769011497497559
ambience_004765.pt,50,0,room,-10.533535957336426,7.787606716156006,15.279911041259766
ambience_004766.pt,50,0,room,-11.310593605041504,7.673527240753174,15.389309883117676
ambience_004767.pt,50,0,room,-11.487473487854004,7.157751083374023,13.336236953735352
ambience_004768.pt,50,0,room,-10.701071739196777,6.562207221984863,12.866602897644043
ambience_004769.pt,50,0,room,-10.252732276916504,6.555263519287109,12.158042907714844
ambience_004770.pt,50,0,room,-9.999350547790527,6.25119161605835,12.99534797668457
ambience_004771.pt,50,0,room,-10.233073234558105,5.765961647033691,12.03528881072998
ambience_004772.pt,50,0,room,-8.901358604431152,6.454941749572754,14.542585372924805
ambience_004773.pt,50,0,room,-9.226713180541992,6.425183296203613,15.203093528747559
ambience_004774.pt,50,0,room,-10.133613586425781,6.275562763214111,14.936017990112305
ambience_004775.pt,50,0,room,-9.833418846130371,6.5631818771362305,14.291338920593262
ambience_004776.pt,50,0,room,-10.372635841369629,6.793966293334961,13.930630683898926
ambience_004777.pt,50,0,room,-10.414031028747559,7.091935157775879,13.61186408996582
ambience_004778.pt,50,0,room,-10.35723876953125,7.697398662567139,15.450486183166504
ambience_004779.pt,50,0,room,-10.964035987854004,7.937907695770264,14.173312187194824
ambience_004780.pt,50,0,room,-11.954604148864746,7.522332668304443,13.576526641845703
ambience_004781.pt,50,0,room,-12.174893379211426,7.915611267089844,14.204646110534668
ambience_004782.pt,50,0,room,-11.625061988830566,8.908318519592285,15.537428855895996
ambience_004783.pt,50,0,room,-12.456737518310547,8.443581581115723,13.328338623046875
ambience_004784.pt,50,0,room,-13.368844032287598,8.055394172668457,15.50047492980957
ambience_004785.pt,50,0,room,-13.597542762756348,8.011495590209961,16.174470901489258
ambience_004786.pt,50,0,room,-13.93221378326416,7.572197437286377,12.567605972290039
ambience_004787.pt,50,0,room,-13.265028953552246,7.203918933868408,11.709135055541992
ambience_004788.pt,50,0,room,-12.930220603942871,7.271826267242432,11.806604385375977
ambience_004789.pt,50,0,room,-12.979950904846191,7.0598626136779785,12.092113494873047
ambience_004790.pt,50,0,room,-12.928186416625977,6.879741668701172,12.131229400634766
ambience_004791.pt,50,0,room,-12.130603790283203,6.375917911529541,11.500286102294922
ambience_004792.pt,50,0,room,-11.621200561523438,6.592440128326416,13.766103744506836
ambience_004793.pt,50,0,room,-11.959994316101074,6.544824123382568,12.356423377990723
ambience_004794.pt,50,0,room,-12.425856590270996,6.90778923034668,18.81698989868164
ambience_004795.pt,50,0,room,-12.447305679321289,6.960533142089844,14.709217071533203
ambience_004796.pt,50,0,room,-11.977533340454102,6.748384475708008,12.53071403503418
ambience_004797.pt,50,0,room,-10.065011024475098,5.8910393714904785,13.315765380859375
ambience_004798.pt,50,0,room,-9.978633880615234,5.6745076179504395,12.077383041381836
ambience_004799.pt,50,0,room,-10.135298728942871,6.049685955047607,11.40350341796875
ambience_004800.pt,50,0,room,-9.726347923278809,6.1723222732543945,11.595229148864746
ambience_004801.pt,50,0,room,-9.426520347595215,6.161242485046387,13.89219856262207
ambience_004802.pt,50,0,room,-9.912446022033691,6.2027130126953125,13.015314102172852
ambience_004803.pt,50,0,room,-9.90024471282959,6.128223896026611,13.905539512634277
ambience_004804.pt,50,0,room,-10.608057022094727,6.027156352996826,12.451071739196777
ambience_004805.pt,50,0,room,-10.826308250427246,6.457035541534424,13.130401611328125
ambience_004806.pt,50,0,room,-10.740361213684082,6.171057224273682,13.74117660522461
ambience_004807.pt,50,0,room,-11.416434288024902,6.549389839172363,11.096689224243164
ambience_004808.pt,50,0,room,-11.71920108795166,6.506810665130615,13.292632102966309
ambience_004809.pt,50,0,room,-11.168457984924316,6.379955768585205,13.331493377685547
ambience_004810.pt,50,0,room,-11.032083511352539,6.444632053375244,13.596515655517578
ambience_004811.pt,50,0,room,-10.420707702636719,6.06881856918335,12.784273147583008
ambience_004812.pt,50,0,room,-10.698538780212402,6.120698928833008,12.244138717651367
ambience_004813.pt,50,0,room,-11.771828651428223,6.141629219055176,12.615556716918945
ambience_004814.pt,50,0,room,-11.634243965148926,6.375456809997559,12.134799003601074
ambience_004815.pt,50,0,room,-11.399694442749023,6.294634819030762,12.741558074951172
ambience_004816.pt,50,0,room,-10.883732795715332,6.450390815734863,12.843873977661133
ambience_004817.pt,50,0,room,-9.184416770935059,5.841657638549805,11.26976203918457
ambience_004818.pt,50,0,room,-9.452640533447266,5.677220344543457,11.431634902954102
ambience_004819.pt,50,0,room,-9.780211448669434,5.947172164916992,12.944076538085938
ambience_004820.pt,50,0,room,-10.220300674438477,6.184096813201904,12.886239051818848
ambience_004821.pt,50,0,room,-10.117209434509277,6.737608432769775,20.346054077148438
ambience_004822.pt,50,0,room,-10.191864967346191,6.250832557678223,15.554780960083008
ambience_004823.pt,50,0,room,-9.324602127075195,5.905810356140137,15.434688568115234
ambience_004824.pt,50,0,room,-9.438958168029785,5.981808185577393,12.691778182983398
ambience_004825.pt,50,0,room,-10.422842979431152,6.359007358551025,12.406692504882812
ambience_004826.pt,50,0,room,-11.672307968139648,6.463379859924316,13.585509300231934
ambience_004827.pt,50,0,room,-11.9041748046875,6.654572010040283,12.268162727355957
ambience_004828.pt,50,0,room,-11.983572006225586,6.616578102111816,12.410888671875
ambience_004829.pt,50,0,room,-11.912591934204102,6.865232944488525,12.618968963623047
ambience_004830.pt,50,0,room,-12.646523475646973,6.695211410522461,12.9968843460083
ambience_004831.pt,50,0,room,-12.939385414123535,7.227506160736084,12.630937576293945
ambience_004832.pt,50,0,room,-12.763876914978027,6.607619762420654,11.93841552734375
ambience_004833.pt,50,0,room,-12.992853164672852,6.948348045349121,12.752498626708984
ambience_004834.pt,50,0,room,-13.584342002868652,7.1429877281188965,12.60352611541748
ambience_004835.pt,50,0,room,-13.72403621673584,7.59956169128418,11.868217468261719
ambience_004836.pt,50,0,room,-13.512821197509766,7.705563545227051,12.262079238891602
ambience_004837.pt,50,0,room,-13.442330360412598,7.38238000869751,12.816398620605469
ambience_004838.pt,50,0,room,-13.342251777648926,7.264809608459473,11.90684700012207
ambience_004839.pt,50,0,room,-13.817907333374023,7.18722677230835,12.377983093261719
ambience_004840.pt,50,0,room,-13.456579208374023,6.870182991027832,13.110589981079102
ambience_004841.pt,50,0,room,-12.759944915771484,7.334831237792969,12.977906227111816
ambience_004842.pt,50,0,room,-12.146663665771484,7.213814735412598,12.95528793334961
ambience_004843.pt,50,0,room,-12.331734657287598,6.978322505950928,11.762614250183105
ambience_004844.pt,50,0,room,-11.66152572631836,6.820775985717773,12.988677978515625
ambience_004845.pt,50,0,room,-11.34379768371582,6.169450283050537,12.149187088012695
ambience_004846.pt,50,0,room,-11.670888900756836,6.261770248413086,12.900580406188965
ambience_004847.pt,50,0,room,-11.988198280334473,6.704458236694336,13.011446952819824
ambience_004848.pt,50,0,room,-11.061015129089355,6.353872299194336,13.788661003112793
ambience_004849.pt,50,0,room,-12.55863094329834,6.434411525726318,13.400453567504883
ambience_004850.pt,50,0,room,-12.621021270751953,7.204161643981934,12.370311737060547
ambience_004851.pt,50,0,room,-12.02825927734375,6.887568473815918,13.85195255279541
ambience_004852.pt,50,0,room,-12.374248504638672,6.725873947143555,12.859787940979004
ambience_004853.pt,50,0,room,-11.266849517822266,7.377557754516602,17.527572631835938
ambience_004854.pt,50,0,room,-11.602270126342773,7.259775638580322,13.154119491577148
ambience_004855.pt,50,0,room,-10.873672485351562,6.645334720611572,12.986960411071777
ambience_004856.pt,50,0,room,-12.19591999053955,6.759425163269043,12.389670372009277
ambience_004857.pt,50,0,room,-11.313899040222168,6.732865333557129,13.670855522155762
ambience_004858.pt,50,0,room,-12.12707233428955,7.147104263305664,13.452211380004883
ambience_004859.pt,50,0,room,-11.846001625061035,7.697727680206299,14.713820457458496
ambience_004860.pt,50,0,room,-11.497382164001465,7.529191493988037,14.425453186035156
ambience_004861.pt,50,0,room,-9.866301536560059,7.1725754737854,17.49446678161621
ambience_004862.pt,50,0,room,-9.181188583374023,6.187486171722412,12.990336418151855
ambience_004863.pt,50,0,room,-9.432222366333008,6.811507225036621,14.180425643920898
ambience_004864.pt,50,0,room,-10.31155776977539,6.80319356918335,13.635367393493652
ambience_004865.pt,50,0,room,-10.633193016052246,6.880837917327881,14.679594993591309
ambience_004866.pt,50,0,room,-10.583846092224121,6.995165824890137,15.634681701660156
ambience_004867.pt,50,0,room,-10.551962852478027,6.938477516174316,12.47140884399414
ambience_004868.pt,50,0,room,-10.49079418182373,6.574689865112305,14.209107398986816
ambience_004869.pt,50,0,room,-10.446125984191895,6.496326446533203,13.609029769897461
ambience_004870.pt,50,0,room,-10.913680076599121,6.938860893249512,15.243690490722656
ambience_004871.pt,50,0,room,-10.904705047607422,7.229020595550537,13.796741485595703
ambience_004872.pt,50,0,room,-11.145983695983887,6.547852039337158,12.380972862243652
ambience_004873.pt,50,0,room,-11.600255966186523,6.55447244644165,12.35644245147705
ambience_004874.pt,50,0,room,-10.702714920043945,6.4198384284973145,13.856669425964355
ambience_004875.pt,50,0,room,-11.118216514587402,6.329453945159912,12.982961654663086
ambience_004876.pt,50,0,room,-11.224167823791504,6.513924598693848,14.192389488220215
ambience_004877.pt,50,0,room,-11.80092716217041,6.649965286254883,14.57388687133789
ambience_004878.pt,50,0,room,-11.42098617553711,6.562743663787842,13.260570526123047
ambience_004879.pt,50,0,room,-10.269451141357422,6.3450846672058105,12.459221839904785
ambience_004880.pt,50,0,room,-10.382967948913574,6.3357110023498535,13.865934371948242
ambience_004881.pt,50,0,room,-10.316007614135742,6.577178001403809,15.64271354675293
ambience_004882.pt,50,0,room,-10.511555671691895,6.898336887359619,14.381246566772461
ambience_004883.pt,50,0,room,-10.141050338745117,7.3144659996032715,13.673735618591309
ambience_004884.pt,50,0,room,-9.98306655883789,6.844420909881592,13.392635345458984
ambience_004885.pt,50,0,room,-9.731141090393066,6.261663436889648,15.128744125366211
ambience_004886.pt,50,0,room,-10.09963607788086,6.559144020080566,12.850361824035645
ambience_004887.pt,50,0,room,-8.051613807678223,6.100347518920898,11.732057571411133
ambience_004888.pt,50,0,room,-8.41965389251709,5.854675769805908,14.75308609008789
ambience_004889.pt,50,0,room,-9.192220687866211,6.196568489074707,14.569815635681152
ambience_004890.pt,50,0,room,-9.681568145751953,6.698476314544678,13.19749641418457
ambience_004891.pt,50,0,room,-11.340283393859863,6.961251258850098,13.988743782043457
ambience_004892.pt,50,0,room,-11.577466011047363,7.484492778778076,13.23636245727539
ambience_004893.pt,50,0,room,-12.364823341369629,7.472036838531494,14.127691268920898
ambience_004894.pt,50,0,room,-12.065596580505371,7.307121753692627,15.022907257080078
ambience_004895.pt,50,0,room,-11.69112491607666,7.803623676300049,13.814579010009766
ambience_004896.pt,50,0,room,-12.482501029968262,7.399827480316162,15.392549514770508
ambience_004897.pt,50,0,room,-12.521228790283203,7.378659248352051,13.562439918518066
ambience_004898.pt,50,0,room,-12.114195823669434,6.876933574676514,15.028582572937012
ambience_004899.pt,50,0,room,-12.490325927734375,6.942953586578369,13.458508491516113
ambience_004900.pt,50,0,room,-11.447728157043457,6.451229572296143,13.765886306762695
ambience_004901.pt,50,0,room,-11.463536262512207,6.495755195617676,15.533185005187988
ambience_004902.pt,50,0,room,-11.498201370239258,6.581927299499512,13.356410026550293
ambience_004903.pt,50,0,room,-11.678165435791016,7.036771297454834,15.545825004577637
ambience_004904.pt,50,0,room,-11.84552001953125,7.027750492095947,12.16977596282959
ambience_004905.pt,50,0,room,-11.535828590393066,7.249922275543213,13.428750038146973
ambience_004906.pt,50,0,room,-9.741190910339355,6.2404561042785645,14.504966735839844
ambience_004907.pt,50,0,room,-10.182039260864258,6.36595344543457,12.525601387023926
ambience_004908.pt,50,0,room,-10.323729515075684,6.529487133026123,12.921219825744629
ambience_004909.pt,50,0,room,-10.772627830505371,6.602120876312256,12.864450454711914
ambience_004910.pt,50,0,room,-11.765358924865723,6.743743419647217,11.833106994628906
ambience_004911.pt,50,0,room,-10.704806327819824,6.3622283935546875,13.70927906036377
ambience_004912.pt,50,0,room,-10.595355987548828,6.032743453979492,13.949189186096191
ambience_004913.pt,50,0,room,-10.946087837219238,6.170263767242432,13.5412015914917
ambience_004914.pt,50,0,room,-11.343491554260254,6.562572479248047,12.667447090148926
ambience_004915.pt,50,0,room,-11.582053184509277,6.539516925811768,11.78829574584961
ambience_004916.pt,50,0,room,-11.68383502960205,6.815069675445557,14.509076118469238
ambience_004917.pt,50,0,room,-12.140669822692871,6.989575386047363,12.757671356201172
ambience_004918.pt,50,0,room,-12.512166976928711,7.314438343048096,14.41439437866211
ambience_004919.pt,50,0,room,-12.342177391052246,7.30744743347168,14.35421085357666
ambience_004920.pt,50,0,room,-11.594533920288086,7.074338436126709,13.244543075561523
ambience_004921.pt,50,0,room,-11.204720497131348,7.009822845458984,14.428849220275879
ambience_004922.pt,50,0,room,-11.338415145874023,6.893254280090332,12.407470703125
ambience_004923.pt,50,0,room,-11.635878562927246,6.856157302856445,12.65043830871582
ambience_004924.pt,50,0,room,-11.42037582397461,7.010763168334961,14.29521369934082
ambience_004925.pt,50,0,room,-12.968820571899414,7.0811662673950195,13.127008438110352
ambience_004926.pt,50,0,room,-13.008014678955078,7.394679546356201,13.667255401611328
ambience_004927.pt,50,0,room,-13.03433895111084,7.198792457580566,13.994306564331055
ambience_004928.pt,50,0,room,-12.588736534118652,7.196083068847656,13.822563171386719
ambience_004929.pt,50,0,room,-12.715377807617188,6.874075889587402,12.281845092773438
ambience_004930.pt,50,0,room,-12.699573516845703,7.056144714355469,12.092646598815918
ambience_004931.pt,50,0,room,-13.232098579406738,7.040970802307129,12.666677474975586
ambience_004932.pt,50,0,room,-13.193276405334473,8.29934024810791,16.439577102661133
ambience_004933.pt,50,0,room,-13.895944595336914,7.048475742340088,12.421121597290039
ambience_004934.pt,50,0,room,-13.740377426147461,7.036455154418945,15.424781799316406
ambience_004935.pt,50,0,room,-14.431835174560547,7.176718235015869,13.783244132995605
ambience_004936.pt,50,0,room,-13.693778038024902,6.843980312347412,13.433778762817383
ambience_004937.pt,50,0,room,-13.846688270568848,6.779728889465332,14.524478912353516
ambience_004938.pt,50,0,room,-13.606675148010254,7.008933067321777,13.090494155883789
ambience_004939.pt,50,0,room,-12.844188690185547,6.682663917541504,12.270605087280273
ambience_004940.pt,50,0,room,-12.862381935119629,6.580244541168213,13.45400619506836
ambience_004941.pt,50,0,room,-12.497834205627441,6.419524669647217,12.040021896362305
ambience_004942.pt,50,0,room,-12.267975807189941,6.547637939453125,13.512688636779785
ambience_004943.pt,50,0,room,-12.527969360351562,6.589648246765137,11.186491012573242
ambience_004944.pt,50,0,room,-13.074726104736328,6.702136993408203,12.826813697814941
ambience_004945.pt,50,0,room,-13.068131446838379,6.867775917053223,13.195442199707031
ambience_004946.pt,50,0,room,-13.065048217773438,6.736565589904785,14.446624755859375
ambience_004947.pt,50,0,room,-12.755823135375977,6.67055082321167,14.16923713684082
ambience_004948.pt,50,0,room,-12.747970581054688,6.662615776062012,12.734331130981445
ambience_004949.pt,50,0,room,-13.047356605529785,6.826536655426025,12.541197776794434
ambience_004950.pt,50,0,room,-13.041337013244629,6.841599941253662,12.279056549072266
ambience_004951.pt,50,0,room,-12.006918907165527,6.250848770141602,12.94949722290039
ambience_004952.pt,50,0,room,-11.414087295532227,5.953155040740967,14.007631301879883
ambience_004953.pt,50,0,room,-11.453967094421387,6.170203685760498,13.94880199432373
ambience_004954.pt,50,0,room,-10.642462730407715,6.079829216003418,12.080888748168945
ambience_004955.pt,50,0,room,-12.438851356506348,6.459394454956055,11.865767478942871
ambience_004956.pt,50,0,room,-12.578949928283691,6.5562334060668945,14.054752349853516
ambience_004957.pt,50,0,room,-12.823739051818848,6.767610549926758,14.194731712341309
ambience_004958.pt,50,0,room,-12.875499725341797,7.084270000457764,13.984831809997559
ambience_004959.pt,50,0,room,-10.321566581726074,8.272238731384277,11.755998611450195
ambience_004960.pt,50,0,room,-8.819829940795898,8.752574920654297,13.55586051940918
ambience_004961.pt,50,0,room,-9.26730728149414,9.037397384643555,13.007908821105957
ambience_004962.pt,50,0,room,-8.868422508239746,9.032390594482422,13.197680473327637
ambience_004963.pt,50,0,room,-8.929943084716797,8.981526374816895,13.253983497619629
ambience_004964.pt,50,0,room,-9.366323471069336,8.492517471313477,13.476690292358398
ambience_004965.pt,50,0,room,-9.971490859985352,8.100025177001953,13.503743171691895
ambience_004966.pt,50,0,room,-9.814617156982422,7.836973190307617,14.933890342712402
ambience_004967.pt,50,0,room,-8.971384048461914,8.625497817993164,15.534259796142578
ambience_004968.pt,50,0,room,-10.311921119689941,8.177505493164062,14.34205436706543
ambience_004969.pt,50,0,room,-11.566803932189941,8.119729042053223,15.971054077148438
ambience_004970.pt,50,0,room,-12.11428165435791,7.66187858581543,16.12173080444336
ambience_004971.pt,50,0,room,-10.55794906616211,7.34104585647583,14.610023498535156
ambience_004972.pt,50,0,room,-10.350845336914062,6.901379108428955,14.567837715148926
ambience_004973.pt,50,0,room,-11.361237525939941,6.826599597930908,14.205941200256348
ambience_004974.pt,50,0,room,-10.411184310913086,6.379288196563721,14.104252815246582
ambience_004975.pt,50,0,room,-10.653555870056152,6.637722969055176,15.360973358154297
ambience_004976.pt,50,0,room,-12.215320587158203,7.167391300201416,15.367435455322266
ambience_004977.pt,50,0,room,-12.74215030670166,7.109954833984375,17.588075637817383
ambience_004978.pt,50,0,room,-12.536393165588379,7.364378452301025,16.584674835205078
ambience_004979.pt,50,0,room,-12.32724666595459,6.926016330718994,13.657365798950195
ambience_004980.pt,50,0,room,-12.48520565032959,7.167283535003662,15.924015998840332
ambience_004981.pt,50,0,room,-12.74399471282959,7.273140907287598,13.653717041015625
ambience_004982.pt,50,0,room,-12.536798477172852,7.119288921356201,13.626252174377441
ambience_004983.pt,50,0,room,-12.604290962219238,7.295929431915283,13.079408645629883
ambience_004984.pt,50,0,room,-12.166348457336426,7.077873229980469,14.243858337402344
ambience_004985.pt,50,0,room,-12.142891883850098,6.9514899253845215,15.151376724243164
ambience_004986.pt,50,0,room,-6.377755641937256,8.760257720947266,28.567459106445312
ambience_004987.pt,50,0,room,-5.520651817321777,7.1012163162231445,22.184894561767578
ambience_004988.pt,50,0,room,-7.02609395980835,5.477212905883789,14.991291999816895
ambience_004989.pt,50,0,room,-6.828778266906738,5.178699016571045,13.389669418334961
ambience_004990.pt,50,0,room,-6.615597724914551,5.115906715393066,12.946565628051758
ambience_004991.pt,50,0,room,-6.473670959472656,5.105701446533203,12.757230758666992
ambience_004992.pt,50,0,room,-6.4441142082214355,4.977499008178711,12.208985328674316
ambience_004993.pt,50,0,room,-6.496860027313232,5.157407760620117,13.045326232910156
ambience_004994.pt,50,0,room,-6.426440715789795,5.154747486114502,14.023710250854492
ambience_004995.pt,50,0,room,-6.242469787597656,5.214433193206787,11.99850082397461
ambience_004996.pt,50,0,room,-7.1812896728515625,5.317591667175293,12.760377883911133
ambience_004997.pt,50,0,room,-6.683761119842529,5.292387962341309,13.332118034362793
ambience_004998.pt,50,0,room,-6.057681083679199,5.2614264488220215,15.06588077545166
ambience_004999.pt,50,0,room,-7.144641399383545,5.534265041351318,13.784061431884766
ambience_005000.pt,50,0,room,-8.064672470092773,5.678675174713135,12.718626022338867
ambience_005001.pt,50,0,room,-9.40749454498291,6.163169860839844,12.217074394226074
ambience_005002.pt,50,0,room,-9.384860038757324,7.12904167175293,14.724451065063477
ambience_005003.pt,50,0,room,-2.2612802982330322,5.386542320251465,14.524556159973145
ambience_005004.pt,50,0,room,-5.688933849334717,5.265522480010986,12.442081451416016
ambience_005005.pt,50,0,room,-6.675036430358887,5.544785022735596,13.463289260864258
ambience_005006.pt,50,0,room,-6.871379375457764,5.6470232009887695,12.990578651428223
ambience_005007.pt,50,0,room,-7.023524284362793,5.585270404815674,13.920340538024902
ambience_005008.pt,50,0,room,-7.1986918449401855,5.592450141906738,12.686803817749023
ambience_005009.pt,50,0,room,-7.390451431274414,5.592445373535156,13.388586044311523
ambience_005010.pt,50,0,room,-7.299908638000488,5.553326606750488,14.308160781860352
ambience_005011.pt,50,0,room,-7.226452350616455,5.515940189361572,12.880549430847168
ambience_005012.pt,50,0,room,-7.544582843780518,5.667726993560791,13.628421783447266
ambience_005013.pt,50,0,room,-7.386282444000244,5.40568733215332,11.772039413452148
ambience_005014.pt,50,0,room,-7.556448459625244,5.522400379180908,13.334611892700195
ambience_005015.pt,50,0,room,-7.308439254760742,5.249141693115234,14.090814590454102
ambience_005016.pt,50,0,room,-7.235543727874756,5.173502445220947,12.308094024658203
ambience_005017.pt,50,0,room,-7.253502368927002,5.367966651916504,13.543554306030273
ambience_005018.pt,50,0,room,-7.135592937469482,5.255063533782959,14.632488250732422
ambience_005019.pt,50,0,room,-7.381296157836914,5.087948799133301,12.097338676452637
ambience_005020.pt,50,0,room,-8.191021919250488,5.292226314544678,13.846510887145996
ambience_005021.pt,50,0,room,-7.329632759094238,5.3475751876831055,13.612374305725098
ambience_005022.pt,50,0,room,-7.881442070007324,5.293137073516846,14.607987403869629
ambience_005023.pt,50,0,room,-8.506363868713379,5.150199890136719,12.088126182556152
ambience_005024.pt,50,0,room,-8.184130668640137,5.064377307891846,12.35770320892334
ambience_005025.pt,50,0,room,-7.973750591278076,5.190989971160889,11.848984718322754
ambience_005026.pt,50,0,room,-12.430863380432129,6.661721706390381,12.880546569824219
ambience_005027.pt,50,0,room,-14.828574180603027,7.372828006744385,13.549520492553711
ambience_005028.pt,50,0,room,-14.949685096740723,7.345500469207764,11.288670539855957
ambience_005029.pt,50,0,room,-14.905974388122559,7.320133686065674,13.444804191589355
ambience_005030.pt,50,0,room,-14.9506196975708,7.250436782836914,12.463541030883789
ambience_005031.pt,50,0,room,-14.782598495483398,7.4561381340026855,12.136343002319336
ambience_005032.pt,50,0,room,-14.582433700561523,7.588064193725586,13.73493766784668
ambience_005033.pt,50,0,room,-14.985040664672852,7.666123867034912,13.615523338317871
ambience_005034.pt,50,0,room,-14.628617286682129,7.176004409790039,12.580459594726562
ambience_005035.pt,50,0,room,-13.454309463500977,7.1602067947387695,13.966207504272461
ambience_005036.pt,50,0,room,-7.314775466918945,7.475214958190918,16.27667999267578
ambience_005037.pt,50,0,room,-11.52315902709961,6.215087890625,13.43838119506836
ambience_005038.pt,50,0,room,-12.265835762023926,6.410350322723389,12.924084663391113
ambience_005039.pt,50,0,room,-12.05129337310791,6.817728519439697,14.328351020812988
ambience_005040.pt,50,0,room,-10.393898963928223,6.094586372375488,15.244149208068848
ambience_005041.pt,50,0,room,-11.852502822875977,6.416476726531982,12.765918731689453
ambience_005042.pt,50,0,room,-12.034948348999023,6.693355083465576,13.676506042480469
ambience_005043.pt,50,0,room,-12.379303932189941,6.403487682342529,13.259488105773926
ambience_005044.pt,50,0,room,-12.331515312194824,6.327008247375488,13.333118438720703
ambience_005045.pt,50,0,room,-12.301803588867188,6.233219623565674,12.965798377990723
ambience_005046.pt,50,0,room,-12.153223037719727,6.436407089233398,11.91657829284668
ambience_005047.pt,50,0,room,-11.759353637695312,6.3681440353393555,13.981581687927246
ambience_005048.pt,50,0,room,-11.643303871154785,6.4176530838012695,15.609122276306152
ambience_005049.pt,50,0,room,-11.673195838928223,6.424889087677002,12.314973831176758
ambience_005050.pt,50,0,room,-10.803549766540527,6.251461029052734,13.147992134094238
ambience_005051.pt,50,0,room,-10.775877952575684,6.189979076385498,12.630873680114746
ambience_005052.pt,50,0,room,-10.691068649291992,6.203559875488281,14.860464096069336
ambience_005053.pt,50,0,room,-11.140185356140137,6.284304618835449,13.20159912109375
ambience_005054.pt,50,0,room,-10.255823135375977,6.304744720458984,14.810843467712402
ambience_005055.pt,50,0,room,-10.999346733093262,6.231441020965576,12.805462837219238
ambience_005056.pt,50,0,room,-11.492435455322266,6.196318626403809,12.032730102539062
ambience_005057.pt,50,0,room,-11.423125267028809,6.2910475730896,14.1784086227417
ambience_005058.pt,50,0,room,-11.833459854125977,6.3497843742370605,12.766131401062012
ambience_005059.pt,50,0,room,-12.365154266357422,6.541120529174805,13.19498062133789
ambience_005060.pt,50,0,room,-13.113489151000977,6.756958961486816,13.289047241210938
ambience_005061.pt,50,0,room,-12.324219703674316,6.595879554748535,12.43412971496582
ambience_005062.pt,50,0,room,-11.59165096282959,6.6382060050964355,13.715953826904297
ambience_005063.pt,50,0,room,-11.936347007751465,6.931184768676758,13.596037864685059
ambience_005064.pt,50,0,room,-11.990801811218262,6.501908302307129,12.087228775024414
ambience_005065.pt,50,0,room,-12.196623802185059,6.552074432373047,13.01810073852539
ambience_005066.pt,50,0,room,-12.788018226623535,6.821224212646484,11.764129638671875
ambience_005067.pt,50,0,room,-13.117646217346191,7.246581554412842,13.785882949829102
ambience_005068.pt,50,0,room,-13.164847373962402,6.8151140213012695,12.654561042785645
ambience_005069.pt,50,0,room,-12.758880615234375,6.8260297775268555,12.343544006347656
ambience_005070.pt,50,0,room,-12.239831924438477,6.715155601501465,16.127552032470703
ambience_005071.pt,50,0,room,-12.769356727600098,6.53605318069458,12.007905006408691
ambience_005072.pt,50,0,room,-12.860815048217773,6.711251258850098,12.568632125854492
ambience_005073.pt,50,0,room,-13.187845230102539,7.083014488220215,14.128865242004395
ambience_005074.pt,50,0,room,-13.412476539611816,7.284000873565674,14.390264511108398
ambience_005075.pt,50,0,room,-13.096242904663086,7.097422122955322,13.883794784545898
ambience_005076.pt,50,0,room,-12.405645370483398,6.971681594848633,13.370928764343262
ambience_005077.pt,50,0,room,-12.840096473693848,7.158830165863037,12.424694061279297
ambience_005078.pt,50,0,room,-12.944624900817871,7.122738361358643,14.10879898071289
ambience_005079.pt,50,0,room,-13.056992530822754,7.240261077880859,13.42007064819336
ambience_005080.pt,50,0,room,-13.226555824279785,7.113805770874023,12.651062965393066
ambience_005081.pt,50,0,room,-13.368119239807129,7.2412919998168945,12.314929008483887
ambience_005082.pt,50,0,room,-12.636977195739746,6.575740337371826,11.325431823730469
ambience_005083.pt,50,0,room,-13.296133041381836,7.19904088973999,11.526510238647461
ambience_005084.pt,50,0,room,-13.926708221435547,7.005585193634033,12.59337043762207
ambience_005085.pt,50,0,room,-14.169665336608887,7.079823970794678,12.607745170593262
ambience_005086.pt,50,0,room,-13.726244926452637,6.773375511169434,12.383584976196289
ambience_005087.pt,50,0,room,-11.578502655029297,5.722435474395752,11.792391777038574
ambience_005088.pt,50,0,room,-11.646012306213379,5.851003646850586,12.052988052368164
ambience_005089.pt,50,0,room,-12.506896018981934,6.333204746246338,13.11009407043457
ambience_005090.pt,50,0,room,-13.362082481384277,6.473467826843262,12.651018142700195
ambience_005091.pt,50,0,room,-12.661870956420898,6.157751083374023,12.8801908493042
ambience_005092.pt,50,0,room,-12.606921195983887,6.25468111038208,13.360377311706543
ambience_005093.pt,50,0,room,-12.717885971069336,6.492034912109375,12.886444091796875
ambience_005094.pt,50,0,room,-12.925369262695312,6.4421186447143555,12.06545352935791
ambience_005095.pt,50,0,room,-13.691306114196777,6.9093804359436035,13.21205997467041
ambience_005096.pt,50,0,room,-14.860260963439941,6.912511348724365,11.380057334899902
ambience_005097.pt,50,0,room,-14.543344497680664,6.987461566925049,12.52223014831543
ambience_005098.pt,50,0,room,-14.950100898742676,6.863673686981201,12.343660354614258
ambience_005099.pt,50,0,room,-14.975963592529297,6.970402717590332,13.165783882141113
ambience_005100.pt,50,0,room,-14.376986503601074,6.8378214836120605,11.669715881347656
ambience_005101.pt,50,0,room,-13.913195610046387,6.698456287384033,12.574207305908203
ambience_005102.pt,50,0,room,-13.938867568969727,6.5964155197143555,11.7744779586792
ambience_005103.pt,50,0,room,-13.918801307678223,6.821925163269043,10.834817886352539
ambience_005104.pt,50,0,room,-14.693897247314453,7.08804988861084,12.781067848205566
ambience_005105.pt,50,0,room,-14.361637115478516,6.866145610809326,12.226158142089844
ambience_005106.pt,50,0,room,-14.267346382141113,6.930636882781982,12.237738609313965
ambience_005107.pt,50,0,room,-14.675551414489746,7.0626540184021,13.286881446838379
ambience_005108.pt,50,0,room,-14.393640518188477,6.827259063720703,12.537508010864258
ambience_005109.pt,50,0,room,-14.163110733032227,6.833613872528076,12.613301277160645
ambience_005110.pt,50,0,room,-14.36358642578125,6.644113540649414,11.130672454833984
ambience_005111.pt,50,0,room,-13.907339096069336,6.653111934661865,12.54736328125
ambience_005112.pt,50,0,room,-13.451879501342773,6.762276649475098,13.410737991333008
ambience_005113.pt,50,0,room,-13.828591346740723,6.5725998878479,12.182395935058594
ambience_005114.pt,50,0,room,-13.977974891662598,6.77123498916626,11.356327056884766
ambience_005115.pt,50,0,room,-13.467019081115723,6.917225360870361,13.272909164428711
ambience_005116.pt,50,0,room,-14.706707954406738,7.174989700317383,12.605600357055664
ambience_005117.pt,50,0,room,-14.679633140563965,7.107522010803223,13.634657859802246
ambience_005118.pt,50,0,room,-14.759576797485352,7.191576957702637,11.817850112915039
ambience_005119.pt,50,0,room,-14.256719589233398,7.2282328605651855,12.887134552001953
ambience_005120.pt,50,0,room,-14.561537742614746,7.088069915771484,14.27902603149414
ambience_005121.pt,50,0,room,-14.779712677001953,6.951344966888428,12.551870346069336
ambience_005122.pt,50,0,room,-14.581658363342285,7.183216094970703,11.994283676147461
ambience_005123.pt,50,0,room,-14.39672565460205,7.07826042175293,13.169875144958496
ambience_005124.pt,50,0,room,-14.60404109954834,7.123868942260742,12.522483825683594
ambience_005125.pt,50,0,room,-14.514756202697754,7.011865615844727,11.404067039489746
ambience_005126.pt,50,0,room,-13.661080360412598,6.513487815856934,12.388509750366211
ambience_005127.pt,50,0,room,-14.073641777038574,6.862064838409424,12.656200408935547
ambience_005128.pt,50,0,room,-14.644598007202148,7.055683135986328,12.262289047241211
ambience_005129.pt,50,0,room,-14.253686904907227,7.02072811126709,12.097001075744629
ambience_005130.pt,50,0,room,-13.734262466430664,6.882509231567383,12.600092887878418
ambience_005131.pt,50,0,room,-11.242796897888184,5.93496036529541,11.69422721862793
ambience_005132.pt,50,0,room,-11.731352806091309,5.920554161071777,10.919363021850586
ambience_005133.pt,50,0,room,-12.242951393127441,6.217657089233398,11.974166870117188
ambience_005134.pt,50,0,room,-12.720879554748535,6.226680278778076,12.554112434387207
ambience_005135.pt,50,0,room,-12.800537109375,6.3455352783203125,13.086708068847656
ambience_005136.pt,50,0,room,-11.883301734924316,5.937769412994385,11.117624282836914
ambience_005137.pt,50,0,room,-12.772151947021484,6.348851680755615,12.845040321350098
ambience_005138.pt,50,0,room,-13.3403959274292,6.480538368225098,13.610095977783203
ambience_005139.pt,50,0,room,-14.02136516571045,6.704019546508789,11.719407081604004
ambience_005140.pt,50,0,room,-14.470987319946289,6.8348236083984375,12.009367942810059
ambience_005141.pt,50,0,room,-13.930264472961426,6.938406944274902,12.277592658996582
ambience_005142.pt,50,0,room,-14.381145477294922,6.479046821594238,12.460474014282227
ambience_005143.pt,50,0,room,-13.28893756866455,6.092682838439941,14.006868362426758
ambience_005144.pt,50,0,room,-13.002307891845703,6.201530933380127,12.350439071655273
ambience_005145.pt,50,0,room,-12.601394653320312,6.077815532684326,13.035077095031738
ambience_005146.pt,50,0,room,-11.569489479064941,5.726719856262207,13.599291801452637
ambience_005147.pt,50,0,room,-12.361130714416504,6.023313522338867,13.801713943481445
ambience_005148.pt,50,0,room,-12.53607177734375,6.223505020141602,12.410277366638184
ambience_005149.pt,50,0,room,-12.557656288146973,6.239957809448242,13.957159042358398
ambience_005150.pt,50,0,room,-13.29345989227295,6.410467624664307,13.743127822875977
ambience_005151.pt,50,0,room,-13.379767417907715,6.583201885223389,15.11298656463623
ambience_005152.pt,50,0,room,-13.647719383239746,6.742941856384277,13.909836769104004
ambience_005153.pt,50,0,room,-14.86069393157959,7.108887672424316,12.399039268493652
ambience_005154.pt,50,0,room,-14.252090454101562,7.318045139312744,11.335755348205566
ambience_005155.pt,50,0,room,-14.414342880249023,7.012883186340332,12.249356269836426
ambience_005156.pt,50,0,room,-14.756348609924316,7.1807684898376465,13.361639022827148
ambience_005157.pt,50,0,room,-14.763777732849121,6.967837333679199,13.606261253356934
ambience_005158.pt,50,0,room,-13.931676864624023,7.029491424560547,10.877262115478516
ambience_005159.pt,50,0,room,-13.16934585571289,6.9675140380859375,10.898594856262207
ambience_005160.pt,50,0,room,-14.0407133102417,7.153857231140137,13.518842697143555
ambience_005161.pt,50,0,room,-14.470062255859375,7.057589530944824,12.806243896484375
ambience_005162.pt,50,0,room,-13.776996612548828,7.075350284576416,13.26757526397705
ambience_005163.pt,50,0,room,-13.77538776397705,7.265885353088379,12.527929306030273
ambience_005164.pt,50,0,room,-13.364602088928223,7.280786037445068,14.057086944580078
ambience_005165.pt,50,0,room,-13.984999656677246,7.078650951385498,14.293062210083008
ambience_005166.pt,50,0,room,-13.417858123779297,7.167516231536865,19.45576286315918
ambience_005167.pt,50,0,room,-12.266870498657227,7.2917561531066895,16.689006805419922
ambience_005168.pt,50,0,room,-10.678750991821289,6.89405632019043,17.991626739501953
ambience_005169.pt,50,0,room,-9.991602897644043,5.5837297439575195,13.661881446838379
ambience_005170.pt,50,0,room,-11.264328956604004,5.98293399810791,12.53596305847168
ambience_005171.pt,50,0,room,-12.490671157836914,6.67424201965332,13.981487274169922
ambience_005172.pt,50,0,room,-12.670557022094727,6.466609477996826,12.755681037902832
ambience_005173.pt,50,0,room,-12.244376182556152,6.229697227478027,13.054851531982422
ambience_005174.pt,50,0,room,-12.216121673583984,6.0738844871521,13.739246368408203
ambience_005175.pt,50,0,room,-13.619464874267578,6.468677520751953,12.75320053100586
ambience_005176.pt,50,0,room,-13.543182373046875,6.539304733276367,13.162827491760254
ambience_005177.pt,50,0,room,-12.68521785736084,6.48123836517334,13.655904769897461
ambience_005178.pt,50,0,room,-9.677626609802246,5.71871280670166,14.52469253540039
ambience_005179.pt,50,0,room,-9.738436698913574,5.833952903747559,16.178543090820312
ambience_005180.pt,50,0,room,-10.798070907592773,5.816201686859131,14.379006385803223
ambience_005181.pt,50,0,room,-10.881278991699219,5.610422134399414,14.843420028686523
ambience_005182.pt,50,0,room,-9.798327445983887,5.807490348815918,13.407947540283203
ambience_005183.pt,50,0,room,-9.394209861755371,5.439257621765137,12.991484642028809
ambience_005184.pt,50,0,room,-9.019625663757324,5.36720609664917,12.173832893371582
ambience_005185.pt,50,0,room,-9.81643009185791,5.861398220062256,13.390800476074219
ambience_005186.pt,50,0,room,-9.544864654541016,5.65405797958374,12.129528045654297
ambience_005187.pt,50,0,room,-9.25414752960205,5.597623348236084,13.014058113098145
ambience_005188.pt,50,0,room,-9.503928184509277,5.807800769805908,12.750845909118652
ambience_005189.pt,50,0,room,-9.158614158630371,5.517641067504883,12.838361740112305
ambience_005190.pt,50,0,room,-10.070079803466797,5.725679397583008,12.410516738891602
ambience_005191.pt,50,0,room,-10.487070083618164,5.756446838378906,12.243280410766602
ambience_005192.pt,50,0,room,-11.483726501464844,5.955896377563477,11.885748863220215
ambience_005193.pt,50,0,room,-12.224323272705078,5.945293426513672,12.749128341674805
ambience_005194.pt,50,0,room,-12.211917877197266,6.1445136070251465,10.937837600708008
ambience_005195.pt,50,0,room,-12.994864463806152,6.519699573516846,12.814192771911621
ambience_005196.pt,50,0,room,-14.07834529876709,6.980123996734619,12.824873924255371
ambience_005197.pt,50,0,room,-14.407044410705566,7.1124653816223145,12.355049133300781
ambience_005198.pt,50,0,room,-13.430718421936035,7.536635875701904,14.15582275390625
ambience_005199.pt,50,0,room,-12.687273979187012,8.506659507751465,15.478330612182617
ambience_005200.pt,50,0,room,-11.889634132385254,8.899920463562012,15.458871841430664
ambience_005201.pt,50,0,room,-11.951567649841309,9.04448413848877,15.06253719329834
ambience_005202.pt,50,0,room,-11.696621894836426,8.963748931884766,17.028364181518555
ambience_005203.pt,50,0,room,-12.207530975341797,8.931257247924805,16.236759185791016
ambience_005204.pt,50,0,room,-11.70028018951416,8.680747032165527,14.996383666992188
ambience_005205.pt,50,0,room,-11.684365272521973,8.564668655395508,15.757837295532227
ambience_005206.pt,50,0,room,-11.742803573608398,8.401719093322754,14.94295883178711
ambience_005207.pt,50,0,room,-12.096668243408203,8.655200004577637,16.083463668823242
ambience_005208.pt,50,0,room,-11.554949760437012,9.007793426513672,15.198184967041016
ambience_005209.pt,50,0,room,-10.282934188842773,9.13501262664795,16.900714874267578
ambience_005210.pt,50,0,room,-9.126480102539062,8.94003677368164,16.940135955810547
ambience_005211.pt,50,0,room,-8.084914207458496,8.573989868164062,16.087177276611328
ambience_005212.pt,50,0,room,-8.31174087524414,7.522004127502441,16.1875
ambience_005213.pt,50,0,room,-8.460750579833984,7.9888596534729,15.041374206542969
ambience_005214.pt,50,0,room,-8.704657554626465,8.270216941833496,15.999990463256836
ambience_005215.pt,50,0,room,-7.631121635437012,8.550293922424316,17.521411895751953
ambience_005216.pt,50,0,room,-8.27144718170166,8.621315002441406,16.748397827148438
ambience_005217.pt,50,0,room,-7.839365005493164,9.211161613464355,17.31178092956543
ambience_005218.pt,50,0,room,-9.009264945983887,8.402324676513672,16.88726043701172
ambience_005219.pt,50,0,room,-9.640999794006348,8.685791015625,19.98834228515625
ambience_005220.pt,50,0,room,-9.046364784240723,8.283943176269531,18.953365325927734
ambience_005221.pt,50,0,room,-9.933747291564941,8.305931091308594,17.44645118713379
ambience_005222.pt,50,0,room,-9.897544860839844,8.488312721252441,18.374469757080078
ambience_005223.pt,50,0,room,-9.790536880493164,9.22812271118164,17.775083541870117
ambience_005224.pt,50,0,room,-9.311382293701172,9.042563438415527,21.42601776123047
ambience_005225.pt,50,0,room,-7.9471659660339355,8.930519104003906,23.17823600769043
ambience_005226.pt,50,0,room,-8.859942436218262,8.557600021362305,20.0247859954834
ambience_005227.pt,50,0,room,-8.862820625305176,8.743704795837402,23.525352478027344
ambience_005228.pt,50,0,room,-7.864011764526367,9.074350357055664,23.757286071777344
ambience_005229.pt,50,0,room,-6.531942367553711,9.41069221496582,25.81536293029785
ambience_005230.pt,50,0,room,-6.714694499969482,9.378487586975098,24.53369903564453
ambience_005231.pt,50,0,room,-6.487820625305176,9.397205352783203,25.444995880126953
ambience_005232.pt,50,0,room,-6.553117275238037,9.473057746887207,27.32672691345215
ambience_005233.pt,50,0,room,-5.767902851104736,9.847370147705078,28.146053314208984
ambience_005234.pt,50,0,room,-5.507787704467773,10.039721488952637,26.496047973632812
ambience_005235.pt,50,0,room,-5.112154960632324,9.812698364257812,27.534339904785156
ambience_005236.pt,50,0,room,-6.571127414703369,9.124667167663574,29.007770538330078
ambience_005237.pt,50,0,room,-4.607206344604492,8.329803466796875,30.652324676513672
ambience_005238.pt,50,0,room,-4.3608012199401855,8.689995765686035,30.524539947509766
ambience_005239.pt,50,0,room,-7.690093994140625,9.708949089050293,30.32056999206543
ambience_005240.pt,50,0,room,-9.902789115905762,9.396739959716797,23.646270751953125
ambience_005241.pt,50,0,room,-11.113868713378906,8.783394813537598,23.39451026916504
ambience_005242.pt,50,0,room,-9.904372215270996,7.806482315063477,23.375553131103516
ambience_005243.pt,50,0,room,-10.398192405700684,8.019749641418457,23.440715789794922
ambience_005244.pt,50,0,room,-10.38386344909668,7.870268821716309,21.242374420166016
ambience_005245.pt,50,0,room,-11.269099235534668,8.141246795654297,18.74860382080078
ambience_005246.pt,50,0,room,-11.595389366149902,8.598396301269531,18.613157272338867
ambience_005247.pt,50,0,room,-11.401836395263672,8.223913192749023,17.562164306640625
ambience_005248.pt,50,0,room,-11.521174430847168,7.775712490081787,16.328384399414062
ambience_005249.pt,50,0,room,-11.567146301269531,8.297637939453125,17.34555435180664
ambience_005250.pt,50,0,room,-12.158797264099121,8.173118591308594,16.67551040649414
ambience_005251.pt,50,0,room,-11.707324981689453,7.9651288986206055,16.892288208007812
ambience_005252.pt,50,0,room,-13.872674942016602,7.0583624839782715,12.925357818603516
ambience_005253.pt,50,0,room,-14.2548828125,6.857232093811035,12.718706130981445
ambience_005254.pt,50,0,room,-13.946913719177246,6.606085300445557,12.972947120666504
ambience_005255.pt,50,0,room,-14.027691841125488,6.535081386566162,13.388143539428711
ambience_005256.pt,50,0,room,-13.656516075134277,6.637659549713135,12.430819511413574
ambience_005257.pt,50,0,room,-13.555749893188477,6.557506084442139,12.518468856811523
ambience_005258.pt,50,0,room,-13.25533676147461,6.652265548706055,13.288867950439453
ambience_005259.pt,50,0,room,-12.75570011138916,6.7501678466796875,12.730049133300781
ambience_005260.pt,50,0,room,-13.15280818939209,6.671762466430664,13.225973129272461
ambience_005261.pt,50,0,room,-13.9117431640625,6.637110233306885,12.348451614379883
ambience_005262.pt,50,0,room,-13.919683456420898,6.659607410430908,12.317456245422363
ambience_005263.pt,50,0,room,-13.783782005310059,6.566311359405518,13.3244047164917
ambience_005264.pt,50,0,room,-13.586562156677246,6.549720287322998,12.64260482788086
ambience_005265.pt,50,0,room,-11.168448448181152,5.600029945373535,13.023826599121094
ambience_005266.pt,50,0,room,-11.412764549255371,5.890619277954102,12.779825210571289
ambience_005267.pt,50,0,room,-11.8544921875,5.939778804779053,13.486017227172852
ambience_005268.pt,50,0,room,-11.56023120880127,5.94334077835083,11.139622688293457
ambience_005269.pt,50,0,room,-11.522134780883789,5.984442710876465,13.443134307861328
ambience_005270.pt,50,0,room,-11.853018760681152,6.117374420166016,14.567953109741211
ambience_005271.pt,50,0,room,-11.187743186950684,6.023611545562744,13.120307922363281
ambience_005272.pt,50,0,room,-11.33068561553955,6.145826816558838,11.984546661376953
ambience_005273.pt,50,0,room,-11.927826881408691,6.128197193145752,11.850539207458496
ambience_005274.pt,50,0,room,-11.050538063049316,6.371072292327881,14.330179214477539
ambience_005275.pt,50,0,room,-11.579756736755371,6.804879188537598,15.772294044494629
ambience_005276.pt,50,0,room,-12.353619575500488,7.5387396812438965,15.695084571838379
ambience_005277.pt,50,0,room,-12.831366539001465,7.834812641143799,18.144882202148438
ambience_005278.pt,50,0,room,-13.853097915649414,7.820568561553955,17.56777572631836
ambience_005279.pt,50,0,room,-14.165026664733887,7.740382671356201,16.7031307220459
ambience_005280.pt,50,0,room,-13.335410118103027,7.606609344482422,15.612377166748047
ambience_005281.pt,50,0,room,-13.432147979736328,7.442322731018066,15.57423210144043
ambience_005282.pt,50,0,room,-14.270720481872559,7.540182113647461,13.063726425170898
ambience_005283.pt,50,0,room,-14.522571563720703,7.572284698486328,14.469986915588379
ambience_005284.pt,50,0,room,-14.704666137695312,7.427693843841553,13.15706729888916
ambience_005285.pt,50,0,room,-14.78981876373291,7.263339042663574,14.125777244567871
ambience_005286.pt,50,0,room,-14.295870780944824,7.224875450134277,13.96699047088623
ambience_005287.pt,50,0,room,-13.85183334350586,7.047632694244385,13.916128158569336
ambience_005288.pt,50,0,room,-13.673687934875488,6.776148796081543,12.883672714233398
ambience_005289.pt,50,0,room,-13.275659561157227,6.478083610534668,13.08022403717041
ambience_005290.pt,50,0,room,-13.36611557006836,6.480693340301514,12.961278915405273
ambience_005291.pt,50,0,room,-12.203807830810547,6.756773471832275,13.186086654663086
ambience_005292.pt,50,0,room,-11.813848495483398,6.708436965942383,12.398571014404297
ambience_005293.pt,50,0,room,-12.600818634033203,6.627345561981201,13.507126808166504
ambience_005294.pt,50,0,room,-12.044447898864746,6.55141544342041,13.084436416625977
ambience_005295.pt,50,0,room,-10.348800659179688,7.0764288902282715,14.785652160644531
ambience_005296.pt,50,0,room,-11.06775188446045,6.562474727630615,12.477466583251953
ambience_005297.pt,50,0,room,-12.397522926330566,6.448246002197266,11.962199211120605
ambience_005298.pt,50,0,room,-13.090656280517578,6.474791526794434,14.643749237060547
ambience_005299.pt,50,0,room,-13.414734840393066,6.637049198150635,13.015480041503906
ambience_005300.pt,50,0,room,-11.250835418701172,6.508979320526123,11.236888885498047
ambience_005301.pt,50,0,room,-10.39706039428711,6.532970428466797,13.480687141418457
ambience_005302.pt,50,0,room,-10.036457061767578,6.978682041168213,15.157926559448242
ambience_005303.pt,50,0,room,-10.93798828125,6.623276233673096,13.478350639343262
ambience_005304.pt,50,0,room,-12.124395370483398,7.112166404724121,12.983031272888184
ambience_005305.pt,50,0,room,-11.973906517028809,7.031356334686279,13.727819442749023
ambience_005306.pt,50,0,room,-9.930590629577637,6.53112268447876,13.256970405578613
ambience_005307.pt,50,0,room,-8.927156448364258,6.299929618835449,15.492773056030273
ambience_005308.pt,50,0,room,-9.903131484985352,6.791417121887207,15.148282051086426
ambience_005309.pt,50,0,room,-10.501015663146973,7.01279878616333,13.536125183105469
ambience_005310.pt,50,0,room,-11.632955551147461,7.262589931488037,14.683784484863281
ambience_005311.pt,50,0,room,-11.38205623626709,7.124414443969727,14.316144943237305
ambience_005312.pt,50,0,room,-12.177698135375977,7.3321428298950195,15.108959197998047
ambience_005313.pt,50,0,room,-11.938429832458496,7.385066986083984,14.12775993347168
ambience_005314.pt,50,0,room,-12.067962646484375,7.490888595581055,13.233406066894531
ambience_005315.pt,50,0,room,-12.17126178741455,7.611715316772461,15.38831901550293
ambience_005316.pt,50,0,room,-12.957225799560547,7.866983890533447,14.69570541381836
ambience_005317.pt,50,0,room,-12.702025413513184,7.969962120056152,13.705224990844727
ambience_005318.pt,50,0,room,-12.986627578735352,7.93970251083374,14.763626098632812
ambience_005319.pt,50,0,room,-13.128622055053711,7.974050521850586,13.980841636657715
ambience_005320.pt,50,0,room,-13.087403297424316,7.958679676055908,13.91364574432373
ambience_005321.pt,50,0,room,-12.962677955627441,7.830491065979004,14.848154067993164
ambience_005322.pt,50,0,room,-13.247759819030762,7.617558002471924,14.4215087890625
ambience_005323.pt,50,0,room,-13.504477500915527,7.57570219039917,12.868602752685547
ambience_005324.pt,50,0,room,-13.689759254455566,7.812117099761963,12.467859268188477
ambience_005325.pt,50,0,room,-14.253188133239746,7.772485733032227,14.630207061767578
ambience_005326.pt,50,0,room,-13.945392608642578,7.640808582305908,13.358209609985352
ambience_005327.pt,50,0,room,-13.224493026733398,7.783318519592285,14.142684936523438
ambience_005328.pt,50,0,room,-13.25876235961914,8.234527587890625,13.681331634521484
ambience_005329.pt,50,0,room,-12.480731964111328,8.633480072021484,13.14506721496582
ambience_005330.pt,50,0,room,-11.803630828857422,9.073803901672363,14.715843200683594
ambience_005331.pt,50,0,room,-12.445547103881836,8.455906867980957,12.768821716308594
ambience_005332.pt,50,0,room,-11.427127838134766,8.266839981079102,13.744826316833496
ambience_005333.pt,50,0,room,-11.592294692993164,7.877817153930664,14.26164436340332
ambience_005334.pt,50,0,room,-10.495059967041016,8.267355918884277,14.363536834716797
ambience_005335.pt,50,0,room,-11.533792495727539,8.156636238098145,15.958462715148926
ambience_005336.pt,50,0,room,-10.977298736572266,8.461557388305664,14.968158721923828
ambience_005337.pt,50,0,room,-11.173104286193848,7.708829879760742,13.127143859863281
ambience_005338.pt,50,0,room,-11.853161811828613,8.02585506439209,14.957376480102539
ambience_005339.pt,50,0,room,-11.523772239685059,7.860763072967529,13.64044189453125
ambience_005340.pt,50,0,room,-11.247000694274902,7.998074054718018,13.160801887512207
ambience_005341.pt,50,0,room,-11.721070289611816,7.642094612121582,14.543407440185547
ambience_005342.pt,50,0,room,-12.300457000732422,8.086402893066406,13.961133003234863
ambience_005343.pt,50,0,room,-12.116189002990723,8.370203971862793,14.186629295349121
ambience_005344.pt,50,0,room,-12.726290702819824,8.089254379272461,14.465877532958984
ambience_005345.pt,50,0,room,-12.778304100036621,8.043209075927734,13.363025665283203
ambience_005346.pt,50,0,room,-12.151904106140137,7.899223327636719,15.77689266204834
ambience_005347.pt,50,0,room,-12.15899658203125,7.787291526794434,14.279074668884277
ambience_005348.pt,50,0,room,-11.978781700134277,7.691535472869873,13.645806312561035
ambience_005349.pt,50,0,room,-11.439224243164062,7.332642078399658,13.7991943359375
ambience_005350.pt,50,0,room,-11.281026840209961,6.965118885040283,13.903146743774414
ambience_005351.pt,50,0,room,-11.660232543945312,7.017131805419922,14.580960273742676
ambience_005352.pt,50,0,room,-11.308902740478516,6.836057186126709,13.412772178649902
ambience_005353.pt,50,0,room,-10.188799858093262,6.189189910888672,13.183793067932129
ambience_005354.pt,50,0,room,-9.775229454040527,6.502621650695801,12.13713264465332
ambience_005355.pt,50,0,room,-9.551947593688965,6.308227062225342,14.246416091918945
ambience_005356.pt,50,0,room,-9.275712013244629,6.370310306549072,14.188141822814941
ambience_005357.pt,50,0,room,-8.691356658935547,6.173562049865723,15.66614055633545
ambience_005358.pt,50,0,room,-9.274971961975098,6.312984466552734,14.922245025634766
ambience_005359.pt,50,0,room,-8.620347023010254,6.565385818481445,19.31117820739746
ambience_005360.pt,50,0,room,-7.9131855964660645,7.650721549987793,23.260913848876953
ambience_005361.pt,50,0,room,-8.321450233459473,8.308647155761719,22.796411514282227
ambience_005362.pt,50,0,room,-8.812596321105957,8.416970252990723,24.218008041381836
ambience_005363.pt,50,0,room,-7.652461051940918,8.263689994812012,21.546709060668945
ambience_005364.pt,50,0,room,-7.829161167144775,8.186582565307617,24.2862491607666
ambience_005365.pt,50,0,room,-9.049148559570312,8.053118705749512,19.457975387573242
ambience_005366.pt,50,0,room,-8.436869621276855,8.661011695861816,23.178998947143555
ambience_005367.pt,50,0,room,-7.862726211547852,8.472315788269043,27.335430145263672
ambience_005368.pt,50,0,room,-8.366100311279297,8.223725318908691,24.330341339111328
ambience_005369.pt,50,0,room,-8.316840171813965,8.591368675231934,22.02497100830078
ambience_005370.pt,50,0,room,-9.559104919433594,8.527167320251465,23.847450256347656
ambience_005371.pt,50,0,room,-10.927042007446289,7.633009433746338,19.33928680419922
ambience_005372.pt,50,0,room,-10.586048126220703,7.759100437164307,19.441364288330078
ambience_005373.pt,50,0,room,-10.515337944030762,7.538438320159912,16.09528160095215
ambience_005374.pt,50,0,room,-10.787842750549316,7.570019245147705,16.20414161682129
ambience_005375.pt,50,0,room,-11.476757049560547,7.663084983825684,14.600863456726074
ambience_005376.pt,50,0,room,-11.45613956451416,7.592370510101318,16.914703369140625
ambience_005377.pt,50,0,room,-11.418749809265137,7.438459873199463,15.50380802154541
ambience_005378.pt,50,0,room,-11.345520973205566,7.647286415100098,16.18633270263672
ambience_005379.pt,50,0,room,-11.61035442352295,7.271935939788818,15.996708869934082
ambience_005380.pt,50,0,room,-11.92638874053955,7.611940383911133,13.959468841552734
ambience_005381.pt,50,0,room,-12.290085792541504,7.009179592132568,14.16791820526123
ambience_005382.pt,50,0,room,-12.704085350036621,6.991015911102295,13.115887641906738
ambience_005383.pt,50,0,room,-12.5540132522583,6.936868190765381,14.16922664642334
ambience_005384.pt,50,0,room,-12.351358413696289,6.71994161605835,13.938798904418945
ambience_005385.pt,50,0,room,-12.068096160888672,6.567277908325195,12.569876670837402
ambience_005386.pt,50,0,room,-11.896036148071289,6.393373489379883,12.026954650878906
ambience_005387.pt,50,0,room,-10.820269584655762,6.427204608917236,11.978961944580078
ambience_005388.pt,50,0,room,-10.94431209564209,6.181315898895264,13.283430099487305
ambience_005389.pt,50,0,room,-10.913657188415527,6.695586204528809,13.044021606445312
ambience_005390.pt,50,0,room,-11.186470985412598,6.883290767669678,14.302665710449219
ambience_005391.pt,50,0,room,-9.981216430664062,6.436147212982178,13.025117874145508
ambience_005392.pt,50,0,room,-10.667732238769531,6.563941955566406,14.808849334716797
ambience_005393.pt,50,0,room,-10.816082954406738,6.678762435913086,13.110075950622559
ambience_005394.pt,50,0,room,-10.884370803833008,6.418450355529785,13.908071517944336
ambience_005395.pt,50,0,room,-11.056450843811035,6.5297698974609375,14.814184188842773
ambience_005396.pt,50,0,room,-11.490555763244629,6.475943088531494,12.469253540039062
ambience_005397.pt,50,0,room,-12.275506019592285,6.562926292419434,13.44332504272461
ambience_005398.pt,50,0,room,-12.552474975585938,6.640481948852539,13.972585678100586
ambience_005399.pt,50,0,room,-11.489498138427734,6.178361892700195,13.322578430175781
ambience_005400.pt,50,0,room,-11.229776382446289,6.331788539886475,12.99686336517334
ambience_005401.pt,50,0,room,-11.216779708862305,6.449383735656738,14.19501781463623
ambience_005402.pt,50,0,room,-11.846868515014648,6.683124542236328,14.153508186340332
ambience_005403.pt,50,0,room,-12.250426292419434,6.7871904373168945,13.725345611572266
ambience_005404.pt,50,0,room,-11.499032020568848,7.001702785491943,14.989508628845215
ambience_005405.pt,50,0,room,-12.07608413696289,7.1729559898376465,15.177997589111328
ambience_005406.pt,50,0,room,-11.949359893798828,7.168850898742676,14.462043762207031
ambience_005407.pt,50,0,room,-11.75658893585205,7.325538635253906,12.470624923706055
ambience_005408.pt,50,0,room,-12.166548728942871,7.907891273498535,15.364480972290039
ambience_005409.pt,50,0,room,-11.919183731079102,7.891483783721924,18.131240844726562
ambience_005410.pt,50,0,room,-11.867202758789062,7.81920862197876,15.010869979858398
ambience_005411.pt,50,0,room,-12.025389671325684,7.801033020019531,15.624473571777344
ambience_005412.pt,50,0,room,-12.086404800415039,7.72363805770874,16.591655731201172
ambience_005413.pt,50,0,room,-12.142767906188965,6.843446254730225,14.653169631958008
ambience_005414.pt,50,0,room,-11.567614555358887,6.204919815063477,14.17180061340332
ambience_005415.pt,50,0,room,-11.209148406982422,6.21866512298584,14.134645462036133
ambience_005416.pt,50,0,room,-11.283392906188965,6.45037317276001,14.741527557373047
ambience_005417.pt,50,0,room,-11.930922508239746,6.558864116668701,13.559873580932617
ambience_005418.pt,50,0,room,-10.81019401550293,6.201248645782471,15.367703437805176
drone_002557.pt,50,1,Yarkon rosh zipor,6.649363994598389,6.852608680725098,30.211956024169922
drone_002558.pt,50,1,Yarkon rosh zipor,6.391857624053955,7.48177433013916,25.805633544921875
drone_002559.pt,50,1,Yarkon rosh zipor,4.188169002532959,7.783386707305908,31.785022735595703
drone_002560.pt,50,1,Yarkon rosh zipor,-6.513010025024414,6.715178966522217,26.13689613342285
drone_002561.pt,50,1,Yarkon rosh zipor,4.026010513305664,6.052067279815674,22.589187622070312
drone_002562.pt,50,1,Yarkon rosh zipor,-4.479204177856445,6.334216594696045,25.689876556396484
drone_002563.pt,50,1,Yarkon rosh zipor,-12.747729301452637,6.677051544189453,23.402929306030273
drone_002564.pt,50,1,Yarkon rosh zipor,-5.9975175857543945,6.403849124908447,22.222949981689453
drone_002565.pt,50,1,Yarkon rosh zipor,-4.565510272979736,6.317385196685791,17.554019927978516
drone_002566.pt,50,1,Yarkon rosh zipor,-6.09831428527832,6.532827377319336,22.070266723632812
drone_002567.pt,50,1,Yarkon rosh zipor,-8.457667350769043,6.4056806564331055,20.603252410888672
drone_002568.pt,50,1,Yarkon rosh zipor,-6.455460071563721,6.419811248779297,24.82801628112793
drone_002569.pt,50,1,Yarkon rosh zipor,-17.22511863708496,7.151138782501221,19.653074264526367
drone_002570.pt,50,1,Yarkon rosh zipor,-16.15796661376953,7.173218727111816,18.302600860595703
drone_002571.pt,50,1,Yarkon rosh zipor,-10.187870025634766,6.9321393966674805,23.801387786865234
drone_002572.pt,50,1,Yarkon rosh zipor,2.2598257064819336,6.7043843269348145,25.830347061157227
drone_002573.pt,50,1,Yarkon rosh zipor,5.271718978881836,6.065625190734863,23.261709213256836
drone_002574.pt,50,1,Yarkon rosh zipor,3.8799195289611816,6.137442111968994,24.209491729736328
drone_002575.pt,50,1,Yarkon rosh zipor,3.0770375728607178,6.138813018798828,23.83070182800293
drone_002576.pt,50,1,Yarkon rosh zipor,3.9909677505493164,6.157273292541504,22.553998947143555
drone_002577.pt,50,1,Yarkon rosh zipor,5.169213771820068,6.119470596313477,22.599620819091797
drone_002578.pt,50,1,Yarkon rosh zipor,4.470653533935547,6.451102256774902,23.129684448242188
drone_002579.pt,50,1,Yarkon rosh zipor,1.1869436502456665,6.33949089050293,24.79674530029297
drone_002580.pt,50,1,Yarkon rosh zipor,-0.23708337545394897,6.5279083251953125,24.19348907470703
drone_002581.pt,50,1,Yarkon rosh zipor,-0.6036202311515808,6.367549419403076,22.876827239990234
drone_002582.pt,50,1,Yarkon rosh zipor,0.2711067497730255,6.3206024169921875,24.3287353515625
drone_002583.pt,50,1,Yarkon rosh zipor,0.5123715996742249,6.373170852661133,24.09368324279785
drone_002584.pt,50,1,Yarkon rosh zipor,0.7765759825706482,6.258010387420654,23.51442527770996
drone_002585.pt,50,1,Yarkon rosh zipor,1.0975233316421509,6.449504375457764,24.803789138793945
drone_002586.pt,50,1,Yarkon rosh zipor,4.872107028961182,6.769760608673096,25.83819580078125
drone_002587.pt,50,1,Yarkon rosh zipor,6.943151473999023,6.644132614135742,24.790950775146484
drone_002588.pt,50,1,Yarkon rosh zipor,4.198101043701172,6.210184574127197,24.528472900390625
drone_002589.pt,50,1,Yarkon rosh zipor,4.369298458099365,6.291591644287109,24.011943817138672
drone_002590.pt,50,1,Yarkon rosh zipor,2.990304708480835,6.417327880859375,25.656810760498047
drone_002591.pt,50,1,Yarkon rosh zipor,0.11488022655248642,6.878875732421875,24.23037338256836
drone_002592.pt,50,1,Yarkon rosh zipor,-1.039137363433838,6.999126434326172,25.948009490966797
drone_002593.pt,50,1,Yarkon rosh zipor,-1.2043919563293457,6.693349838256836,26.480562210083008
drone_002594.pt,50,1,Yarkon rosh zipor,-0.616317868232727,6.750957012176514,27.852745056152344
drone_002595.pt,50,1,Yarkon rosh zipor,-0.008884668350219727,7.667145252227783,29.940149307250977
drone_002596.pt,50,1,Yarkon rosh zipor,-1.2540618181228638,6.775980472564697,24.127246856689453
drone_002597.pt,50,1,Yarkon rosh zipor,-0.6492056250572205,6.811799049377441,25.37025260925293
drone_002598.pt,50,1,Yarkon rosh zipor,-0.7121080160140991,6.638562202453613,25.227344512939453
drone_002599.pt,50,1,Yarkon rosh zipor,-0.3817150890827179,6.560821056365967,25.98934555053711
drone_002600.pt,50,1,Yarkon rosh zipor,0.06953361630439758,6.383973121643066,25.164173126220703
drone_002601.pt,50,1,Yarkon rosh zipor,-3.232825994491577,6.939501762390137,23.594045639038086
drone_002602.pt,50,1,Yarkon rosh zipor,-4.525774002075195,6.991245746612549,22.80707359313965
drone_002603.pt,50,1,Yarkon rosh zipor,-4.229911804199219,6.687473297119141,24.130390167236328
drone_002604.pt,50,1,Yarkon rosh zipor,-3.8395605087280273,6.796606063842773,23.393964767456055
drone_002605.pt,50,1,Yarkon rosh zipor,-2.5771307945251465,6.690715312957764,27.073802947998047
drone_002606.pt,50,1,Yarkon rosh zipor,-1.478500485420227,6.533181190490723,24.314922332763672
drone_002607.pt,50,1,Yarkon rosh zipor,-1.742332100868225,6.571615219116211,24.530170440673828
drone_002608.pt,50,1,Yarkon rosh zipor,0.23479318618774414,6.324138164520264,23.99227523803711
drone_002609.pt,50,1,Yarkon rosh zipor,4.8483805656433105,6.013204574584961,23.17852020263672
drone_002610.pt,50,1,Yarkon rosh zipor,7.394814968109131,6.677407741546631,26.45079803466797
drone_002611.pt,50,1,Yarkon rosh zipor,7.372939586639404,6.661504745483398,24.33246421813965
drone_002612.pt,50,1,Yarkon rosh zipor,5.714569568634033,7.0146331787109375,27.515661239624023
drone_002613.pt,50,1,Yarkon rosh zipor,7.199726581573486,6.499377727508545,26.72441291809082
drone_002614.pt,50,1,Yarkon rosh zipor,3.264767646789551,5.903262138366699,26.7210693359375
drone_002615.pt,50,1,Yarkon rosh zipor,0.4240470230579376,5.768295764923096,22.447185516357422
drone_002616.pt,50,1,Yarkon rosh zipor,-0.47002923488616943,6.059323310852051,21.0654296875
drone_002617.pt,50,1,Yarkon rosh zipor,-0.08464726060628891,7.207870006561279,24.636531829833984
drone_002618.pt,50,1,Yarkon rosh zipor,0.5000331401824951,7.456979751586914,25.445833206176758
drone_002619.pt,50,1,Yarkon rosh zipor,-0.843746542930603,7.535977840423584,23.548583984375
drone_002620.pt,50,1,Yarkon rosh zipor,-2.7458384037017822,7.572410583496094,21.192094802856445
drone_002621.pt,50,1,Yarkon rosh zipor,-5.45427131652832,7.321136474609375,20.794479370117188
drone_002622.pt,50,1,Yarkon rosh zipor,-5.603653430938721,7.474267482757568,22.432422637939453
drone_002623.pt,50,1,Yarkon rosh zipor,-7.833713054656982,8.26028823852539,21.747467041015625
drone_002624.pt,50,1,Yarkon rosh zipor,-7.236477375030518,8.092391014099121,22.37480926513672
drone_002625.pt,50,1,Yarkon rosh zipor,-5.495213031768799,8.15073299407959,20.85625457763672
drone_002626.pt,50,1,Yarkon rosh zipor,-7.030964374542236,8.048613548278809,20.107498168945312
drone_002627.pt,50,1,Yarkon rosh zipor,-7.115027904510498,7.890039920806885,20.331981658935547
drone_002628.pt,50,1,Yarkon rosh zipor,-7.803966045379639,8.100841522216797,20.583271026611328
drone_002629.pt,50,1,Yarkon rosh zipor,-7.881843090057373,8.278627395629883,22.776535034179688
drone_002630.pt,50,1,Yarkon rosh zipor,-7.382909774780273,7.976002216339111,24.54926300048828
drone_002631.pt,50,1,Yarkon rosh zipor,-7.189333915710449,8.063329696655273,23.409757614135742
drone_002632.pt,50,1,Yarkon rosh zipor,-6.559859752655029,7.706535816192627,20.95746612548828
drone_002633.pt,50,1,Yarkon rosh zipor,-7.258175373077393,7.887626647949219,22.37715721130371
drone_002634.pt,50,1,Yarkon rosh zipor,-5.931467056274414,7.327945709228516,20.613826751708984
drone_002635.pt,50,1,Yarkon rosh zipor,-5.586549758911133,6.600103855133057,21.57945442199707
drone_002636.pt,50,1,Yarkon rosh zipor,-4.478545188903809,6.294241905212402,21.943893432617188
drone_002637.pt,50,1,Yarkon rosh zipor,-1.6610862016677856,5.5857954025268555,19.0008602142334
drone_002638.pt,50,1,Yarkon rosh zipor,1.258689045906067,5.748013496398926,28.941118240356445
drone_002639.pt,50,1,Yarkon rosh zipor,1.4881850481033325,9.772648811340332,34.129356384277344
drone_002640.pt,50,1,Yarkon rosh zipor,-2.454429864883423,6.970351219177246,22.303829193115234
drone_002641.pt,50,1,Yarkon rosh zipor,-4.771141052246094,6.882348537445068,21.879619598388672
drone_002642.pt,50,1,Yarkon rosh zipor,-5.463468551635742,6.9589338302612305,21.59726905822754
drone_002643.pt,50,1,Yarkon rosh zipor,-5.5863871574401855,6.86069393157959,21.133668899536133
drone_002644.pt,50,1,Yarkon rosh zipor,-6.350470066070557,7.8225321769714355,25.464704513549805
drone_002645.pt,50,1,Yarkon rosh zipor,-7.952734470367432,8.524052619934082,20.967201232910156
drone_002646.pt,50,1,Yarkon rosh zipor,-9.180912017822266,8.439453125,20.87186622619629
drone_002647.pt,50,1,Yarkon rosh zipor,-8.116579055786133,8.166665077209473,21.18896484375
drone_002648.pt,50,1,Yarkon rosh zipor,-6.4465789794921875,7.5063371658325195,21.127958297729492
drone_002649.pt,50,1,Yarkon rosh zipor,-3.1505072116851807,6.605633735656738,22.98218536376953
drone_002650.pt,50,1,Yarkon rosh zipor,-1.4949676990509033,5.8110175132751465,23.51862144470215
drone_002651.pt,50,1,Yarkon rosh zipor,-0.7011253237724304,6.075078964233398,24.22223663330078
drone_002652.pt,50,1,Yarkon rosh zipor,-4.557333946228027,6.842356204986572,21.087541580200195
drone_002653.pt,50,1,Yarkon rosh zipor,-0.16038785874843597,6.585432529449463,21.066495895385742
drone_002654.pt,50,1,Yarkon rosh zipor,-0.57267165184021,6.834988117218018,20.17642593383789
drone_002655.pt,50,1,Yarkon rosh zipor,0.006547635421156883,6.338291645050049,22.564870834350586
drone_002656.pt,50,1,Yarkon rosh zipor,2.3470094203948975,6.114035606384277,21.881450653076172
drone_002657.pt,50,1,Yarkon rosh zipor,0.8886464834213257,5.863124370574951,23.17678451538086
drone_002658.pt,50,1,Yarkon rosh zipor,-0.5124925971031189,6.766313552856445,20.442142486572266
drone_002659.pt,50,1,Yarkon rosh zipor,-5.168497085571289,7.5471272468566895,21.938640594482422
drone_002660.pt,50,1,Yarkon rosh zipor,-7.243159770965576,7.664807319641113,20.21019744873047
drone_002661.pt,50,1,Yarkon rosh zipor,-8.071563720703125,7.795670032501221,21.0789794921875
drone_002662.pt,50,1,Yarkon rosh zipor,-8.273191452026367,7.821371555328369,21.104127883911133
drone_002663.pt,50,1,Yarkon rosh zipor,-6.6007981300354,7.5524749755859375,21.08159828186035
drone_002664.pt,50,1,Yarkon rosh zipor,-4.872195243835449,6.849045753479004,23.275726318359375
drone_002665.pt,50,1,Yarkon rosh zipor,-4.55357027053833,6.990991115570068,22.946121215820312
drone_002666.pt,50,1,Yarkon rosh zipor,-2.9589807987213135,6.666927814483643,21.750324249267578
drone_002667.pt,50,1,Yarkon rosh zipor,-1.377217411994934,6.236088275909424,23.946529388427734
drone_002668.pt,50,1,Yarkon rosh zipor,-5.709896087646484,6.821910381317139,20.4837646484375
drone_002669.pt,50,1,Yarkon rosh zipor,-7.802624225616455,7.288626194000244,20.288040161132812
drone_002670.pt,50,1,Yarkon rosh zipor,-7.173174858093262,7.366462230682373,20.667251586914062
drone_002671.pt,50,1,Yarkon rosh zipor,-6.7903289794921875,7.598002910614014,19.776084899902344
drone_002672.pt,50,1,Yarkon rosh zipor,-7.431622505187988,8.219569206237793,19.219083786010742
drone_002673.pt,50,1,Yarkon rosh zipor,-7.6738200187683105,8.161648750305176,19.906490325927734
drone_002674.pt,50,1,Yarkon rosh zipor,-7.9732770919799805,8.624927520751953,21.1717529296875
drone_002675.pt,50,1,Yarkon rosh zipor,-8.979742050170898,8.579996109008789,21.204784393310547
drone_002676.pt,50,1,Yarkon rosh zipor,-7.8235578536987305,8.10191535949707,19.3647403717041
drone_002677.pt,50,1,Yarkon rosh zipor,-7.539027690887451,8.090714454650879,20.13239288330078
drone_002678.pt,50,1,Yarkon rosh zipor,-7.193864822387695,8.119697570800781,22.663188934326172
drone_002679.pt,50,1,Yarkon rosh zipor,-4.793348789215088,7.134286403656006,20.94255256652832
drone_002680.pt,50,1,Yarkon rosh zipor,-2.6431353092193604,6.431765556335449,24.287559509277344
drone_002681.pt,50,1,Yarkon rosh zipor,-2.5834999084472656,6.407399654388428,21.785083770751953
drone_002682.pt,50,1,Yarkon rosh zipor,0.18204092979431152,5.485699653625488,19.529077529907227
drone_002683.pt,50,1,Yarkon rosh zipor,0.90851229429245,5.913189888000488,23.99285888671875
drone_002684.pt,50,1,Yarkon rosh zipor,1.5732975006103516,5.975554943084717,23.26538848876953
drone_002685.pt,50,1,Yarkon rosh zipor,1.0923038721084595,6.262767791748047,22.717554092407227
drone_002686.pt,50,1,Yarkon rosh zipor,0.313430517911911,5.905139923095703,20.82508087158203
drone_002687.pt,50,1,Yarkon rosh zipor,-1.3125274181365967,6.03812313079834,21.21159553527832
drone_002688.pt,50,1,Yarkon rosh zipor,-3.404745578765869,6.358145713806152,21.478382110595703
drone_002689.pt,50,1,Yarkon rosh zipor,-4.684200763702393,6.667569637298584,21.3841552734375
drone_002690.pt,50,1,Yarkon rosh zipor,-6.020203113555908,7.267287254333496,21.42294692993164
drone_002691.pt,50,1,Yarkon rosh zipor,-6.675947666168213,7.799019813537598,20.86941146850586
drone_002692.pt,50,1,Yarkon rosh zipor,-7.2008562088012695,8.247515678405762,21.20762825012207
drone_002693.pt,50,1,Yarkon rosh zipor,-7.430643081665039,8.21546745300293,20.792633056640625
drone_002694.pt,50,1,Yarkon rosh zipor,-7.483367443084717,8.485642433166504,23.753223419189453
drone_002695.pt,50,1,Yarkon rosh zipor,-7.39622163772583,8.223583221435547,20.607492446899414
drone_002696.pt,50,1,Yarkon rosh zipor,-7.649872303009033,8.518691062927246,20.488576889038086
drone_002697.pt,50,1,Yarkon rosh zipor,-8.519481658935547,8.571938514709473,19.58290672302246
drone_002698.pt,50,1,Yarkon rosh zipor,-8.792523384094238,8.086435317993164,21.815902709960938
drone_002699.pt,50,1,Yarkon rosh zipor,-6.527583599090576,7.871896266937256,20.62438201904297
drone_002700.pt,50,1,Yarkon rosh zipor,-7.304993152618408,8.222432136535645,20.453624725341797
drone_002701.pt,50,1,Yarkon rosh zipor,-7.048171520233154,7.989738464355469,20.93313980102539
drone_002702.pt,50,1,Yarkon rosh zipor,-6.412585258483887,7.725606918334961,18.76102638244629
drone_002703.pt,50,1,Yarkon rosh zipor,-6.757069110870361,7.7882795333862305,20.24976348876953
drone_002704.pt,50,1,Yarkon rosh zipor,-5.824605941772461,7.710607528686523,19.00933074951172
drone_002705.pt,50,1,Yarkon rosh zipor,-4.349233150482178,6.851686954498291,19.95454978942871
drone_002706.pt,50,1,Yarkon rosh zipor,-3.0722615718841553,6.718942165374756,20.466215133666992
drone_002707.pt,50,1,Yarkon rosh zipor,-1.2477831840515137,6.728929042816162,35.12894058227539
drone_002708.pt,50,1,Yarkon rosh zipor,-1.460268497467041,6.680844783782959,24.136369705200195
drone_002709.pt,50,1,Yarkon rosh zipor,-1.9988869428634644,6.824321746826172,22.86384391784668
drone_002710.pt,50,1,Yarkon rosh zipor,-3.293921709060669,6.97987174987793,21.471355438232422
drone_002711.pt,50,1,Yarkon rosh zipor,-4.614725589752197,7.282018661499023,21.52094078063965
drone_002712.pt,50,1,Yarkon rosh zipor,-6.02511739730835,7.887310028076172,21.4791202545166
drone_002713.pt,50,1,Yarkon rosh zipor,-7.579037189483643,8.47464656829834,18.940635681152344
drone_002714.pt,50,1,Yarkon rosh zipor,-8.125996589660645,8.60944652557373,19.25189208984375
drone_002715.pt,50,1,Yarkon rosh zipor,-7.084497451782227,8.309344291687012,19.406824111938477
drone_002716.pt,50,1,Yarkon rosh zipor,-6.92958402633667,8.35709285736084,20.51099967956543
drone_002717.pt,50,1,Yarkon rosh zipor,-7.140671253204346,8.657721519470215,21.934125900268555
drone_002718.pt,50,1,Yarkon rosh zipor,-7.223867416381836,8.834952354431152,18.88644027709961
drone_002719.pt,50,1,Yarkon rosh zipor,-7.085668563842773,8.694655418395996,18.334978103637695
drone_002720.pt,50,1,Yarkon rosh zipor,-7.398492336273193,8.676310539245605,19.859172821044922
drone_002721.pt,50,1,Yarkon rosh zipor,-7.105700969696045,8.470404624938965,21.333168029785156
drone_002722.pt,50,1,Yarkon rosh zipor,-6.804430961608887,8.184682846069336,18.17209243774414
drone_002723.pt,50,1,Yarkon rosh zipor,-6.7329206466674805,8.157482147216797,17.942821502685547
drone_002724.pt,50,1,Yarkon rosh zipor,-8.067612648010254,8.164484024047852,21.68359375
drone_002725.pt,50,1,Yarkon rosh zipor,-7.971334934234619,7.988134384155273,19.396509170532227
drone_002726.pt,50,1,Yarkon rosh zipor,-6.167703628540039,7.347928047180176,18.917938232421875
drone_002727.pt,50,1,Yarkon rosh zipor,-5.483374118804932,6.861780166625977,19.46230125427246
drone_002728.pt,50,1,Yarkon rosh zipor,-6.410949230194092,7.437442779541016,18.817567825317383
drone_002729.pt,50,1,Yarkon rosh zipor,-7.547688007354736,8.26410961151123,20.70083236694336
drone_002730.pt,50,1,Yarkon rosh zipor,-8.408329963684082,8.621601104736328,21.09902572631836
drone_002731.pt,50,1,Yarkon rosh zipor,-6.787087917327881,7.752111434936523,18.481863021850586
drone_002732.pt,50,1,Yarkon rosh zipor,-6.955753803253174,7.819080352783203,22.676406860351562
drone_002733.pt,50,1,Yarkon rosh zipor,-6.862945079803467,8.02139949798584,17.334991455078125
drone_002734.pt,50,1,Yarkon rosh zipor,-7.377636432647705,8.500304222106934,18.96445083618164
drone_002735.pt,50,1,Yarkon rosh zipor,-6.484931468963623,7.959994316101074,18.8088321685791
drone_002736.pt,50,1,Yarkon rosh zipor,-5.813980579376221,7.982559680938721,21.79408073425293
drone_002737.pt,50,1,Yarkon rosh zipor,-7.14459228515625,8.41328239440918,20.14848518371582
drone_002738.pt,50,1,Yarkon rosh zipor,-6.536474227905273,8.057520866394043,20.81679344177246
drone_002739.pt,50,1,Yarkon rosh zipor,-4.770199775695801,7.25200891494751,20.94255256652832
drone_002740.pt,50,1,Yarkon rosh zipor,-3.837662696838379,6.306467533111572,19.009883880615234
drone_002741.pt,50,1,Yarkon rosh zipor,-2.874099016189575,5.857079029083252,21.173952102661133
drone_002742.pt,50,1,Yarkon rosh zipor,-2.077033042907715,5.578657150268555,18.946338653564453
drone_002743.pt,50,1,Yarkon rosh zipor,-2.187995672225952,6.101329803466797,19.753000259399414
drone_002744.pt,50,1,Yarkon rosh zipor,-1.1670169830322266,5.834376811981201,19.885774612426758
drone_002745.pt,50,1,Yarkon rosh zipor,-5.373159408569336,7.137152671813965,21.456735610961914
drone_002746.pt,50,1,Yarkon rosh zipor,-5.579580783843994,7.374100208282471,19.61946678161621
drone_002747.pt,50,1,Yarkon rosh zipor,-3.316305637359619,6.7261433601379395,19.42275619506836
drone_002748.pt,50,1,Yarkon rosh zipor,-2.7394449710845947,6.663165092468262,19.27092742919922
drone_002749.pt,50,1,Yarkon rosh zipor,-3.0736565589904785,6.5876054763793945,21.631141662597656
drone_002750.pt,50,1,Yarkon rosh zipor,-2.2516791820526123,6.382951259613037,19.542016983032227
drone_002751.pt,50,1,Yarkon rosh zipor,3.483137607574463,5.502021789550781,22.582660675048828
drone_002752.pt,50,1,Yarkon rosh zipor,4.5140156745910645,5.934514999389648,26.554773330688477
drone_002753.pt,50,1,Yarkon rosh zipor,7.624500751495361,6.295521259307861,28.245895385742188
drone_002754.pt,50,1,Yarkon rosh zipor,7.770437240600586,6.340538501739502,25.073719024658203
drone_002755.pt,50,1,Yarkon rosh zipor,7.789886951446533,6.501753807067871,25.74041175842285
drone_002756.pt,50,1,Yarkon rosh zipor,7.975355625152588,6.0583953857421875,26.64580535888672
drone_002757.pt,50,1,Yarkon rosh zipor,3.2223939895629883,6.260425090789795,22.69055938720703
drone_002758.pt,50,1,Yarkon rosh zipor,0.010574590414762497,6.31908655166626,20.777971267700195
drone_002759.pt,50,1,Yarkon rosh zipor,6.238473415374756,5.628110408782959,29.604732513427734
drone_002760.pt,50,1,Yarkon rosh zipor,6.470951557159424,5.656634330749512,29.818267822265625
drone_002761.pt,50,1,Yarkon rosh zipor,5.41379451751709,5.389168739318848,25.200389862060547
drone_002762.pt,50,1,Yarkon rosh zipor,4.419984817504883,6.573477268218994,32.09943389892578
drone_002763.pt,50,1,Yarkon rosh zipor,3.3977043628692627,7.383279800415039,33.121498107910156
drone_002764.pt,50,1,Yarkon rosh zipor,-2.655590295791626,8.001850128173828,22.27820587158203
drone_002765.pt,50,1,Yarkon rosh zipor,-5.643335819244385,8.354329109191895,24.242755889892578
drone_002766.pt,50,1,Yarkon rosh zipor,-4.208451747894287,8.94388198852539,24.24745750427246
drone_002767.pt,50,1,Yarkon rosh zipor,-4.085515022277832,8.172578811645508,25.97013282775879
drone_002768.pt,50,1,Yarkon rosh zipor,1.7915095090866089,6.056788921356201,26.273948669433594
drone_002769.pt,50,1,Yarkon rosh zipor,2.6545019149780273,5.873405933380127,23.881793975830078
drone_002770.pt,50,1,Yarkon rosh zipor,6.238946914672852,5.407919883728027,24.243309020996094
drone_002771.pt,50,1,Yarkon rosh zipor,7.010258674621582,6.349645614624023,30.757457733154297
drone_002772.pt,50,1,Yarkon rosh zipor,8.016136169433594,6.234384536743164,26.926822662353516
drone_002773.pt,50,1,Yarkon rosh zipor,7.832862377166748,5.758650302886963,27.755651473999023
drone_002774.pt,50,1,Yarkon rosh zipor,7.070047378540039,5.553742408752441,29.266632080078125
drone_002775.pt,50,1,Yarkon rosh zipor,6.985494613647461,5.64047908782959,30.57155990600586
drone_002776.pt,50,1,Yarkon rosh zipor,7.242051601409912,5.842889785766602,31.474153518676758
drone_002777.pt,50,1,Yarkon rosh zipor,3.88381290435791,6.163272857666016,34.76397705078125
drone_002778.pt,50,1,Yarkon rosh zipor,2.1343934535980225,6.725383758544922,33.489219665527344
drone_002779.pt,50,1,Yarkon rosh zipor,-1.5853267908096313,6.713955879211426,24.34342384338379
drone_002780.pt,50,1,Yarkon rosh zipor,-2.52341628074646,7.720298767089844,32.431114196777344
drone_002781.pt,50,1,Yarkon rosh zipor,-3.102388620376587,8.264140129089355,22.555788040161133
drone_002782.pt,50,1,Yarkon rosh zipor,-4.714590072631836,7.582282543182373,22.802474975585938
drone_002783.pt,50,1,Yarkon rosh zipor,-4.680700778961182,7.501824855804443,20.920940399169922
drone_002784.pt,50,1,Yarkon rosh zipor,-0.9754412174224854,7.745604991912842,28.230257034301758
drone_002785.pt,50,1,Yarkon rosh zipor,-1.2332478761672974,7.033499240875244,20.910202026367188
drone_002786.pt,50,1,Yarkon rosh zipor,-0.43755510449409485,6.257767200469971,22.671703338623047
drone_002787.pt,50,1,Yarkon rosh zipor,2.874616861343384,6.388987064361572,21.008132934570312
drone_002788.pt,50,1,Yarkon rosh zipor,5.134038925170898,5.5952348709106445,25.497312545776367
drone_002789.pt,50,1,Yarkon rosh zipor,6.382879257202148,5.5719218254089355,25.71164894104004
drone_002790.pt,50,1,Yarkon rosh zipor,7.49699592590332,6.408572196960449,26.52492332458496
drone_002791.pt,50,1,Yarkon rosh zipor,8.07248306274414,6.223276615142822,26.173513412475586
drone_002792.pt,50,1,Yarkon rosh zipor,5.342012882232666,6.734912395477295,27.137195587158203
drone_002793.pt,50,1,Yarkon rosh zipor,-0.38306066393852234,4.840698719024658,17.9179744720459
drone_002794.pt,50,1,Yarkon rosh zipor,0.3286404013633728,6.082760810852051,22.598949432373047
drone_002795.pt,50,1,Yarkon rosh zipor,-2.667034387588501,6.304430961608887,24.486940383911133
drone_002796.pt,50,1,Yarkon rosh zipor,-5.125836372375488,6.817187309265137,19.985137939453125
drone_002797.pt,50,1,Yarkon rosh zipor,-4.226063251495361,6.331764221191406,21.008098602294922
drone_002798.pt,50,1,Yarkon rosh zipor,-3.5793557167053223,6.427831172943115,22.358184814453125
drone_002799.pt,50,1,Yarkon rosh zipor,-4.412095546722412,6.689517974853516,20.61221694946289
drone_002800.pt,50,1,Yarkon rosh zipor,-4.508946895599365,6.596321105957031,18.87477684020996
drone_002801.pt,50,1,Yarkon rosh zipor,-4.353443622589111,6.659505367279053,19.794607162475586
drone_002802.pt,50,1,Yarkon rosh zipor,-4.416557788848877,6.640298843383789,20.044660568237305
drone_002803.pt,50,1,Yarkon rosh zipor,-3.8248283863067627,6.549933433532715,19.89868927001953
drone_002804.pt,50,1,Yarkon rosh zipor,-4.304910659790039,6.987842559814453,20.08209991455078
drone_002805.pt,50,1,Yarkon rosh zipor,-4.133082389831543,6.910706043243408,22.387399673461914
drone_002806.pt,50,1,Yarkon rosh zipor,-4.7675676345825195,6.351747512817383,21.152467727661133
drone_002807.pt,50,1,Yarkon rosh zipor,-6.103947162628174,7.1299920082092285,21.826091766357422
drone_002808.pt,50,1,Yarkon rosh zipor,-6.848740100860596,7.91780948638916,21.175674438476562
drone_002809.pt,50,1,Yarkon rosh zipor,-7.763598442077637,8.696634292602539,21.687088012695312
drone_002810.pt,50,1,Yarkon rosh zipor,-8.455254554748535,8.889619827270508,20.151798248291016
drone_002811.pt,50,1,Yarkon rosh zipor,-8.305618286132812,8.657564163208008,21.618864059448242
drone_002812.pt,50,1,Yarkon rosh zipor,-8.42552375793457,8.729084968566895,20.133773803710938
drone_002813.pt,50,1,Yarkon rosh zipor,-7.58964204788208,8.422759056091309,20.417251586914062
drone_002814.pt,50,1,Yarkon rosh zipor,-8.42341423034668,8.626789093017578,20.159042358398438
drone_002815.pt,50,1,Yarkon rosh zipor,-7.229935169219971,7.7137861251831055,21.30731773376465
drone_002816.pt,50,1,Yarkon rosh zipor,-6.530581951141357,7.544126510620117,19.956695556640625
drone_002817.pt,50,1,Yarkon rosh zipor,-6.0672383308410645,6.9177422523498535,18.888957977294922
drone_002818.pt,50,1,Yarkon rosh zipor,-5.874581813812256,7.109387397766113,19.393083572387695
drone_002819.pt,50,1,Yarkon rosh zipor,-6.564150810241699,7.481168746948242,20.164913177490234
drone_002820.pt,50,1,Yarkon rosh zipor,-6.6420369148254395,7.145836353302002,19.30426025390625
drone_002821.pt,50,1,Yarkon rosh zipor,-4.662904739379883,7.8747429847717285,21.528804779052734
drone_002822.pt,50,1,Yarkon rosh zipor,-6.3243937492370605,7.034664630889893,19.4772891998291
drone_002823.pt,50,1,Yarkon rosh zipor,-6.0558977127075195,7.107687950134277,21.742761611938477
drone_002824.pt,50,1,Yarkon rosh zipor,-5.278646469116211,6.385730266571045,17.465517044067383
drone_002825.pt,50,1,Yarkon rosh zipor,-4.587045669555664,6.4312663078308105,20.533470153808594
drone_002826.pt,50,1,Yarkon rosh zipor,-3.743358612060547,6.113494873046875,20.143213272094727
drone_002827.pt,50,1,Yarkon rosh zipor,-2.1115498542785645,6.049951553344727,20.60651969909668
drone_002828.pt,50,1,Yarkon rosh zipor,-2.6130335330963135,5.92317533493042,20.197776794433594
drone_002829.pt,50,1,Yarkon rosh zipor,-3.116588830947876,6.106041431427002,21.670738220214844
drone_002830.pt,50,1,Yarkon rosh zipor,-3.6481170654296875,6.403106212615967,19.802125930786133
drone_002831.pt,50,1,Yarkon rosh zipor,-4.545288562774658,6.72697114944458,19.1866512298584
drone_002832.pt,50,1,Yarkon rosh zipor,-6.155903339385986,6.994311332702637,19.60637092590332
drone_002833.pt,50,1,Yarkon rosh zipor,-4.873373508453369,6.808310031890869,21.315521240234375
drone_002834.pt,50,1,Yarkon rosh zipor,-4.42421293258667,6.718394756317139,18.875715255737305
drone_002835.pt,50,1,Yarkon rosh zipor,-5.49741792678833,7.2001237869262695,21.98968505859375
drone_002836.pt,50,1,Yarkon rosh zipor,-5.230494976043701,7.198618412017822,22.05226707458496
drone_002837.pt,50,1,Yarkon rosh zipor,-2.8199219703674316,6.627601146697998,21.359956741333008
drone_002838.pt,50,1,Yarkon rosh zipor,-4.604753017425537,6.868005275726318,21.657617568969727
drone_002839.pt,50,1,Yarkon rosh zipor,-2.5464954376220703,6.7615861892700195,22.036109924316406
drone_002840.pt,50,1,Yarkon rosh zipor,-4.528202533721924,7.056805610656738,20.37569236755371
drone_002841.pt,50,1,Yarkon rosh zipor,-2.0038397312164307,6.536311626434326,20.524799346923828
drone_002842.pt,50,1,Yarkon rosh zipor,-3.840832471847534,6.787733554840088,22.495878219604492
drone_002843.pt,50,1,Yarkon rosh zipor,-4.0159454345703125,6.33798885345459,21.822214126586914
drone_002844.pt,50,1,Yarkon rosh zipor,-4.279569149017334,6.458797454833984,19.982433319091797
drone_002845.pt,50,1,Yarkon rosh zipor,-3.9567480087280273,6.404761791229248,21.302698135375977
drone_002846.pt,50,1,Yarkon rosh zipor,-3.5215508937835693,5.900148868560791,20.08469009399414
drone_002847.pt,50,1,Yarkon rosh zipor,-3.0010743141174316,6.238214015960693,20.52190399169922
drone_002848.pt,50,1,Yarkon rosh zipor,-6.266447067260742,7.161593914031982,20.018938064575195
drone_002849.pt,50,1,Yarkon rosh zipor,-3.2108888626098633,6.176358699798584,21.350786209106445
drone_002850.pt,50,1,Yarkon rosh zipor,0.368421345949173,5.539176940917969,21.835186004638672
drone_002851.pt,50,1,Yarkon rosh zipor,-1.3935431241989136,5.8087239265441895,20.661014556884766
drone_002852.pt,50,1,Yarkon rosh zipor,-0.9714963436126709,5.743048191070557,20.173973083496094
drone_002853.pt,50,1,Yarkon rosh zipor,1.7674022912979126,5.397317886352539,23.47933578491211
drone_002854.pt,50,1,Yarkon rosh zipor,5.207353115081787,6.8311896324157715,33.018497467041016
drone_002855.pt,50,1,Yarkon rosh zipor,7.3544840812683105,5.919200420379639,29.829633712768555
drone_002856.pt,50,1,Yarkon rosh zipor,7.257839679718018,6.240119457244873,26.031312942504883
drone_002857.pt,50,1,Yarkon rosh zipor,4.712749481201172,8.121430397033691,28.63558578491211
drone_002858.pt,50,1,Yarkon rosh zipor,-1.3762532472610474,6.861448287963867,18.128284454345703
drone_002859.pt,50,1,Yarkon rosh zipor,-0.22814828157424927,6.828243732452393,26.6385555267334
drone_002860.pt,50,1,Yarkon rosh zipor,6.6201558113098145,6.040900230407715,24.83847427368164
ambience_005419.pt,50,0,room,-18.485450744628906,7.159196853637695,7.555208683013916
ambience_005420.pt,50,0,room,-16.843191146850586,7.509520053863525,8.292101860046387
ambience_005421.pt,50,0,room,-18.058029174804688,6.935082912445068,6.80497932434082
ambience_005422.pt,50,0,room,-18.463659286499023,7.144699573516846,7.671940326690674
ambience_005423.pt,50,0,room,-18.54621124267578,7.214449405670166,7.60036563873291
ambience_005424.pt,50,0,room,-18.524431228637695,7.260059833526611,8.638680458068848
ambience_005425.pt,50,0,room,-18.57371711730957,7.1683783531188965,8.231399536132812
ambience_005426.pt,50,0,room,-18.65471649169922,7.208137035369873,8.120597839355469
ambience_005427.pt,50,0,room,-18.694791793823242,7.222175121307373,6.704628944396973
ambience_005428.pt,50,0,room,-18.6954402923584,7.270605564117432,7.4477009773254395
ambience_005429.pt,50,0,room,-18.636201858520508,7.3097758293151855,8.519396781921387
ambience_005430.pt,50,0,room,-18.600126266479492,7.341950416564941,7.611324787139893
ambience_005431.pt,50,0,room,-18.59247589111328,7.2415852546691895,7.580198287963867
ambience_005432.pt,50,0,room,-18.611610412597656,7.334178447723389,7.841128349304199
ambience_005433.pt,50,0,room,-18.613985061645508,7.351832389831543,8.36403751373291
ambience_005434.pt,50,0,room,-18.667800903320312,7.213118076324463,7.218756675720215
ambience_005435.pt,50,0,room,-18.626497268676758,7.2225518226623535,6.767799377441406
ambience_005436.pt,50,0,room,-18.61626434326172,7.188618183135986,7.21127986907959
ambience_005437.pt,50,0,room,-18.69420051574707,7.264632701873779,7.649239540100098
ambience_005438.pt,50,0,room,-18.699676513671875,7.224363803863525,8.05205249786377
ambience_005439.pt,50,0,room,-18.665454864501953,7.295340538024902,6.737829208374023
ambience_005440.pt,50,0,room,-18.693695068359375,7.32263708114624,7.875993251800537
ambience_005441.pt,50,0,room,-18.831281661987305,7.2053985595703125,8.567004203796387
ambience_005442.pt,50,0,room,-18.72934341430664,7.082282543182373,7.985955238342285
ambience_005443.pt,50,0,room,-18.650144577026367,7.141171455383301,7.060230255126953
ambience_005444.pt,50,0,room,-18.796144485473633,7.0733866691589355,5.984520435333252
ambience_005445.pt,50,0,room,-18.617382049560547,7.3759074211120605,7.676055908203125
ambience_005446.pt,50,0,room,-18.749542236328125,7.183566093444824,7.81351375579834
ambience_005447.pt,50,0,room,-18.63317108154297,7.274837970733643,8.22557544708252
ambience_005448.pt,50,0,room,-18.82505989074707,7.174301624298096,8.583992958068848
ambience_005449.pt,50,0,room,-18.60746192932129,7.149446487426758,6.650734901428223
ambience_005450.pt,50,0,room,-18.59197235107422,7.249811172485352,8.474730491638184
ambience_005451.pt,50,0,room,-18.649566650390625,7.263249397277832,7.885483741760254
ambience_005452.pt,50,0,room,-18.609539031982422,7.123065948486328,7.567909240722656
ambience_005453.pt,50,0,room,-18.700868606567383,7.24847412109375,9.449621200561523
ambience_005454.pt,50,0,room,-18.623435974121094,7.004305839538574,7.6330718994140625
ambience_005455.pt,50,0,room,-18.738080978393555,7.062431335449219,7.8190999031066895
ambience_005456.pt,50,0,room,-18.5008544921875,7.237353801727295,9.215532302856445
ambience_005457.pt,50,0,room,-18.51421546936035,7.325760364532471,7.498042106628418
ambience_005458.pt,50,0,room,-18.297576904296875,7.249767780303955,8.284876823425293
ambience_005459.pt,50,0,room,-18.338756561279297,7.001138687133789,7.697454452514648
ambience_005460.pt,50,0,room,-18.208799362182617,7.069620609283447,7.907558441162109
ambience_005461.pt,50,0,room,-18.354312896728516,7.1342058181762695,7.097385406494141
ambience_005462.pt,50,0,room,-18.464069366455078,7.127303123474121,8.508162498474121
ambience_005463.pt,50,0,room,-18.522977828979492,7.213349342346191,8.27397632598877
ambience_005464.pt,50,0,room,-18.575944900512695,7.133225917816162,6.993542194366455
ambience_005465.pt,50,0,room,-18.616960525512695,7.091902732849121,10.04244613647461
ambience_005466.pt,50,0,room,-18.6048641204834,7.132142066955566,6.9035234451293945
ambience_005467.pt,50,0,room,-18.44611358642578,7.166305065155029,6.42424201965332
ambience_005468.pt,50,0,room,-18.430912017822266,7.065893173217773,8.814481735229492
ambience_005469.pt,50,0,room,-18.408985137939453,7.251768589019775,9.476974487304688
ambience_005470.pt,50,0,room,-18.430511474609375,7.063785552978516,6.636240482330322
ambience_005471.pt,50,0,room,-18.48451042175293,7.081212520599365,6.639642238616943
ambience_005472.pt,50,0,room,-18.468931198120117,7.087526321411133,6.654452323913574
ambience_005473.pt,50,0,room,-18.54364585876465,7.126617908477783,6.125308036804199
ambience_005474.pt,50,0,room,-18.656517028808594,7.160552501678467,7.321931838989258
ambience_005475.pt,50,0,room,-18.661636352539062,7.063499450683594,6.413829326629639
ambience_005476.pt,50,0,room,-18.670686721801758,7.042423248291016,7.621705532073975
ambience_005477.pt,50,0,room,-18.567811965942383,7.26513147354126,9.256211280822754
ambience_005478.pt,50,0,room,-18.014785766601562,7.241272449493408,8.822576522827148
ambience_005479.pt,50,0,room,-17.910768508911133,6.776719093322754,8.949926376342773
ambience_005480.pt,50,0,room,-18.19371223449707,7.0134687423706055,9.085699081420898
ambience_005481.pt,50,0,room,-18.311513900756836,7.068728923797607,7.808062553405762
ambience_005482.pt,50,0,room,-17.854825973510742,7.25775671005249,8.499731063842773
ambience_005483.pt,50,0,room,-18.64410972595215,7.179953575134277,7.785301208496094
ambience_005484.pt,50,0,room,-18.706300735473633,7.122043132781982,7.696688175201416
ambience_005485.pt,50,0,room,-18.58462905883789,7.259955883026123,6.880692958831787
ambience_005486.pt,50,0,room,-18.679126739501953,7.055436134338379,7.7869553565979
ambience_005487.pt,50,0,room,-18.71324348449707,7.060202121734619,7.0732903480529785
ambience_005488.pt,50,0,room,-18.633007049560547,7.066152572631836,6.442326545715332
ambience_005489.pt,50,0,room,-18.604122161865234,6.995503902435303,7.430967330932617
ambience_005490.pt,50,0,room,-18.240205764770508,7.103981018066406,9.028124809265137
ambience_005491.pt,50,0,room,-17.63416290283203,6.852696895599365,7.902980804443359
ambience_005492.pt,50,0,room,-17.311325073242188,7.146814346313477,9.517206192016602
ambience_005493.pt,50,0,room,-17.63359832763672,7.214751720428467,7.9006266593933105
ambience_005494.pt,50,0,room,-17.597734451293945,7.269685745239258,7.549904823303223
ambience_005495.pt,50,0,room,-17.951993942260742,7.23492431640625,6.503546714782715
ambience_005496.pt,50,0,room,-18.030563354492188,7.302906513214111,6.7779974937438965
ambience_005497.pt,50,0,room,-18.254817962646484,7.349574089050293,8.366969108581543
ambience_005498.pt,50,0,room,-18.01092529296875,7.0073652267456055,11.013631820678711
ambience_005499.pt,50,0,room,-18.19385528564453,7.309373378753662,7.219754219055176
ambience_005500.pt,50,0,room,-18.528593063354492,7.192723751068115,7.185440540313721
ambience_005501.pt,50,0,room,-18.720705032348633,7.027332305908203,7.952259063720703
ambience_005502.pt,50,0,room,-18.69681167602539,7.035257339477539,5.182085037231445
ambience_005503.pt,50,0,room,-18.600648880004883,7.032779216766357,6.96385383605957
ambience_005504.pt,50,0,room,-18.530736923217773,7.186884880065918,8.267350196838379
ambience_005505.pt,50,0,room,-18.612648010253906,7.082942485809326,7.924943447113037
ambience_005506.pt,50,0,room,-18.678434371948242,7.048503398895264,5.754675388336182
ambience_005507.pt,50,0,room,-18.538328170776367,7.215538024902344,7.994575500488281
ambience_005508.pt,50,0,room,-18.53997039794922,7.049037933349609,9.62735366821289
ambience_005509.pt,50,0,room,-18.44361114501953,7.0802998542785645,8.843133926391602
ambience_005510.pt,50,0,room,-18.31515884399414,7.125177383422852,5.979051113128662
ambience_005511.pt,50,0,room,-18.398771286010742,7.114016532897949,8.370040893554688
ambience_005512.pt,50,0,room,-18.477418899536133,6.895776748657227,6.884133338928223
ambience_005513.pt,50,0,room,-18.421785354614258,7.066816806793213,6.8689374923706055
ambience_005514.pt,50,0,room,-18.292163848876953,6.888316631317139,7.516366004943848
ambience_005515.pt,50,0,room,-18.543989181518555,6.926987648010254,7.41039514541626
ambience_005516.pt,50,0,room,-18.229589462280273,6.931622505187988,5.939787864685059
ambience_005517.pt,50,0,room,-18.46857452392578,7.040116310119629,7.852816104888916
ambience_005518.pt,50,0,room,-18.507448196411133,7.077685832977295,7.1347808837890625
ambience_005519.pt,50,0,room,-18.823688507080078,7.129179000854492,7.20284366607666
ambience_005520.pt,50,0,room,-18.863859176635742,7.050868034362793,7.0301079750061035
ambience_005521.pt,50,0,room,-18.928117752075195,7.05773401260376,6.170119285583496
ambience_005522.pt,50,0,room,-18.929609298706055,7.026614665985107,6.377334117889404
ambience_005523.pt,50,0,room,-18.761947631835938,7.100230693817139,8.56812858581543
ambience_005524.pt,50,0,room,-18.949174880981445,7.056908130645752,8.909195899963379
ambience_005525.pt,50,0,room,-18.99325180053711,7.013314247131348,8.779648780822754
ambience_005526.pt,50,0,room,-18.989032745361328,7.123070240020752,6.139134883880615
ambience_005527.pt,50,0,room,-18.965713500976562,7.154339790344238,6.783734321594238
ambience_005528.pt,50,0,room,-18.815937042236328,7.167571067810059,7.45023250579834
ambience_005529.pt,50,0,room,-18.896263122558594,7.120550155639648,6.791923522949219
ambience_005530.pt,50,0,room,-18.798969268798828,7.25455904006958,7.3777971267700195
ambience_005531.pt,50,0,room,-18.78174591064453,7.244686603546143,6.866107940673828
ambience_005532.pt,50,0,room,-18.814958572387695,7.227938652038574,7.877196311950684
ambience_005533.pt,50,0,room,-18.814966201782227,7.2020649909973145,8.942362785339355
ambience_005534.pt,50,0,room,-18.793806076049805,7.196861267089844,6.251223564147949
ambience_005535.pt,50,0,room,-18.694047927856445,7.096909999847412,8.441398620605469
ambience_005536.pt,50,0,room,-18.89710235595703,7.1583991050720215,8.418336868286133
ambience_005537.pt,50,0,room,-18.681079864501953,7.2546563148498535,7.838022232055664
ambience_005538.pt,50,0,room,-18.79442024230957,7.045812606811523,6.4197187423706055
ambience_005539.pt,50,0,room,-18.727012634277344,7.234254360198975,8.438166618347168
ambience_005540.pt,50,0,room,-18.70079803466797,7.1847100257873535,7.989580154418945
ambience_005541.pt,50,0,room,-18.780759811401367,7.078320026397705,8.953158378601074
ambience_005542.pt,50,0,room,-18.79143524169922,7.1453118324279785,7.7524871826171875
ambience_005543.pt,50,0,room,-18.743709564208984,7.175629138946533,7.362555503845215
ambience_005544.pt,50,0,room,-18.597938537597656,7.258723258972168,7.279721260070801
ambience_005545.pt,50,0,room,-18.688121795654297,7.210537910461426,7.403660297393799
ambience_005546.pt,50,0,room,-18.662738800048828,7.137275218963623,6.296983242034912
ambience_005547.pt,50,0,room,-18.722349166870117,7.057125568389893,6.265477657318115
ambience_005548.pt,50,0,room,-18.8616943359375,7.173142910003662,8.82579231262207
ambience_005549.pt,50,0,room,-18.8237361907959,7.175904273986816,8.603391647338867
ambience_005550.pt,50,0,room,-18.997716903686523,7.039724826812744,6.709681034088135
ambience_005551.pt,50,0,room,-18.864288330078125,7.111860752105713,7.327875137329102
ambience_005552.pt,50,0,room,-18.822221755981445,7.07823371887207,8.39974594116211
ambience_005553.pt,50,0,room,-18.67857551574707,7.06559944152832,7.793384075164795
ambience_005554.pt,50,0,room,-18.822641372680664,7.176003456115723,9.32299518585205
ambience_005555.pt,50,0,room,-18.8521728515625,7.163084983825684,6.397086143493652
ambience_005556.pt,50,0,room,-18.567420959472656,7.136718273162842,7.4884796142578125
ambience_005557.pt,50,0,room,-18.597900390625,7.052620887756348,9.174115180969238
ambience_005558.pt,50,0,room,-18.870933532714844,7.140827178955078,9.196441650390625
ambience_005559.pt,50,0,room,-18.788978576660156,7.121696472167969,7.683491230010986
ambience_005560.pt,50,0,room,-18.729185104370117,7.2276997566223145,8.72909927368164
ambience_005561.pt,50,0,room,-18.681774139404297,7.196414470672607,8.260457992553711
ambience_005562.pt,50,0,room,-18.845182418823242,7.088952541351318,8.190237998962402
ambience_005563.pt,50,0,room,-18.54019546508789,7.138162136077881,8.705770492553711
ambience_005564.pt,50,0,room,-18.71708869934082,7.283391952514648,7.313529014587402
ambience_005565.pt,50,0,room,-18.85633659362793,7.067880153656006,7.7729291915893555
ambience_005566.pt,50,0,room,-18.83786392211914,7.165323257446289,7.232586860656738
ambience_005567.pt,50,0,room,-19.013805389404297,7.013628005981445,7.930756092071533
ambience_005568.pt,50,0,room,-18.91948890686035,7.0029826164245605,6.790505409240723
ambience_005569.pt,50,0,room,-18.881298065185547,7.148149013519287,10.808367729187012
ambience_005570.pt,50,0,room,-18.780319213867188,7.1762614250183105,6.872418403625488
ambience_005571.pt,50,0,room,-18.542516708374023,7.2471208572387695,8.187455177307129
ambience_005572.pt,50,0,room,-18.482563018798828,7.252450466156006,7.366030216217041
ambience_005573.pt,50,0,room,-18.56938362121582,7.290378093719482,7.569170951843262
ambience_005574.pt,50,0,room,-18.588468551635742,7.185962677001953,7.155776023864746
ambience_005575.pt,50,0,room,-18.751989364624023,7.192358493804932,8.27615737915039
ambience_005576.pt,50,0,room,-18.775720596313477,7.180452346801758,6.969776630401611
ambience_005577.pt,50,0,room,-18.662498474121094,7.287388801574707,7.077345848083496
ambience_005578.pt,50,0,room,-18.54865837097168,7.088221073150635,6.054036617279053
ambience_005579.pt,50,0,room,-18.28629493713379,7.2059645652771,6.699685573577881
ambience_005580.pt,50,0,room,-18.528589248657227,7.059933185577393,5.99049186706543
ambience_005581.pt,50,0,room,-18.382524490356445,7.23801851272583,7.224544525146484
ambience_005582.pt,50,0,room,-18.159393310546875,7.2704033851623535,6.53656530380249
ambience_005583.pt,50,0,room,-17.75714111328125,7.3251800537109375,7.690109729766846
ambience_005584.pt,50,0,room,-17.8253231048584,7.449037075042725,7.484326362609863
ambience_005585.pt,50,0,room,-18.035099029541016,7.517394065856934,8.640355110168457
ambience_005586.pt,50,0,room,-18.23078727722168,7.3647565841674805,6.611508846282959
ambience_005587.pt,50,0,room,-18.50404167175293,7.281251430511475,8.131535530090332
ambience_005588.pt,50,0,room,-18.65673828125,7.13252592086792,7.766136646270752
ambience_005589.pt,50,0,room,-18.67928695678711,7.142239570617676,8.623044967651367
ambience_005590.pt,50,0,room,-18.772680282592773,7.138221740722656,6.9995927810668945
ambience_005591.pt,50,0,room,-18.738035202026367,7.15092658996582,6.19320011138916
ambience_005592.pt,50,0,room,-18.762434005737305,7.174316883087158,5.726659297943115
ambience_005593.pt,50,0,room,-18.65007209777832,7.092325210571289,7.909036159515381
ambience_005594.pt,50,0,room,-18.738792419433594,7.044552326202393,7.511902809143066
ambience_005595.pt,50,0,room,-18.690824508666992,7.328094959259033,6.193630695343018
ambience_005596.pt,50,0,room,-18.696943283081055,7.030661106109619,7.209405422210693
ambience_005597.pt,50,0,room,-18.8078556060791,7.103811740875244,10.278325080871582
ambience_005598.pt,50,0,room,-18.94873046875,7.003221035003662,6.979236125946045
ambience_005599.pt,50,0,room,-18.693443298339844,7.205126762390137,7.905421733856201
ambience_005600.pt,50,0,room,-18.540828704833984,7.174282550811768,7.606694221496582
ambience_005601.pt,50,0,room,-18.59968376159668,7.283473968505859,8.43416976928711
ambience_005602.pt,50,0,room,-18.646120071411133,7.187328338623047,6.503830909729004
ambience_005603.pt,50,0,room,-18.66568946838379,7.167786598205566,7.422213077545166
ambience_005604.pt,50,0,room,-18.759557723999023,7.147846221923828,8.338603019714355
ambience_005605.pt,50,0,room,-18.65331268310547,7.073086261749268,6.110433578491211
ambience_005606.pt,50,0,room,-18.785493850708008,7.047173976898193,9.318931579589844
ambience_005607.pt,50,0,room,-18.747514724731445,7.076877593994141,6.725790500640869
ambience_005608.pt,50,0,room,-18.63751983642578,7.0435333251953125,7.014092922210693
ambience_005609.pt,50,0,room,-18.670854568481445,7.030257225036621,6.666142463684082
ambience_005610.pt,50,0,room,-18.589454650878906,7.08185338973999,6.830270767211914
ambience_005611.pt,50,0,room,-18.767894744873047,7.09714412689209,6.603736877441406
ambience_005612.pt,50,0,room,-18.063173294067383,6.927384376525879,5.964219570159912
ambience_005613.pt,50,0,room,-18.663206100463867,7.095593452453613,7.906521797180176
ambience_005614.pt,50,0,room,-18.588777542114258,7.139591217041016,6.755315780639648
ambience_005615.pt,50,0,room,-18.574020385742188,7.261516571044922,8.0164794921875
ambience_005616.pt,50,0,room,-18.719444274902344,7.29410982131958,9.806746482849121
ambience_005617.pt,50,0,room,-18.571449279785156,7.220891952514648,7.976584434509277
ambience_005618.pt,50,0,room,-18.423295974731445,7.359498023986816,7.677314758300781
ambience_005619.pt,50,0,room,-18.131196975708008,7.317242622375488,7.819507598876953
ambience_005620.pt,50,0,room,-18.042997360229492,7.6215596199035645,8.90316104888916
ambience_005621.pt,50,0,room,-17.711530685424805,7.699182987213135,9.10118293762207
ambience_005622.pt,50,0,room,-17.591039657592773,7.653587341308594,8.714886665344238
ambience_005623.pt,50,0,room,-17.491497039794922,7.489890098571777,8.400102615356445
ambience_005624.pt,50,0,room,-17.301542282104492,7.472825050354004,9.032682418823242
ambience_005625.pt,50,0,room,-17.30901336669922,7.7037129402160645,9.38311767578125
ambience_005626.pt,50,0,room,-17.506471633911133,7.434854507446289,8.837858200073242
ambience_005627.pt,50,0,room,-17.51534080505371,7.504472732543945,10.528597831726074
ambience_005628.pt,50,0,room,-17.50592613220215,7.444593906402588,10.622251510620117
ambience_005629.pt,50,0,room,-17.344568252563477,7.617002010345459,8.123258590698242
ambience_005630.pt,50,0,room,-17.20513916015625,7.44174861907959,9.322588920593262
ambience_005631.pt,50,0,room,-17.104379653930664,7.577515602111816,9.20116138458252
ambience_005632.pt,50,0,room,-17.158248901367188,7.547764301300049,10.087165832519531
ambience_005633.pt,50,0,room,-16.840478897094727,7.660889148712158,9.243309020996094
ambience_005634.pt,50,0,room,-16.594892501831055,7.753417015075684,8.722206115722656
ambience_005635.pt,50,0,room,-16.698041915893555,7.750234603881836,10.412644386291504
ambience_005636.pt,50,0,room,-16.5581111907959,7.7589802742004395,9.261042594909668
ambience_005637.pt,50,0,room,-16.57137680053711,7.873718738555908,9.604089736938477
ambience_005638.pt,50,0,room,-16.70050811767578,7.650656223297119,8.069924354553223
ambience_005639.pt,50,0,room,-16.13973617553711,7.851352691650391,9.605132102966309
ambience_005640.pt,50,0,room,-15.391339302062988,8.007255554199219,11.788254737854004
ambience_005641.pt,50,0,room,-15.7302885055542,7.868186950683594,7.885337829589844
ambience_005642.pt,50,0,room,-15.5596923828125,7.9212822914123535,9.314693450927734
ambience_005643.pt,50,0,room,-14.873379707336426,7.994102954864502,10.540407180786133
ambience_005644.pt,50,0,room,-15.893967628479004,7.831559181213379,8.928714752197266
ambience_005645.pt,50,0,room,-14.889593124389648,8.049307823181152,10.758792877197266
ambience_005646.pt,50,0,room,-15.042204856872559,8.266622543334961,12.480048179626465
ambience_005647.pt,50,0,room,-16.329113006591797,7.747027397155762,9.886758804321289
ambience_005648.pt,50,0,room,-15.58767318725586,7.728458404541016,9.263069152832031
ambience_005649.pt,50,0,room,-16.0977840423584,7.750424385070801,11.402865409851074
ambience_005650.pt,50,0,room,-16.477981567382812,7.662656307220459,10.308565139770508
ambience_005651.pt,50,0,room,-16.17122459411621,7.55845308303833,10.737470626831055
ambience_005652.pt,50,0,room,-16.170164108276367,7.707645893096924,11.67462158203125
ambience_005653.pt,50,0,room,-16.450159072875977,7.717223167419434,9.27408218383789
ambience_005654.pt,50,0,room,-16.581466674804688,7.706167221069336,10.190290451049805
ambience_005655.pt,50,0,room,-16.480247497558594,7.533501625061035,9.556405067443848
ambience_005656.pt,50,0,room,-16.800291061401367,7.470533847808838,9.917795181274414
ambience_005657.pt,50,0,room,-16.469541549682617,7.464682102203369,8.853782653808594
ambience_005658.pt,50,0,room,-15.427017211914062,8.08919620513916,10.748454093933105
ambience_005659.pt,50,0,room,-15.599054336547852,7.886422157287598,12.808571815490723
ambience_005660.pt,50,0,room,-16.559961318969727,7.696232795715332,10.149213790893555
ambience_005661.pt,50,0,room,-17.353368759155273,7.251369476318359,9.414290428161621
ambience_005662.pt,50,0,room,-17.65508270263672,7.341766357421875,8.901647567749023
ambience_005663.pt,50,0,room,-17.808528900146484,7.381543159484863,9.962671279907227
ambience_005664.pt,50,0,room,-17.878690719604492,7.312237739562988,9.849365234375
ambience_005665.pt,50,0,room,-18.08312225341797,7.384759902954102,8.818777084350586
ambience_005666.pt,50,0,room,-18.20329475402832,7.315802097320557,8.443166732788086
ambience_005667.pt,50,0,room,-18.00847625732422,7.316341876983643,9.807907104492188
ambience_005668.pt,50,0,room,-17.801109313964844,7.502203464508057,8.91358757019043
ambience_005669.pt,50,0,room,-17.78694725036621,7.53505802154541,8.861333847045898
ambience_005670.pt,50,0,room,-17.844436645507812,7.404919147491455,8.173473358154297
ambience_005671.pt,50,0,room,-18.042741775512695,7.510818004608154,8.645929336547852
ambience_005672.pt,50,0,room,-18.072938919067383,7.598674297332764,8.380860328674316
ambience_005673.pt,50,0,room,-18.36985969543457,7.297699928283691,9.852343559265137
ambience_005674.pt,50,0,room,-18.19609832763672,7.479056358337402,8.4541015625
ambience_005675.pt,50,0,room,-18.374448776245117,7.48704719543457,9.40771198272705
ambience_005676.pt,50,0,room,-18.508811950683594,7.473985195159912,8.852165222167969
ambience_005677.pt,50,0,room,-18.37494468688965,7.505224227905273,11.091087341308594
ambience_005678.pt,50,0,room,-18.289304733276367,7.494318962097168,9.209001541137695
ambience_005679.pt,50,0,room,-18.4492244720459,7.41263484954834,8.517496109008789
ambience_005680.pt,50,0,room,-18.188825607299805,7.442059516906738,9.231680870056152
ambience_005681.pt,50,0,room,-18.434309005737305,7.325563430786133,9.216059684753418
ambience_005682.pt,50,0,room,-18.415325164794922,7.285313129425049,7.935936450958252
ambience_005683.pt,50,0,room,-18.532371520996094,7.3744354248046875,7.534873962402344
ambience_005684.pt,50,0,room,-18.534826278686523,7.316450119018555,10.659607887268066
ambience_005685.pt,50,0,room,-18.40240478515625,7.404268264770508,9.2894287109375
ambience_005686.pt,50,0,room,-18.6989803314209,7.113611221313477,7.200855731964111
ambience_005687.pt,50,0,room,-18.627965927124023,7.353496074676514,9.119549751281738
ambience_005688.pt,50,0,room,-18.541349411010742,7.407069206237793,10.315600395202637
ambience_005689.pt,50,0,room,-18.539857864379883,7.384085655212402,8.655430793762207
ambience_005690.pt,50,0,room,-18.39854621887207,7.618743896484375,8.465195655822754
ambience_005691.pt,50,0,room,-18.441316604614258,7.387711048126221,9.41936206817627
ambience_005692.pt,50,0,room,-18.423412322998047,7.425932884216309,9.907576560974121
ambience_005693.pt,50,0,room,-18.231975555419922,7.573369026184082,10.48615550994873
ambience_005694.pt,50,0,room,-18.09650421142578,7.623394966125488,9.536407470703125
ambience_005695.pt,50,0,room,-18.421419143676758,7.341248512268066,9.20238971710205
ambience_005696.pt,50,0,room,-18.453710556030273,7.4699482917785645,7.581791400909424
ambience_005697.pt,50,0,room,-18.618980407714844,7.223869323730469,7.2452778816223145
ambience_005698.pt,50,0,room,-18.516040802001953,6.9260053634643555,6.9590654373168945
ambience_005699.pt,50,0,room,-18.280851364135742,7.053721904754639,9.196956634521484
ambience_005700.pt,50,0,room,-18.575258255004883,7.2556047439575195,7.847683906555176
ambience_005701.pt,50,0,room,-18.726341247558594,7.15123987197876,7.527083873748779
ambience_005702.pt,50,0,room,-18.64177703857422,7.260249614715576,8.859118461608887
ambience_005703.pt,50,0,room,-18.686464309692383,7.242228984832764,7.232637405395508
ambience_005704.pt,50,0,room,-18.6248836517334,7.240864276885986,9.399949073791504
ambience_005705.pt,50,0,room,-18.670686721801758,7.175387382507324,7.9051713943481445
ambience_005706.pt,50,0,room,-18.45438003540039,7.148207664489746,7.98021125793457
ambience_005707.pt,50,0,room,-18.442033767700195,7.150821208953857,6.838743209838867
ambience_005708.pt,50,0,room,-18.590269088745117,6.9750518798828125,7.29239559173584
ambience_005709.pt,50,0,room,-17.84386444091797,7.488900661468506,17.361652374267578
ambience_005710.pt,50,0,room,-18.733427047729492,7.012423038482666,8.473942756652832
ambience_005711.pt,50,0,room,-18.76087188720703,7.16964054107666,8.086435317993164
ambience_005712.pt,50,0,room,-18.72808074951172,7.066616535186768,8.940823554992676
ambience_005713.pt,50,0,room,-18.520116806030273,7.189977645874023,8.086949348449707
ambience_005714.pt,50,0,room,-18.584665298461914,7.192422389984131,7.061644554138184
ambience_005715.pt,50,0,room,-18.448965072631836,7.149479866027832,7.685638427734375
ambience_005716.pt,50,0,room,-18.438709259033203,7.088554382324219,8.885841369628906
ambience_005717.pt,50,0,room,-18.43130111694336,7.193719387054443,7.082803726196289
ambience_005718.pt,50,0,room,-18.497928619384766,7.261600971221924,8.707343101501465
drone_002861.pt,50,1,ben shemen,-3.8965394496917725,5.681682109832764,13.870712280273438
drone_002862.pt,50,1,ben shemen,7.322088241577148,6.334140300750732,25.708162307739258
drone_002863.pt,50,1,ben shemen,7.832869052886963,6.762349605560303,26.338117599487305
drone_002864.pt,50,1,ben shemen,-5.057178020477295,6.288362503051758,12.393721580505371
drone_002865.pt,50,1,ben shemen,-3.098236083984375,5.547641277313232,14.190244674682617
drone_002866.pt,50,1,ben shemen,8.778878211975098,5.3350114822387695,24.504512786865234
drone_002867.pt,50,1,ben shemen,8.523958206176758,5.571184158325195,21.69816780090332
drone_002868.pt,50,1,ben shemen,8.511444091796875,5.938940525054932,23.197267532348633
drone_002869.pt,50,1,ben shemen,8.409613609313965,5.947704792022705,24.83125877380371
drone_002870.pt,50,1,ben shemen,8.53592586517334,5.790214538574219,23.51251983642578
drone_002871.pt,50,1,ben shemen,8.487641334533691,5.953101634979248,23.676851272583008
drone_002872.pt,50,1,ben shemen,8.379685401916504,5.964787006378174,24.037752151489258
drone_002873.pt,50,1,ben shemen,8.15462589263916,6.122816562652588,23.997591018676758
drone_002874.pt,50,1,ben shemen,7.9275898933410645,6.231743335723877,25.698749542236328
drone_002875.pt,50,1,ben shemen,4.629940509796143,6.092320919036865,25.092330932617188
drone_002876.pt,50,1,ben shemen,-1.0353096723556519,5.449967384338379,22.864757537841797
drone_002877.pt,50,1,ben shemen,1.8096827268600464,5.791800022125244,22.01654052734375
drone_002878.pt,50,1,ben shemen,0.5930877327919006,5.9986186027526855,28.541053771972656
drone_002879.pt,50,1,ben shemen,7.561444282531738,6.101987838745117,27.57253646850586
drone_002880.pt,50,1,ben shemen,4.69838285446167,5.532234191894531,25.051734924316406
drone_002881.pt,50,1,ben shemen,4.431354522705078,5.430960178375244,30.10176658630371
drone_002882.pt,50,1,ben shemen,3.5943655967712402,5.815071105957031,26.913501739501953
drone_002883.pt,50,1,ben shemen,2.622500419616699,5.227386474609375,20.14104652404785
drone_002884.pt,50,1,ben shemen,-2.1884496212005615,5.95059871673584,18.55230140686035
drone_002885.pt,50,1,ben shemen,-5.702430248260498,6.469262599945068,21.041582107543945
drone_002886.pt,50,1,ben shemen,-7.330984115600586,7.482944488525391,19.46451759338379
drone_002887.pt,50,1,ben shemen,-6.733761787414551,6.791933059692383,19.690465927124023
drone_002888.pt,50,1,ben shemen,-3.5631463527679443,6.097901821136475,19.75673484802246
drone_002889.pt,50,1,ben shemen,4.547529697418213,8.077820777893066,31.050037384033203
drone_002890.pt,50,1,ben shemen,3.218386173248291,7.6761474609375,32.60835266113281
drone_002891.pt,50,1,ben shemen,-1.5879133939743042,5.900489330291748,26.493995666503906
drone_002892.pt,50,1,ben shemen,0.8168345093727112,5.658350944519043,26.278812408447266
drone_002893.pt,50,1,ben shemen,0.15900467336177826,5.3317389488220215,24.270824432373047
drone_002894.pt,50,1,ben shemen,-0.4480663537979126,5.547240257263184,23.170055389404297
drone_002895.pt,50,1,ben shemen,-0.8152254223823547,5.717094421386719,24.957080841064453
drone_002896.pt,50,1,ben shemen,-1.7614333629608154,5.325761795043945,26.6538028717041
drone_002897.pt,50,1,ben shemen,5.876489162445068,5.800341606140137,25.454500198364258
drone_002898.pt,50,1,ben shemen,7.575969219207764,6.058792591094971,26.905929565429688
drone_002899.pt,50,1,ben shemen,-0.4527900516986847,5.8843092918396,21.951847076416016
drone_002900.pt,50,1,ben shemen,-6.9260711669921875,7.1931867599487305,22.138765335083008
drone_002901.pt,50,1,ben shemen,-6.773013114929199,6.495239734649658,18.768098831176758
drone_002902.pt,50,1,ben shemen,-8.096607208251953,7.118049144744873,19.93619155883789
drone_002903.pt,50,1,ben shemen,-7.196536064147949,7.230593204498291,18.419048309326172
drone_002904.pt,50,1,ben shemen,-8.125792503356934,7.741222381591797,20.254838943481445
drone_002905.pt,50,1,ben shemen,-7.363131999969482,8.21761417388916,23.182762145996094
drone_002906.pt,50,1,ben shemen,-7.663811206817627,7.5140180587768555,18.8353328704834
drone_002907.pt,50,1,ben shemen,-7.293084621429443,8.081913948059082,22.883787155151367
drone_002908.pt,50,1,ben shemen,-6.92095947265625,9.18005657196045,31.944292068481445
drone_002909.pt,50,1,ben shemen,-7.122715473175049,7.997575759887695,21.59759521484375
drone_002910.pt,50,1,ben shemen,-6.900488376617432,7.456869602203369,19.661474227905273
drone_002911.pt,50,1,ben shemen,-6.466782093048096,8.111844062805176,21.356529235839844
drone_002912.pt,50,1,ben shemen,-6.677133083343506,7.5376105308532715,18.723934173583984
drone_002913.pt,50,1,ben shemen,-5.986979961395264,8.052577018737793,26.651582717895508
drone_002914.pt,50,1,ben shemen,-6.652740955352783,6.843721866607666,18.845426559448242
drone_002915.pt,50,1,ben shemen,-6.794889450073242,7.082608699798584,19.93325424194336
drone_002916.pt,50,1,ben shemen,-5.741417407989502,6.496467113494873,20.589759826660156
drone_002917.pt,50,1,ben shemen,-6.208185195922852,6.760050296783447,19.388708114624023
drone_002918.pt,50,1,ben shemen,-5.336456775665283,6.536431789398193,18.639217376708984
drone_002919.pt,50,1,ben shemen,-3.246015787124634,6.335865020751953,22.211515426635742
drone_002920.pt,50,1,ben shemen,4.818210124969482,5.512272357940674,23.639129638671875
drone_002921.pt,50,1,ben shemen,5.389337539672852,4.902972221374512,21.562320709228516
drone_002922.pt,50,1,ben shemen,4.033017158508301,4.878636837005615,22.06418800354004
drone_002923.pt,50,1,ben shemen,3.728868246078491,4.736856937408447,22.489002227783203
drone_002924.pt,50,1,ben shemen,8.02639389038086,5.801527500152588,26.225576400756836
drone_002925.pt,50,1,ben shemen,7.797328472137451,6.161975383758545,27.64336585998535
drone_002926.pt,50,1,ben shemen,6.469564437866211,6.503908634185791,32.35346603393555
drone_002927.pt,50,1,ben shemen,7.795887470245361,5.463364601135254,27.28864860534668
drone_002928.pt,50,1,ben shemen,6.882876873016357,5.546250820159912,33.93020248413086
drone_002929.pt,50,1,ben shemen,7.490150451660156,4.844355583190918,28.58260154724121
drone_002930.pt,50,1,ben shemen,6.389057636260986,5.154098987579346,31.9686222076416
drone_002931.pt,50,1,ben shemen,7.57912015914917,5.17962121963501,27.18550682067871
drone_002932.pt,50,1,ben shemen,7.770287990570068,5.44228982925415,25.86304473876953
drone_002933.pt,50,1,ben shemen,8.067627906799316,5.677568435668945,29.699716567993164
drone_002934.pt,50,1,ben shemen,7.508422374725342,5.889764308929443,28.806941986083984
drone_002935.pt,50,1,ben shemen,7.59129524230957,5.83449649810791,28.8620662689209
drone_002936.pt,50,1,ben shemen,6.571531772613525,6.1391682624816895,29.023618698120117
drone_002937.pt,50,1,ben shemen,7.40692138671875,5.571621417999268,29.027376174926758
drone_002938.pt,50,1,ben shemen,3.7703566551208496,6.990264892578125,31.17021942138672
drone_002939.pt,50,1,ben shemen,3.6285629272460938,6.952971935272217,34.821067810058594
drone_002940.pt,50,1,ben shemen,3.517308235168457,7.8287200927734375,28.99932861328125
drone_002941.pt,50,1,ben shemen,-5.139942169189453,8.340295791625977,26.60275650024414
drone_002942.pt,50,1,ben shemen,-2.3138840198516846,6.34915828704834,27.72789764404297
drone_002943.pt,50,1,ben shemen,1.5416035652160645,5.101623058319092,26.82840347290039
drone_002944.pt,50,1,ben shemen,3.428011894226074,5.104729652404785,22.87670135498047
drone_002945.pt,50,1,ben shemen,7.800536632537842,5.255767345428467,30.364967346191406
drone_002946.pt,50,1,ben shemen,8.580591201782227,5.496573448181152,27.29261589050293
drone_002947.pt,50,1,ben shemen,8.027179718017578,6.204584121704102,29.137500762939453
drone_002948.pt,50,1,ben shemen,8.89664363861084,5.255756855010986,23.714908599853516
drone_002949.pt,50,1,ben shemen,8.82182502746582,5.5675368309021,22.737014770507812
drone_002950.pt,50,1,ben shemen,7.4937591552734375,5.335115909576416,24.399688720703125
drone_002951.pt,50,1,ben shemen,8.571386337280273,5.683621883392334,24.870365142822266
drone_002952.pt,50,1,ben shemen,3.974043846130371,5.404165267944336,22.38721466064453
drone_002953.pt,50,1,ben shemen,1.110892415046692,6.397835731506348,22.53159523010254
drone_002954.pt,50,1,ben shemen,-0.7631229162216187,5.877143859863281,24.657201766967773
drone_002955.pt,50,1,ben shemen,0.9710176587104797,5.397111892700195,22.320377349853516
drone_002956.pt,50,1,ben shemen,0.3784637153148651,5.272977352142334,20.64877700805664
drone_002957.pt,50,1,ben shemen,-0.44623395800590515,5.556951522827148,22.466053009033203
drone_002958.pt,50,1,ben shemen,5.067817687988281,7.894805908203125,30.2841796875
drone_002959.pt,50,1,ben shemen,6.280771255493164,6.55975341796875,33.80928421020508
drone_002960.pt,50,1,ben shemen,5.242948532104492,5.519148349761963,26.902589797973633
drone_002961.pt,50,1,ben shemen,7.568385601043701,5.435468673706055,25.739477157592773
drone_002962.pt,50,1,ben shemen,-1.542941689491272,5.706202507019043,21.06808853149414
drone_002963.pt,50,1,ben shemen,-1.5815685987472534,5.34100341796875,19.523929595947266
drone_002964.pt,50,1,ben shemen,-0.35695937275886536,5.408583164215088,21.92378807067871
drone_002965.pt,50,1,ben shemen,-1.7235379219055176,5.960210800170898,24.051198959350586
drone_002966.pt,50,1,ben shemen,2.932042121887207,6.633990287780762,24.757057189941406
drone_002967.pt,50,1,ben shemen,7.65565824508667,5.804529190063477,26.34507942199707
drone_002968.pt,50,1,ben shemen,-1.813443660736084,6.552730083465576,18.855680465698242
drone_002969.pt,50,1,ben shemen,-4.1079630851745605,5.937899112701416,19.154525756835938
drone_002970.pt,50,1,ben shemen,-5.10515022277832,6.277698040008545,19.74276351928711
drone_002971.pt,50,1,ben shemen,-5.024536609649658,6.170899868011475,19.36357307434082
drone_002972.pt,50,1,ben shemen,-5.5205607414245605,5.661351680755615,19.803375244140625
drone_002973.pt,50,1,ben shemen,-4.970179557800293,5.304245948791504,19.28917694091797
drone_002974.pt,50,1,ben shemen,-4.951155185699463,5.522312164306641,18.248065948486328
drone_002975.pt,50,1,ben shemen,-4.993034839630127,5.776858806610107,16.455312728881836
drone_002976.pt,50,1,ben shemen,-5.408984184265137,6.158632755279541,18.347026824951172
drone_002977.pt,50,1,ben shemen,-3.3477773666381836,6.125268936157227,18.4693546295166
drone_002978.pt,50,1,ben shemen,5.22299861907959,7.7248148918151855,31.1479549407959
drone_002979.pt,50,1,ben shemen,4.4254913330078125,8.040339469909668,32.66757583618164
drone_002980.pt,50,1,ben shemen,-3.6355233192443848,6.105558395385742,19.679637908935547
drone_002981.pt,50,1,ben shemen,-2.939103841781616,5.794726371765137,15.963790893554688
drone_002982.pt,50,1,ben shemen,-1.9889339208602905,5.307387828826904,18.164155960083008
drone_002983.pt,50,1,ben shemen,-4.049745082855225,5.493966579437256,19.317075729370117
drone_002984.pt,50,1,ben shemen,-7.787278652191162,7.419334411621094,20.821168899536133
drone_002985.pt,50,1,ben shemen,-6.2787089347839355,6.847048759460449,19.771228790283203
drone_002986.pt,50,1,ben shemen,-6.630306720733643,7.3775248527526855,20.851520538330078
drone_002987.pt,50,1,ben shemen,-6.770921230316162,6.753153324127197,18.679962158203125
drone_002988.pt,50,1,ben shemen,-5.170328140258789,6.301513671875,17.033720016479492
drone_002989.pt,50,1,ben shemen,-4.774184226989746,6.119104862213135,16.7308349609375
drone_002990.pt,50,1,ben shemen,-0.23578184843063354,6.34561824798584,22.053245544433594
drone_002991.pt,50,1,ben shemen,4.568183898925781,4.886053562164307,27.558273315429688
drone_002992.pt,50,1,ben shemen,5.523343086242676,4.576766490936279,19.82668113708496
drone_002993.pt,50,1,ben shemen,2.034970760345459,4.93187141418457,16.793052673339844
drone_002994.pt,50,1,ben shemen,0.7352392673492432,5.519774913787842,18.976186752319336
drone_002995.pt,50,1,ben shemen,4.909296035766602,5.768179416656494,20.593780517578125
drone_002996.pt,50,1,ben shemen,6.6544599533081055,5.295420169830322,26.101551055908203
drone_002997.pt,50,1,ben shemen,2.298191547393799,4.979384422302246,20.692028045654297
drone_002998.pt,50,1,ben shemen,-3.991239070892334,5.7429399490356445,15.898360252380371
drone_002999.pt,50,1,ben shemen,-6.354637145996094,6.741383075714111,15.644579887390137
drone_003000.pt,50,1,ben shemen,-6.388926982879639,6.583534240722656,20.441818237304688
drone_003001.pt,50,1,ben shemen,-4.7568583488464355,6.023254871368408,16.958127975463867
drone_003002.pt,50,1,ben shemen,-1.5253733396530151,5.129030704498291,16.62962532043457
drone_003003.pt,50,1,ben shemen,0.25595247745513916,4.784701347351074,17.685443878173828
drone_003004.pt,50,1,ben shemen,-0.6072713732719421,5.2936248779296875,23.013916015625
drone_003005.pt,50,1,ben shemen,1.046694278717041,5.297365188598633,19.125822067260742
drone_003006.pt,50,1,ben shemen,0.8215354681015015,4.906683921813965,18.262784957885742
drone_003007.pt,50,1,ben shemen,-0.5099971294403076,5.08192777633667,18.347681045532227
drone_003008.pt,50,1,ben shemen,5.157294750213623,5.245134353637695,23.22709083557129
drone_003009.pt,50,1,ben shemen,7.94349479675293,4.970751762390137,24.39969825744629
drone_003010.pt,50,1,ben shemen,7.618476390838623,6.405461311340332,29.206392288208008
drone_003011.pt,50,1,ben shemen,7.180210590362549,6.769896984100342,29.11697769165039
drone_003012.pt,50,1,ben shemen,7.526923656463623,6.454131126403809,29.77187728881836
drone_003013.pt,50,1,ben shemen,8.049686431884766,6.252204895019531,26.826040267944336
drone_003014.pt,50,1,ben shemen,8.010285377502441,6.147477626800537,27.10645294189453
drone_003015.pt,50,1,ben shemen,7.682773113250732,6.507979869842529,28.382766723632812
drone_003016.pt,50,1,ben shemen,7.695725917816162,6.621484756469727,28.586341857910156
drone_003017.pt,50,1,ben shemen,7.987454414367676,6.659139156341553,27.90215301513672
drone_003018.pt,50,1,ben shemen,7.759192943572998,6.882857799530029,27.436960220336914
drone_003019.pt,50,1,ben shemen,7.512340068817139,6.922792911529541,26.542396545410156
drone_003020.pt,50,1,ben shemen,7.410716533660889,7.098241329193115,26.227481842041016
drone_003021.pt,50,1,ben shemen,7.617334365844727,6.9539713859558105,26.790802001953125
drone_003022.pt,50,1,ben shemen,7.121845722198486,7.508718967437744,25.3029842376709
drone_003023.pt,50,1,ben shemen,8.012582778930664,6.1071577072143555,24.803264617919922
drone_003024.pt,50,1,ben shemen,8.657098770141602,5.796720504760742,27.06261444091797
drone_003025.pt,50,1,ben shemen,7.341454029083252,6.639054298400879,25.249292373657227
drone_003026.pt,50,1,ben shemen,4.280946731567383,5.25783634185791,28.647186279296875
drone_003027.pt,50,1,ben shemen,2.2611911296844482,5.23573637008667,23.714275360107422
drone_003028.pt,50,1,ben shemen,2.78023362159729,4.716113090515137,19.303546905517578
drone_003029.pt,50,1,ben shemen,4.220645427703857,5.3433427810668945,23.25188636779785
drone_003030.pt,50,1,ben shemen,6.280285358428955,5.332417964935303,24.972412109375
drone_003031.pt,50,1,ben shemen,7.519276142120361,5.427198886871338,23.88833236694336
drone_003032.pt,50,1,ben shemen,4.219409942626953,5.180877208709717,20.489593505859375
drone_003033.pt,50,1,ben shemen,1.4024046659469604,4.655764579772949,19.002277374267578
drone_003034.pt,50,1,ben shemen,2.3610196113586426,4.819491863250732,19.6485538482666
drone_003035.pt,50,1,ben shemen,3.2361764907836914,4.6756486892700195,20.221031188964844
drone_003036.pt,50,1,ben shemen,3.0032265186309814,4.742047309875488,20.704849243164062
drone_003037.pt,50,1,ben shemen,3.6355185508728027,4.663361549377441,19.52212905883789
drone_003038.pt,50,1,ben shemen,3.1938059329986572,4.731710433959961,19.281009674072266
drone_003039.pt,50,1,ben shemen,2.7516727447509766,4.718006134033203,19.13629722595215
drone_003040.pt,50,1,ben shemen,2.1771562099456787,4.746162414550781,19.798906326293945
drone_003041.pt,50,1,ben shemen,1.0309584140777588,4.838460445404053,19.381473541259766
drone_003042.pt,50,1,ben shemen,-0.015585443936288357,5.3761067390441895,20.130592346191406
drone_003043.pt,50,1,ben shemen,-0.9931522011756897,5.647975444793701,22.62682342529297
drone_003044.pt,50,1,ben shemen,-1.6377815008163452,5.679625034332275,21.952709197998047
drone_003045.pt,50,1,ben shemen,-1.996674656867981,5.653876304626465,20.905649185180664
drone_003046.pt,50,1,ben shemen,-2.8991668224334717,5.81998348236084,21.23096466064453
drone_003047.pt,50,1,ben shemen,-3.688405752182007,6.015933036804199,20.956958770751953
drone_003048.pt,50,1,ben shemen,-6.348768711090088,6.984848499298096,19.288475036621094
drone_003049.pt,50,1,ben shemen,-7.272950649261475,7.484678745269775,19.442249298095703
drone_003050.pt,50,1,ben shemen,-6.970280170440674,7.693328857421875,17.039472579956055
drone_003051.pt,50,1,ben shemen,-2.5693554878234863,6.278594493865967,23.867652893066406
drone_003052.pt,50,1,ben shemen,-1.2936546802520752,6.926345348358154,24.465734481811523
drone_003053.pt,50,1,ben shemen,7.063665866851807,6.027618885040283,28.03384017944336
drone_003054.pt,50,1,ben shemen,4.110537528991699,5.4417524337768555,24.282779693603516
drone_003055.pt,50,1,ben shemen,-1.004921793937683,5.273594379425049,19.079139709472656
drone_003056.pt,50,1,ben shemen,2.542363405227661,5.3710174560546875,21.384796142578125
drone_003057.pt,50,1,ben shemen,8.946686744689941,4.940242767333984,25.722686767578125
drone_003058.pt,50,1,ben shemen,4.845985412597656,4.8469462394714355,21.692359924316406
drone_003059.pt,50,1,ben shemen,3.0926523208618164,4.9753828048706055,23.224300384521484
drone_003060.pt,50,1,ben shemen,0.40867897868156433,5.725608825683594,20.152217864990234
drone_003061.pt,50,1,ben shemen,0.23370903730392456,5.66769552230835,20.773395538330078
drone_003062.pt,50,1,ben shemen,-5.528740406036377,8.301112174987793,20.02157211303711
drone_003063.pt,50,1,ben shemen,-7.4041361808776855,8.486915588378906,18.847061157226562
drone_003064.pt,50,1,ben shemen,-8.609457015991211,8.957186698913574,18.813180923461914
drone_003065.pt,50,1,ben shemen,-8.313989639282227,9.128857612609863,19.273555755615234
drone_003066.pt,50,1,ben shemen,-6.2105512619018555,7.560105800628662,19.05990219116211
drone_003067.pt,50,1,ben shemen,0.12079784274101257,5.505172252655029,17.989551544189453
drone_003068.pt,50,1,ben shemen,-3.9115707874298096,6.452598571777344,23.300504684448242
drone_003069.pt,50,1,ben shemen,-4.317963123321533,5.952049732208252,16.484325408935547
drone_003070.pt,50,1,ben shemen,-2.805584669113159,5.742308139801025,17.969839096069336
drone_003071.pt,50,1,ben shemen,-2.9616150856018066,5.47529935836792,21.906721115112305
drone_003072.pt,50,1,ben shemen,-2.7916173934936523,5.271849632263184,15.563077926635742
drone_003073.pt,50,1,ben shemen,-2.0375094413757324,5.0679030418396,16.187118530273438
drone_003074.pt,50,1,ben shemen,-2.007840871810913,5.345958232879639,24.903377532958984
drone_003075.pt,50,1,ben shemen,-0.5321481227874756,5.339603900909424,24.351261138916016
drone_003076.pt,50,1,ben shemen,4.187714099884033,5.395401477813721,22.802291870117188
drone_003077.pt,50,1,ben shemen,7.167951583862305,5.242020606994629,27.72901725769043
drone_003078.pt,50,1,ben shemen,7.228492736816406,6.653562068939209,30.29776382446289
drone_003079.pt,50,1,ben shemen,2.680331230163574,6.670422077178955,27.84898567199707
drone_003080.pt,50,1,ben shemen,-2.392040967941284,5.911105155944824,19.51604461669922
drone_003081.pt,50,1,ben shemen,-0.35290688276290894,5.57910680770874,19.520479202270508
drone_003082.pt,50,1,ben shemen,-0.6680217981338501,5.0039286613464355,17.104528427124023
drone_003083.pt,50,1,ben shemen,-3.0378148555755615,5.565296173095703,15.494624137878418
drone_003084.pt,50,1,ben shemen,-2.2924749851226807,5.320396423339844,14.809225082397461
drone_003085.pt,50,1,ben shemen,-2.9268922805786133,5.569828033447266,16.39898109436035
drone_003086.pt,50,1,ben shemen,-2.306619644165039,5.79698371887207,20.462549209594727
drone_003087.pt,50,1,ben shemen,-2.327469825744629,5.774148464202881,16.971179962158203
drone_003088.pt,50,1,ben shemen,-2.275402784347534,5.5668511390686035,17.36111068725586
drone_003089.pt,50,1,ben shemen,-2.1089251041412354,5.565738677978516,17.56787872314453
drone_003090.pt,50,1,ben shemen,-2.095794439315796,5.450552463531494,17.790334701538086
drone_003091.pt,50,1,ben shemen,-2.3862483501434326,5.486567497253418,15.774568557739258
drone_003092.pt,50,1,ben shemen,-2.610715627670288,5.593209743499756,16.862266540527344
drone_003093.pt,50,1,ben shemen,-2.372073173522949,5.614079475402832,16.999481201171875
drone_003094.pt,50,1,ben shemen,-2.182150363922119,5.5921759605407715,19.670827865600586
drone_003095.pt,50,1,ben shemen,-1.926350474357605,5.678281307220459,16.562875747680664
drone_003096.pt,50,1,ben shemen,-1.734833836555481,5.638094425201416,17.0360107421875
drone_003097.pt,50,1,ben shemen,-4.859248638153076,6.3150739669799805,15.331319808959961
drone_003098.pt,50,1,ben shemen,-4.714117050170898,5.622467994689941,16.540077209472656
drone_003099.pt,50,1,ben shemen,-6.650233745574951,7.117550849914551,15.269923210144043
drone_003100.pt,50,1,ben shemen,-8.127760887145996,7.350615978240967,14.76771354675293
drone_003101.pt,50,1,ben shemen,-9.962470054626465,8.275629043579102,16.735797882080078
drone_003102.pt,50,1,ben shemen,-8.682208061218262,7.41231107711792,14.114286422729492
drone_003103.pt,50,1,ben shemen,-7.482861518859863,7.0063347816467285,17.36506462097168
drone_003104.pt,50,1,ben shemen,-7.206489086151123,7.167979717254639,19.67808723449707
drone_003105.pt,50,1,ben shemen,-7.035853862762451,6.801449298858643,16.220308303833008
drone_003106.pt,50,1,ben shemen,-8.280226707458496,7.6164703369140625,20.464981079101562
drone_003107.pt,50,1,ben shemen,-7.928783893585205,7.960146903991699,20.9585018157959
drone_003108.pt,50,1,ben shemen,-6.565238952636719,7.682493686676025,23.00065040588379
drone_003109.pt,50,1,ben shemen,-9.150535583496094,8.851845741271973,18.662803649902344
drone_003110.pt,50,1,ben shemen,-7.768194675445557,7.515150547027588,18.107200622558594
drone_003111.pt,50,1,ben shemen,-7.259956359863281,7.830913066864014,17.65919303894043
drone_003112.pt,50,1,ben shemen,-5.980581283569336,7.311135292053223,22.372615814208984
drone_003113.pt,50,1,ben shemen,-4.816842079162598,7.179427146911621,26.35891342163086
drone_003114.pt,50,1,ben shemen,-5.152207851409912,6.887547016143799,20.498762130737305
drone_003115.pt,50,1,ben shemen,-1.709653377532959,5.363677501678467,16.467388153076172
drone_003116.pt,50,1,ben shemen,-3.6304595470428467,5.563199996948242,15.691726684570312
drone_003117.pt,50,1,ben shemen,0.1489173322916031,5.0563178062438965,23.500762939453125
drone_003118.pt,50,1,ben shemen,2.082494020462036,4.786008834838867,20.72997283935547
drone_003119.pt,50,1,ben shemen,3.4480140209198,5.72835636138916,24.39358139038086
drone_003120.pt,50,1,ben shemen,-1.5135780572891235,5.102797985076904,17.579490661621094
drone_003121.pt,50,1,ben shemen,3.941927194595337,5.144771575927734,23.416221618652344
drone_003122.pt,50,1,ben shemen,5.643403053283691,5.105157375335693,20.632455825805664
drone_003123.pt,50,1,ben shemen,7.927414417266846,5.220387935638428,27.765140533447266
drone_003124.pt,50,1,ben shemen,7.44607400894165,6.549960613250732,28.839908599853516
drone_003125.pt,50,1,ben shemen,7.4182939529418945,6.760005950927734,26.76950454711914
drone_003126.pt,50,1,ben shemen,7.4389424324035645,7.137644290924072,26.055810928344727
drone_003127.pt,50,1,ben shemen,-3.4556679725646973,6.91172981262207,19.384111404418945
drone_003128.pt,50,1,ben shemen,7.975670337677002,6.498728275299072,23.387805938720703
drone_003129.pt,50,1,ben shemen,-8.850879669189453,6.3924336433410645,15.57024097442627
drone_003130.pt,50,1,ben shemen,1.294346570968628,6.797300338745117,18.711416244506836
drone_003131.pt,50,1,ben shemen,6.631434440612793,6.986308574676514,23.290489196777344
drone_003132.pt,50,1,ben shemen,7.851058483123779,6.412975788116455,23.0490779876709
drone_003133.pt,50,1,ben shemen,7.656879901885986,6.507270812988281,22.78895378112793
drone_003134.pt,50,1,ben shemen,-9.858882904052734,7.104462146759033,25.41887092590332
drone_003135.pt,50,1,ben shemen,-8.80606746673584,6.592076301574707,21.92349624633789
drone_003136.pt,50,1,ben shemen,-3.995980978012085,6.983672618865967,27.449493408203125
drone_003137.pt,50,1,ben shemen,-4.341735363006592,6.937741756439209,17.481517791748047
drone_003138.pt,50,1,ben shemen,-9.263924598693848,7.333693981170654,27.816370010375977
drone_003139.pt,50,1,ben shemen,-10.200318336486816,7.1635613441467285,23.724441528320312
drone_003140.pt,50,1,ben shemen,-14.739096641540527,7.236738204956055,28.317962646484375
drone_003141.pt,50,1,ben shemen,-16.08860206604004,7.289124488830566,23.662317276000977
drone_003142.pt,50,1,ben shemen,-14.181750297546387,7.365528583526611,28.09665298461914
drone_003143.pt,50,1,ben shemen,-6.578541278839111,7.0052266120910645,19.72426986694336
drone_003144.pt,50,1,ben shemen,1.1441962718963623,7.129820823669434,18.858760833740234
drone_003145.pt,50,1,ben shemen,-1.2760646343231201,7.265031337738037,18.269996643066406
drone_003146.pt,50,1,ben shemen,0.1236768439412117,7.3278045654296875,17.943906784057617
drone_003147.pt,50,1,ben shemen,2.9818811416625977,7.299423694610596,19.575260162353516
drone_003148.pt,50,1,ben shemen,4.029196262359619,7.31734561920166,21.522180557250977
drone_003149.pt,50,1,ben shemen,5.473855495452881,7.291327953338623,22.80289649963379
drone_003150.pt,50,1,ben shemen,5.363254070281982,7.2472968101501465,20.263673782348633
drone_003151.pt,50,1,ben shemen,-1.0095316171646118,7.2074666023254395,14.662789344787598
drone_003152.pt,50,1,ben shemen,4.938692092895508,6.977811813354492,22.595714569091797
drone_003153.pt,50,1,ben shemen,6.569294452667236,7.273908615112305,25.524625778198242
drone_003154.pt,50,1,ben shemen,6.1766204833984375,7.21938943862915,24.085615158081055
